<?xml version="1.0" encoding="utf-8"?>
<kml xmlns="http://www.opengis.net/kml/2.2">
  <Document>
    <name>ortofoto_8bit.tif</name>
    <description></description>
    <Style>
      <ListStyle id="hideChildren">
        <listItemType>checkHideChildren</listItemType>
      </ListStyle>
    </Style>
    <NetworkLink>
      <name>17/75243/81118.png</name>
      <Region>
        <LatLonAltBox>
          <north>39.29817374735305</north>
          <south>39.29604824402409</south>
          <east>26.66381835937501</east>
          <west>26.66107177734374</west>
        </LatLonAltBox>
        <Lod>
          <minLodPixels>128</minLodPixels>
          <maxLodPixels>-1</maxLodPixels>
        </Lod>
      </Region>
      <Link>
        <href>17/75243/81118.kml</href>
        <viewRefreshMode>onRegion</viewRefreshMode>
        <viewFormat/>
      </Link>
    </NetworkLink>
        
    <NetworkLink>
      <name>17/75243/81119.png</name>
      <Region>
        <LatLonAltBox>
          <north>39.30029918615029</north>
          <south>39.29817374735305</south>
          <east>26.66381835937501</east>
          <west>26.66107177734374</west>
        </LatLonAltBox>
        <Lod>
          <minLodPixels>128</minLodPixels>
          <maxLodPixels>-1</maxLodPixels>
        </Lod>
      </Region>
      <Link>
        <href>17/75243/81119.kml</href>
        <viewRefreshMode>onRegion</viewRefreshMode>
        <viewFormat/>
      </Link>
    </NetworkLink>
        
    <NetworkLink>
      <name>17/75243/81120.png</name>
      <Region>
        <LatLonAltBox>
          <north>39.30242456041487</north>
          <south>39.30029918615029</south>
          <east>26.66381835937501</east>
          <west>26.66107177734374</west>
        </LatLonAltBox>
        <Lod>
          <minLodPixels>128</minLodPixels>
          <maxLodPixels>-1</maxLodPixels>
        </Lod>
      </Region>
      <Link>
        <href>17/75243/81120.kml</href>
        <viewRefreshMode>onRegion</viewRefreshMode>
        <viewFormat/>
      </Link>
    </NetworkLink>
        
    <NetworkLink>
      <name>17/75243/81121.png</name>
      <Region>
        <LatLonAltBox>
          <north>39.30454987014581</north>
          <south>39.30242456041487</south>
          <east>26.66381835937501</east>
          <west>26.66107177734374</west>
        </LatLonAltBox>
        <Lod>
          <minLodPixels>128</minLodPixels>
          <maxLodPixels>-1</maxLodPixels>
        </Lod>
      </Region>
      <Link>
        <href>17/75243/81121.kml</href>
        <viewRefreshMode>onRegion</viewRefreshMode>
        <viewFormat/>
      </Link>
    </NetworkLink>
        
    <NetworkLink>
      <name>17/75243/81122.png</name>
      <Region>
        <LatLonAltBox>
          <north>39.30667511534213</north>
          <south>39.30454987014581</south>
          <east>26.66381835937501</east>
          <west>26.66107177734374</west>
        </LatLonAltBox>
        <Lod>
          <minLodPixels>128</minLodPixels>
          <maxLodPixels>-1</maxLodPixels>
        </Lod>
      </Region>
      <Link>
        <href>17/75243/81122.kml</href>
        <viewRefreshMode>onRegion</viewRefreshMode>
        <viewFormat/>
      </Link>
    </NetworkLink>
        
    <NetworkLink>
      <name>17/75243/81123.png</name>
      <Region>
        <LatLonAltBox>
          <north>39.30880029600291</north>
          <south>39.30667511534213</south>
          <east>26.66381835937501</east>
          <west>26.66107177734374</west>
        </LatLonAltBox>
        <Lod>
          <minLodPixels>128</minLodPixels>
          <maxLodPixels>-1</maxLodPixels>
        </Lod>
      </Region>
      <Link>
        <href>17/75243/81123.kml</href>
        <viewRefreshMode>onRegion</viewRefreshMode>
        <viewFormat/>
      </Link>
    </NetworkLink>
        
    <NetworkLink>
      <name>17/75243/81124.png</name>
      <Region>
        <LatLonAltBox>
          <north>39.31092541212715</north>
          <south>39.30880029600291</south>
          <east>26.66381835937501</east>
          <west>26.66107177734374</west>
        </LatLonAltBox>
        <Lod>
          <minLodPixels>128</minLodPixels>
          <maxLodPixels>-1</maxLodPixels>
        </Lod>
      </Region>
      <Link>
        <href>17/75243/81124.kml</href>
        <viewRefreshMode>onRegion</viewRefreshMode>
        <viewFormat/>
      </Link>
    </NetworkLink>
        
    <NetworkLink>
      <name>17/75243/81125.png</name>
      <Region>
        <LatLonAltBox>
          <north>39.31305046371388</north>
          <south>39.31092541212715</south>
          <east>26.66381835937501</east>
          <west>26.66107177734374</west>
        </LatLonAltBox>
        <Lod>
          <minLodPixels>128</minLodPixels>
          <maxLodPixels>-1</maxLodPixels>
        </Lod>
      </Region>
      <Link>
        <href>17/75243/81125.kml</href>
        <viewRefreshMode>onRegion</viewRefreshMode>
        <viewFormat/>
      </Link>
    </NetworkLink>
        
    <NetworkLink>
      <name>17/75243/81126.png</name>
      <Region>
        <LatLonAltBox>
          <north>39.31517545076215</north>
          <south>39.31305046371388</south>
          <east>26.66381835937501</east>
          <west>26.66107177734374</west>
        </LatLonAltBox>
        <Lod>
          <minLodPixels>128</minLodPixels>
          <maxLodPixels>-1</maxLodPixels>
        </Lod>
      </Region>
      <Link>
        <href>17/75243/81126.kml</href>
        <viewRefreshMode>onRegion</viewRefreshMode>
        <viewFormat/>
      </Link>
    </NetworkLink>
        
    <NetworkLink>
      <name>17/75243/81127.png</name>
      <Region>
        <LatLonAltBox>
          <north>39.31730037327102</north>
          <south>39.31517545076215</south>
          <east>26.66381835937501</east>
          <west>26.66107177734374</west>
        </LatLonAltBox>
        <Lod>
          <minLodPixels>128</minLodPixels>
          <maxLodPixels>-1</maxLodPixels>
        </Lod>
      </Region>
      <Link>
        <href>17/75243/81127.kml</href>
        <viewRefreshMode>onRegion</viewRefreshMode>
        <viewFormat/>
      </Link>
    </NetworkLink>
        
    <NetworkLink>
      <name>17/75243/81128.png</name>
      <Region>
        <LatLonAltBox>
          <north>39.31942523123952</north>
          <south>39.31730037327102</south>
          <east>26.66381835937501</east>
          <west>26.66107177734374</west>
        </LatLonAltBox>
        <Lod>
          <minLodPixels>128</minLodPixels>
          <maxLodPixels>-1</maxLodPixels>
        </Lod>
      </Region>
      <Link>
        <href>17/75243/81128.kml</href>
        <viewRefreshMode>onRegion</viewRefreshMode>
        <viewFormat/>
      </Link>
    </NetworkLink>
        
    <NetworkLink>
      <name>17/75243/81129.png</name>
      <Region>
        <LatLonAltBox>
          <north>39.32155002466662</north>
          <south>39.31942523123952</south>
          <east>26.66381835937501</east>
          <west>26.66107177734374</west>
        </LatLonAltBox>
        <Lod>
          <minLodPixels>128</minLodPixels>
          <maxLodPixels>-1</maxLodPixels>
        </Lod>
      </Region>
      <Link>
        <href>17/75243/81129.kml</href>
        <viewRefreshMode>onRegion</viewRefreshMode>
        <viewFormat/>
      </Link>
    </NetworkLink>
        
    <NetworkLink>
      <name>17/75243/81130.png</name>
      <Region>
        <LatLonAltBox>
          <north>39.32367475355144</north>
          <south>39.32155002466662</south>
          <east>26.66381835937501</east>
          <west>26.66107177734374</west>
        </LatLonAltBox>
        <Lod>
          <minLodPixels>128</minLodPixels>
          <maxLodPixels>-1</maxLodPixels>
        </Lod>
      </Region>
      <Link>
        <href>17/75243/81130.kml</href>
        <viewRefreshMode>onRegion</viewRefreshMode>
        <viewFormat/>
      </Link>
    </NetworkLink>
        
    <NetworkLink>
      <name>17/75243/81131.png</name>
      <Region>
        <LatLonAltBox>
          <north>39.32579941789298</north>
          <south>39.32367475355144</south>
          <east>26.66381835937501</east>
          <west>26.66107177734374</west>
        </LatLonAltBox>
        <Lod>
          <minLodPixels>128</minLodPixels>
          <maxLodPixels>-1</maxLodPixels>
        </Lod>
      </Region>
      <Link>
        <href>17/75243/81131.kml</href>
        <viewRefreshMode>onRegion</viewRefreshMode>
        <viewFormat/>
      </Link>
    </NetworkLink>
        
    <NetworkLink>
      <name>17/75243/81132.png</name>
      <Region>
        <LatLonAltBox>
          <north>39.32792401769030</north>
          <south>39.32579941789298</south>
          <east>26.66381835937501</east>
          <west>26.66107177734374</west>
        </LatLonAltBox>
        <Lod>
          <minLodPixels>128</minLodPixels>
          <maxLodPixels>-1</maxLodPixels>
        </Lod>
      </Region>
      <Link>
        <href>17/75243/81132.kml</href>
        <viewRefreshMode>onRegion</viewRefreshMode>
        <viewFormat/>
      </Link>
    </NetworkLink>
        
    <NetworkLink>
      <name>17/75243/81133.png</name>
      <Region>
        <LatLonAltBox>
          <north>39.33004855294242</north>
          <south>39.32792401769030</south>
          <east>26.66381835937501</east>
          <west>26.66107177734374</west>
        </LatLonAltBox>
        <Lod>
          <minLodPixels>128</minLodPixels>
          <maxLodPixels>-1</maxLodPixels>
        </Lod>
      </Region>
      <Link>
        <href>17/75243/81133.kml</href>
        <viewRefreshMode>onRegion</viewRefreshMode>
        <viewFormat/>
      </Link>
    </NetworkLink>
        
    <NetworkLink>
      <name>17/75243/81134.png</name>
      <Region>
        <LatLonAltBox>
          <north>39.33217302364838</north>
          <south>39.33004855294242</south>
          <east>26.66381835937501</east>
          <west>26.66107177734374</west>
        </LatLonAltBox>
        <Lod>
          <minLodPixels>128</minLodPixels>
          <maxLodPixels>-1</maxLodPixels>
        </Lod>
      </Region>
      <Link>
        <href>17/75243/81134.kml</href>
        <viewRefreshMode>onRegion</viewRefreshMode>
        <viewFormat/>
      </Link>
    </NetworkLink>
        
    <NetworkLink>
      <name>17/75243/81135.png</name>
      <Region>
        <LatLonAltBox>
          <north>39.33429742980725</north>
          <south>39.33217302364838</south>
          <east>26.66381835937501</east>
          <west>26.66107177734374</west>
        </LatLonAltBox>
        <Lod>
          <minLodPixels>128</minLodPixels>
          <maxLodPixels>-1</maxLodPixels>
        </Lod>
      </Region>
      <Link>
        <href>17/75243/81135.kml</href>
        <viewRefreshMode>onRegion</viewRefreshMode>
        <viewFormat/>
      </Link>
    </NetworkLink>
        
    <NetworkLink>
      <name>17/75243/81136.png</name>
      <Region>
        <LatLonAltBox>
          <north>39.33642177141801</north>
          <south>39.33429742980725</south>
          <east>26.66381835937501</east>
          <west>26.66107177734374</west>
        </LatLonAltBox>
        <Lod>
          <minLodPixels>128</minLodPixels>
          <maxLodPixels>-1</maxLodPixels>
        </Lod>
      </Region>
      <Link>
        <href>17/75243/81136.kml</href>
        <viewRefreshMode>onRegion</viewRefreshMode>
        <viewFormat/>
      </Link>
    </NetworkLink>
        
    <NetworkLink>
      <name>17/75243/81137.png</name>
      <Region>
        <LatLonAltBox>
          <north>39.33854604847979</north>
          <south>39.33642177141801</south>
          <east>26.66381835937501</east>
          <west>26.66107177734374</west>
        </LatLonAltBox>
        <Lod>
          <minLodPixels>128</minLodPixels>
          <maxLodPixels>-1</maxLodPixels>
        </Lod>
      </Region>
      <Link>
        <href>17/75243/81137.kml</href>
        <viewRefreshMode>onRegion</viewRefreshMode>
        <viewFormat/>
      </Link>
    </NetworkLink>
        
    <NetworkLink>
      <name>17/75243/81138.png</name>
      <Region>
        <LatLonAltBox>
          <north>39.34067026099156</north>
          <south>39.33854604847979</south>
          <east>26.66381835937501</east>
          <west>26.66107177734374</west>
        </LatLonAltBox>
        <Lod>
          <minLodPixels>128</minLodPixels>
          <maxLodPixels>-1</maxLodPixels>
        </Lod>
      </Region>
      <Link>
        <href>17/75243/81138.kml</href>
        <viewRefreshMode>onRegion</viewRefreshMode>
        <viewFormat/>
      </Link>
    </NetworkLink>
        
    <NetworkLink>
      <name>17/75243/81139.png</name>
      <Region>
        <LatLonAltBox>
          <north>39.34279440895236</north>
          <south>39.34067026099156</south>
          <east>26.66381835937501</east>
          <west>26.66107177734374</west>
        </LatLonAltBox>
        <Lod>
          <minLodPixels>128</minLodPixels>
          <maxLodPixels>-1</maxLodPixels>
        </Lod>
      </Region>
      <Link>
        <href>17/75243/81139.kml</href>
        <viewRefreshMode>onRegion</viewRefreshMode>
        <viewFormat/>
      </Link>
    </NetworkLink>
        
    <NetworkLink>
      <name>17/75243/81140.png</name>
      <Region>
        <LatLonAltBox>
          <north>39.34491849236127</north>
          <south>39.34279440895236</south>
          <east>26.66381835937501</east>
          <west>26.66107177734374</west>
        </LatLonAltBox>
        <Lod>
          <minLodPixels>128</minLodPixels>
          <maxLodPixels>-1</maxLodPixels>
        </Lod>
      </Region>
      <Link>
        <href>17/75243/81140.kml</href>
        <viewRefreshMode>onRegion</viewRefreshMode>
        <viewFormat/>
      </Link>
    </NetworkLink>
        
    <NetworkLink>
      <name>17/75243/81141.png</name>
      <Region>
        <LatLonAltBox>
          <north>39.34704251121732</north>
          <south>39.34491849236127</south>
          <east>26.66381835937501</east>
          <west>26.66107177734374</west>
        </LatLonAltBox>
        <Lod>
          <minLodPixels>128</minLodPixels>
          <maxLodPixels>-1</maxLodPixels>
        </Lod>
      </Region>
      <Link>
        <href>17/75243/81141.kml</href>
        <viewRefreshMode>onRegion</viewRefreshMode>
        <viewFormat/>
      </Link>
    </NetworkLink>
        
    <NetworkLink>
      <name>17/75243/81142.png</name>
      <Region>
        <LatLonAltBox>
          <north>39.34916646551957</north>
          <south>39.34704251121732</south>
          <east>26.66381835937501</east>
          <west>26.66107177734374</west>
        </LatLonAltBox>
        <Lod>
          <minLodPixels>128</minLodPixels>
          <maxLodPixels>-1</maxLodPixels>
        </Lod>
      </Region>
      <Link>
        <href>17/75243/81142.kml</href>
        <viewRefreshMode>onRegion</viewRefreshMode>
        <viewFormat/>
      </Link>
    </NetworkLink>
        
    <NetworkLink>
      <name>17/75243/81143.png</name>
      <Region>
        <LatLonAltBox>
          <north>39.35129035526705</north>
          <south>39.34916646551957</south>
          <east>26.66381835937501</east>
          <west>26.66107177734374</west>
        </LatLonAltBox>
        <Lod>
          <minLodPixels>128</minLodPixels>
          <maxLodPixels>-1</maxLodPixels>
        </Lod>
      </Region>
      <Link>
        <href>17/75243/81143.kml</href>
        <viewRefreshMode>onRegion</viewRefreshMode>
        <viewFormat/>
      </Link>
    </NetworkLink>
        
    <NetworkLink>
      <name>17/75243/81144.png</name>
      <Region>
        <LatLonAltBox>
          <north>39.35341418045878</north>
          <south>39.35129035526705</south>
          <east>26.66381835937501</east>
          <west>26.66107177734374</west>
        </LatLonAltBox>
        <Lod>
          <minLodPixels>128</minLodPixels>
          <maxLodPixels>-1</maxLodPixels>
        </Lod>
      </Region>
      <Link>
        <href>17/75243/81144.kml</href>
        <viewRefreshMode>onRegion</viewRefreshMode>
        <viewFormat/>
      </Link>
    </NetworkLink>
        
    <NetworkLink>
      <name>17/75244/81118.png</name>
      <Region>
        <LatLonAltBox>
          <north>39.29817374735305</north>
          <south>39.29604824402409</south>
          <east>26.66656494140626</east>
          <west>26.66381835937501</west>
        </LatLonAltBox>
        <Lod>
          <minLodPixels>128</minLodPixels>
          <maxLodPixels>-1</maxLodPixels>
        </Lod>
      </Region>
      <Link>
        <href>17/75244/81118.kml</href>
        <viewRefreshMode>onRegion</viewRefreshMode>
        <viewFormat/>
      </Link>
    </NetworkLink>
        
    <NetworkLink>
      <name>17/75244/81119.png</name>
      <Region>
        <LatLonAltBox>
          <north>39.30029918615029</north>
          <south>39.29817374735305</south>
          <east>26.66656494140626</east>
          <west>26.66381835937501</west>
        </LatLonAltBox>
        <Lod>
          <minLodPixels>128</minLodPixels>
          <maxLodPixels>-1</maxLodPixels>
        </Lod>
      </Region>
      <Link>
        <href>17/75244/81119.kml</href>
        <viewRefreshMode>onRegion</viewRefreshMode>
        <viewFormat/>
      </Link>
    </NetworkLink>
        
    <NetworkLink>
      <name>17/75244/81120.png</name>
      <Region>
        <LatLonAltBox>
          <north>39.30242456041487</north>
          <south>39.30029918615029</south>
          <east>26.66656494140626</east>
          <west>26.66381835937501</west>
        </LatLonAltBox>
        <Lod>
          <minLodPixels>128</minLodPixels>
          <maxLodPixels>-1</maxLodPixels>
        </Lod>
      </Region>
      <Link>
        <href>17/75244/81120.kml</href>
        <viewRefreshMode>onRegion</viewRefreshMode>
        <viewFormat/>
      </Link>
    </NetworkLink>
        
    <NetworkLink>
      <name>17/75244/81121.png</name>
      <Region>
        <LatLonAltBox>
          <north>39.30454987014581</north>
          <south>39.30242456041487</south>
          <east>26.66656494140626</east>
          <west>26.66381835937501</west>
        </LatLonAltBox>
        <Lod>
          <minLodPixels>128</minLodPixels>
          <maxLodPixels>-1</maxLodPixels>
        </Lod>
      </Region>
      <Link>
        <href>17/75244/81121.kml</href>
        <viewRefreshMode>onRegion</viewRefreshMode>
        <viewFormat/>
      </Link>
    </NetworkLink>
        
    <NetworkLink>
      <name>17/75244/81122.png</name>
      <Region>
        <LatLonAltBox>
          <north>39.30667511534213</north>
          <south>39.30454987014581</south>
          <east>26.66656494140626</east>
          <west>26.66381835937501</west>
        </LatLonAltBox>
        <Lod>
          <minLodPixels>128</minLodPixels>
          <maxLodPixels>-1</maxLodPixels>
        </Lod>
      </Region>
      <Link>
        <href>17/75244/81122.kml</href>
        <viewRefreshMode>onRegion</viewRefreshMode>
        <viewFormat/>
      </Link>
    </NetworkLink>
        
    <NetworkLink>
      <name>17/75244/81123.png</name>
      <Region>
        <LatLonAltBox>
          <north>39.30880029600291</north>
          <south>39.30667511534213</south>
          <east>26.66656494140626</east>
          <west>26.66381835937501</west>
        </LatLonAltBox>
        <Lod>
          <minLodPixels>128</minLodPixels>
          <maxLodPixels>-1</maxLodPixels>
        </Lod>
      </Region>
      <Link>
        <href>17/75244/81123.kml</href>
        <viewRefreshMode>onRegion</viewRefreshMode>
        <viewFormat/>
      </Link>
    </NetworkLink>
        
    <NetworkLink>
      <name>17/75244/81124.png</name>
      <Region>
        <LatLonAltBox>
          <north>39.31092541212715</north>
          <south>39.30880029600291</south>
          <east>26.66656494140626</east>
          <west>26.66381835937501</west>
        </LatLonAltBox>
        <Lod>
          <minLodPixels>128</minLodPixels>
          <maxLodPixels>-1</maxLodPixels>
        </Lod>
      </Region>
      <Link>
        <href>17/75244/81124.kml</href>
        <viewRefreshMode>onRegion</viewRefreshMode>
        <viewFormat/>
      </Link>
    </NetworkLink>
        
    <NetworkLink>
      <name>17/75244/81125.png</name>
      <Region>
        <LatLonAltBox>
          <north>39.31305046371388</north>
          <south>39.31092541212715</south>
          <east>26.66656494140626</east>
          <west>26.66381835937501</west>
        </LatLonAltBox>
        <Lod>
          <minLodPixels>128</minLodPixels>
          <maxLodPixels>-1</maxLodPixels>
        </Lod>
      </Region>
      <Link>
        <href>17/75244/81125.kml</href>
        <viewRefreshMode>onRegion</viewRefreshMode>
        <viewFormat/>
      </Link>
    </NetworkLink>
        
    <NetworkLink>
      <name>17/75244/81126.png</name>
      <Region>
        <LatLonAltBox>
          <north>39.31517545076215</north>
          <south>39.31305046371388</south>
          <east>26.66656494140626</east>
          <west>26.66381835937501</west>
        </LatLonAltBox>
        <Lod>
          <minLodPixels>128</minLodPixels>
          <maxLodPixels>-1</maxLodPixels>
        </Lod>
      </Region>
      <Link>
        <href>17/75244/81126.kml</href>
        <viewRefreshMode>onRegion</viewRefreshMode>
        <viewFormat/>
      </Link>
    </NetworkLink>
        
    <NetworkLink>
      <name>17/75244/81127.png</name>
      <Region>
        <LatLonAltBox>
          <north>39.31730037327102</north>
          <south>39.31517545076215</south>
          <east>26.66656494140626</east>
          <west>26.66381835937501</west>
        </LatLonAltBox>
        <Lod>
          <minLodPixels>128</minLodPixels>
          <maxLodPixels>-1</maxLodPixels>
        </Lod>
      </Region>
      <Link>
        <href>17/75244/81127.kml</href>
        <viewRefreshMode>onRegion</viewRefreshMode>
        <viewFormat/>
      </Link>
    </NetworkLink>
        
    <NetworkLink>
      <name>17/75244/81128.png</name>
      <Region>
        <LatLonAltBox>
          <north>39.31942523123952</north>
          <south>39.31730037327102</south>
          <east>26.66656494140626</east>
          <west>26.66381835937501</west>
        </LatLonAltBox>
        <Lod>
          <minLodPixels>128</minLodPixels>
          <maxLodPixels>-1</maxLodPixels>
        </Lod>
      </Region>
      <Link>
        <href>17/75244/81128.kml</href>
        <viewRefreshMode>onRegion</viewRefreshMode>
        <viewFormat/>
      </Link>
    </NetworkLink>
        
    <NetworkLink>
      <name>17/75244/81129.png</name>
      <Region>
        <LatLonAltBox>
          <north>39.32155002466662</north>
          <south>39.31942523123952</south>
          <east>26.66656494140626</east>
          <west>26.66381835937501</west>
        </LatLonAltBox>
        <Lod>
          <minLodPixels>128</minLodPixels>
          <maxLodPixels>-1</maxLodPixels>
        </Lod>
      </Region>
      <Link>
        <href>17/75244/81129.kml</href>
        <viewRefreshMode>onRegion</viewRefreshMode>
        <viewFormat/>
      </Link>
    </NetworkLink>
        
    <NetworkLink>
      <name>17/75244/81130.png</name>
      <Region>
        <LatLonAltBox>
          <north>39.32367475355144</north>
          <south>39.32155002466662</south>
          <east>26.66656494140626</east>
          <west>26.66381835937501</west>
        </LatLonAltBox>
        <Lod>
          <minLodPixels>128</minLodPixels>
          <maxLodPixels>-1</maxLodPixels>
        </Lod>
      </Region>
      <Link>
        <href>17/75244/81130.kml</href>
        <viewRefreshMode>onRegion</viewRefreshMode>
        <viewFormat/>
      </Link>
    </NetworkLink>
        
    <NetworkLink>
      <name>17/75244/81131.png</name>
      <Region>
        <LatLonAltBox>
          <north>39.32579941789298</north>
          <south>39.32367475355144</south>
          <east>26.66656494140626</east>
          <west>26.66381835937501</west>
        </LatLonAltBox>
        <Lod>
          <minLodPixels>128</minLodPixels>
          <maxLodPixels>-1</maxLodPixels>
        </Lod>
      </Region>
      <Link>
        <href>17/75244/81131.kml</href>
        <viewRefreshMode>onRegion</viewRefreshMode>
        <viewFormat/>
      </Link>
    </NetworkLink>
        
    <NetworkLink>
      <name>17/75244/81132.png</name>
      <Region>
        <LatLonAltBox>
          <north>39.32792401769030</north>
          <south>39.32579941789298</south>
          <east>26.66656494140626</east>
          <west>26.66381835937501</west>
        </LatLonAltBox>
        <Lod>
          <minLodPixels>128</minLodPixels>
          <maxLodPixels>-1</maxLodPixels>
        </Lod>
      </Region>
      <Link>
        <href>17/75244/81132.kml</href>
        <viewRefreshMode>onRegion</viewRefreshMode>
        <viewFormat/>
      </Link>
    </NetworkLink>
        
    <NetworkLink>
      <name>17/75244/81133.png</name>
      <Region>
        <LatLonAltBox>
          <north>39.33004855294242</north>
          <south>39.32792401769030</south>
          <east>26.66656494140626</east>
          <west>26.66381835937501</west>
        </LatLonAltBox>
        <Lod>
          <minLodPixels>128</minLodPixels>
          <maxLodPixels>-1</maxLodPixels>
        </Lod>
      </Region>
      <Link>
        <href>17/75244/81133.kml</href>
        <viewRefreshMode>onRegion</viewRefreshMode>
        <viewFormat/>
      </Link>
    </NetworkLink>
        
    <NetworkLink>
      <name>17/75244/81134.png</name>
      <Region>
        <LatLonAltBox>
          <north>39.33217302364838</north>
          <south>39.33004855294242</south>
          <east>26.66656494140626</east>
          <west>26.66381835937501</west>
        </LatLonAltBox>
        <Lod>
          <minLodPixels>128</minLodPixels>
          <maxLodPixels>-1</maxLodPixels>
        </Lod>
      </Region>
      <Link>
        <href>17/75244/81134.kml</href>
        <viewRefreshMode>onRegion</viewRefreshMode>
        <viewFormat/>
      </Link>
    </NetworkLink>
        
    <NetworkLink>
      <name>17/75244/81135.png</name>
      <Region>
        <LatLonAltBox>
          <north>39.33429742980725</north>
          <south>39.33217302364838</south>
          <east>26.66656494140626</east>
          <west>26.66381835937501</west>
        </LatLonAltBox>
        <Lod>
          <minLodPixels>128</minLodPixels>
          <maxLodPixels>-1</maxLodPixels>
        </Lod>
      </Region>
      <Link>
        <href>17/75244/81135.kml</href>
        <viewRefreshMode>onRegion</viewRefreshMode>
        <viewFormat/>
      </Link>
    </NetworkLink>
        
    <NetworkLink>
      <name>17/75244/81136.png</name>
      <Region>
        <LatLonAltBox>
          <north>39.33642177141801</north>
          <south>39.33429742980725</south>
          <east>26.66656494140626</east>
          <west>26.66381835937501</west>
        </LatLonAltBox>
        <Lod>
          <minLodPixels>128</minLodPixels>
          <maxLodPixels>-1</maxLodPixels>
        </Lod>
      </Region>
      <Link>
        <href>17/75244/81136.kml</href>
        <viewRefreshMode>onRegion</viewRefreshMode>
        <viewFormat/>
      </Link>
    </NetworkLink>
        
    <NetworkLink>
      <name>17/75244/81137.png</name>
      <Region>
        <LatLonAltBox>
          <north>39.33854604847979</north>
          <south>39.33642177141801</south>
          <east>26.66656494140626</east>
          <west>26.66381835937501</west>
        </LatLonAltBox>
        <Lod>
          <minLodPixels>128</minLodPixels>
          <maxLodPixels>-1</maxLodPixels>
        </Lod>
      </Region>
      <Link>
        <href>17/75244/81137.kml</href>
        <viewRefreshMode>onRegion</viewRefreshMode>
        <viewFormat/>
      </Link>
    </NetworkLink>
        
    <NetworkLink>
      <name>17/75244/81138.png</name>
      <Region>
        <LatLonAltBox>
          <north>39.34067026099156</north>
          <south>39.33854604847979</south>
          <east>26.66656494140626</east>
          <west>26.66381835937501</west>
        </LatLonAltBox>
        <Lod>
          <minLodPixels>128</minLodPixels>
          <maxLodPixels>-1</maxLodPixels>
        </Lod>
      </Region>
      <Link>
        <href>17/75244/81138.kml</href>
        <viewRefreshMode>onRegion</viewRefreshMode>
        <viewFormat/>
      </Link>
    </NetworkLink>
        
    <NetworkLink>
      <name>17/75244/81139.png</name>
      <Region>
        <LatLonAltBox>
          <north>39.34279440895236</north>
          <south>39.34067026099156</south>
          <east>26.66656494140626</east>
          <west>26.66381835937501</west>
        </LatLonAltBox>
        <Lod>
          <minLodPixels>128</minLodPixels>
          <maxLodPixels>-1</maxLodPixels>
        </Lod>
      </Region>
      <Link>
        <href>17/75244/81139.kml</href>
        <viewRefreshMode>onRegion</viewRefreshMode>
        <viewFormat/>
      </Link>
    </NetworkLink>
        
    <NetworkLink>
      <name>17/75244/81140.png</name>
      <Region>
        <LatLonAltBox>
          <north>39.34491849236127</north>
          <south>39.34279440895236</south>
          <east>26.66656494140626</east>
          <west>26.66381835937501</west>
        </LatLonAltBox>
        <Lod>
          <minLodPixels>128</minLodPixels>
          <maxLodPixels>-1</maxLodPixels>
        </Lod>
      </Region>
      <Link>
        <href>17/75244/81140.kml</href>
        <viewRefreshMode>onRegion</viewRefreshMode>
        <viewFormat/>
      </Link>
    </NetworkLink>
        
    <NetworkLink>
      <name>17/75244/81141.png</name>
      <Region>
        <LatLonAltBox>
          <north>39.34704251121732</north>
          <south>39.34491849236127</south>
          <east>26.66656494140626</east>
          <west>26.66381835937501</west>
        </LatLonAltBox>
        <Lod>
          <minLodPixels>128</minLodPixels>
          <maxLodPixels>-1</maxLodPixels>
        </Lod>
      </Region>
      <Link>
        <href>17/75244/81141.kml</href>
        <viewRefreshMode>onRegion</viewRefreshMode>
        <viewFormat/>
      </Link>
    </NetworkLink>
        
    <NetworkLink>
      <name>17/75244/81142.png</name>
      <Region>
        <LatLonAltBox>
          <north>39.34916646551957</north>
          <south>39.34704251121732</south>
          <east>26.66656494140626</east>
          <west>26.66381835937501</west>
        </LatLonAltBox>
        <Lod>
          <minLodPixels>128</minLodPixels>
          <maxLodPixels>-1</maxLodPixels>
        </Lod>
      </Region>
      <Link>
        <href>17/75244/81142.kml</href>
        <viewRefreshMode>onRegion</viewRefreshMode>
        <viewFormat/>
      </Link>
    </NetworkLink>
        
    <NetworkLink>
      <name>17/75244/81143.png</name>
      <Region>
        <LatLonAltBox>
          <north>39.35129035526705</north>
          <south>39.34916646551957</south>
          <east>26.66656494140626</east>
          <west>26.66381835937501</west>
        </LatLonAltBox>
        <Lod>
          <minLodPixels>128</minLodPixels>
          <maxLodPixels>-1</maxLodPixels>
        </Lod>
      </Region>
      <Link>
        <href>17/75244/81143.kml</href>
        <viewRefreshMode>onRegion</viewRefreshMode>
        <viewFormat/>
      </Link>
    </NetworkLink>
        
    <NetworkLink>
      <name>17/75244/81144.png</name>
      <Region>
        <LatLonAltBox>
          <north>39.35341418045878</north>
          <south>39.35129035526705</south>
          <east>26.66656494140626</east>
          <west>26.66381835937501</west>
        </LatLonAltBox>
        <Lod>
          <minLodPixels>128</minLodPixels>
          <maxLodPixels>-1</maxLodPixels>
        </Lod>
      </Region>
      <Link>
        <href>17/75244/81144.kml</href>
        <viewRefreshMode>onRegion</viewRefreshMode>
        <viewFormat/>
      </Link>
    </NetworkLink>
        
    <NetworkLink>
      <name>17/75245/81118.png</name>
      <Region>
        <LatLonAltBox>
          <north>39.29817374735305</north>
          <south>39.29604824402409</south>
          <east>26.66931152343751</east>
          <west>26.66656494140626</west>
        </LatLonAltBox>
        <Lod>
          <minLodPixels>128</minLodPixels>
          <maxLodPixels>-1</maxLodPixels>
        </Lod>
      </Region>
      <Link>
        <href>17/75245/81118.kml</href>
        <viewRefreshMode>onRegion</viewRefreshMode>
        <viewFormat/>
      </Link>
    </NetworkLink>
        
    <NetworkLink>
      <name>17/75245/81119.png</name>
      <Region>
        <LatLonAltBox>
          <north>39.30029918615029</north>
          <south>39.29817374735305</south>
          <east>26.66931152343751</east>
          <west>26.66656494140626</west>
        </LatLonAltBox>
        <Lod>
          <minLodPixels>128</minLodPixels>
          <maxLodPixels>-1</maxLodPixels>
        </Lod>
      </Region>
      <Link>
        <href>17/75245/81119.kml</href>
        <viewRefreshMode>onRegion</viewRefreshMode>
        <viewFormat/>
      </Link>
    </NetworkLink>
        
    <NetworkLink>
      <name>17/75245/81120.png</name>
      <Region>
        <LatLonAltBox>
          <north>39.30242456041487</north>
          <south>39.30029918615029</south>
          <east>26.66931152343751</east>
          <west>26.66656494140626</west>
        </LatLonAltBox>
        <Lod>
          <minLodPixels>128</minLodPixels>
          <maxLodPixels>-1</maxLodPixels>
        </Lod>
      </Region>
      <Link>
        <href>17/75245/81120.kml</href>
        <viewRefreshMode>onRegion</viewRefreshMode>
        <viewFormat/>
      </Link>
    </NetworkLink>
        
    <NetworkLink>
      <name>17/75245/81121.png</name>
      <Region>
        <LatLonAltBox>
          <north>39.30454987014581</north>
          <south>39.30242456041487</south>
          <east>26.66931152343751</east>
          <west>26.66656494140626</west>
        </LatLonAltBox>
        <Lod>
          <minLodPixels>128</minLodPixels>
          <maxLodPixels>-1</maxLodPixels>
        </Lod>
      </Region>
      <Link>
        <href>17/75245/81121.kml</href>
        <viewRefreshMode>onRegion</viewRefreshMode>
        <viewFormat/>
      </Link>
    </NetworkLink>
        
    <NetworkLink>
      <name>17/75245/81122.png</name>
      <Region>
        <LatLonAltBox>
          <north>39.30667511534213</north>
          <south>39.30454987014581</south>
          <east>26.66931152343751</east>
          <west>26.66656494140626</west>
        </LatLonAltBox>
        <Lod>
          <minLodPixels>128</minLodPixels>
          <maxLodPixels>-1</maxLodPixels>
        </Lod>
      </Region>
      <Link>
        <href>17/75245/81122.kml</href>
        <viewRefreshMode>onRegion</viewRefreshMode>
        <viewFormat/>
      </Link>
    </NetworkLink>
        
    <NetworkLink>
      <name>17/75245/81123.png</name>
      <Region>
        <LatLonAltBox>
          <north>39.30880029600291</north>
          <south>39.30667511534213</south>
          <east>26.66931152343751</east>
          <west>26.66656494140626</west>
        </LatLonAltBox>
        <Lod>
          <minLodPixels>128</minLodPixels>
          <maxLodPixels>-1</maxLodPixels>
        </Lod>
      </Region>
      <Link>
        <href>17/75245/81123.kml</href>
        <viewRefreshMode>onRegion</viewRefreshMode>
        <viewFormat/>
      </Link>
    </NetworkLink>
        
    <NetworkLink>
      <name>17/75245/81124.png</name>
      <Region>
        <LatLonAltBox>
          <north>39.31092541212715</north>
          <south>39.30880029600291</south>
          <east>26.66931152343751</east>
          <west>26.66656494140626</west>
        </LatLonAltBox>
        <Lod>
          <minLodPixels>128</minLodPixels>
          <maxLodPixels>-1</maxLodPixels>
        </Lod>
      </Region>
      <Link>
        <href>17/75245/81124.kml</href>
        <viewRefreshMode>onRegion</viewRefreshMode>
        <viewFormat/>
      </Link>
    </NetworkLink>
        
    <NetworkLink>
      <name>17/75245/81125.png</name>
      <Region>
        <LatLonAltBox>
          <north>39.31305046371388</north>
          <south>39.31092541212715</south>
          <east>26.66931152343751</east>
          <west>26.66656494140626</west>
        </LatLonAltBox>
        <Lod>
          <minLodPixels>128</minLodPixels>
          <maxLodPixels>-1</maxLodPixels>
        </Lod>
      </Region>
      <Link>
        <href>17/75245/81125.kml</href>
        <viewRefreshMode>onRegion</viewRefreshMode>
        <viewFormat/>
      </Link>
    </NetworkLink>
        
    <NetworkLink>
      <name>17/75245/81126.png</name>
      <Region>
        <LatLonAltBox>
          <north>39.31517545076215</north>
          <south>39.31305046371388</south>
          <east>26.66931152343751</east>
          <west>26.66656494140626</west>
        </LatLonAltBox>
        <Lod>
          <minLodPixels>128</minLodPixels>
          <maxLodPixels>-1</maxLodPixels>
        </Lod>
      </Region>
      <Link>
        <href>17/75245/81126.kml</href>
        <viewRefreshMode>onRegion</viewRefreshMode>
        <viewFormat/>
      </Link>
    </NetworkLink>
        
    <NetworkLink>
      <name>17/75245/81127.png</name>
      <Region>
        <LatLonAltBox>
          <north>39.31730037327102</north>
          <south>39.31517545076215</south>
          <east>26.66931152343751</east>
          <west>26.66656494140626</west>
        </LatLonAltBox>
        <Lod>
          <minLodPixels>128</minLodPixels>
          <maxLodPixels>-1</maxLodPixels>
        </Lod>
      </Region>
      <Link>
        <href>17/75245/81127.kml</href>
        <viewRefreshMode>onRegion</viewRefreshMode>
        <viewFormat/>
      </Link>
    </NetworkLink>
        
    <NetworkLink>
      <name>17/75245/81128.png</name>
      <Region>
        <LatLonAltBox>
          <north>39.31942523123952</north>
          <south>39.31730037327102</south>
          <east>26.66931152343751</east>
          <west>26.66656494140626</west>
        </LatLonAltBox>
        <Lod>
          <minLodPixels>128</minLodPixels>
          <maxLodPixels>-1</maxLodPixels>
        </Lod>
      </Region>
      <Link>
        <href>17/75245/81128.kml</href>
        <viewRefreshMode>onRegion</viewRefreshMode>
        <viewFormat/>
      </Link>
    </NetworkLink>
        
    <NetworkLink>
      <name>17/75245/81129.png</name>
      <Region>
        <LatLonAltBox>
          <north>39.32155002466662</north>
          <south>39.31942523123952</south>
          <east>26.66931152343751</east>
          <west>26.66656494140626</west>
        </LatLonAltBox>
        <Lod>
          <minLodPixels>128</minLodPixels>
          <maxLodPixels>-1</maxLodPixels>
        </Lod>
      </Region>
      <Link>
        <href>17/75245/81129.kml</href>
        <viewRefreshMode>onRegion</viewRefreshMode>
        <viewFormat/>
      </Link>
    </NetworkLink>
        
    <NetworkLink>
      <name>17/75245/81130.png</name>
      <Region>
        <LatLonAltBox>
          <north>39.32367475355144</north>
          <south>39.32155002466662</south>
          <east>26.66931152343751</east>
          <west>26.66656494140626</west>
        </LatLonAltBox>
        <Lod>
          <minLodPixels>128</minLodPixels>
          <maxLodPixels>-1</maxLodPixels>
        </Lod>
      </Region>
      <Link>
        <href>17/75245/81130.kml</href>
        <viewRefreshMode>onRegion</viewRefreshMode>
        <viewFormat/>
      </Link>
    </NetworkLink>
        
    <NetworkLink>
      <name>17/75245/81131.png</name>
      <Region>
        <LatLonAltBox>
          <north>39.32579941789298</north>
          <south>39.32367475355144</south>
          <east>26.66931152343751</east>
          <west>26.66656494140626</west>
        </LatLonAltBox>
        <Lod>
          <minLodPixels>128</minLodPixels>
          <maxLodPixels>-1</maxLodPixels>
        </Lod>
      </Region>
      <Link>
        <href>17/75245/81131.kml</href>
        <viewRefreshMode>onRegion</viewRefreshMode>
        <viewFormat/>
      </Link>
    </NetworkLink>
        
    <NetworkLink>
      <name>17/75245/81132.png</name>
      <Region>
        <LatLonAltBox>
          <north>39.32792401769030</north>
          <south>39.32579941789298</south>
          <east>26.66931152343751</east>
          <west>26.66656494140626</west>
        </LatLonAltBox>
        <Lod>
          <minLodPixels>128</minLodPixels>
          <maxLodPixels>-1</maxLodPixels>
        </Lod>
      </Region>
      <Link>
        <href>17/75245/81132.kml</href>
        <viewRefreshMode>onRegion</viewRefreshMode>
        <viewFormat/>
      </Link>
    </NetworkLink>
        
    <NetworkLink>
      <name>17/75245/81133.png</name>
      <Region>
        <LatLonAltBox>
          <north>39.33004855294242</north>
          <south>39.32792401769030</south>
          <east>26.66931152343751</east>
          <west>26.66656494140626</west>
        </LatLonAltBox>
        <Lod>
          <minLodPixels>128</minLodPixels>
          <maxLodPixels>-1</maxLodPixels>
        </Lod>
      </Region>
      <Link>
        <href>17/75245/81133.kml</href>
        <viewRefreshMode>onRegion</viewRefreshMode>
        <viewFormat/>
      </Link>
    </NetworkLink>
        
    <NetworkLink>
      <name>17/75245/81134.png</name>
      <Region>
        <LatLonAltBox>
          <north>39.33217302364838</north>
          <south>39.33004855294242</south>
          <east>26.66931152343751</east>
          <west>26.66656494140626</west>
        </LatLonAltBox>
        <Lod>
          <minLodPixels>128</minLodPixels>
          <maxLodPixels>-1</maxLodPixels>
        </Lod>
      </Region>
      <Link>
        <href>17/75245/81134.kml</href>
        <viewRefreshMode>onRegion</viewRefreshMode>
        <viewFormat/>
      </Link>
    </NetworkLink>
        
    <NetworkLink>
      <name>17/75245/81135.png</name>
      <Region>
        <LatLonAltBox>
          <north>39.33429742980725</north>
          <south>39.33217302364838</south>
          <east>26.66931152343751</east>
          <west>26.66656494140626</west>
        </LatLonAltBox>
        <Lod>
          <minLodPixels>128</minLodPixels>
          <maxLodPixels>-1</maxLodPixels>
        </Lod>
      </Region>
      <Link>
        <href>17/75245/81135.kml</href>
        <viewRefreshMode>onRegion</viewRefreshMode>
        <viewFormat/>
      </Link>
    </NetworkLink>
        
    <NetworkLink>
      <name>17/75245/81136.png</name>
      <Region>
        <LatLonAltBox>
          <north>39.33642177141801</north>
          <south>39.33429742980725</south>
          <east>26.66931152343751</east>
          <west>26.66656494140626</west>
        </LatLonAltBox>
        <Lod>
          <minLodPixels>128</minLodPixels>
          <maxLodPixels>-1</maxLodPixels>
        </Lod>
      </Region>
      <Link>
        <href>17/75245/81136.kml</href>
        <viewRefreshMode>onRegion</viewRefreshMode>
        <viewFormat/>
      </Link>
    </NetworkLink>
        
    <NetworkLink>
      <name>17/75245/81137.png</name>
      <Region>
        <LatLonAltBox>
          <north>39.33854604847979</north>
          <south>39.33642177141801</south>
          <east>26.66931152343751</east>
          <west>26.66656494140626</west>
        </LatLonAltBox>
        <Lod>
          <minLodPixels>128</minLodPixels>
          <maxLodPixels>-1</maxLodPixels>
        </Lod>
      </Region>
      <Link>
        <href>17/75245/81137.kml</href>
        <viewRefreshMode>onRegion</viewRefreshMode>
        <viewFormat/>
      </Link>
    </NetworkLink>
        
    <NetworkLink>
      <name>17/75245/81138.png</name>
      <Region>
        <LatLonAltBox>
          <north>39.34067026099156</north>
          <south>39.33854604847979</south>
          <east>26.66931152343751</east>
          <west>26.66656494140626</west>
        </LatLonAltBox>
        <Lod>
          <minLodPixels>128</minLodPixels>
          <maxLodPixels>-1</maxLodPixels>
        </Lod>
      </Region>
      <Link>
        <href>17/75245/81138.kml</href>
        <viewRefreshMode>onRegion</viewRefreshMode>
        <viewFormat/>
      </Link>
    </NetworkLink>
        
    <NetworkLink>
      <name>17/75245/81139.png</name>
      <Region>
        <LatLonAltBox>
          <north>39.34279440895236</north>
          <south>39.34067026099156</south>
          <east>26.66931152343751</east>
          <west>26.66656494140626</west>
        </LatLonAltBox>
        <Lod>
          <minLodPixels>128</minLodPixels>
          <maxLodPixels>-1</maxLodPixels>
        </Lod>
      </Region>
      <Link>
        <href>17/75245/81139.kml</href>
        <viewRefreshMode>onRegion</viewRefreshMode>
        <viewFormat/>
      </Link>
    </NetworkLink>
        
    <NetworkLink>
      <name>17/75245/81140.png</name>
      <Region>
        <LatLonAltBox>
          <north>39.34491849236127</north>
          <south>39.34279440895236</south>
          <east>26.66931152343751</east>
          <west>26.66656494140626</west>
        </LatLonAltBox>
        <Lod>
          <minLodPixels>128</minLodPixels>
          <maxLodPixels>-1</maxLodPixels>
        </Lod>
      </Region>
      <Link>
        <href>17/75245/81140.kml</href>
        <viewRefreshMode>onRegion</viewRefreshMode>
        <viewFormat/>
      </Link>
    </NetworkLink>
        
    <NetworkLink>
      <name>17/75245/81141.png</name>
      <Region>
        <LatLonAltBox>
          <north>39.34704251121732</north>
          <south>39.34491849236127</south>
          <east>26.66931152343751</east>
          <west>26.66656494140626</west>
        </LatLonAltBox>
        <Lod>
          <minLodPixels>128</minLodPixels>
          <maxLodPixels>-1</maxLodPixels>
        </Lod>
      </Region>
      <Link>
        <href>17/75245/81141.kml</href>
        <viewRefreshMode>onRegion</viewRefreshMode>
        <viewFormat/>
      </Link>
    </NetworkLink>
        
    <NetworkLink>
      <name>17/75245/81142.png</name>
      <Region>
        <LatLonAltBox>
          <north>39.34916646551957</north>
          <south>39.34704251121732</south>
          <east>26.66931152343751</east>
          <west>26.66656494140626</west>
        </LatLonAltBox>
        <Lod>
          <minLodPixels>128</minLodPixels>
          <maxLodPixels>-1</maxLodPixels>
        </Lod>
      </Region>
      <Link>
        <href>17/75245/81142.kml</href>
        <viewRefreshMode>onRegion</viewRefreshMode>
        <viewFormat/>
      </Link>
    </NetworkLink>
        
    <NetworkLink>
      <name>17/75245/81143.png</name>
      <Region>
        <LatLonAltBox>
          <north>39.35129035526705</north>
          <south>39.34916646551957</south>
          <east>26.66931152343751</east>
          <west>26.66656494140626</west>
        </LatLonAltBox>
        <Lod>
          <minLodPixels>128</minLodPixels>
          <maxLodPixels>-1</maxLodPixels>
        </Lod>
      </Region>
      <Link>
        <href>17/75245/81143.kml</href>
        <viewRefreshMode>onRegion</viewRefreshMode>
        <viewFormat/>
      </Link>
    </NetworkLink>
        
    <NetworkLink>
      <name>17/75245/81144.png</name>
      <Region>
        <LatLonAltBox>
          <north>39.35341418045878</north>
          <south>39.35129035526705</south>
          <east>26.66931152343751</east>
          <west>26.66656494140626</west>
        </LatLonAltBox>
        <Lod>
          <minLodPixels>128</minLodPixels>
          <maxLodPixels>-1</maxLodPixels>
        </Lod>
      </Region>
      <Link>
        <href>17/75245/81144.kml</href>
        <viewRefreshMode>onRegion</viewRefreshMode>
        <viewFormat/>
      </Link>
    </NetworkLink>
        
    <NetworkLink>
      <name>17/75246/81118.png</name>
      <Region>
        <LatLonAltBox>
          <north>39.29817374735305</north>
          <south>39.29604824402409</south>
          <east>26.67205810546876</east>
          <west>26.66931152343751</west>
        </LatLonAltBox>
        <Lod>
          <minLodPixels>128</minLodPixels>
          <maxLodPixels>-1</maxLodPixels>
        </Lod>
      </Region>
      <Link>
        <href>17/75246/81118.kml</href>
        <viewRefreshMode>onRegion</viewRefreshMode>
        <viewFormat/>
      </Link>
    </NetworkLink>
        
    <NetworkLink>
      <name>17/75246/81119.png</name>
      <Region>
        <LatLonAltBox>
          <north>39.30029918615029</north>
          <south>39.29817374735305</south>
          <east>26.67205810546876</east>
          <west>26.66931152343751</west>
        </LatLonAltBox>
        <Lod>
          <minLodPixels>128</minLodPixels>
          <maxLodPixels>-1</maxLodPixels>
        </Lod>
      </Region>
      <Link>
        <href>17/75246/81119.kml</href>
        <viewRefreshMode>onRegion</viewRefreshMode>
        <viewFormat/>
      </Link>
    </NetworkLink>
        
    <NetworkLink>
      <name>17/75246/81120.png</name>
      <Region>
        <LatLonAltBox>
          <north>39.30242456041487</north>
          <south>39.30029918615029</south>
          <east>26.67205810546876</east>
          <west>26.66931152343751</west>
        </LatLonAltBox>
        <Lod>
          <minLodPixels>128</minLodPixels>
          <maxLodPixels>-1</maxLodPixels>
        </Lod>
      </Region>
      <Link>
        <href>17/75246/81120.kml</href>
        <viewRefreshMode>onRegion</viewRefreshMode>
        <viewFormat/>
      </Link>
    </NetworkLink>
        
    <NetworkLink>
      <name>17/75246/81121.png</name>
      <Region>
        <LatLonAltBox>
          <north>39.30454987014581</north>
          <south>39.30242456041487</south>
          <east>26.67205810546876</east>
          <west>26.66931152343751</west>
        </LatLonAltBox>
        <Lod>
          <minLodPixels>128</minLodPixels>
          <maxLodPixels>-1</maxLodPixels>
        </Lod>
      </Region>
      <Link>
        <href>17/75246/81121.kml</href>
        <viewRefreshMode>onRegion</viewRefreshMode>
        <viewFormat/>
      </Link>
    </NetworkLink>
        
    <NetworkLink>
      <name>17/75246/81122.png</name>
      <Region>
        <LatLonAltBox>
          <north>39.30667511534213</north>
          <south>39.30454987014581</south>
          <east>26.67205810546876</east>
          <west>26.66931152343751</west>
        </LatLonAltBox>
        <Lod>
          <minLodPixels>128</minLodPixels>
          <maxLodPixels>-1</maxLodPixels>
        </Lod>
      </Region>
      <Link>
        <href>17/75246/81122.kml</href>
        <viewRefreshMode>onRegion</viewRefreshMode>
        <viewFormat/>
      </Link>
    </NetworkLink>
        
    <NetworkLink>
      <name>17/75246/81123.png</name>
      <Region>
        <LatLonAltBox>
          <north>39.30880029600291</north>
          <south>39.30667511534213</south>
          <east>26.67205810546876</east>
          <west>26.66931152343751</west>
        </LatLonAltBox>
        <Lod>
          <minLodPixels>128</minLodPixels>
          <maxLodPixels>-1</maxLodPixels>
        </Lod>
      </Region>
      <Link>
        <href>17/75246/81123.kml</href>
        <viewRefreshMode>onRegion</viewRefreshMode>
        <viewFormat/>
      </Link>
    </NetworkLink>
        
    <NetworkLink>
      <name>17/75246/81124.png</name>
      <Region>
        <LatLonAltBox>
          <north>39.31092541212715</north>
          <south>39.30880029600291</south>
          <east>26.67205810546876</east>
          <west>26.66931152343751</west>
        </LatLonAltBox>
        <Lod>
          <minLodPixels>128</minLodPixels>
          <maxLodPixels>-1</maxLodPixels>
        </Lod>
      </Region>
      <Link>
        <href>17/75246/81124.kml</href>
        <viewRefreshMode>onRegion</viewRefreshMode>
        <viewFormat/>
      </Link>
    </NetworkLink>
        
    <NetworkLink>
      <name>17/75246/81125.png</name>
      <Region>
        <LatLonAltBox>
          <north>39.31305046371388</north>
          <south>39.31092541212715</south>
          <east>26.67205810546876</east>
          <west>26.66931152343751</west>
        </LatLonAltBox>
        <Lod>
          <minLodPixels>128</minLodPixels>
          <maxLodPixels>-1</maxLodPixels>
        </Lod>
      </Region>
      <Link>
        <href>17/75246/81125.kml</href>
        <viewRefreshMode>onRegion</viewRefreshMode>
        <viewFormat/>
      </Link>
    </NetworkLink>
        
    <NetworkLink>
      <name>17/75246/81126.png</name>
      <Region>
        <LatLonAltBox>
          <north>39.31517545076215</north>
          <south>39.31305046371388</south>
          <east>26.67205810546876</east>
          <west>26.66931152343751</west>
        </LatLonAltBox>
        <Lod>
          <minLodPixels>128</minLodPixels>
          <maxLodPixels>-1</maxLodPixels>
        </Lod>
      </Region>
      <Link>
        <href>17/75246/81126.kml</href>
        <viewRefreshMode>onRegion</viewRefreshMode>
        <viewFormat/>
      </Link>
    </NetworkLink>
        
    <NetworkLink>
      <name>17/75246/81127.png</name>
      <Region>
        <LatLonAltBox>
          <north>39.31730037327102</north>
          <south>39.31517545076215</south>
          <east>26.67205810546876</east>
          <west>26.66931152343751</west>
        </LatLonAltBox>
        <Lod>
          <minLodPixels>128</minLodPixels>
          <maxLodPixels>-1</maxLodPixels>
        </Lod>
      </Region>
      <Link>
        <href>17/75246/81127.kml</href>
        <viewRefreshMode>onRegion</viewRefreshMode>
        <viewFormat/>
      </Link>
    </NetworkLink>
        
    <NetworkLink>
      <name>17/75246/81128.png</name>
      <Region>
        <LatLonAltBox>
          <north>39.31942523123952</north>
          <south>39.31730037327102</south>
          <east>26.67205810546876</east>
          <west>26.66931152343751</west>
        </LatLonAltBox>
        <Lod>
          <minLodPixels>128</minLodPixels>
          <maxLodPixels>-1</maxLodPixels>
        </Lod>
      </Region>
      <Link>
        <href>17/75246/81128.kml</href>
        <viewRefreshMode>onRegion</viewRefreshMode>
        <viewFormat/>
      </Link>
    </NetworkLink>
        
    <NetworkLink>
      <name>17/75246/81129.png</name>
      <Region>
        <LatLonAltBox>
          <north>39.32155002466662</north>
          <south>39.31942523123952</south>
          <east>26.67205810546876</east>
          <west>26.66931152343751</west>
        </LatLonAltBox>
        <Lod>
          <minLodPixels>128</minLodPixels>
          <maxLodPixels>-1</maxLodPixels>
        </Lod>
      </Region>
      <Link>
        <href>17/75246/81129.kml</href>
        <viewRefreshMode>onRegion</viewRefreshMode>
        <viewFormat/>
      </Link>
    </NetworkLink>
        
    <NetworkLink>
      <name>17/75246/81130.png</name>
      <Region>
        <LatLonAltBox>
          <north>39.32367475355144</north>
          <south>39.32155002466662</south>
          <east>26.67205810546876</east>
          <west>26.66931152343751</west>
        </LatLonAltBox>
        <Lod>
          <minLodPixels>128</minLodPixels>
          <maxLodPixels>-1</maxLodPixels>
        </Lod>
      </Region>
      <Link>
        <href>17/75246/81130.kml</href>
        <viewRefreshMode>onRegion</viewRefreshMode>
        <viewFormat/>
      </Link>
    </NetworkLink>
        
    <NetworkLink>
      <name>17/75246/81131.png</name>
      <Region>
        <LatLonAltBox>
          <north>39.32579941789298</north>
          <south>39.32367475355144</south>
          <east>26.67205810546876</east>
          <west>26.66931152343751</west>
        </LatLonAltBox>
        <Lod>
          <minLodPixels>128</minLodPixels>
          <maxLodPixels>-1</maxLodPixels>
        </Lod>
      </Region>
      <Link>
        <href>17/75246/81131.kml</href>
        <viewRefreshMode>onRegion</viewRefreshMode>
        <viewFormat/>
      </Link>
    </NetworkLink>
        
    <NetworkLink>
      <name>17/75246/81132.png</name>
      <Region>
        <LatLonAltBox>
          <north>39.32792401769030</north>
          <south>39.32579941789298</south>
          <east>26.67205810546876</east>
          <west>26.66931152343751</west>
        </LatLonAltBox>
        <Lod>
          <minLodPixels>128</minLodPixels>
          <maxLodPixels>-1</maxLodPixels>
        </Lod>
      </Region>
      <Link>
        <href>17/75246/81132.kml</href>
        <viewRefreshMode>onRegion</viewRefreshMode>
        <viewFormat/>
      </Link>
    </NetworkLink>
        
    <NetworkLink>
      <name>17/75246/81133.png</name>
      <Region>
        <LatLonAltBox>
          <north>39.33004855294242</north>
          <south>39.32792401769030</south>
          <east>26.67205810546876</east>
          <west>26.66931152343751</west>
        </LatLonAltBox>
        <Lod>
          <minLodPixels>128</minLodPixels>
          <maxLodPixels>-1</maxLodPixels>
        </Lod>
      </Region>
      <Link>
        <href>17/75246/81133.kml</href>
        <viewRefreshMode>onRegion</viewRefreshMode>
        <viewFormat/>
      </Link>
    </NetworkLink>
        
    <NetworkLink>
      <name>17/75246/81134.png</name>
      <Region>
        <LatLonAltBox>
          <north>39.33217302364838</north>
          <south>39.33004855294242</south>
          <east>26.67205810546876</east>
          <west>26.66931152343751</west>
        </LatLonAltBox>
        <Lod>
          <minLodPixels>128</minLodPixels>
          <maxLodPixels>-1</maxLodPixels>
        </Lod>
      </Region>
      <Link>
        <href>17/75246/81134.kml</href>
        <viewRefreshMode>onRegion</viewRefreshMode>
        <viewFormat/>
      </Link>
    </NetworkLink>
        
    <NetworkLink>
      <name>17/75246/81135.png</name>
      <Region>
        <LatLonAltBox>
          <north>39.33429742980725</north>
          <south>39.33217302364838</south>
          <east>26.67205810546876</east>
          <west>26.66931152343751</west>
        </LatLonAltBox>
        <Lod>
          <minLodPixels>128</minLodPixels>
          <maxLodPixels>-1</maxLodPixels>
        </Lod>
      </Region>
      <Link>
        <href>17/75246/81135.kml</href>
        <viewRefreshMode>onRegion</viewRefreshMode>
        <viewFormat/>
      </Link>
    </NetworkLink>
        
    <NetworkLink>
      <name>17/75246/81136.png</name>
      <Region>
        <LatLonAltBox>
          <north>39.33642177141801</north>
          <south>39.33429742980725</south>
          <east>26.67205810546876</east>
          <west>26.66931152343751</west>
        </LatLonAltBox>
        <Lod>
          <minLodPixels>128</minLodPixels>
          <maxLodPixels>-1</maxLodPixels>
        </Lod>
      </Region>
      <Link>
        <href>17/75246/81136.kml</href>
        <viewRefreshMode>onRegion</viewRefreshMode>
        <viewFormat/>
      </Link>
    </NetworkLink>
        
    <NetworkLink>
      <name>17/75246/81137.png</name>
      <Region>
        <LatLonAltBox>
          <north>39.33854604847979</north>
          <south>39.33642177141801</south>
          <east>26.67205810546876</east>
          <west>26.66931152343751</west>
        </LatLonAltBox>
        <Lod>
          <minLodPixels>128</minLodPixels>
          <maxLodPixels>-1</maxLodPixels>
        </Lod>
      </Region>
      <Link>
        <href>17/75246/81137.kml</href>
        <viewRefreshMode>onRegion</viewRefreshMode>
        <viewFormat/>
      </Link>
    </NetworkLink>
        
    <NetworkLink>
      <name>17/75246/81138.png</name>
      <Region>
        <LatLonAltBox>
          <north>39.34067026099156</north>
          <south>39.33854604847979</south>
          <east>26.67205810546876</east>
          <west>26.66931152343751</west>
        </LatLonAltBox>
        <Lod>
          <minLodPixels>128</minLodPixels>
          <maxLodPixels>-1</maxLodPixels>
        </Lod>
      </Region>
      <Link>
        <href>17/75246/81138.kml</href>
        <viewRefreshMode>onRegion</viewRefreshMode>
        <viewFormat/>
      </Link>
    </NetworkLink>
        
    <NetworkLink>
      <name>17/75246/81139.png</name>
      <Region>
        <LatLonAltBox>
          <north>39.34279440895236</north>
          <south>39.34067026099156</south>
          <east>26.67205810546876</east>
          <west>26.66931152343751</west>
        </LatLonAltBox>
        <Lod>
          <minLodPixels>128</minLodPixels>
          <maxLodPixels>-1</maxLodPixels>
        </Lod>
      </Region>
      <Link>
        <href>17/75246/81139.kml</href>
        <viewRefreshMode>onRegion</viewRefreshMode>
        <viewFormat/>
      </Link>
    </NetworkLink>
        
    <NetworkLink>
      <name>17/75246/81140.png</name>
      <Region>
        <LatLonAltBox>
          <north>39.34491849236127</north>
          <south>39.34279440895236</south>
          <east>26.67205810546876</east>
          <west>26.66931152343751</west>
        </LatLonAltBox>
        <Lod>
          <minLodPixels>128</minLodPixels>
          <maxLodPixels>-1</maxLodPixels>
        </Lod>
      </Region>
      <Link>
        <href>17/75246/81140.kml</href>
        <viewRefreshMode>onRegion</viewRefreshMode>
        <viewFormat/>
      </Link>
    </NetworkLink>
        
    <NetworkLink>
      <name>17/75246/81141.png</name>
      <Region>
        <LatLonAltBox>
          <north>39.34704251121732</north>
          <south>39.34491849236127</south>
          <east>26.67205810546876</east>
          <west>26.66931152343751</west>
        </LatLonAltBox>
        <Lod>
          <minLodPixels>128</minLodPixels>
          <maxLodPixels>-1</maxLodPixels>
        </Lod>
      </Region>
      <Link>
        <href>17/75246/81141.kml</href>
        <viewRefreshMode>onRegion</viewRefreshMode>
        <viewFormat/>
      </Link>
    </NetworkLink>
        
    <NetworkLink>
      <name>17/75246/81142.png</name>
      <Region>
        <LatLonAltBox>
          <north>39.34916646551957</north>
          <south>39.34704251121732</south>
          <east>26.67205810546876</east>
          <west>26.66931152343751</west>
        </LatLonAltBox>
        <Lod>
          <minLodPixels>128</minLodPixels>
          <maxLodPixels>-1</maxLodPixels>
        </Lod>
      </Region>
      <Link>
        <href>17/75246/81142.kml</href>
        <viewRefreshMode>onRegion</viewRefreshMode>
        <viewFormat/>
      </Link>
    </NetworkLink>
        
    <NetworkLink>
      <name>17/75246/81143.png</name>
      <Region>
        <LatLonAltBox>
          <north>39.35129035526705</north>
          <south>39.34916646551957</south>
          <east>26.67205810546876</east>
          <west>26.66931152343751</west>
        </LatLonAltBox>
        <Lod>
          <minLodPixels>128</minLodPixels>
          <maxLodPixels>-1</maxLodPixels>
        </Lod>
      </Region>
      <Link>
        <href>17/75246/81143.kml</href>
        <viewRefreshMode>onRegion</viewRefreshMode>
        <viewFormat/>
      </Link>
    </NetworkLink>
        
    <NetworkLink>
      <name>17/75246/81144.png</name>
      <Region>
        <LatLonAltBox>
          <north>39.35341418045878</north>
          <south>39.35129035526705</south>
          <east>26.67205810546876</east>
          <west>26.66931152343751</west>
        </LatLonAltBox>
        <Lod>
          <minLodPixels>128</minLodPixels>
          <maxLodPixels>-1</maxLodPixels>
        </Lod>
      </Region>
      <Link>
        <href>17/75246/81144.kml</href>
        <viewRefreshMode>onRegion</viewRefreshMode>
        <viewFormat/>
      </Link>
    </NetworkLink>
        
    <NetworkLink>
      <name>17/75247/81118.png</name>
      <Region>
        <LatLonAltBox>
          <north>39.29817374735305</north>
          <south>39.29604824402409</south>
          <east>26.67480468750000</east>
          <west>26.67205810546876</west>
        </LatLonAltBox>
        <Lod>
          <minLodPixels>128</minLodPixels>
          <maxLodPixels>-1</maxLodPixels>
        </Lod>
      </Region>
      <Link>
        <href>17/75247/81118.kml</href>
        <viewRefreshMode>onRegion</viewRefreshMode>
        <viewFormat/>
      </Link>
    </NetworkLink>
        
    <NetworkLink>
      <name>17/75247/81119.png</name>
      <Region>
        <LatLonAltBox>
          <north>39.30029918615029</north>
          <south>39.29817374735305</south>
          <east>26.67480468750000</east>
          <west>26.67205810546876</west>
        </LatLonAltBox>
        <Lod>
          <minLodPixels>128</minLodPixels>
          <maxLodPixels>-1</maxLodPixels>
        </Lod>
      </Region>
      <Link>
        <href>17/75247/81119.kml</href>
        <viewRefreshMode>onRegion</viewRefreshMode>
        <viewFormat/>
      </Link>
    </NetworkLink>
        
    <NetworkLink>
      <name>17/75247/81120.png</name>
      <Region>
        <LatLonAltBox>
          <north>39.30242456041487</north>
          <south>39.30029918615029</south>
          <east>26.67480468750000</east>
          <west>26.67205810546876</west>
        </LatLonAltBox>
        <Lod>
          <minLodPixels>128</minLodPixels>
          <maxLodPixels>-1</maxLodPixels>
        </Lod>
      </Region>
      <Link>
        <href>17/75247/81120.kml</href>
        <viewRefreshMode>onRegion</viewRefreshMode>
        <viewFormat/>
      </Link>
    </NetworkLink>
        
    <NetworkLink>
      <name>17/75247/81121.png</name>
      <Region>
        <LatLonAltBox>
          <north>39.30454987014581</north>
          <south>39.30242456041487</south>
          <east>26.67480468750000</east>
          <west>26.67205810546876</west>
        </LatLonAltBox>
        <Lod>
          <minLodPixels>128</minLodPixels>
          <maxLodPixels>-1</maxLodPixels>
        </Lod>
      </Region>
      <Link>
        <href>17/75247/81121.kml</href>
        <viewRefreshMode>onRegion</viewRefreshMode>
        <viewFormat/>
      </Link>
    </NetworkLink>
        
    <NetworkLink>
      <name>17/75247/81122.png</name>
      <Region>
        <LatLonAltBox>
          <north>39.30667511534213</north>
          <south>39.30454987014581</south>
          <east>26.67480468750000</east>
          <west>26.67205810546876</west>
        </LatLonAltBox>
        <Lod>
          <minLodPixels>128</minLodPixels>
          <maxLodPixels>-1</maxLodPixels>
        </Lod>
      </Region>
      <Link>
        <href>17/75247/81122.kml</href>
        <viewRefreshMode>onRegion</viewRefreshMode>
        <viewFormat/>
      </Link>
    </NetworkLink>
        
    <NetworkLink>
      <name>17/75247/81123.png</name>
      <Region>
        <LatLonAltBox>
          <north>39.30880029600291</north>
          <south>39.30667511534213</south>
          <east>26.67480468750000</east>
          <west>26.67205810546876</west>
        </LatLonAltBox>
        <Lod>
          <minLodPixels>128</minLodPixels>
          <maxLodPixels>-1</maxLodPixels>
        </Lod>
      </Region>
      <Link>
        <href>17/75247/81123.kml</href>
        <viewRefreshMode>onRegion</viewRefreshMode>
        <viewFormat/>
      </Link>
    </NetworkLink>
        
    <NetworkLink>
      <name>17/75247/81124.png</name>
      <Region>
        <LatLonAltBox>
          <north>39.31092541212715</north>
          <south>39.30880029600291</south>
          <east>26.67480468750000</east>
          <west>26.67205810546876</west>
        </LatLonAltBox>
        <Lod>
          <minLodPixels>128</minLodPixels>
          <maxLodPixels>-1</maxLodPixels>
        </Lod>
      </Region>
      <Link>
        <href>17/75247/81124.kml</href>
        <viewRefreshMode>onRegion</viewRefreshMode>
        <viewFormat/>
      </Link>
    </NetworkLink>
        
    <NetworkLink>
      <name>17/75247/81125.png</name>
      <Region>
        <LatLonAltBox>
          <north>39.31305046371388</north>
          <south>39.31092541212715</south>
          <east>26.67480468750000</east>
          <west>26.67205810546876</west>
        </LatLonAltBox>
        <Lod>
          <minLodPixels>128</minLodPixels>
          <maxLodPixels>-1</maxLodPixels>
        </Lod>
      </Region>
      <Link>
        <href>17/75247/81125.kml</href>
        <viewRefreshMode>onRegion</viewRefreshMode>
        <viewFormat/>
      </Link>
    </NetworkLink>
        
    <NetworkLink>
      <name>17/75247/81126.png</name>
      <Region>
        <LatLonAltBox>
          <north>39.31517545076215</north>
          <south>39.31305046371388</south>
          <east>26.67480468750000</east>
          <west>26.67205810546876</west>
        </LatLonAltBox>
        <Lod>
          <minLodPixels>128</minLodPixels>
          <maxLodPixels>-1</maxLodPixels>
        </Lod>
      </Region>
      <Link>
        <href>17/75247/81126.kml</href>
        <viewRefreshMode>onRegion</viewRefreshMode>
        <viewFormat/>
      </Link>
    </NetworkLink>
        
    <NetworkLink>
      <name>17/75247/81127.png</name>
      <Region>
        <LatLonAltBox>
          <north>39.31730037327102</north>
          <south>39.31517545076215</south>
          <east>26.67480468750000</east>
          <west>26.67205810546876</west>
        </LatLonAltBox>
        <Lod>
          <minLodPixels>128</minLodPixels>
          <maxLodPixels>-1</maxLodPixels>
        </Lod>
      </Region>
      <Link>
        <href>17/75247/81127.kml</href>
        <viewRefreshMode>onRegion</viewRefreshMode>
        <viewFormat/>
      </Link>
    </NetworkLink>
        
    <NetworkLink>
      <name>17/75247/81128.png</name>
      <Region>
        <LatLonAltBox>
          <north>39.31942523123952</north>
          <south>39.31730037327102</south>
          <east>26.67480468750000</east>
          <west>26.67205810546876</west>
        </LatLonAltBox>
        <Lod>
          <minLodPixels>128</minLodPixels>
          <maxLodPixels>-1</maxLodPixels>
        </Lod>
      </Region>
      <Link>
        <href>17/75247/81128.kml</href>
        <viewRefreshMode>onRegion</viewRefreshMode>
        <viewFormat/>
      </Link>
    </NetworkLink>
        
    <NetworkLink>
      <name>17/75247/81129.png</name>
      <Region>
        <LatLonAltBox>
          <north>39.32155002466662</north>
          <south>39.31942523123952</south>
          <east>26.67480468750000</east>
          <west>26.67205810546876</west>
        </LatLonAltBox>
        <Lod>
          <minLodPixels>128</minLodPixels>
          <maxLodPixels>-1</maxLodPixels>
        </Lod>
      </Region>
      <Link>
        <href>17/75247/81129.kml</href>
        <viewRefreshMode>onRegion</viewRefreshMode>
        <viewFormat/>
      </Link>
    </NetworkLink>
        
    <NetworkLink>
      <name>17/75247/81130.png</name>
      <Region>
        <LatLonAltBox>
          <north>39.32367475355144</north>
          <south>39.32155002466662</south>
          <east>26.67480468750000</east>
          <west>26.67205810546876</west>
        </LatLonAltBox>
        <Lod>
          <minLodPixels>128</minLodPixels>
          <maxLodPixels>-1</maxLodPixels>
        </Lod>
      </Region>
      <Link>
        <href>17/75247/81130.kml</href>
        <viewRefreshMode>onRegion</viewRefreshMode>
        <viewFormat/>
      </Link>
    </NetworkLink>
        
    <NetworkLink>
      <name>17/75247/81131.png</name>
      <Region>
        <LatLonAltBox>
          <north>39.32579941789298</north>
          <south>39.32367475355144</south>
          <east>26.67480468750000</east>
          <west>26.67205810546876</west>
        </LatLonAltBox>
        <Lod>
          <minLodPixels>128</minLodPixels>
          <maxLodPixels>-1</maxLodPixels>
        </Lod>
      </Region>
      <Link>
        <href>17/75247/81131.kml</href>
        <viewRefreshMode>onRegion</viewRefreshMode>
        <viewFormat/>
      </Link>
    </NetworkLink>
        
    <NetworkLink>
      <name>17/75247/81132.png</name>
      <Region>
        <LatLonAltBox>
          <north>39.32792401769030</north>
          <south>39.32579941789298</south>
          <east>26.67480468750000</east>
          <west>26.67205810546876</west>
        </LatLonAltBox>
        <Lod>
          <minLodPixels>128</minLodPixels>
          <maxLodPixels>-1</maxLodPixels>
        </Lod>
      </Region>
      <Link>
        <href>17/75247/81132.kml</href>
        <viewRefreshMode>onRegion</viewRefreshMode>
        <viewFormat/>
      </Link>
    </NetworkLink>
        
    <NetworkLink>
      <name>17/75247/81133.png</name>
      <Region>
        <LatLonAltBox>
          <north>39.33004855294242</north>
          <south>39.32792401769030</south>
          <east>26.67480468750000</east>
          <west>26.67205810546876</west>
        </LatLonAltBox>
        <Lod>
          <minLodPixels>128</minLodPixels>
          <maxLodPixels>-1</maxLodPixels>
        </Lod>
      </Region>
      <Link>
        <href>17/75247/81133.kml</href>
        <viewRefreshMode>onRegion</viewRefreshMode>
        <viewFormat/>
      </Link>
    </NetworkLink>
        
    <NetworkLink>
      <name>17/75247/81134.png</name>
      <Region>
        <LatLonAltBox>
          <north>39.33217302364838</north>
          <south>39.33004855294242</south>
          <east>26.67480468750000</east>
          <west>26.67205810546876</west>
        </LatLonAltBox>
        <Lod>
          <minLodPixels>128</minLodPixels>
          <maxLodPixels>-1</maxLodPixels>
        </Lod>
      </Region>
      <Link>
        <href>17/75247/81134.kml</href>
        <viewRefreshMode>onRegion</viewRefreshMode>
        <viewFormat/>
      </Link>
    </NetworkLink>
        
    <NetworkLink>
      <name>17/75247/81135.png</name>
      <Region>
        <LatLonAltBox>
          <north>39.33429742980725</north>
          <south>39.33217302364838</south>
          <east>26.67480468750000</east>
          <west>26.67205810546876</west>
        </LatLonAltBox>
        <Lod>
          <minLodPixels>128</minLodPixels>
          <maxLodPixels>-1</maxLodPixels>
        </Lod>
      </Region>
      <Link>
        <href>17/75247/81135.kml</href>
        <viewRefreshMode>onRegion</viewRefreshMode>
        <viewFormat/>
      </Link>
    </NetworkLink>
        
    <NetworkLink>
      <name>17/75247/81136.png</name>
      <Region>
        <LatLonAltBox>
          <north>39.33642177141801</north>
          <south>39.33429742980725</south>
          <east>26.67480468750000</east>
          <west>26.67205810546876</west>
        </LatLonAltBox>
        <Lod>
          <minLodPixels>128</minLodPixels>
          <maxLodPixels>-1</maxLodPixels>
        </Lod>
      </Region>
      <Link>
        <href>17/75247/81136.kml</href>
        <viewRefreshMode>onRegion</viewRefreshMode>
        <viewFormat/>
      </Link>
    </NetworkLink>
        
    <NetworkLink>
      <name>17/75247/81137.png</name>
      <Region>
        <LatLonAltBox>
          <north>39.33854604847979</north>
          <south>39.33642177141801</south>
          <east>26.67480468750000</east>
          <west>26.67205810546876</west>
        </LatLonAltBox>
        <Lod>
          <minLodPixels>128</minLodPixels>
          <maxLodPixels>-1</maxLodPixels>
        </Lod>
      </Region>
      <Link>
        <href>17/75247/81137.kml</href>
        <viewRefreshMode>onRegion</viewRefreshMode>
        <viewFormat/>
      </Link>
    </NetworkLink>
        
    <NetworkLink>
      <name>17/75247/81138.png</name>
      <Region>
        <LatLonAltBox>
          <north>39.34067026099156</north>
          <south>39.33854604847979</south>
          <east>26.67480468750000</east>
          <west>26.67205810546876</west>
        </LatLonAltBox>
        <Lod>
          <minLodPixels>128</minLodPixels>
          <maxLodPixels>-1</maxLodPixels>
        </Lod>
      </Region>
      <Link>
        <href>17/75247/81138.kml</href>
        <viewRefreshMode>onRegion</viewRefreshMode>
        <viewFormat/>
      </Link>
    </NetworkLink>
        
    <NetworkLink>
      <name>17/75247/81139.png</name>
      <Region>
        <LatLonAltBox>
          <north>39.34279440895236</north>
          <south>39.34067026099156</south>
          <east>26.67480468750000</east>
          <west>26.67205810546876</west>
        </LatLonAltBox>
        <Lod>
          <minLodPixels>128</minLodPixels>
          <maxLodPixels>-1</maxLodPixels>
        </Lod>
      </Region>
      <Link>
        <href>17/75247/81139.kml</href>
        <viewRefreshMode>onRegion</viewRefreshMode>
        <viewFormat/>
      </Link>
    </NetworkLink>
        
    <NetworkLink>
      <name>17/75247/81140.png</name>
      <Region>
        <LatLonAltBox>
          <north>39.34491849236127</north>
          <south>39.34279440895236</south>
          <east>26.67480468750000</east>
          <west>26.67205810546876</west>
        </LatLonAltBox>
        <Lod>
          <minLodPixels>128</minLodPixels>
          <maxLodPixels>-1</maxLodPixels>
        </Lod>
      </Region>
      <Link>
        <href>17/75247/81140.kml</href>
        <viewRefreshMode>onRegion</viewRefreshMode>
        <viewFormat/>
      </Link>
    </NetworkLink>
        
    <NetworkLink>
      <name>17/75247/81141.png</name>
      <Region>
        <LatLonAltBox>
          <north>39.34704251121732</north>
          <south>39.34491849236127</south>
          <east>26.67480468750000</east>
          <west>26.67205810546876</west>
        </LatLonAltBox>
        <Lod>
          <minLodPixels>128</minLodPixels>
          <maxLodPixels>-1</maxLodPixels>
        </Lod>
      </Region>
      <Link>
        <href>17/75247/81141.kml</href>
        <viewRefreshMode>onRegion</viewRefreshMode>
        <viewFormat/>
      </Link>
    </NetworkLink>
        
    <NetworkLink>
      <name>17/75247/81142.png</name>
      <Region>
        <LatLonAltBox>
          <north>39.34916646551957</north>
          <south>39.34704251121732</south>
          <east>26.67480468750000</east>
          <west>26.67205810546876</west>
        </LatLonAltBox>
        <Lod>
          <minLodPixels>128</minLodPixels>
          <maxLodPixels>-1</maxLodPixels>
        </Lod>
      </Region>
      <Link>
        <href>17/75247/81142.kml</href>
        <viewRefreshMode>onRegion</viewRefreshMode>
        <viewFormat/>
      </Link>
    </NetworkLink>
        
    <NetworkLink>
      <name>17/75247/81143.png</name>
      <Region>
        <LatLonAltBox>
          <north>39.35129035526705</north>
          <south>39.34916646551957</south>
          <east>26.67480468750000</east>
          <west>26.67205810546876</west>
        </LatLonAltBox>
        <Lod>
          <minLodPixels>128</minLodPixels>
          <maxLodPixels>-1</maxLodPixels>
        </Lod>
      </Region>
      <Link>
        <href>17/75247/81143.kml</href>
        <viewRefreshMode>onRegion</viewRefreshMode>
        <viewFormat/>
      </Link>
    </NetworkLink>
        
    <NetworkLink>
      <name>17/75247/81144.png</name>
      <Region>
        <LatLonAltBox>
          <north>39.35341418045878</north>
          <south>39.35129035526705</south>
          <east>26.67480468750000</east>
          <west>26.67205810546876</west>
        </LatLonAltBox>
        <Lod>
          <minLodPixels>128</minLodPixels>
          <maxLodPixels>-1</maxLodPixels>
        </Lod>
      </Region>
      <Link>
        <href>17/75247/81144.kml</href>
        <viewRefreshMode>onRegion</viewRefreshMode>
        <viewFormat/>
      </Link>
    </NetworkLink>
        
    <NetworkLink>
      <name>17/75248/81118.png</name>
      <Region>
        <LatLonAltBox>
          <north>39.29817374735305</north>
          <south>39.29604824402409</south>
          <east>26.67755126953125</east>
          <west>26.67480468750000</west>
        </LatLonAltBox>
        <Lod>
          <minLodPixels>128</minLodPixels>
          <maxLodPixels>-1</maxLodPixels>
        </Lod>
      </Region>
      <Link>
        <href>17/75248/81118.kml</href>
        <viewRefreshMode>onRegion</viewRefreshMode>
        <viewFormat/>
      </Link>
    </NetworkLink>
        
    <NetworkLink>
      <name>17/75248/81119.png</name>
      <Region>
        <LatLonAltBox>
          <north>39.30029918615029</north>
          <south>39.29817374735305</south>
          <east>26.67755126953125</east>
          <west>26.67480468750000</west>
        </LatLonAltBox>
        <Lod>
          <minLodPixels>128</minLodPixels>
          <maxLodPixels>-1</maxLodPixels>
        </Lod>
      </Region>
      <Link>
        <href>17/75248/81119.kml</href>
        <viewRefreshMode>onRegion</viewRefreshMode>
        <viewFormat/>
      </Link>
    </NetworkLink>
        
    <NetworkLink>
      <name>17/75248/81120.png</name>
      <Region>
        <LatLonAltBox>
          <north>39.30242456041487</north>
          <south>39.30029918615029</south>
          <east>26.67755126953125</east>
          <west>26.67480468750000</west>
        </LatLonAltBox>
        <Lod>
          <minLodPixels>128</minLodPixels>
          <maxLodPixels>-1</maxLodPixels>
        </Lod>
      </Region>
      <Link>
        <href>17/75248/81120.kml</href>
        <viewRefreshMode>onRegion</viewRefreshMode>
        <viewFormat/>
      </Link>
    </NetworkLink>
        
    <NetworkLink>
      <name>17/75248/81121.png</name>
      <Region>
        <LatLonAltBox>
          <north>39.30454987014581</north>
          <south>39.30242456041487</south>
          <east>26.67755126953125</east>
          <west>26.67480468750000</west>
        </LatLonAltBox>
        <Lod>
          <minLodPixels>128</minLodPixels>
          <maxLodPixels>-1</maxLodPixels>
        </Lod>
      </Region>
      <Link>
        <href>17/75248/81121.kml</href>
        <viewRefreshMode>onRegion</viewRefreshMode>
        <viewFormat/>
      </Link>
    </NetworkLink>
        
    <NetworkLink>
      <name>17/75248/81122.png</name>
      <Region>
        <LatLonAltBox>
          <north>39.30667511534213</north>
          <south>39.30454987014581</south>
          <east>26.67755126953125</east>
          <west>26.67480468750000</west>
        </LatLonAltBox>
        <Lod>
          <minLodPixels>128</minLodPixels>
          <maxLodPixels>-1</maxLodPixels>
        </Lod>
      </Region>
      <Link>
        <href>17/75248/81122.kml</href>
        <viewRefreshMode>onRegion</viewRefreshMode>
        <viewFormat/>
      </Link>
    </NetworkLink>
        
    <NetworkLink>
      <name>17/75248/81123.png</name>
      <Region>
        <LatLonAltBox>
          <north>39.30880029600291</north>
          <south>39.30667511534213</south>
          <east>26.67755126953125</east>
          <west>26.67480468750000</west>
        </LatLonAltBox>
        <Lod>
          <minLodPixels>128</minLodPixels>
          <maxLodPixels>-1</maxLodPixels>
        </Lod>
      </Region>
      <Link>
        <href>17/75248/81123.kml</href>
        <viewRefreshMode>onRegion</viewRefreshMode>
        <viewFormat/>
      </Link>
    </NetworkLink>
        
    <NetworkLink>
      <name>17/75248/81124.png</name>
      <Region>
        <LatLonAltBox>
          <north>39.31092541212715</north>
          <south>39.30880029600291</south>
          <east>26.67755126953125</east>
          <west>26.67480468750000</west>
        </LatLonAltBox>
        <Lod>
          <minLodPixels>128</minLodPixels>
          <maxLodPixels>-1</maxLodPixels>
        </Lod>
      </Region>
      <Link>
        <href>17/75248/81124.kml</href>
        <viewRefreshMode>onRegion</viewRefreshMode>
        <viewFormat/>
      </Link>
    </NetworkLink>
        
    <NetworkLink>
      <name>17/75248/81125.png</name>
      <Region>
        <LatLonAltBox>
          <north>39.31305046371388</north>
          <south>39.31092541212715</south>
          <east>26.67755126953125</east>
          <west>26.67480468750000</west>
        </LatLonAltBox>
        <Lod>
          <minLodPixels>128</minLodPixels>
          <maxLodPixels>-1</maxLodPixels>
        </Lod>
      </Region>
      <Link>
        <href>17/75248/81125.kml</href>
        <viewRefreshMode>onRegion</viewRefreshMode>
        <viewFormat/>
      </Link>
    </NetworkLink>
        
    <NetworkLink>
      <name>17/75248/81126.png</name>
      <Region>
        <LatLonAltBox>
          <north>39.31517545076215</north>
          <south>39.31305046371388</south>
          <east>26.67755126953125</east>
          <west>26.67480468750000</west>
        </LatLonAltBox>
        <Lod>
          <minLodPixels>128</minLodPixels>
          <maxLodPixels>-1</maxLodPixels>
        </Lod>
      </Region>
      <Link>
        <href>17/75248/81126.kml</href>
        <viewRefreshMode>onRegion</viewRefreshMode>
        <viewFormat/>
      </Link>
    </NetworkLink>
        
    <NetworkLink>
      <name>17/75248/81127.png</name>
      <Region>
        <LatLonAltBox>
          <north>39.31730037327102</north>
          <south>39.31517545076215</south>
          <east>26.67755126953125</east>
          <west>26.67480468750000</west>
        </LatLonAltBox>
        <Lod>
          <minLodPixels>128</minLodPixels>
          <maxLodPixels>-1</maxLodPixels>
        </Lod>
      </Region>
      <Link>
        <href>17/75248/81127.kml</href>
        <viewRefreshMode>onRegion</viewRefreshMode>
        <viewFormat/>
      </Link>
    </NetworkLink>
        
    <NetworkLink>
      <name>17/75248/81128.png</name>
      <Region>
        <LatLonAltBox>
          <north>39.31942523123952</north>
          <south>39.31730037327102</south>
          <east>26.67755126953125</east>
          <west>26.67480468750000</west>
        </LatLonAltBox>
        <Lod>
          <minLodPixels>128</minLodPixels>
          <maxLodPixels>-1</maxLodPixels>
        </Lod>
      </Region>
      <Link>
        <href>17/75248/81128.kml</href>
        <viewRefreshMode>onRegion</viewRefreshMode>
        <viewFormat/>
      </Link>
    </NetworkLink>
        
    <NetworkLink>
      <name>17/75248/81129.png</name>
      <Region>
        <LatLonAltBox>
          <north>39.32155002466662</north>
          <south>39.31942523123952</south>
          <east>26.67755126953125</east>
          <west>26.67480468750000</west>
        </LatLonAltBox>
        <Lod>
          <minLodPixels>128</minLodPixels>
          <maxLodPixels>-1</maxLodPixels>
        </Lod>
      </Region>
      <Link>
        <href>17/75248/81129.kml</href>
        <viewRefreshMode>onRegion</viewRefreshMode>
        <viewFormat/>
      </Link>
    </NetworkLink>
        
    <NetworkLink>
      <name>17/75248/81130.png</name>
      <Region>
        <LatLonAltBox>
          <north>39.32367475355144</north>
          <south>39.32155002466662</south>
          <east>26.67755126953125</east>
          <west>26.67480468750000</west>
        </LatLonAltBox>
        <Lod>
          <minLodPixels>128</minLodPixels>
          <maxLodPixels>-1</maxLodPixels>
        </Lod>
      </Region>
      <Link>
        <href>17/75248/81130.kml</href>
        <viewRefreshMode>onRegion</viewRefreshMode>
        <viewFormat/>
      </Link>
    </NetworkLink>
        
    <NetworkLink>
      <name>17/75248/81131.png</name>
      <Region>
        <LatLonAltBox>
          <north>39.32579941789298</north>
          <south>39.32367475355144</south>
          <east>26.67755126953125</east>
          <west>26.67480468750000</west>
        </LatLonAltBox>
        <Lod>
          <minLodPixels>128</minLodPixels>
          <maxLodPixels>-1</maxLodPixels>
        </Lod>
      </Region>
      <Link>
        <href>17/75248/81131.kml</href>
        <viewRefreshMode>onRegion</viewRefreshMode>
        <viewFormat/>
      </Link>
    </NetworkLink>
        
    <NetworkLink>
      <name>17/75248/81132.png</name>
      <Region>
        <LatLonAltBox>
          <north>39.32792401769030</north>
          <south>39.32579941789298</south>
          <east>26.67755126953125</east>
          <west>26.67480468750000</west>
        </LatLonAltBox>
        <Lod>
          <minLodPixels>128</minLodPixels>
          <maxLodPixels>-1</maxLodPixels>
        </Lod>
      </Region>
      <Link>
        <href>17/75248/81132.kml</href>
        <viewRefreshMode>onRegion</viewRefreshMode>
        <viewFormat/>
      </Link>
    </NetworkLink>
        
    <NetworkLink>
      <name>17/75248/81133.png</name>
      <Region>
        <LatLonAltBox>
          <north>39.33004855294242</north>
          <south>39.32792401769030</south>
          <east>26.67755126953125</east>
          <west>26.67480468750000</west>
        </LatLonAltBox>
        <Lod>
          <minLodPixels>128</minLodPixels>
          <maxLodPixels>-1</maxLodPixels>
        </Lod>
      </Region>
      <Link>
        <href>17/75248/81133.kml</href>
        <viewRefreshMode>onRegion</viewRefreshMode>
        <viewFormat/>
      </Link>
    </NetworkLink>
        
    <NetworkLink>
      <name>17/75248/81134.png</name>
      <Region>
        <LatLonAltBox>
          <north>39.33217302364838</north>
          <south>39.33004855294242</south>
          <east>26.67755126953125</east>
          <west>26.67480468750000</west>
        </LatLonAltBox>
        <Lod>
          <minLodPixels>128</minLodPixels>
          <maxLodPixels>-1</maxLodPixels>
        </Lod>
      </Region>
      <Link>
        <href>17/75248/81134.kml</href>
        <viewRefreshMode>onRegion</viewRefreshMode>
        <viewFormat/>
      </Link>
    </NetworkLink>
        
    <NetworkLink>
      <name>17/75248/81135.png</name>
      <Region>
        <LatLonAltBox>
          <north>39.33429742980725</north>
          <south>39.33217302364838</south>
          <east>26.67755126953125</east>
          <west>26.67480468750000</west>
        </LatLonAltBox>
        <Lod>
          <minLodPixels>128</minLodPixels>
          <maxLodPixels>-1</maxLodPixels>
        </Lod>
      </Region>
      <Link>
        <href>17/75248/81135.kml</href>
        <viewRefreshMode>onRegion</viewRefreshMode>
        <viewFormat/>
      </Link>
    </NetworkLink>
        
    <NetworkLink>
      <name>17/75248/81136.png</name>
      <Region>
        <LatLonAltBox>
          <north>39.33642177141801</north>
          <south>39.33429742980725</south>
          <east>26.67755126953125</east>
          <west>26.67480468750000</west>
        </LatLonAltBox>
        <Lod>
          <minLodPixels>128</minLodPixels>
          <maxLodPixels>-1</maxLodPixels>
        </Lod>
      </Region>
      <Link>
        <href>17/75248/81136.kml</href>
        <viewRefreshMode>onRegion</viewRefreshMode>
        <viewFormat/>
      </Link>
    </NetworkLink>
        
    <NetworkLink>
      <name>17/75248/81137.png</name>
      <Region>
        <LatLonAltBox>
          <north>39.33854604847979</north>
          <south>39.33642177141801</south>
          <east>26.67755126953125</east>
          <west>26.67480468750000</west>
        </LatLonAltBox>
        <Lod>
          <minLodPixels>128</minLodPixels>
          <maxLodPixels>-1</maxLodPixels>
        </Lod>
      </Region>
      <Link>
        <href>17/75248/81137.kml</href>
        <viewRefreshMode>onRegion</viewRefreshMode>
        <viewFormat/>
      </Link>
    </NetworkLink>
        
    <NetworkLink>
      <name>17/75248/81138.png</name>
      <Region>
        <LatLonAltBox>
          <north>39.34067026099156</north>
          <south>39.33854604847979</south>
          <east>26.67755126953125</east>
          <west>26.67480468750000</west>
        </LatLonAltBox>
        <Lod>
          <minLodPixels>128</minLodPixels>
          <maxLodPixels>-1</maxLodPixels>
        </Lod>
      </Region>
      <Link>
        <href>17/75248/81138.kml</href>
        <viewRefreshMode>onRegion</viewRefreshMode>
        <viewFormat/>
      </Link>
    </NetworkLink>
        
    <NetworkLink>
      <name>17/75248/81139.png</name>
      <Region>
        <LatLonAltBox>
          <north>39.34279440895236</north>
          <south>39.34067026099156</south>
          <east>26.67755126953125</east>
          <west>26.67480468750000</west>
        </LatLonAltBox>
        <Lod>
          <minLodPixels>128</minLodPixels>
          <maxLodPixels>-1</maxLodPixels>
        </Lod>
      </Region>
      <Link>
        <href>17/75248/81139.kml</href>
        <viewRefreshMode>onRegion</viewRefreshMode>
        <viewFormat/>
      </Link>
    </NetworkLink>
        
    <NetworkLink>
      <name>17/75248/81140.png</name>
      <Region>
        <LatLonAltBox>
          <north>39.34491849236127</north>
          <south>39.34279440895236</south>
          <east>26.67755126953125</east>
          <west>26.67480468750000</west>
        </LatLonAltBox>
        <Lod>
          <minLodPixels>128</minLodPixels>
          <maxLodPixels>-1</maxLodPixels>
        </Lod>
      </Region>
      <Link>
        <href>17/75248/81140.kml</href>
        <viewRefreshMode>onRegion</viewRefreshMode>
        <viewFormat/>
      </Link>
    </NetworkLink>
        
    <NetworkLink>
      <name>17/75248/81141.png</name>
      <Region>
        <LatLonAltBox>
          <north>39.34704251121732</north>
          <south>39.34491849236127</south>
          <east>26.67755126953125</east>
          <west>26.67480468750000</west>
        </LatLonAltBox>
        <Lod>
          <minLodPixels>128</minLodPixels>
          <maxLodPixels>-1</maxLodPixels>
        </Lod>
      </Region>
      <Link>
        <href>17/75248/81141.kml</href>
        <viewRefreshMode>onRegion</viewRefreshMode>
        <viewFormat/>
      </Link>
    </NetworkLink>
        
    <NetworkLink>
      <name>17/75248/81142.png</name>
      <Region>
        <LatLonAltBox>
          <north>39.34916646551957</north>
          <south>39.34704251121732</south>
          <east>26.67755126953125</east>
          <west>26.67480468750000</west>
        </LatLonAltBox>
        <Lod>
          <minLodPixels>128</minLodPixels>
          <maxLodPixels>-1</maxLodPixels>
        </Lod>
      </Region>
      <Link>
        <href>17/75248/81142.kml</href>
        <viewRefreshMode>onRegion</viewRefreshMode>
        <viewFormat/>
      </Link>
    </NetworkLink>
        
    <NetworkLink>
      <name>17/75248/81143.png</name>
      <Region>
        <LatLonAltBox>
          <north>39.35129035526705</north>
          <south>39.34916646551957</south>
          <east>26.67755126953125</east>
          <west>26.67480468750000</west>
        </LatLonAltBox>
        <Lod>
          <minLodPixels>128</minLodPixels>
          <maxLodPixels>-1</maxLodPixels>
        </Lod>
      </Region>
      <Link>
        <href>17/75248/81143.kml</href>
        <viewRefreshMode>onRegion</viewRefreshMode>
        <viewFormat/>
      </Link>
    </NetworkLink>
        
    <NetworkLink>
      <name>17/75248/81144.png</name>
      <Region>
        <LatLonAltBox>
          <north>39.35341418045878</north>
          <south>39.35129035526705</south>
          <east>26.67755126953125</east>
          <west>26.67480468750000</west>
        </LatLonAltBox>
        <Lod>
          <minLodPixels>128</minLodPixels>
          <maxLodPixels>-1</maxLodPixels>
        </Lod>
      </Region>
      <Link>
        <href>17/75248/81144.kml</href>
        <viewRefreshMode>onRegion</viewRefreshMode>
        <viewFormat/>
      </Link>
    </NetworkLink>
        
    <NetworkLink>
      <name>17/75249/81118.png</name>
      <Region>
        <LatLonAltBox>
          <north>39.29817374735305</north>
          <south>39.29604824402409</south>
          <east>26.68029785156250</east>
          <west>26.67755126953125</west>
        </LatLonAltBox>
        <Lod>
          <minLodPixels>128</minLodPixels>
          <maxLodPixels>-1</maxLodPixels>
        </Lod>
      </Region>
      <Link>
        <href>17/75249/81118.kml</href>
        <viewRefreshMode>onRegion</viewRefreshMode>
        <viewFormat/>
      </Link>
    </NetworkLink>
        
    <NetworkLink>
      <name>17/75249/81119.png</name>
      <Region>
        <LatLonAltBox>
          <north>39.30029918615029</north>
          <south>39.29817374735305</south>
          <east>26.68029785156250</east>
          <west>26.67755126953125</west>
        </LatLonAltBox>
        <Lod>
          <minLodPixels>128</minLodPixels>
          <maxLodPixels>-1</maxLodPixels>
        </Lod>
      </Region>
      <Link>
        <href>17/75249/81119.kml</href>
        <viewRefreshMode>onRegion</viewRefreshMode>
        <viewFormat/>
      </Link>
    </NetworkLink>
        
    <NetworkLink>
      <name>17/75249/81120.png</name>
      <Region>
        <LatLonAltBox>
          <north>39.30242456041487</north>
          <south>39.30029918615029</south>
          <east>26.68029785156250</east>
          <west>26.67755126953125</west>
        </LatLonAltBox>
        <Lod>
          <minLodPixels>128</minLodPixels>
          <maxLodPixels>-1</maxLodPixels>
        </Lod>
      </Region>
      <Link>
        <href>17/75249/81120.kml</href>
        <viewRefreshMode>onRegion</viewRefreshMode>
        <viewFormat/>
      </Link>
    </NetworkLink>
        
    <NetworkLink>
      <name>17/75249/81121.png</name>
      <Region>
        <LatLonAltBox>
          <north>39.30454987014581</north>
          <south>39.30242456041487</south>
          <east>26.68029785156250</east>
          <west>26.67755126953125</west>
        </LatLonAltBox>
        <Lod>
          <minLodPixels>128</minLodPixels>
          <maxLodPixels>-1</maxLodPixels>
        </Lod>
      </Region>
      <Link>
        <href>17/75249/81121.kml</href>
        <viewRefreshMode>onRegion</viewRefreshMode>
        <viewFormat/>
      </Link>
    </NetworkLink>
        
    <NetworkLink>
      <name>17/75249/81122.png</name>
      <Region>
        <LatLonAltBox>
          <north>39.30667511534213</north>
          <south>39.30454987014581</south>
          <east>26.68029785156250</east>
          <west>26.67755126953125</west>
        </LatLonAltBox>
        <Lod>
          <minLodPixels>128</minLodPixels>
          <maxLodPixels>-1</maxLodPixels>
        </Lod>
      </Region>
      <Link>
        <href>17/75249/81122.kml</href>
        <viewRefreshMode>onRegion</viewRefreshMode>
        <viewFormat/>
      </Link>
    </NetworkLink>
        
    <NetworkLink>
      <name>17/75249/81123.png</name>
      <Region>
        <LatLonAltBox>
          <north>39.30880029600291</north>
          <south>39.30667511534213</south>
          <east>26.68029785156250</east>
          <west>26.67755126953125</west>
        </LatLonAltBox>
        <Lod>
          <minLodPixels>128</minLodPixels>
          <maxLodPixels>-1</maxLodPixels>
        </Lod>
      </Region>
      <Link>
        <href>17/75249/81123.kml</href>
        <viewRefreshMode>onRegion</viewRefreshMode>
        <viewFormat/>
      </Link>
    </NetworkLink>
        
    <NetworkLink>
      <name>17/75249/81124.png</name>
      <Region>
        <LatLonAltBox>
          <north>39.31092541212715</north>
          <south>39.30880029600291</south>
          <east>26.68029785156250</east>
          <west>26.67755126953125</west>
        </LatLonAltBox>
        <Lod>
          <minLodPixels>128</minLodPixels>
          <maxLodPixels>-1</maxLodPixels>
        </Lod>
      </Region>
      <Link>
        <href>17/75249/81124.kml</href>
        <viewRefreshMode>onRegion</viewRefreshMode>
        <viewFormat/>
      </Link>
    </NetworkLink>
        
    <NetworkLink>
      <name>17/75249/81125.png</name>
      <Region>
        <LatLonAltBox>
          <north>39.31305046371388</north>
          <south>39.31092541212715</south>
          <east>26.68029785156250</east>
          <west>26.67755126953125</west>
        </LatLonAltBox>
        <Lod>
          <minLodPixels>128</minLodPixels>
          <maxLodPixels>-1</maxLodPixels>
        </Lod>
      </Region>
      <Link>
        <href>17/75249/81125.kml</href>
        <viewRefreshMode>onRegion</viewRefreshMode>
        <viewFormat/>
      </Link>
    </NetworkLink>
        
    <NetworkLink>
      <name>17/75249/81126.png</name>
      <Region>
        <LatLonAltBox>
          <north>39.31517545076215</north>
          <south>39.31305046371388</south>
          <east>26.68029785156250</east>
          <west>26.67755126953125</west>
        </LatLonAltBox>
        <Lod>
          <minLodPixels>128</minLodPixels>
          <maxLodPixels>-1</maxLodPixels>
        </Lod>
      </Region>
      <Link>
        <href>17/75249/81126.kml</href>
        <viewRefreshMode>onRegion</viewRefreshMode>
        <viewFormat/>
      </Link>
    </NetworkLink>
        
    <NetworkLink>
      <name>17/75249/81127.png</name>
      <Region>
        <LatLonAltBox>
          <north>39.31730037327102</north>
          <south>39.31517545076215</south>
          <east>26.68029785156250</east>
          <west>26.67755126953125</west>
        </LatLonAltBox>
        <Lod>
          <minLodPixels>128</minLodPixels>
          <maxLodPixels>-1</maxLodPixels>
        </Lod>
      </Region>
      <Link>
        <href>17/75249/81127.kml</href>
        <viewRefreshMode>onRegion</viewRefreshMode>
        <viewFormat/>
      </Link>
    </NetworkLink>
        
    <NetworkLink>
      <name>17/75249/81128.png</name>
      <Region>
        <LatLonAltBox>
          <north>39.31942523123952</north>
          <south>39.31730037327102</south>
          <east>26.68029785156250</east>
          <west>26.67755126953125</west>
        </LatLonAltBox>
        <Lod>
          <minLodPixels>128</minLodPixels>
          <maxLodPixels>-1</maxLodPixels>
        </Lod>
      </Region>
      <Link>
        <href>17/75249/81128.kml</href>
        <viewRefreshMode>onRegion</viewRefreshMode>
        <viewFormat/>
      </Link>
    </NetworkLink>
        
    <NetworkLink>
      <name>17/75249/81129.png</name>
      <Region>
        <LatLonAltBox>
          <north>39.32155002466662</north>
          <south>39.31942523123952</south>
          <east>26.68029785156250</east>
          <west>26.67755126953125</west>
        </LatLonAltBox>
        <Lod>
          <minLodPixels>128</minLodPixels>
          <maxLodPixels>-1</maxLodPixels>
        </Lod>
      </Region>
      <Link>
        <href>17/75249/81129.kml</href>
        <viewRefreshMode>onRegion</viewRefreshMode>
        <viewFormat/>
      </Link>
    </NetworkLink>
        
    <NetworkLink>
      <name>17/75249/81130.png</name>
      <Region>
        <LatLonAltBox>
          <north>39.32367475355144</north>
          <south>39.32155002466662</south>
          <east>26.68029785156250</east>
          <west>26.67755126953125</west>
        </LatLonAltBox>
        <Lod>
          <minLodPixels>128</minLodPixels>
          <maxLodPixels>-1</maxLodPixels>
        </Lod>
      </Region>
      <Link>
        <href>17/75249/81130.kml</href>
        <viewRefreshMode>onRegion</viewRefreshMode>
        <viewFormat/>
      </Link>
    </NetworkLink>
        
    <NetworkLink>
      <name>17/75249/81131.png</name>
      <Region>
        <LatLonAltBox>
          <north>39.32579941789298</north>
          <south>39.32367475355144</south>
          <east>26.68029785156250</east>
          <west>26.67755126953125</west>
        </LatLonAltBox>
        <Lod>
          <minLodPixels>128</minLodPixels>
          <maxLodPixels>-1</maxLodPixels>
        </Lod>
      </Region>
      <Link>
        <href>17/75249/81131.kml</href>
        <viewRefreshMode>onRegion</viewRefreshMode>
        <viewFormat/>
      </Link>
    </NetworkLink>
        
    <NetworkLink>
      <name>17/75249/81132.png</name>
      <Region>
        <LatLonAltBox>
          <north>39.32792401769030</north>
          <south>39.32579941789298</south>
          <east>26.68029785156250</east>
          <west>26.67755126953125</west>
        </LatLonAltBox>
        <Lod>
          <minLodPixels>128</minLodPixels>
          <maxLodPixels>-1</maxLodPixels>
        </Lod>
      </Region>
      <Link>
        <href>17/75249/81132.kml</href>
        <viewRefreshMode>onRegion</viewRefreshMode>
        <viewFormat/>
      </Link>
    </NetworkLink>
        
    <NetworkLink>
      <name>17/75249/81133.png</name>
      <Region>
        <LatLonAltBox>
          <north>39.33004855294242</north>
          <south>39.32792401769030</south>
          <east>26.68029785156250</east>
          <west>26.67755126953125</west>
        </LatLonAltBox>
        <Lod>
          <minLodPixels>128</minLodPixels>
          <maxLodPixels>-1</maxLodPixels>
        </Lod>
      </Region>
      <Link>
        <href>17/75249/81133.kml</href>
        <viewRefreshMode>onRegion</viewRefreshMode>
        <viewFormat/>
      </Link>
    </NetworkLink>
        
    <NetworkLink>
      <name>17/75249/81134.png</name>
      <Region>
        <LatLonAltBox>
          <north>39.33217302364838</north>
          <south>39.33004855294242</south>
          <east>26.68029785156250</east>
          <west>26.67755126953125</west>
        </LatLonAltBox>
        <Lod>
          <minLodPixels>128</minLodPixels>
          <maxLodPixels>-1</maxLodPixels>
        </Lod>
      </Region>
      <Link>
        <href>17/75249/81134.kml</href>
        <viewRefreshMode>onRegion</viewRefreshMode>
        <viewFormat/>
      </Link>
    </NetworkLink>
        
    <NetworkLink>
      <name>17/75249/81135.png</name>
      <Region>
        <LatLonAltBox>
          <north>39.33429742980725</north>
          <south>39.33217302364838</south>
          <east>26.68029785156250</east>
          <west>26.67755126953125</west>
        </LatLonAltBox>
        <Lod>
          <minLodPixels>128</minLodPixels>
          <maxLodPixels>-1</maxLodPixels>
        </Lod>
      </Region>
      <Link>
        <href>17/75249/81135.kml</href>
        <viewRefreshMode>onRegion</viewRefreshMode>
        <viewFormat/>
      </Link>
    </NetworkLink>
        
    <NetworkLink>
      <name>17/75249/81136.png</name>
      <Region>
        <LatLonAltBox>
          <north>39.33642177141801</north>
          <south>39.33429742980725</south>
          <east>26.68029785156250</east>
          <west>26.67755126953125</west>
        </LatLonAltBox>
        <Lod>
          <minLodPixels>128</minLodPixels>
          <maxLodPixels>-1</maxLodPixels>
        </Lod>
      </Region>
      <Link>
        <href>17/75249/81136.kml</href>
        <viewRefreshMode>onRegion</viewRefreshMode>
        <viewFormat/>
      </Link>
    </NetworkLink>
        
    <NetworkLink>
      <name>17/75249/81137.png</name>
      <Region>
        <LatLonAltBox>
          <north>39.33854604847979</north>
          <south>39.33642177141801</south>
          <east>26.68029785156250</east>
          <west>26.67755126953125</west>
        </LatLonAltBox>
        <Lod>
          <minLodPixels>128</minLodPixels>
          <maxLodPixels>-1</maxLodPixels>
        </Lod>
      </Region>
      <Link>
        <href>17/75249/81137.kml</href>
        <viewRefreshMode>onRegion</viewRefreshMode>
        <viewFormat/>
      </Link>
    </NetworkLink>
        
    <NetworkLink>
      <name>17/75249/81138.png</name>
      <Region>
        <LatLonAltBox>
          <north>39.34067026099156</north>
          <south>39.33854604847979</south>
          <east>26.68029785156250</east>
          <west>26.67755126953125</west>
        </LatLonAltBox>
        <Lod>
          <minLodPixels>128</minLodPixels>
          <maxLodPixels>-1</maxLodPixels>
        </Lod>
      </Region>
      <Link>
        <href>17/75249/81138.kml</href>
        <viewRefreshMode>onRegion</viewRefreshMode>
        <viewFormat/>
      </Link>
    </NetworkLink>
        
    <NetworkLink>
      <name>17/75249/81139.png</name>
      <Region>
        <LatLonAltBox>
          <north>39.34279440895236</north>
          <south>39.34067026099156</south>
          <east>26.68029785156250</east>
          <west>26.67755126953125</west>
        </LatLonAltBox>
        <Lod>
          <minLodPixels>128</minLodPixels>
          <maxLodPixels>-1</maxLodPixels>
        </Lod>
      </Region>
      <Link>
        <href>17/75249/81139.kml</href>
        <viewRefreshMode>onRegion</viewRefreshMode>
        <viewFormat/>
      </Link>
    </NetworkLink>
        
    <NetworkLink>
      <name>17/75249/81140.png</name>
      <Region>
        <LatLonAltBox>
          <north>39.34491849236127</north>
          <south>39.34279440895236</south>
          <east>26.68029785156250</east>
          <west>26.67755126953125</west>
        </LatLonAltBox>
        <Lod>
          <minLodPixels>128</minLodPixels>
          <maxLodPixels>-1</maxLodPixels>
        </Lod>
      </Region>
      <Link>
        <href>17/75249/81140.kml</href>
        <viewRefreshMode>onRegion</viewRefreshMode>
        <viewFormat/>
      </Link>
    </NetworkLink>
        
    <NetworkLink>
      <name>17/75249/81141.png</name>
      <Region>
        <LatLonAltBox>
          <north>39.34704251121732</north>
          <south>39.34491849236127</south>
          <east>26.68029785156250</east>
          <west>26.67755126953125</west>
        </LatLonAltBox>
        <Lod>
          <minLodPixels>128</minLodPixels>
          <maxLodPixels>-1</maxLodPixels>
        </Lod>
      </Region>
      <Link>
        <href>17/75249/81141.kml</href>
        <viewRefreshMode>onRegion</viewRefreshMode>
        <viewFormat/>
      </Link>
    </NetworkLink>
        
    <NetworkLink>
      <name>17/75249/81142.png</name>
      <Region>
        <LatLonAltBox>
          <north>39.34916646551957</north>
          <south>39.34704251121732</south>
          <east>26.68029785156250</east>
          <west>26.67755126953125</west>
        </LatLonAltBox>
        <Lod>
          <minLodPixels>128</minLodPixels>
          <maxLodPixels>-1</maxLodPixels>
        </Lod>
      </Region>
      <Link>
        <href>17/75249/81142.kml</href>
        <viewRefreshMode>onRegion</viewRefreshMode>
        <viewFormat/>
      </Link>
    </NetworkLink>
        
    <NetworkLink>
      <name>17/75249/81143.png</name>
      <Region>
        <LatLonAltBox>
          <north>39.35129035526705</north>
          <south>39.34916646551957</south>
          <east>26.68029785156250</east>
          <west>26.67755126953125</west>
        </LatLonAltBox>
        <Lod>
          <minLodPixels>128</minLodPixels>
          <maxLodPixels>-1</maxLodPixels>
        </Lod>
      </Region>
      <Link>
        <href>17/75249/81143.kml</href>
        <viewRefreshMode>onRegion</viewRefreshMode>
        <viewFormat/>
      </Link>
    </NetworkLink>
        
    <NetworkLink>
      <name>17/75249/81144.png</name>
      <Region>
        <LatLonAltBox>
          <north>39.35341418045878</north>
          <south>39.35129035526705</south>
          <east>26.68029785156250</east>
          <west>26.67755126953125</west>
        </LatLonAltBox>
        <Lod>
          <minLodPixels>128</minLodPixels>
          <maxLodPixels>-1</maxLodPixels>
        </Lod>
      </Region>
      <Link>
        <href>17/75249/81144.kml</href>
        <viewRefreshMode>onRegion</viewRefreshMode>
        <viewFormat/>
      </Link>
    </NetworkLink>
        
    <NetworkLink>
      <name>17/75250/81118.png</name>
      <Region>
        <LatLonAltBox>
          <north>39.29817374735305</north>
          <south>39.29604824402409</south>
          <east>26.68304443359375</east>
          <west>26.68029785156250</west>
        </LatLonAltBox>
        <Lod>
          <minLodPixels>128</minLodPixels>
          <maxLodPixels>-1</maxLodPixels>
        </Lod>
      </Region>
      <Link>
        <href>17/75250/81118.kml</href>
        <viewRefreshMode>onRegion</viewRefreshMode>
        <viewFormat/>
      </Link>
    </NetworkLink>
        
    <NetworkLink>
      <name>17/75250/81119.png</name>
      <Region>
        <LatLonAltBox>
          <north>39.30029918615029</north>
          <south>39.29817374735305</south>
          <east>26.68304443359375</east>
          <west>26.68029785156250</west>
        </LatLonAltBox>
        <Lod>
          <minLodPixels>128</minLodPixels>
          <maxLodPixels>-1</maxLodPixels>
        </Lod>
      </Region>
      <Link>
        <href>17/75250/81119.kml</href>
        <viewRefreshMode>onRegion</viewRefreshMode>
        <viewFormat/>
      </Link>
    </NetworkLink>
        
    <NetworkLink>
      <name>17/75250/81120.png</name>
      <Region>
        <LatLonAltBox>
          <north>39.30242456041487</north>
          <south>39.30029918615029</south>
          <east>26.68304443359375</east>
          <west>26.68029785156250</west>
        </LatLonAltBox>
        <Lod>
          <minLodPixels>128</minLodPixels>
          <maxLodPixels>-1</maxLodPixels>
        </Lod>
      </Region>
      <Link>
        <href>17/75250/81120.kml</href>
        <viewRefreshMode>onRegion</viewRefreshMode>
        <viewFormat/>
      </Link>
    </NetworkLink>
        
    <NetworkLink>
      <name>17/75250/81121.png</name>
      <Region>
        <LatLonAltBox>
          <north>39.30454987014581</north>
          <south>39.30242456041487</south>
          <east>26.68304443359375</east>
          <west>26.68029785156250</west>
        </LatLonAltBox>
        <Lod>
          <minLodPixels>128</minLodPixels>
          <maxLodPixels>-1</maxLodPixels>
        </Lod>
      </Region>
      <Link>
        <href>17/75250/81121.kml</href>
        <viewRefreshMode>onRegion</viewRefreshMode>
        <viewFormat/>
      </Link>
    </NetworkLink>
        
    <NetworkLink>
      <name>17/75250/81122.png</name>
      <Region>
        <LatLonAltBox>
          <north>39.30667511534213</north>
          <south>39.30454987014581</south>
          <east>26.68304443359375</east>
          <west>26.68029785156250</west>
        </LatLonAltBox>
        <Lod>
          <minLodPixels>128</minLodPixels>
          <maxLodPixels>-1</maxLodPixels>
        </Lod>
      </Region>
      <Link>
        <href>17/75250/81122.kml</href>
        <viewRefreshMode>onRegion</viewRefreshMode>
        <viewFormat/>
      </Link>
    </NetworkLink>
        
    <NetworkLink>
      <name>17/75250/81123.png</name>
      <Region>
        <LatLonAltBox>
          <north>39.30880029600291</north>
          <south>39.30667511534213</south>
          <east>26.68304443359375</east>
          <west>26.68029785156250</west>
        </LatLonAltBox>
        <Lod>
          <minLodPixels>128</minLodPixels>
          <maxLodPixels>-1</maxLodPixels>
        </Lod>
      </Region>
      <Link>
        <href>17/75250/81123.kml</href>
        <viewRefreshMode>onRegion</viewRefreshMode>
        <viewFormat/>
      </Link>
    </NetworkLink>
        
    <NetworkLink>
      <name>17/75250/81124.png</name>
      <Region>
        <LatLonAltBox>
          <north>39.31092541212715</north>
          <south>39.30880029600291</south>
          <east>26.68304443359375</east>
          <west>26.68029785156250</west>
        </LatLonAltBox>
        <Lod>
          <minLodPixels>128</minLodPixels>
          <maxLodPixels>-1</maxLodPixels>
        </Lod>
      </Region>
      <Link>
        <href>17/75250/81124.kml</href>
        <viewRefreshMode>onRegion</viewRefreshMode>
        <viewFormat/>
      </Link>
    </NetworkLink>
        
    <NetworkLink>
      <name>17/75250/81125.png</name>
      <Region>
        <LatLonAltBox>
          <north>39.31305046371388</north>
          <south>39.31092541212715</south>
          <east>26.68304443359375</east>
          <west>26.68029785156250</west>
        </LatLonAltBox>
        <Lod>
          <minLodPixels>128</minLodPixels>
          <maxLodPixels>-1</maxLodPixels>
        </Lod>
      </Region>
      <Link>
        <href>17/75250/81125.kml</href>
        <viewRefreshMode>onRegion</viewRefreshMode>
        <viewFormat/>
      </Link>
    </NetworkLink>
        
    <NetworkLink>
      <name>17/75250/81126.png</name>
      <Region>
        <LatLonAltBox>
          <north>39.31517545076215</north>
          <south>39.31305046371388</south>
          <east>26.68304443359375</east>
          <west>26.68029785156250</west>
        </LatLonAltBox>
        <Lod>
          <minLodPixels>128</minLodPixels>
          <maxLodPixels>-1</maxLodPixels>
        </Lod>
      </Region>
      <Link>
        <href>17/75250/81126.kml</href>
        <viewRefreshMode>onRegion</viewRefreshMode>
        <viewFormat/>
      </Link>
    </NetworkLink>
        
    <NetworkLink>
      <name>17/75250/81127.png</name>
      <Region>
        <LatLonAltBox>
          <north>39.31730037327102</north>
          <south>39.31517545076215</south>
          <east>26.68304443359375</east>
          <west>26.68029785156250</west>
        </LatLonAltBox>
        <Lod>
          <minLodPixels>128</minLodPixels>
          <maxLodPixels>-1</maxLodPixels>
        </Lod>
      </Region>
      <Link>
        <href>17/75250/81127.kml</href>
        <viewRefreshMode>onRegion</viewRefreshMode>
        <viewFormat/>
      </Link>
    </NetworkLink>
        
    <NetworkLink>
      <name>17/75250/81128.png</name>
      <Region>
        <LatLonAltBox>
          <north>39.31942523123952</north>
          <south>39.31730037327102</south>
          <east>26.68304443359375</east>
          <west>26.68029785156250</west>
        </LatLonAltBox>
        <Lod>
          <minLodPixels>128</minLodPixels>
          <maxLodPixels>-1</maxLodPixels>
        </Lod>
      </Region>
      <Link>
        <href>17/75250/81128.kml</href>
        <viewRefreshMode>onRegion</viewRefreshMode>
        <viewFormat/>
      </Link>
    </NetworkLink>
        
    <NetworkLink>
      <name>17/75250/81129.png</name>
      <Region>
        <LatLonAltBox>
          <north>39.32155002466662</north>
          <south>39.31942523123952</south>
          <east>26.68304443359375</east>
          <west>26.68029785156250</west>
        </LatLonAltBox>
        <Lod>
          <minLodPixels>128</minLodPixels>
          <maxLodPixels>-1</maxLodPixels>
        </Lod>
      </Region>
      <Link>
        <href>17/75250/81129.kml</href>
        <viewRefreshMode>onRegion</viewRefreshMode>
        <viewFormat/>
      </Link>
    </NetworkLink>
        
    <NetworkLink>
      <name>17/75250/81130.png</name>
      <Region>
        <LatLonAltBox>
          <north>39.32367475355144</north>
          <south>39.32155002466662</south>
          <east>26.68304443359375</east>
          <west>26.68029785156250</west>
        </LatLonAltBox>
        <Lod>
          <minLodPixels>128</minLodPixels>
          <maxLodPixels>-1</maxLodPixels>
        </Lod>
      </Region>
      <Link>
        <href>17/75250/81130.kml</href>
        <viewRefreshMode>onRegion</viewRefreshMode>
        <viewFormat/>
      </Link>
    </NetworkLink>
        
    <NetworkLink>
      <name>17/75250/81131.png</name>
      <Region>
        <LatLonAltBox>
          <north>39.32579941789298</north>
          <south>39.32367475355144</south>
          <east>26.68304443359375</east>
          <west>26.68029785156250</west>
        </LatLonAltBox>
        <Lod>
          <minLodPixels>128</minLodPixels>
          <maxLodPixels>-1</maxLodPixels>
        </Lod>
      </Region>
      <Link>
        <href>17/75250/81131.kml</href>
        <viewRefreshMode>onRegion</viewRefreshMode>
        <viewFormat/>
      </Link>
    </NetworkLink>
        
    <NetworkLink>
      <name>17/75250/81132.png</name>
      <Region>
        <LatLonAltBox>
          <north>39.32792401769030</north>
          <south>39.32579941789298</south>
          <east>26.68304443359375</east>
          <west>26.68029785156250</west>
        </LatLonAltBox>
        <Lod>
          <minLodPixels>128</minLodPixels>
          <maxLodPixels>-1</maxLodPixels>
        </Lod>
      </Region>
      <Link>
        <href>17/75250/81132.kml</href>
        <viewRefreshMode>onRegion</viewRefreshMode>
        <viewFormat/>
      </Link>
    </NetworkLink>
        
    <NetworkLink>
      <name>17/75250/81133.png</name>
      <Region>
        <LatLonAltBox>
          <north>39.33004855294242</north>
          <south>39.32792401769030</south>
          <east>26.68304443359375</east>
          <west>26.68029785156250</west>
        </LatLonAltBox>
        <Lod>
          <minLodPixels>128</minLodPixels>
          <maxLodPixels>-1</maxLodPixels>
        </Lod>
      </Region>
      <Link>
        <href>17/75250/81133.kml</href>
        <viewRefreshMode>onRegion</viewRefreshMode>
        <viewFormat/>
      </Link>
    </NetworkLink>
        
    <NetworkLink>
      <name>17/75250/81134.png</name>
      <Region>
        <LatLonAltBox>
          <north>39.33217302364838</north>
          <south>39.33004855294242</south>
          <east>26.68304443359375</east>
          <west>26.68029785156250</west>
        </LatLonAltBox>
        <Lod>
          <minLodPixels>128</minLodPixels>
          <maxLodPixels>-1</maxLodPixels>
        </Lod>
      </Region>
      <Link>
        <href>17/75250/81134.kml</href>
        <viewRefreshMode>onRegion</viewRefreshMode>
        <viewFormat/>
      </Link>
    </NetworkLink>
        
    <NetworkLink>
      <name>17/75250/81135.png</name>
      <Region>
        <LatLonAltBox>
          <north>39.33429742980725</north>
          <south>39.33217302364838</south>
          <east>26.68304443359375</east>
          <west>26.68029785156250</west>
        </LatLonAltBox>
        <Lod>
          <minLodPixels>128</minLodPixels>
          <maxLodPixels>-1</maxLodPixels>
        </Lod>
      </Region>
      <Link>
        <href>17/75250/81135.kml</href>
        <viewRefreshMode>onRegion</viewRefreshMode>
        <viewFormat/>
      </Link>
    </NetworkLink>
        
    <NetworkLink>
      <name>17/75250/81136.png</name>
      <Region>
        <LatLonAltBox>
          <north>39.33642177141801</north>
          <south>39.33429742980725</south>
          <east>26.68304443359375</east>
          <west>26.68029785156250</west>
        </LatLonAltBox>
        <Lod>
          <minLodPixels>128</minLodPixels>
          <maxLodPixels>-1</maxLodPixels>
        </Lod>
      </Region>
      <Link>
        <href>17/75250/81136.kml</href>
        <viewRefreshMode>onRegion</viewRefreshMode>
        <viewFormat/>
      </Link>
    </NetworkLink>
        
    <NetworkLink>
      <name>17/75250/81137.png</name>
      <Region>
        <LatLonAltBox>
          <north>39.33854604847979</north>
          <south>39.33642177141801</south>
          <east>26.68304443359375</east>
          <west>26.68029785156250</west>
        </LatLonAltBox>
        <Lod>
          <minLodPixels>128</minLodPixels>
          <maxLodPixels>-1</maxLodPixels>
        </Lod>
      </Region>
      <Link>
        <href>17/75250/81137.kml</href>
        <viewRefreshMode>onRegion</viewRefreshMode>
        <viewFormat/>
      </Link>
    </NetworkLink>
        
    <NetworkLink>
      <name>17/75250/81138.png</name>
      <Region>
        <LatLonAltBox>
          <north>39.34067026099156</north>
          <south>39.33854604847979</south>
          <east>26.68304443359375</east>
          <west>26.68029785156250</west>
        </LatLonAltBox>
        <Lod>
          <minLodPixels>128</minLodPixels>
          <maxLodPixels>-1</maxLodPixels>
        </Lod>
      </Region>
      <Link>
        <href>17/75250/81138.kml</href>
        <viewRefreshMode>onRegion</viewRefreshMode>
        <viewFormat/>
      </Link>
    </NetworkLink>
        
    <NetworkLink>
      <name>17/75250/81139.png</name>
      <Region>
        <LatLonAltBox>
          <north>39.34279440895236</north>
          <south>39.34067026099156</south>
          <east>26.68304443359375</east>
          <west>26.68029785156250</west>
        </LatLonAltBox>
        <Lod>
          <minLodPixels>128</minLodPixels>
          <maxLodPixels>-1</maxLodPixels>
        </Lod>
      </Region>
      <Link>
        <href>17/75250/81139.kml</href>
        <viewRefreshMode>onRegion</viewRefreshMode>
        <viewFormat/>
      </Link>
    </NetworkLink>
        
    <NetworkLink>
      <name>17/75250/81140.png</name>
      <Region>
        <LatLonAltBox>
          <north>39.34491849236127</north>
          <south>39.34279440895236</south>
          <east>26.68304443359375</east>
          <west>26.68029785156250</west>
        </LatLonAltBox>
        <Lod>
          <minLodPixels>128</minLodPixels>
          <maxLodPixels>-1</maxLodPixels>
        </Lod>
      </Region>
      <Link>
        <href>17/75250/81140.kml</href>
        <viewRefreshMode>onRegion</viewRefreshMode>
        <viewFormat/>
      </Link>
    </NetworkLink>
        
    <NetworkLink>
      <name>17/75250/81141.png</name>
      <Region>
        <LatLonAltBox>
          <north>39.34704251121732</north>
          <south>39.34491849236127</south>
          <east>26.68304443359375</east>
          <west>26.68029785156250</west>
        </LatLonAltBox>
        <Lod>
          <minLodPixels>128</minLodPixels>
          <maxLodPixels>-1</maxLodPixels>
        </Lod>
      </Region>
      <Link>
        <href>17/75250/81141.kml</href>
        <viewRefreshMode>onRegion</viewRefreshMode>
        <viewFormat/>
      </Link>
    </NetworkLink>
        
    <NetworkLink>
      <name>17/75250/81142.png</name>
      <Region>
        <LatLonAltBox>
          <north>39.34916646551957</north>
          <south>39.34704251121732</south>
          <east>26.68304443359375</east>
          <west>26.68029785156250</west>
        </LatLonAltBox>
        <Lod>
          <minLodPixels>128</minLodPixels>
          <maxLodPixels>-1</maxLodPixels>
        </Lod>
      </Region>
      <Link>
        <href>17/75250/81142.kml</href>
        <viewRefreshMode>onRegion</viewRefreshMode>
        <viewFormat/>
      </Link>
    </NetworkLink>
        
    <NetworkLink>
      <name>17/75250/81143.png</name>
      <Region>
        <LatLonAltBox>
          <north>39.35129035526705</north>
          <south>39.34916646551957</south>
          <east>26.68304443359375</east>
          <west>26.68029785156250</west>
        </LatLonAltBox>
        <Lod>
          <minLodPixels>128</minLodPixels>
          <maxLodPixels>-1</maxLodPixels>
        </Lod>
      </Region>
      <Link>
        <href>17/75250/81143.kml</href>
        <viewRefreshMode>onRegion</viewRefreshMode>
        <viewFormat/>
      </Link>
    </NetworkLink>
        
    <NetworkLink>
      <name>17/75250/81144.png</name>
      <Region>
        <LatLonAltBox>
          <north>39.35341418045878</north>
          <south>39.35129035526705</south>
          <east>26.68304443359375</east>
          <west>26.68029785156250</west>
        </LatLonAltBox>
        <Lod>
          <minLodPixels>128</minLodPixels>
          <maxLodPixels>-1</maxLodPixels>
        </Lod>
      </Region>
      <Link>
        <href>17/75250/81144.kml</href>
        <viewRefreshMode>onRegion</viewRefreshMode>
        <viewFormat/>
      </Link>
    </NetworkLink>
        
    <NetworkLink>
      <name>17/75251/81118.png</name>
      <Region>
        <LatLonAltBox>
          <north>39.29817374735305</north>
          <south>39.29604824402409</south>
          <east>26.68579101562500</east>
          <west>26.68304443359375</west>
        </LatLonAltBox>
        <Lod>
          <minLodPixels>128</minLodPixels>
          <maxLodPixels>-1</maxLodPixels>
        </Lod>
      </Region>
      <Link>
        <href>17/75251/81118.kml</href>
        <viewRefreshMode>onRegion</viewRefreshMode>
        <viewFormat/>
      </Link>
    </NetworkLink>
        
    <NetworkLink>
      <name>17/75251/81119.png</name>
      <Region>
        <LatLonAltBox>
          <north>39.30029918615029</north>
          <south>39.29817374735305</south>
          <east>26.68579101562500</east>
          <west>26.68304443359375</west>
        </LatLonAltBox>
        <Lod>
          <minLodPixels>128</minLodPixels>
          <maxLodPixels>-1</maxLodPixels>
        </Lod>
      </Region>
      <Link>
        <href>17/75251/81119.kml</href>
        <viewRefreshMode>onRegion</viewRefreshMode>
        <viewFormat/>
      </Link>
    </NetworkLink>
        
    <NetworkLink>
      <name>17/75251/81120.png</name>
      <Region>
        <LatLonAltBox>
          <north>39.30242456041487</north>
          <south>39.30029918615029</south>
          <east>26.68579101562500</east>
          <west>26.68304443359375</west>
        </LatLonAltBox>
        <Lod>
          <minLodPixels>128</minLodPixels>
          <maxLodPixels>-1</maxLodPixels>
        </Lod>
      </Region>
      <Link>
        <href>17/75251/81120.kml</href>
        <viewRefreshMode>onRegion</viewRefreshMode>
        <viewFormat/>
      </Link>
    </NetworkLink>
        
    <NetworkLink>
      <name>17/75251/81121.png</name>
      <Region>
        <LatLonAltBox>
          <north>39.30454987014581</north>
          <south>39.30242456041487</south>
          <east>26.68579101562500</east>
          <west>26.68304443359375</west>
        </LatLonAltBox>
        <Lod>
          <minLodPixels>128</minLodPixels>
          <maxLodPixels>-1</maxLodPixels>
        </Lod>
      </Region>
      <Link>
        <href>17/75251/81121.kml</href>
        <viewRefreshMode>onRegion</viewRefreshMode>
        <viewFormat/>
      </Link>
    </NetworkLink>
        
    <NetworkLink>
      <name>17/75251/81122.png</name>
      <Region>
        <LatLonAltBox>
          <north>39.30667511534213</north>
          <south>39.30454987014581</south>
          <east>26.68579101562500</east>
          <west>26.68304443359375</west>
        </LatLonAltBox>
        <Lod>
          <minLodPixels>128</minLodPixels>
          <maxLodPixels>-1</maxLodPixels>
        </Lod>
      </Region>
      <Link>
        <href>17/75251/81122.kml</href>
        <viewRefreshMode>onRegion</viewRefreshMode>
        <viewFormat/>
      </Link>
    </NetworkLink>
        
    <NetworkLink>
      <name>17/75251/81123.png</name>
      <Region>
        <LatLonAltBox>
          <north>39.30880029600291</north>
          <south>39.30667511534213</south>
          <east>26.68579101562500</east>
          <west>26.68304443359375</west>
        </LatLonAltBox>
        <Lod>
          <minLodPixels>128</minLodPixels>
          <maxLodPixels>-1</maxLodPixels>
        </Lod>
      </Region>
      <Link>
        <href>17/75251/81123.kml</href>
        <viewRefreshMode>onRegion</viewRefreshMode>
        <viewFormat/>
      </Link>
    </NetworkLink>
        
    <NetworkLink>
      <name>17/75251/81124.png</name>
      <Region>
        <LatLonAltBox>
          <north>39.31092541212715</north>
          <south>39.30880029600291</south>
          <east>26.68579101562500</east>
          <west>26.68304443359375</west>
        </LatLonAltBox>
        <Lod>
          <minLodPixels>128</minLodPixels>
          <maxLodPixels>-1</maxLodPixels>
        </Lod>
      </Region>
      <Link>
        <href>17/75251/81124.kml</href>
        <viewRefreshMode>onRegion</viewRefreshMode>
        <viewFormat/>
      </Link>
    </NetworkLink>
        
    <NetworkLink>
      <name>17/75251/81125.png</name>
      <Region>
        <LatLonAltBox>
          <north>39.31305046371388</north>
          <south>39.31092541212715</south>
          <east>26.68579101562500</east>
          <west>26.68304443359375</west>
        </LatLonAltBox>
        <Lod>
          <minLodPixels>128</minLodPixels>
          <maxLodPixels>-1</maxLodPixels>
        </Lod>
      </Region>
      <Link>
        <href>17/75251/81125.kml</href>
        <viewRefreshMode>onRegion</viewRefreshMode>
        <viewFormat/>
      </Link>
    </NetworkLink>
        
    <NetworkLink>
      <name>17/75251/81126.png</name>
      <Region>
        <LatLonAltBox>
          <north>39.31517545076215</north>
          <south>39.31305046371388</south>
          <east>26.68579101562500</east>
          <west>26.68304443359375</west>
        </LatLonAltBox>
        <Lod>
          <minLodPixels>128</minLodPixels>
          <maxLodPixels>-1</maxLodPixels>
        </Lod>
      </Region>
      <Link>
        <href>17/75251/81126.kml</href>
        <viewRefreshMode>onRegion</viewRefreshMode>
        <viewFormat/>
      </Link>
    </NetworkLink>
        
    <NetworkLink>
      <name>17/75251/81127.png</name>
      <Region>
        <LatLonAltBox>
          <north>39.31730037327102</north>
          <south>39.31517545076215</south>
          <east>26.68579101562500</east>
          <west>26.68304443359375</west>
        </LatLonAltBox>
        <Lod>
          <minLodPixels>128</minLodPixels>
          <maxLodPixels>-1</maxLodPixels>
        </Lod>
      </Region>
      <Link>
        <href>17/75251/81127.kml</href>
        <viewRefreshMode>onRegion</viewRefreshMode>
        <viewFormat/>
      </Link>
    </NetworkLink>
        
    <NetworkLink>
      <name>17/75251/81128.png</name>
      <Region>
        <LatLonAltBox>
          <north>39.31942523123952</north>
          <south>39.31730037327102</south>
          <east>26.68579101562500</east>
          <west>26.68304443359375</west>
        </LatLonAltBox>
        <Lod>
          <minLodPixels>128</minLodPixels>
          <maxLodPixels>-1</maxLodPixels>
        </Lod>
      </Region>
      <Link>
        <href>17/75251/81128.kml</href>
        <viewRefreshMode>onRegion</viewRefreshMode>
        <viewFormat/>
      </Link>
    </NetworkLink>
        
    <NetworkLink>
      <name>17/75251/81129.png</name>
      <Region>
        <LatLonAltBox>
          <north>39.32155002466662</north>
          <south>39.31942523123952</south>
          <east>26.68579101562500</east>
          <west>26.68304443359375</west>
        </LatLonAltBox>
        <Lod>
          <minLodPixels>128</minLodPixels>
          <maxLodPixels>-1</maxLodPixels>
        </Lod>
      </Region>
      <Link>
        <href>17/75251/81129.kml</href>
        <viewRefreshMode>onRegion</viewRefreshMode>
        <viewFormat/>
      </Link>
    </NetworkLink>
        
    <NetworkLink>
      <name>17/75251/81130.png</name>
      <Region>
        <LatLonAltBox>
          <north>39.32367475355144</north>
          <south>39.32155002466662</south>
          <east>26.68579101562500</east>
          <west>26.68304443359375</west>
        </LatLonAltBox>
        <Lod>
          <minLodPixels>128</minLodPixels>
          <maxLodPixels>-1</maxLodPixels>
        </Lod>
      </Region>
      <Link>
        <href>17/75251/81130.kml</href>
        <viewRefreshMode>onRegion</viewRefreshMode>
        <viewFormat/>
      </Link>
    </NetworkLink>
        
    <NetworkLink>
      <name>17/75251/81131.png</name>
      <Region>
        <LatLonAltBox>
          <north>39.32579941789298</north>
          <south>39.32367475355144</south>
          <east>26.68579101562500</east>
          <west>26.68304443359375</west>
        </LatLonAltBox>
        <Lod>
          <minLodPixels>128</minLodPixels>
          <maxLodPixels>-1</maxLodPixels>
        </Lod>
      </Region>
      <Link>
        <href>17/75251/81131.kml</href>
        <viewRefreshMode>onRegion</viewRefreshMode>
        <viewFormat/>
      </Link>
    </NetworkLink>
        
    <NetworkLink>
      <name>17/75251/81132.png</name>
      <Region>
        <LatLonAltBox>
          <north>39.32792401769030</north>
          <south>39.32579941789298</south>
          <east>26.68579101562500</east>
          <west>26.68304443359375</west>
        </LatLonAltBox>
        <Lod>
          <minLodPixels>128</minLodPixels>
          <maxLodPixels>-1</maxLodPixels>
        </Lod>
      </Region>
      <Link>
        <href>17/75251/81132.kml</href>
        <viewRefreshMode>onRegion</viewRefreshMode>
        <viewFormat/>
      </Link>
    </NetworkLink>
        
    <NetworkLink>
      <name>17/75251/81133.png</name>
      <Region>
        <LatLonAltBox>
          <north>39.33004855294242</north>
          <south>39.32792401769030</south>
          <east>26.68579101562500</east>
          <west>26.68304443359375</west>
        </LatLonAltBox>
        <Lod>
          <minLodPixels>128</minLodPixels>
          <maxLodPixels>-1</maxLodPixels>
        </Lod>
      </Region>
      <Link>
        <href>17/75251/81133.kml</href>
        <viewRefreshMode>onRegion</viewRefreshMode>
        <viewFormat/>
      </Link>
    </NetworkLink>
        
    <NetworkLink>
      <name>17/75251/81134.png</name>
      <Region>
        <LatLonAltBox>
          <north>39.33217302364838</north>
          <south>39.33004855294242</south>
          <east>26.68579101562500</east>
          <west>26.68304443359375</west>
        </LatLonAltBox>
        <Lod>
          <minLodPixels>128</minLodPixels>
          <maxLodPixels>-1</maxLodPixels>
        </Lod>
      </Region>
      <Link>
        <href>17/75251/81134.kml</href>
        <viewRefreshMode>onRegion</viewRefreshMode>
        <viewFormat/>
      </Link>
    </NetworkLink>
        
    <NetworkLink>
      <name>17/75251/81135.png</name>
      <Region>
        <LatLonAltBox>
          <north>39.33429742980725</north>
          <south>39.33217302364838</south>
          <east>26.68579101562500</east>
          <west>26.68304443359375</west>
        </LatLonAltBox>
        <Lod>
          <minLodPixels>128</minLodPixels>
          <maxLodPixels>-1</maxLodPixels>
        </Lod>
      </Region>
      <Link>
        <href>17/75251/81135.kml</href>
        <viewRefreshMode>onRegion</viewRefreshMode>
        <viewFormat/>
      </Link>
    </NetworkLink>
        
    <NetworkLink>
      <name>17/75251/81136.png</name>
      <Region>
        <LatLonAltBox>
          <north>39.33642177141801</north>
          <south>39.33429742980725</south>
          <east>26.68579101562500</east>
          <west>26.68304443359375</west>
        </LatLonAltBox>
        <Lod>
          <minLodPixels>128</minLodPixels>
          <maxLodPixels>-1</maxLodPixels>
        </Lod>
      </Region>
      <Link>
        <href>17/75251/81136.kml</href>
        <viewRefreshMode>onRegion</viewRefreshMode>
        <viewFormat/>
      </Link>
    </NetworkLink>
        
    <NetworkLink>
      <name>17/75251/81137.png</name>
      <Region>
        <LatLonAltBox>
          <north>39.33854604847979</north>
          <south>39.33642177141801</south>
          <east>26.68579101562500</east>
          <west>26.68304443359375</west>
        </LatLonAltBox>
        <Lod>
          <minLodPixels>128</minLodPixels>
          <maxLodPixels>-1</maxLodPixels>
        </Lod>
      </Region>
      <Link>
        <href>17/75251/81137.kml</href>
        <viewRefreshMode>onRegion</viewRefreshMode>
        <viewFormat/>
      </Link>
    </NetworkLink>
        
    <NetworkLink>
      <name>17/75251/81138.png</name>
      <Region>
        <LatLonAltBox>
          <north>39.34067026099156</north>
          <south>39.33854604847979</south>
          <east>26.68579101562500</east>
          <west>26.68304443359375</west>
        </LatLonAltBox>
        <Lod>
          <minLodPixels>128</minLodPixels>
          <maxLodPixels>-1</maxLodPixels>
        </Lod>
      </Region>
      <Link>
        <href>17/75251/81138.kml</href>
        <viewRefreshMode>onRegion</viewRefreshMode>
        <viewFormat/>
      </Link>
    </NetworkLink>
        
    <NetworkLink>
      <name>17/75251/81139.png</name>
      <Region>
        <LatLonAltBox>
          <north>39.34279440895236</north>
          <south>39.34067026099156</south>
          <east>26.68579101562500</east>
          <west>26.68304443359375</west>
        </LatLonAltBox>
        <Lod>
          <minLodPixels>128</minLodPixels>
          <maxLodPixels>-1</maxLodPixels>
        </Lod>
      </Region>
      <Link>
        <href>17/75251/81139.kml</href>
        <viewRefreshMode>onRegion</viewRefreshMode>
        <viewFormat/>
      </Link>
    </NetworkLink>
        
    <NetworkLink>
      <name>17/75251/81140.png</name>
      <Region>
        <LatLonAltBox>
          <north>39.34491849236127</north>
          <south>39.34279440895236</south>
          <east>26.68579101562500</east>
          <west>26.68304443359375</west>
        </LatLonAltBox>
        <Lod>
          <minLodPixels>128</minLodPixels>
          <maxLodPixels>-1</maxLodPixels>
        </Lod>
      </Region>
      <Link>
        <href>17/75251/81140.kml</href>
        <viewRefreshMode>onRegion</viewRefreshMode>
        <viewFormat/>
      </Link>
    </NetworkLink>
        
    <NetworkLink>
      <name>17/75251/81141.png</name>
      <Region>
        <LatLonAltBox>
          <north>39.34704251121732</north>
          <south>39.34491849236127</south>
          <east>26.68579101562500</east>
          <west>26.68304443359375</west>
        </LatLonAltBox>
        <Lod>
          <minLodPixels>128</minLodPixels>
          <maxLodPixels>-1</maxLodPixels>
        </Lod>
      </Region>
      <Link>
        <href>17/75251/81141.kml</href>
        <viewRefreshMode>onRegion</viewRefreshMode>
        <viewFormat/>
      </Link>
    </NetworkLink>
        
    <NetworkLink>
      <name>17/75251/81142.png</name>
      <Region>
        <LatLonAltBox>
          <north>39.34916646551957</north>
          <south>39.34704251121732</south>
          <east>26.68579101562500</east>
          <west>26.68304443359375</west>
        </LatLonAltBox>
        <Lod>
          <minLodPixels>128</minLodPixels>
          <maxLodPixels>-1</maxLodPixels>
        </Lod>
      </Region>
      <Link>
        <href>17/75251/81142.kml</href>
        <viewRefreshMode>onRegion</viewRefreshMode>
        <viewFormat/>
      </Link>
    </NetworkLink>
        
    <NetworkLink>
      <name>17/75251/81143.png</name>
      <Region>
        <LatLonAltBox>
          <north>39.35129035526705</north>
          <south>39.34916646551957</south>
          <east>26.68579101562500</east>
          <west>26.68304443359375</west>
        </LatLonAltBox>
        <Lod>
          <minLodPixels>128</minLodPixels>
          <maxLodPixels>-1</maxLodPixels>
        </Lod>
      </Region>
      <Link>
        <href>17/75251/81143.kml</href>
        <viewRefreshMode>onRegion</viewRefreshMode>
        <viewFormat/>
      </Link>
    </NetworkLink>
        
    <NetworkLink>
      <name>17/75251/81144.png</name>
      <Region>
        <LatLonAltBox>
          <north>39.35341418045878</north>
          <south>39.35129035526705</south>
          <east>26.68579101562500</east>
          <west>26.68304443359375</west>
        </LatLonAltBox>
        <Lod>
          <minLodPixels>128</minLodPixels>
          <maxLodPixels>-1</maxLodPixels>
        </Lod>
      </Region>
      <Link>
        <href>17/75251/81144.kml</href>
        <viewRefreshMode>onRegion</viewRefreshMode>
        <viewFormat/>
      </Link>
    </NetworkLink>
        
    <NetworkLink>
      <name>17/75252/81118.png</name>
      <Region>
        <LatLonAltBox>
          <north>39.29817374735305</north>
          <south>39.29604824402409</south>
          <east>26.68853759765625</east>
          <west>26.68579101562500</west>
        </LatLonAltBox>
        <Lod>
          <minLodPixels>128</minLodPixels>
          <maxLodPixels>-1</maxLodPixels>
        </Lod>
      </Region>
      <Link>
        <href>17/75252/81118.kml</href>
        <viewRefreshMode>onRegion</viewRefreshMode>
        <viewFormat/>
      </Link>
    </NetworkLink>
        
    <NetworkLink>
      <name>17/75252/81119.png</name>
      <Region>
        <LatLonAltBox>
          <north>39.30029918615029</north>
          <south>39.29817374735305</south>
          <east>26.68853759765625</east>
          <west>26.68579101562500</west>
        </LatLonAltBox>
        <Lod>
          <minLodPixels>128</minLodPixels>
          <maxLodPixels>-1</maxLodPixels>
        </Lod>
      </Region>
      <Link>
        <href>17/75252/81119.kml</href>
        <viewRefreshMode>onRegion</viewRefreshMode>
        <viewFormat/>
      </Link>
    </NetworkLink>
        
    <NetworkLink>
      <name>17/75252/81120.png</name>
      <Region>
        <LatLonAltBox>
          <north>39.30242456041487</north>
          <south>39.30029918615029</south>
          <east>26.68853759765625</east>
          <west>26.68579101562500</west>
        </LatLonAltBox>
        <Lod>
          <minLodPixels>128</minLodPixels>
          <maxLodPixels>-1</maxLodPixels>
        </Lod>
      </Region>
      <Link>
        <href>17/75252/81120.kml</href>
        <viewRefreshMode>onRegion</viewRefreshMode>
        <viewFormat/>
      </Link>
    </NetworkLink>
        
    <NetworkLink>
      <name>17/75252/81121.png</name>
      <Region>
        <LatLonAltBox>
          <north>39.30454987014581</north>
          <south>39.30242456041487</south>
          <east>26.68853759765625</east>
          <west>26.68579101562500</west>
        </LatLonAltBox>
        <Lod>
          <minLodPixels>128</minLodPixels>
          <maxLodPixels>-1</maxLodPixels>
        </Lod>
      </Region>
      <Link>
        <href>17/75252/81121.kml</href>
        <viewRefreshMode>onRegion</viewRefreshMode>
        <viewFormat/>
      </Link>
    </NetworkLink>
        
    <NetworkLink>
      <name>17/75252/81122.png</name>
      <Region>
        <LatLonAltBox>
          <north>39.30667511534213</north>
          <south>39.30454987014581</south>
          <east>26.68853759765625</east>
          <west>26.68579101562500</west>
        </LatLonAltBox>
        <Lod>
          <minLodPixels>128</minLodPixels>
          <maxLodPixels>-1</maxLodPixels>
        </Lod>
      </Region>
      <Link>
        <href>17/75252/81122.kml</href>
        <viewRefreshMode>onRegion</viewRefreshMode>
        <viewFormat/>
      </Link>
    </NetworkLink>
        
    <NetworkLink>
      <name>17/75252/81123.png</name>
      <Region>
        <LatLonAltBox>
          <north>39.30880029600291</north>
          <south>39.30667511534213</south>
          <east>26.68853759765625</east>
          <west>26.68579101562500</west>
        </LatLonAltBox>
        <Lod>
          <minLodPixels>128</minLodPixels>
          <maxLodPixels>-1</maxLodPixels>
        </Lod>
      </Region>
      <Link>
        <href>17/75252/81123.kml</href>
        <viewRefreshMode>onRegion</viewRefreshMode>
        <viewFormat/>
      </Link>
    </NetworkLink>
        
    <NetworkLink>
      <name>17/75252/81124.png</name>
      <Region>
        <LatLonAltBox>
          <north>39.31092541212715</north>
          <south>39.30880029600291</south>
          <east>26.68853759765625</east>
          <west>26.68579101562500</west>
        </LatLonAltBox>
        <Lod>
          <minLodPixels>128</minLodPixels>
          <maxLodPixels>-1</maxLodPixels>
        </Lod>
      </Region>
      <Link>
        <href>17/75252/81124.kml</href>
        <viewRefreshMode>onRegion</viewRefreshMode>
        <viewFormat/>
      </Link>
    </NetworkLink>
        
    <NetworkLink>
      <name>17/75252/81125.png</name>
      <Region>
        <LatLonAltBox>
          <north>39.31305046371388</north>
          <south>39.31092541212715</south>
          <east>26.68853759765625</east>
          <west>26.68579101562500</west>
        </LatLonAltBox>
        <Lod>
          <minLodPixels>128</minLodPixels>
          <maxLodPixels>-1</maxLodPixels>
        </Lod>
      </Region>
      <Link>
        <href>17/75252/81125.kml</href>
        <viewRefreshMode>onRegion</viewRefreshMode>
        <viewFormat/>
      </Link>
    </NetworkLink>
        
    <NetworkLink>
      <name>17/75252/81126.png</name>
      <Region>
        <LatLonAltBox>
          <north>39.31517545076215</north>
          <south>39.31305046371388</south>
          <east>26.68853759765625</east>
          <west>26.68579101562500</west>
        </LatLonAltBox>
        <Lod>
          <minLodPixels>128</minLodPixels>
          <maxLodPixels>-1</maxLodPixels>
        </Lod>
      </Region>
      <Link>
        <href>17/75252/81126.kml</href>
        <viewRefreshMode>onRegion</viewRefreshMode>
        <viewFormat/>
      </Link>
    </NetworkLink>
        
    <NetworkLink>
      <name>17/75252/81127.png</name>
      <Region>
        <LatLonAltBox>
          <north>39.31730037327102</north>
          <south>39.31517545076215</south>
          <east>26.68853759765625</east>
          <west>26.68579101562500</west>
        </LatLonAltBox>
        <Lod>
          <minLodPixels>128</minLodPixels>
          <maxLodPixels>-1</maxLodPixels>
        </Lod>
      </Region>
      <Link>
        <href>17/75252/81127.kml</href>
        <viewRefreshMode>onRegion</viewRefreshMode>
        <viewFormat/>
      </Link>
    </NetworkLink>
        
    <NetworkLink>
      <name>17/75252/81128.png</name>
      <Region>
        <LatLonAltBox>
          <north>39.31942523123952</north>
          <south>39.31730037327102</south>
          <east>26.68853759765625</east>
          <west>26.68579101562500</west>
        </LatLonAltBox>
        <Lod>
          <minLodPixels>128</minLodPixels>
          <maxLodPixels>-1</maxLodPixels>
        </Lod>
      </Region>
      <Link>
        <href>17/75252/81128.kml</href>
        <viewRefreshMode>onRegion</viewRefreshMode>
        <viewFormat/>
      </Link>
    </NetworkLink>
        
    <NetworkLink>
      <name>17/75252/81129.png</name>
      <Region>
        <LatLonAltBox>
          <north>39.32155002466662</north>
          <south>39.31942523123952</south>
          <east>26.68853759765625</east>
          <west>26.68579101562500</west>
        </LatLonAltBox>
        <Lod>
          <minLodPixels>128</minLodPixels>
          <maxLodPixels>-1</maxLodPixels>
        </Lod>
      </Region>
      <Link>
        <href>17/75252/81129.kml</href>
        <viewRefreshMode>onRegion</viewRefreshMode>
        <viewFormat/>
      </Link>
    </NetworkLink>
        
    <NetworkLink>
      <name>17/75252/81130.png</name>
      <Region>
        <LatLonAltBox>
          <north>39.32367475355144</north>
          <south>39.32155002466662</south>
          <east>26.68853759765625</east>
          <west>26.68579101562500</west>
        </LatLonAltBox>
        <Lod>
          <minLodPixels>128</minLodPixels>
          <maxLodPixels>-1</maxLodPixels>
        </Lod>
      </Region>
      <Link>
        <href>17/75252/81130.kml</href>
        <viewRefreshMode>onRegion</viewRefreshMode>
        <viewFormat/>
      </Link>
    </NetworkLink>
        
    <NetworkLink>
      <name>17/75252/81131.png</name>
      <Region>
        <LatLonAltBox>
          <north>39.32579941789298</north>
          <south>39.32367475355144</south>
          <east>26.68853759765625</east>
          <west>26.68579101562500</west>
        </LatLonAltBox>
        <Lod>
          <minLodPixels>128</minLodPixels>
          <maxLodPixels>-1</maxLodPixels>
        </Lod>
      </Region>
      <Link>
        <href>17/75252/81131.kml</href>
        <viewRefreshMode>onRegion</viewRefreshMode>
        <viewFormat/>
      </Link>
    </NetworkLink>
        
    <NetworkLink>
      <name>17/75252/81132.png</name>
      <Region>
        <LatLonAltBox>
          <north>39.32792401769030</north>
          <south>39.32579941789298</south>
          <east>26.68853759765625</east>
          <west>26.68579101562500</west>
        </LatLonAltBox>
        <Lod>
          <minLodPixels>128</minLodPixels>
          <maxLodPixels>-1</maxLodPixels>
        </Lod>
      </Region>
      <Link>
        <href>17/75252/81132.kml</href>
        <viewRefreshMode>onRegion</viewRefreshMode>
        <viewFormat/>
      </Link>
    </NetworkLink>
        
    <NetworkLink>
      <name>17/75252/81133.png</name>
      <Region>
        <LatLonAltBox>
          <north>39.33004855294242</north>
          <south>39.32792401769030</south>
          <east>26.68853759765625</east>
          <west>26.68579101562500</west>
        </LatLonAltBox>
        <Lod>
          <minLodPixels>128</minLodPixels>
          <maxLodPixels>-1</maxLodPixels>
        </Lod>
      </Region>
      <Link>
        <href>17/75252/81133.kml</href>
        <viewRefreshMode>onRegion</viewRefreshMode>
        <viewFormat/>
      </Link>
    </NetworkLink>
        
    <NetworkLink>
      <name>17/75252/81134.png</name>
      <Region>
        <LatLonAltBox>
          <north>39.33217302364838</north>
          <south>39.33004855294242</south>
          <east>26.68853759765625</east>
          <west>26.68579101562500</west>
        </LatLonAltBox>
        <Lod>
          <minLodPixels>128</minLodPixels>
          <maxLodPixels>-1</maxLodPixels>
        </Lod>
      </Region>
      <Link>
        <href>17/75252/81134.kml</href>
        <viewRefreshMode>onRegion</viewRefreshMode>
        <viewFormat/>
      </Link>
    </NetworkLink>
        
    <NetworkLink>
      <name>17/75252/81135.png</name>
      <Region>
        <LatLonAltBox>
          <north>39.33429742980725</north>
          <south>39.33217302364838</south>
          <east>26.68853759765625</east>
          <west>26.68579101562500</west>
        </LatLonAltBox>
        <Lod>
          <minLodPixels>128</minLodPixels>
          <maxLodPixels>-1</maxLodPixels>
        </Lod>
      </Region>
      <Link>
        <href>17/75252/81135.kml</href>
        <viewRefreshMode>onRegion</viewRefreshMode>
        <viewFormat/>
      </Link>
    </NetworkLink>
        
    <NetworkLink>
      <name>17/75252/81136.png</name>
      <Region>
        <LatLonAltBox>
          <north>39.33642177141801</north>
          <south>39.33429742980725</south>
          <east>26.68853759765625</east>
          <west>26.68579101562500</west>
        </LatLonAltBox>
        <Lod>
          <minLodPixels>128</minLodPixels>
          <maxLodPixels>-1</maxLodPixels>
        </Lod>
      </Region>
      <Link>
        <href>17/75252/81136.kml</href>
        <viewRefreshMode>onRegion</viewRefreshMode>
        <viewFormat/>
      </Link>
    </NetworkLink>
        
    <NetworkLink>
      <name>17/75252/81137.png</name>
      <Region>
        <LatLonAltBox>
          <north>39.33854604847979</north>
          <south>39.33642177141801</south>
          <east>26.68853759765625</east>
          <west>26.68579101562500</west>
        </LatLonAltBox>
        <Lod>
          <minLodPixels>128</minLodPixels>
          <maxLodPixels>-1</maxLodPixels>
        </Lod>
      </Region>
      <Link>
        <href>17/75252/81137.kml</href>
        <viewRefreshMode>onRegion</viewRefreshMode>
        <viewFormat/>
      </Link>
    </NetworkLink>
        
    <NetworkLink>
      <name>17/75252/81138.png</name>
      <Region>
        <LatLonAltBox>
          <north>39.34067026099156</north>
          <south>39.33854604847979</south>
          <east>26.68853759765625</east>
          <west>26.68579101562500</west>
        </LatLonAltBox>
        <Lod>
          <minLodPixels>128</minLodPixels>
          <maxLodPixels>-1</maxLodPixels>
        </Lod>
      </Region>
      <Link>
        <href>17/75252/81138.kml</href>
        <viewRefreshMode>onRegion</viewRefreshMode>
        <viewFormat/>
      </Link>
    </NetworkLink>
        
    <NetworkLink>
      <name>17/75252/81139.png</name>
      <Region>
        <LatLonAltBox>
          <north>39.34279440895236</north>
          <south>39.34067026099156</south>
          <east>26.68853759765625</east>
          <west>26.68579101562500</west>
        </LatLonAltBox>
        <Lod>
          <minLodPixels>128</minLodPixels>
          <maxLodPixels>-1</maxLodPixels>
        </Lod>
      </Region>
      <Link>
        <href>17/75252/81139.kml</href>
        <viewRefreshMode>onRegion</viewRefreshMode>
        <viewFormat/>
      </Link>
    </NetworkLink>
        
    <NetworkLink>
      <name>17/75252/81140.png</name>
      <Region>
        <LatLonAltBox>
          <north>39.34491849236127</north>
          <south>39.34279440895236</south>
          <east>26.68853759765625</east>
          <west>26.68579101562500</west>
        </LatLonAltBox>
        <Lod>
          <minLodPixels>128</minLodPixels>
          <maxLodPixels>-1</maxLodPixels>
        </Lod>
      </Region>
      <Link>
        <href>17/75252/81140.kml</href>
        <viewRefreshMode>onRegion</viewRefreshMode>
        <viewFormat/>
      </Link>
    </NetworkLink>
        
    <NetworkLink>
      <name>17/75252/81141.png</name>
      <Region>
        <LatLonAltBox>
          <north>39.34704251121732</north>
          <south>39.34491849236127</south>
          <east>26.68853759765625</east>
          <west>26.68579101562500</west>
        </LatLonAltBox>
        <Lod>
          <minLodPixels>128</minLodPixels>
          <maxLodPixels>-1</maxLodPixels>
        </Lod>
      </Region>
      <Link>
        <href>17/75252/81141.kml</href>
        <viewRefreshMode>onRegion</viewRefreshMode>
        <viewFormat/>
      </Link>
    </NetworkLink>
        
    <NetworkLink>
      <name>17/75252/81142.png</name>
      <Region>
        <LatLonAltBox>
          <north>39.34916646551957</north>
          <south>39.34704251121732</south>
          <east>26.68853759765625</east>
          <west>26.68579101562500</west>
        </LatLonAltBox>
        <Lod>
          <minLodPixels>128</minLodPixels>
          <maxLodPixels>-1</maxLodPixels>
        </Lod>
      </Region>
      <Link>
        <href>17/75252/81142.kml</href>
        <viewRefreshMode>onRegion</viewRefreshMode>
        <viewFormat/>
      </Link>
    </NetworkLink>
        
    <NetworkLink>
      <name>17/75252/81143.png</name>
      <Region>
        <LatLonAltBox>
          <north>39.35129035526705</north>
          <south>39.34916646551957</south>
          <east>26.68853759765625</east>
          <west>26.68579101562500</west>
        </LatLonAltBox>
        <Lod>
          <minLodPixels>128</minLodPixels>
          <maxLodPixels>-1</maxLodPixels>
        </Lod>
      </Region>
      <Link>
        <href>17/75252/81143.kml</href>
        <viewRefreshMode>onRegion</viewRefreshMode>
        <viewFormat/>
      </Link>
    </NetworkLink>
        
    <NetworkLink>
      <name>17/75252/81144.png</name>
      <Region>
        <LatLonAltBox>
          <north>39.35341418045878</north>
          <south>39.35129035526705</south>
          <east>26.68853759765625</east>
          <west>26.68579101562500</west>
        </LatLonAltBox>
        <Lod>
          <minLodPixels>128</minLodPixels>
          <maxLodPixels>-1</maxLodPixels>
        </Lod>
      </Region>
      <Link>
        <href>17/75252/81144.kml</href>
        <viewRefreshMode>onRegion</viewRefreshMode>
        <viewFormat/>
      </Link>
    </NetworkLink>
        
    <NetworkLink>
      <name>17/75253/81118.png</name>
      <Region>
        <LatLonAltBox>
          <north>39.29817374735305</north>
          <south>39.29604824402409</south>
          <east>26.69128417968750</east>
          <west>26.68853759765625</west>
        </LatLonAltBox>
        <Lod>
          <minLodPixels>128</minLodPixels>
          <maxLodPixels>-1</maxLodPixels>
        </Lod>
      </Region>
      <Link>
        <href>17/75253/81118.kml</href>
        <viewRefreshMode>onRegion</viewRefreshMode>
        <viewFormat/>
      </Link>
    </NetworkLink>
        
    <NetworkLink>
      <name>17/75253/81119.png</name>
      <Region>
        <LatLonAltBox>
          <north>39.30029918615029</north>
          <south>39.29817374735305</south>
          <east>26.69128417968750</east>
          <west>26.68853759765625</west>
        </LatLonAltBox>
        <Lod>
          <minLodPixels>128</minLodPixels>
          <maxLodPixels>-1</maxLodPixels>
        </Lod>
      </Region>
      <Link>
        <href>17/75253/81119.kml</href>
        <viewRefreshMode>onRegion</viewRefreshMode>
        <viewFormat/>
      </Link>
    </NetworkLink>
        
    <NetworkLink>
      <name>17/75253/81120.png</name>
      <Region>
        <LatLonAltBox>
          <north>39.30242456041487</north>
          <south>39.30029918615029</south>
          <east>26.69128417968750</east>
          <west>26.68853759765625</west>
        </LatLonAltBox>
        <Lod>
          <minLodPixels>128</minLodPixels>
          <maxLodPixels>-1</maxLodPixels>
        </Lod>
      </Region>
      <Link>
        <href>17/75253/81120.kml</href>
        <viewRefreshMode>onRegion</viewRefreshMode>
        <viewFormat/>
      </Link>
    </NetworkLink>
        
    <NetworkLink>
      <name>17/75253/81121.png</name>
      <Region>
        <LatLonAltBox>
          <north>39.30454987014581</north>
          <south>39.30242456041487</south>
          <east>26.69128417968750</east>
          <west>26.68853759765625</west>
        </LatLonAltBox>
        <Lod>
          <minLodPixels>128</minLodPixels>
          <maxLodPixels>-1</maxLodPixels>
        </Lod>
      </Region>
      <Link>
        <href>17/75253/81121.kml</href>
        <viewRefreshMode>onRegion</viewRefreshMode>
        <viewFormat/>
      </Link>
    </NetworkLink>
        
    <NetworkLink>
      <name>17/75253/81122.png</name>
      <Region>
        <LatLonAltBox>
          <north>39.30667511534213</north>
          <south>39.30454987014581</south>
          <east>26.69128417968750</east>
          <west>26.68853759765625</west>
        </LatLonAltBox>
        <Lod>
          <minLodPixels>128</minLodPixels>
          <maxLodPixels>-1</maxLodPixels>
        </Lod>
      </Region>
      <Link>
        <href>17/75253/81122.kml</href>
        <viewRefreshMode>onRegion</viewRefreshMode>
        <viewFormat/>
      </Link>
    </NetworkLink>
        
    <NetworkLink>
      <name>17/75253/81123.png</name>
      <Region>
        <LatLonAltBox>
          <north>39.30880029600291</north>
          <south>39.30667511534213</south>
          <east>26.69128417968750</east>
          <west>26.68853759765625</west>
        </LatLonAltBox>
        <Lod>
          <minLodPixels>128</minLodPixels>
          <maxLodPixels>-1</maxLodPixels>
        </Lod>
      </Region>
      <Link>
        <href>17/75253/81123.kml</href>
        <viewRefreshMode>onRegion</viewRefreshMode>
        <viewFormat/>
      </Link>
    </NetworkLink>
        
    <NetworkLink>
      <name>17/75253/81124.png</name>
      <Region>
        <LatLonAltBox>
          <north>39.31092541212715</north>
          <south>39.30880029600291</south>
          <east>26.69128417968750</east>
          <west>26.68853759765625</west>
        </LatLonAltBox>
        <Lod>
          <minLodPixels>128</minLodPixels>
          <maxLodPixels>-1</maxLodPixels>
        </Lod>
      </Region>
      <Link>
        <href>17/75253/81124.kml</href>
        <viewRefreshMode>onRegion</viewRefreshMode>
        <viewFormat/>
      </Link>
    </NetworkLink>
        
    <NetworkLink>
      <name>17/75253/81125.png</name>
      <Region>
        <LatLonAltBox>
          <north>39.31305046371388</north>
          <south>39.31092541212715</south>
          <east>26.69128417968750</east>
          <west>26.68853759765625</west>
        </LatLonAltBox>
        <Lod>
          <minLodPixels>128</minLodPixels>
          <maxLodPixels>-1</maxLodPixels>
        </Lod>
      </Region>
      <Link>
        <href>17/75253/81125.kml</href>
        <viewRefreshMode>onRegion</viewRefreshMode>
        <viewFormat/>
      </Link>
    </NetworkLink>
        
    <NetworkLink>
      <name>17/75253/81126.png</name>
      <Region>
        <LatLonAltBox>
          <north>39.31517545076215</north>
          <south>39.31305046371388</south>
          <east>26.69128417968750</east>
          <west>26.68853759765625</west>
        </LatLonAltBox>
        <Lod>
          <minLodPixels>128</minLodPixels>
          <maxLodPixels>-1</maxLodPixels>
        </Lod>
      </Region>
      <Link>
        <href>17/75253/81126.kml</href>
        <viewRefreshMode>onRegion</viewRefreshMode>
        <viewFormat/>
      </Link>
    </NetworkLink>
        
    <NetworkLink>
      <name>17/75253/81127.png</name>
      <Region>
        <LatLonAltBox>
          <north>39.31730037327102</north>
          <south>39.31517545076215</south>
          <east>26.69128417968750</east>
          <west>26.68853759765625</west>
        </LatLonAltBox>
        <Lod>
          <minLodPixels>128</minLodPixels>
          <maxLodPixels>-1</maxLodPixels>
        </Lod>
      </Region>
      <Link>
        <href>17/75253/81127.kml</href>
        <viewRefreshMode>onRegion</viewRefreshMode>
        <viewFormat/>
      </Link>
    </NetworkLink>
        
    <NetworkLink>
      <name>17/75253/81128.png</name>
      <Region>
        <LatLonAltBox>
          <north>39.31942523123952</north>
          <south>39.31730037327102</south>
          <east>26.69128417968750</east>
          <west>26.68853759765625</west>
        </LatLonAltBox>
        <Lod>
          <minLodPixels>128</minLodPixels>
          <maxLodPixels>-1</maxLodPixels>
        </Lod>
      </Region>
      <Link>
        <href>17/75253/81128.kml</href>
        <viewRefreshMode>onRegion</viewRefreshMode>
        <viewFormat/>
      </Link>
    </NetworkLink>
        
    <NetworkLink>
      <name>17/75253/81129.png</name>
      <Region>
        <LatLonAltBox>
          <north>39.32155002466662</north>
          <south>39.31942523123952</south>
          <east>26.69128417968750</east>
          <west>26.68853759765625</west>
        </LatLonAltBox>
        <Lod>
          <minLodPixels>128</minLodPixels>
          <maxLodPixels>-1</maxLodPixels>
        </Lod>
      </Region>
      <Link>
        <href>17/75253/81129.kml</href>
        <viewRefreshMode>onRegion</viewRefreshMode>
        <viewFormat/>
      </Link>
    </NetworkLink>
        
    <NetworkLink>
      <name>17/75253/81130.png</name>
      <Region>
        <LatLonAltBox>
          <north>39.32367475355144</north>
          <south>39.32155002466662</south>
          <east>26.69128417968750</east>
          <west>26.68853759765625</west>
        </LatLonAltBox>
        <Lod>
          <minLodPixels>128</minLodPixels>
          <maxLodPixels>-1</maxLodPixels>
        </Lod>
      </Region>
      <Link>
        <href>17/75253/81130.kml</href>
        <viewRefreshMode>onRegion</viewRefreshMode>
        <viewFormat/>
      </Link>
    </NetworkLink>
        
    <NetworkLink>
      <name>17/75253/81131.png</name>
      <Region>
        <LatLonAltBox>
          <north>39.32579941789298</north>
          <south>39.32367475355144</south>
          <east>26.69128417968750</east>
          <west>26.68853759765625</west>
        </LatLonAltBox>
        <Lod>
          <minLodPixels>128</minLodPixels>
          <maxLodPixels>-1</maxLodPixels>
        </Lod>
      </Region>
      <Link>
        <href>17/75253/81131.kml</href>
        <viewRefreshMode>onRegion</viewRefreshMode>
        <viewFormat/>
      </Link>
    </NetworkLink>
        
    <NetworkLink>
      <name>17/75253/81132.png</name>
      <Region>
        <LatLonAltBox>
          <north>39.32792401769030</north>
          <south>39.32579941789298</south>
          <east>26.69128417968750</east>
          <west>26.68853759765625</west>
        </LatLonAltBox>
        <Lod>
          <minLodPixels>128</minLodPixels>
          <maxLodPixels>-1</maxLodPixels>
        </Lod>
      </Region>
      <Link>
        <href>17/75253/81132.kml</href>
        <viewRefreshMode>onRegion</viewRefreshMode>
        <viewFormat/>
      </Link>
    </NetworkLink>
        
    <NetworkLink>
      <name>17/75253/81133.png</name>
      <Region>
        <LatLonAltBox>
          <north>39.33004855294242</north>
          <south>39.32792401769030</south>
          <east>26.69128417968750</east>
          <west>26.68853759765625</west>
        </LatLonAltBox>
        <Lod>
          <minLodPixels>128</minLodPixels>
          <maxLodPixels>-1</maxLodPixels>
        </Lod>
      </Region>
      <Link>
        <href>17/75253/81133.kml</href>
        <viewRefreshMode>onRegion</viewRefreshMode>
        <viewFormat/>
      </Link>
    </NetworkLink>
        
    <NetworkLink>
      <name>17/75253/81134.png</name>
      <Region>
        <LatLonAltBox>
          <north>39.33217302364838</north>
          <south>39.33004855294242</south>
          <east>26.69128417968750</east>
          <west>26.68853759765625</west>
        </LatLonAltBox>
        <Lod>
          <minLodPixels>128</minLodPixels>
          <maxLodPixels>-1</maxLodPixels>
        </Lod>
      </Region>
      <Link>
        <href>17/75253/81134.kml</href>
        <viewRefreshMode>onRegion</viewRefreshMode>
        <viewFormat/>
      </Link>
    </NetworkLink>
        
    <NetworkLink>
      <name>17/75253/81135.png</name>
      <Region>
        <LatLonAltBox>
          <north>39.33429742980725</north>
          <south>39.33217302364838</south>
          <east>26.69128417968750</east>
          <west>26.68853759765625</west>
        </LatLonAltBox>
        <Lod>
          <minLodPixels>128</minLodPixels>
          <maxLodPixels>-1</maxLodPixels>
        </Lod>
      </Region>
      <Link>
        <href>17/75253/81135.kml</href>
        <viewRefreshMode>onRegion</viewRefreshMode>
        <viewFormat/>
      </Link>
    </NetworkLink>
        
    <NetworkLink>
      <name>17/75253/81136.png</name>
      <Region>
        <LatLonAltBox>
          <north>39.33642177141801</north>
          <south>39.33429742980725</south>
          <east>26.69128417968750</east>
          <west>26.68853759765625</west>
        </LatLonAltBox>
        <Lod>
          <minLodPixels>128</minLodPixels>
          <maxLodPixels>-1</maxLodPixels>
        </Lod>
      </Region>
      <Link>
        <href>17/75253/81136.kml</href>
        <viewRefreshMode>onRegion</viewRefreshMode>
        <viewFormat/>
      </Link>
    </NetworkLink>
        
    <NetworkLink>
      <name>17/75253/81137.png</name>
      <Region>
        <LatLonAltBox>
          <north>39.33854604847979</north>
          <south>39.33642177141801</south>
          <east>26.69128417968750</east>
          <west>26.68853759765625</west>
        </LatLonAltBox>
        <Lod>
          <minLodPixels>128</minLodPixels>
          <maxLodPixels>-1</maxLodPixels>
        </Lod>
      </Region>
      <Link>
        <href>17/75253/81137.kml</href>
        <viewRefreshMode>onRegion</viewRefreshMode>
        <viewFormat/>
      </Link>
    </NetworkLink>
        
    <NetworkLink>
      <name>17/75253/81138.png</name>
      <Region>
        <LatLonAltBox>
          <north>39.34067026099156</north>
          <south>39.33854604847979</south>
          <east>26.69128417968750</east>
          <west>26.68853759765625</west>
        </LatLonAltBox>
        <Lod>
          <minLodPixels>128</minLodPixels>
          <maxLodPixels>-1</maxLodPixels>
        </Lod>
      </Region>
      <Link>
        <href>17/75253/81138.kml</href>
        <viewRefreshMode>onRegion</viewRefreshMode>
        <viewFormat/>
      </Link>
    </NetworkLink>
        
    <NetworkLink>
      <name>17/75253/81139.png</name>
      <Region>
        <LatLonAltBox>
          <north>39.34279440895236</north>
          <south>39.34067026099156</south>
          <east>26.69128417968750</east>
          <west>26.68853759765625</west>
        </LatLonAltBox>
        <Lod>
          <minLodPixels>128</minLodPixels>
          <maxLodPixels>-1</maxLodPixels>
        </Lod>
      </Region>
      <Link>
        <href>17/75253/81139.kml</href>
        <viewRefreshMode>onRegion</viewRefreshMode>
        <viewFormat/>
      </Link>
    </NetworkLink>
        
    <NetworkLink>
      <name>17/75253/81140.png</name>
      <Region>
        <LatLonAltBox>
          <north>39.34491849236127</north>
          <south>39.34279440895236</south>
          <east>26.69128417968750</east>
          <west>26.68853759765625</west>
        </LatLonAltBox>
        <Lod>
          <minLodPixels>128</minLodPixels>
          <maxLodPixels>-1</maxLodPixels>
        </Lod>
      </Region>
      <Link>
        <href>17/75253/81140.kml</href>
        <viewRefreshMode>onRegion</viewRefreshMode>
        <viewFormat/>
      </Link>
    </NetworkLink>
        
    <NetworkLink>
      <name>17/75253/81141.png</name>
      <Region>
        <LatLonAltBox>
          <north>39.34704251121732</north>
          <south>39.34491849236127</south>
          <east>26.69128417968750</east>
          <west>26.68853759765625</west>
        </LatLonAltBox>
        <Lod>
          <minLodPixels>128</minLodPixels>
          <maxLodPixels>-1</maxLodPixels>
        </Lod>
      </Region>
      <Link>
        <href>17/75253/81141.kml</href>
        <viewRefreshMode>onRegion</viewRefreshMode>
        <viewFormat/>
      </Link>
    </NetworkLink>
        
    <NetworkLink>
      <name>17/75253/81142.png</name>
      <Region>
        <LatLonAltBox>
          <north>39.34916646551957</north>
          <south>39.34704251121732</south>
          <east>26.69128417968750</east>
          <west>26.68853759765625</west>
        </LatLonAltBox>
        <Lod>
          <minLodPixels>128</minLodPixels>
          <maxLodPixels>-1</maxLodPixels>
        </Lod>
      </Region>
      <Link>
        <href>17/75253/81142.kml</href>
        <viewRefreshMode>onRegion</viewRefreshMode>
        <viewFormat/>
      </Link>
    </NetworkLink>
        
    <NetworkLink>
      <name>17/75253/81143.png</name>
      <Region>
        <LatLonAltBox>
          <north>39.35129035526705</north>
          <south>39.34916646551957</south>
          <east>26.69128417968750</east>
          <west>26.68853759765625</west>
        </LatLonAltBox>
        <Lod>
          <minLodPixels>128</minLodPixels>
          <maxLodPixels>-1</maxLodPixels>
        </Lod>
      </Region>
      <Link>
        <href>17/75253/81143.kml</href>
        <viewRefreshMode>onRegion</viewRefreshMode>
        <viewFormat/>
      </Link>
    </NetworkLink>
        
    <NetworkLink>
      <name>17/75253/81144.png</name>
      <Region>
        <LatLonAltBox>
          <north>39.35341418045878</north>
          <south>39.35129035526705</south>
          <east>26.69128417968750</east>
          <west>26.68853759765625</west>
        </LatLonAltBox>
        <Lod>
          <minLodPixels>128</minLodPixels>
          <maxLodPixels>-1</maxLodPixels>
        </Lod>
      </Region>
      <Link>
        <href>17/75253/81144.kml</href>
        <viewRefreshMode>onRegion</viewRefreshMode>
        <viewFormat/>
      </Link>
    </NetworkLink>
        
    <NetworkLink>
      <name>17/75254/81118.png</name>
      <Region>
        <LatLonAltBox>
          <north>39.29817374735305</north>
          <south>39.29604824402409</south>
          <east>26.69403076171874</east>
          <west>26.69128417968750</west>
        </LatLonAltBox>
        <Lod>
          <minLodPixels>128</minLodPixels>
          <maxLodPixels>-1</maxLodPixels>
        </Lod>
      </Region>
      <Link>
        <href>17/75254/81118.kml</href>
        <viewRefreshMode>onRegion</viewRefreshMode>
        <viewFormat/>
      </Link>
    </NetworkLink>
        
    <NetworkLink>
      <name>17/75254/81119.png</name>
      <Region>
        <LatLonAltBox>
          <north>39.30029918615029</north>
          <south>39.29817374735305</south>
          <east>26.69403076171874</east>
          <west>26.69128417968750</west>
        </LatLonAltBox>
        <Lod>
          <minLodPixels>128</minLodPixels>
          <maxLodPixels>-1</maxLodPixels>
        </Lod>
      </Region>
      <Link>
        <href>17/75254/81119.kml</href>
        <viewRefreshMode>onRegion</viewRefreshMode>
        <viewFormat/>
      </Link>
    </NetworkLink>
        
    <NetworkLink>
      <name>17/75254/81120.png</name>
      <Region>
        <LatLonAltBox>
          <north>39.30242456041487</north>
          <south>39.30029918615029</south>
          <east>26.69403076171874</east>
          <west>26.69128417968750</west>
        </LatLonAltBox>
        <Lod>
          <minLodPixels>128</minLodPixels>
          <maxLodPixels>-1</maxLodPixels>
        </Lod>
      </Region>
      <Link>
        <href>17/75254/81120.kml</href>
        <viewRefreshMode>onRegion</viewRefreshMode>
        <viewFormat/>
      </Link>
    </NetworkLink>
        
    <NetworkLink>
      <name>17/75254/81121.png</name>
      <Region>
        <LatLonAltBox>
          <north>39.30454987014581</north>
          <south>39.30242456041487</south>
          <east>26.69403076171874</east>
          <west>26.69128417968750</west>
        </LatLonAltBox>
        <Lod>
          <minLodPixels>128</minLodPixels>
          <maxLodPixels>-1</maxLodPixels>
        </Lod>
      </Region>
      <Link>
        <href>17/75254/81121.kml</href>
        <viewRefreshMode>onRegion</viewRefreshMode>
        <viewFormat/>
      </Link>
    </NetworkLink>
        
    <NetworkLink>
      <name>17/75254/81122.png</name>
      <Region>
        <LatLonAltBox>
          <north>39.30667511534213</north>
          <south>39.30454987014581</south>
          <east>26.69403076171874</east>
          <west>26.69128417968750</west>
        </LatLonAltBox>
        <Lod>
          <minLodPixels>128</minLodPixels>
          <maxLodPixels>-1</maxLodPixels>
        </Lod>
      </Region>
      <Link>
        <href>17/75254/81122.kml</href>
        <viewRefreshMode>onRegion</viewRefreshMode>
        <viewFormat/>
      </Link>
    </NetworkLink>
        
    <NetworkLink>
      <name>17/75254/81123.png</name>
      <Region>
        <LatLonAltBox>
          <north>39.30880029600291</north>
          <south>39.30667511534213</south>
          <east>26.69403076171874</east>
          <west>26.69128417968750</west>
        </LatLonAltBox>
        <Lod>
          <minLodPixels>128</minLodPixels>
          <maxLodPixels>-1</maxLodPixels>
        </Lod>
      </Region>
      <Link>
        <href>17/75254/81123.kml</href>
        <viewRefreshMode>onRegion</viewRefreshMode>
        <viewFormat/>
      </Link>
    </NetworkLink>
        
    <NetworkLink>
      <name>17/75254/81124.png</name>
      <Region>
        <LatLonAltBox>
          <north>39.31092541212715</north>
          <south>39.30880029600291</south>
          <east>26.69403076171874</east>
          <west>26.69128417968750</west>
        </LatLonAltBox>
        <Lod>
          <minLodPixels>128</minLodPixels>
          <maxLodPixels>-1</maxLodPixels>
        </Lod>
      </Region>
      <Link>
        <href>17/75254/81124.kml</href>
        <viewRefreshMode>onRegion</viewRefreshMode>
        <viewFormat/>
      </Link>
    </NetworkLink>
        
    <NetworkLink>
      <name>17/75254/81125.png</name>
      <Region>
        <LatLonAltBox>
          <north>39.31305046371388</north>
          <south>39.31092541212715</south>
          <east>26.69403076171874</east>
          <west>26.69128417968750</west>
        </LatLonAltBox>
        <Lod>
          <minLodPixels>128</minLodPixels>
          <maxLodPixels>-1</maxLodPixels>
        </Lod>
      </Region>
      <Link>
        <href>17/75254/81125.kml</href>
        <viewRefreshMode>onRegion</viewRefreshMode>
        <viewFormat/>
      </Link>
    </NetworkLink>
        
    <NetworkLink>
      <name>17/75254/81126.png</name>
      <Region>
        <LatLonAltBox>
          <north>39.31517545076215</north>
          <south>39.31305046371388</south>
          <east>26.69403076171874</east>
          <west>26.69128417968750</west>
        </LatLonAltBox>
        <Lod>
          <minLodPixels>128</minLodPixels>
          <maxLodPixels>-1</maxLodPixels>
        </Lod>
      </Region>
      <Link>
        <href>17/75254/81126.kml</href>
        <viewRefreshMode>onRegion</viewRefreshMode>
        <viewFormat/>
      </Link>
    </NetworkLink>
        
    <NetworkLink>
      <name>17/75254/81127.png</name>
      <Region>
        <LatLonAltBox>
          <north>39.31730037327102</north>
          <south>39.31517545076215</south>
          <east>26.69403076171874</east>
          <west>26.69128417968750</west>
        </LatLonAltBox>
        <Lod>
          <minLodPixels>128</minLodPixels>
          <maxLodPixels>-1</maxLodPixels>
        </Lod>
      </Region>
      <Link>
        <href>17/75254/81127.kml</href>
        <viewRefreshMode>onRegion</viewRefreshMode>
        <viewFormat/>
      </Link>
    </NetworkLink>
        
    <NetworkLink>
      <name>17/75254/81128.png</name>
      <Region>
        <LatLonAltBox>
          <north>39.31942523123952</north>
          <south>39.31730037327102</south>
          <east>26.69403076171874</east>
          <west>26.69128417968750</west>
        </LatLonAltBox>
        <Lod>
          <minLodPixels>128</minLodPixels>
          <maxLodPixels>-1</maxLodPixels>
        </Lod>
      </Region>
      <Link>
        <href>17/75254/81128.kml</href>
        <viewRefreshMode>onRegion</viewRefreshMode>
        <viewFormat/>
      </Link>
    </NetworkLink>
        
    <NetworkLink>
      <name>17/75254/81129.png</name>
      <Region>
        <LatLonAltBox>
          <north>39.32155002466662</north>
          <south>39.31942523123952</south>
          <east>26.69403076171874</east>
          <west>26.69128417968750</west>
        </LatLonAltBox>
        <Lod>
          <minLodPixels>128</minLodPixels>
          <maxLodPixels>-1</maxLodPixels>
        </Lod>
      </Region>
      <Link>
        <href>17/75254/81129.kml</href>
        <viewRefreshMode>onRegion</viewRefreshMode>
        <viewFormat/>
      </Link>
    </NetworkLink>
        
    <NetworkLink>
      <name>17/75254/81130.png</name>
      <Region>
        <LatLonAltBox>
          <north>39.32367475355144</north>
          <south>39.32155002466662</south>
          <east>26.69403076171874</east>
          <west>26.69128417968750</west>
        </LatLonAltBox>
        <Lod>
          <minLodPixels>128</minLodPixels>
          <maxLodPixels>-1</maxLodPixels>
        </Lod>
      </Region>
      <Link>
        <href>17/75254/81130.kml</href>
        <viewRefreshMode>onRegion</viewRefreshMode>
        <viewFormat/>
      </Link>
    </NetworkLink>
        
    <NetworkLink>
      <name>17/75254/81131.png</name>
      <Region>
        <LatLonAltBox>
          <north>39.32579941789298</north>
          <south>39.32367475355144</south>
          <east>26.69403076171874</east>
          <west>26.69128417968750</west>
        </LatLonAltBox>
        <Lod>
          <minLodPixels>128</minLodPixels>
          <maxLodPixels>-1</maxLodPixels>
        </Lod>
      </Region>
      <Link>
        <href>17/75254/81131.kml</href>
        <viewRefreshMode>onRegion</viewRefreshMode>
        <viewFormat/>
      </Link>
    </NetworkLink>
        
    <NetworkLink>
      <name>17/75254/81132.png</name>
      <Region>
        <LatLonAltBox>
          <north>39.32792401769030</north>
          <south>39.32579941789298</south>
          <east>26.69403076171874</east>
          <west>26.69128417968750</west>
        </LatLonAltBox>
        <Lod>
          <minLodPixels>128</minLodPixels>
          <maxLodPixels>-1</maxLodPixels>
        </Lod>
      </Region>
      <Link>
        <href>17/75254/81132.kml</href>
        <viewRefreshMode>onRegion</viewRefreshMode>
        <viewFormat/>
      </Link>
    </NetworkLink>
        
    <NetworkLink>
      <name>17/75254/81133.png</name>
      <Region>
        <LatLonAltBox>
          <north>39.33004855294242</north>
          <south>39.32792401769030</south>
          <east>26.69403076171874</east>
          <west>26.69128417968750</west>
        </LatLonAltBox>
        <Lod>
          <minLodPixels>128</minLodPixels>
          <maxLodPixels>-1</maxLodPixels>
        </Lod>
      </Region>
      <Link>
        <href>17/75254/81133.kml</href>
        <viewRefreshMode>onRegion</viewRefreshMode>
        <viewFormat/>
      </Link>
    </NetworkLink>
        
    <NetworkLink>
      <name>17/75254/81134.png</name>
      <Region>
        <LatLonAltBox>
          <north>39.33217302364838</north>
          <south>39.33004855294242</south>
          <east>26.69403076171874</east>
          <west>26.69128417968750</west>
        </LatLonAltBox>
        <Lod>
          <minLodPixels>128</minLodPixels>
          <maxLodPixels>-1</maxLodPixels>
        </Lod>
      </Region>
      <Link>
        <href>17/75254/81134.kml</href>
        <viewRefreshMode>onRegion</viewRefreshMode>
        <viewFormat/>
      </Link>
    </NetworkLink>
        
    <NetworkLink>
      <name>17/75254/81135.png</name>
      <Region>
        <LatLonAltBox>
          <north>39.33429742980725</north>
          <south>39.33217302364838</south>
          <east>26.69403076171874</east>
          <west>26.69128417968750</west>
        </LatLonAltBox>
        <Lod>
          <minLodPixels>128</minLodPixels>
          <maxLodPixels>-1</maxLodPixels>
        </Lod>
      </Region>
      <Link>
        <href>17/75254/81135.kml</href>
        <viewRefreshMode>onRegion</viewRefreshMode>
        <viewFormat/>
      </Link>
    </NetworkLink>
        
    <NetworkLink>
      <name>17/75254/81136.png</name>
      <Region>
        <LatLonAltBox>
          <north>39.33642177141801</north>
          <south>39.33429742980725</south>
          <east>26.69403076171874</east>
          <west>26.69128417968750</west>
        </LatLonAltBox>
        <Lod>
          <minLodPixels>128</minLodPixels>
          <maxLodPixels>-1</maxLodPixels>
        </Lod>
      </Region>
      <Link>
        <href>17/75254/81136.kml</href>
        <viewRefreshMode>onRegion</viewRefreshMode>
        <viewFormat/>
      </Link>
    </NetworkLink>
        
    <NetworkLink>
      <name>17/75254/81137.png</name>
      <Region>
        <LatLonAltBox>
          <north>39.33854604847979</north>
          <south>39.33642177141801</south>
          <east>26.69403076171874</east>
          <west>26.69128417968750</west>
        </LatLonAltBox>
        <Lod>
          <minLodPixels>128</minLodPixels>
          <maxLodPixels>-1</maxLodPixels>
        </Lod>
      </Region>
      <Link>
        <href>17/75254/81137.kml</href>
        <viewRefreshMode>onRegion</viewRefreshMode>
        <viewFormat/>
      </Link>
    </NetworkLink>
        
    <NetworkLink>
      <name>17/75254/81138.png</name>
      <Region>
        <LatLonAltBox>
          <north>39.34067026099156</north>
          <south>39.33854604847979</south>
          <east>26.69403076171874</east>
          <west>26.69128417968750</west>
        </LatLonAltBox>
        <Lod>
          <minLodPixels>128</minLodPixels>
          <maxLodPixels>-1</maxLodPixels>
        </Lod>
      </Region>
      <Link>
        <href>17/75254/81138.kml</href>
        <viewRefreshMode>onRegion</viewRefreshMode>
        <viewFormat/>
      </Link>
    </NetworkLink>
        
    <NetworkLink>
      <name>17/75254/81139.png</name>
      <Region>
        <LatLonAltBox>
          <north>39.34279440895236</north>
          <south>39.34067026099156</south>
          <east>26.69403076171874</east>
          <west>26.69128417968750</west>
        </LatLonAltBox>
        <Lod>
          <minLodPixels>128</minLodPixels>
          <maxLodPixels>-1</maxLodPixels>
        </Lod>
      </Region>
      <Link>
        <href>17/75254/81139.kml</href>
        <viewRefreshMode>onRegion</viewRefreshMode>
        <viewFormat/>
      </Link>
    </NetworkLink>
        
    <NetworkLink>
      <name>17/75254/81140.png</name>
      <Region>
        <LatLonAltBox>
          <north>39.34491849236127</north>
          <south>39.34279440895236</south>
          <east>26.69403076171874</east>
          <west>26.69128417968750</west>
        </LatLonAltBox>
        <Lod>
          <minLodPixels>128</minLodPixels>
          <maxLodPixels>-1</maxLodPixels>
        </Lod>
      </Region>
      <Link>
        <href>17/75254/81140.kml</href>
        <viewRefreshMode>onRegion</viewRefreshMode>
        <viewFormat/>
      </Link>
    </NetworkLink>
        
    <NetworkLink>
      <name>17/75254/81141.png</name>
      <Region>
        <LatLonAltBox>
          <north>39.34704251121732</north>
          <south>39.34491849236127</south>
          <east>26.69403076171874</east>
          <west>26.69128417968750</west>
        </LatLonAltBox>
        <Lod>
          <minLodPixels>128</minLodPixels>
          <maxLodPixels>-1</maxLodPixels>
        </Lod>
      </Region>
      <Link>
        <href>17/75254/81141.kml</href>
        <viewRefreshMode>onRegion</viewRefreshMode>
        <viewFormat/>
      </Link>
    </NetworkLink>
        
    <NetworkLink>
      <name>17/75254/81142.png</name>
      <Region>
        <LatLonAltBox>
          <north>39.34916646551957</north>
          <south>39.34704251121732</south>
          <east>26.69403076171874</east>
          <west>26.69128417968750</west>
        </LatLonAltBox>
        <Lod>
          <minLodPixels>128</minLodPixels>
          <maxLodPixels>-1</maxLodPixels>
        </Lod>
      </Region>
      <Link>
        <href>17/75254/81142.kml</href>
        <viewRefreshMode>onRegion</viewRefreshMode>
        <viewFormat/>
      </Link>
    </NetworkLink>
        
    <NetworkLink>
      <name>17/75254/81143.png</name>
      <Region>
        <LatLonAltBox>
          <north>39.35129035526705</north>
          <south>39.34916646551957</south>
          <east>26.69403076171874</east>
          <west>26.69128417968750</west>
        </LatLonAltBox>
        <Lod>
          <minLodPixels>128</minLodPixels>
          <maxLodPixels>-1</maxLodPixels>
        </Lod>
      </Region>
      <Link>
        <href>17/75254/81143.kml</href>
        <viewRefreshMode>onRegion</viewRefreshMode>
        <viewFormat/>
      </Link>
    </NetworkLink>
        
    <NetworkLink>
      <name>17/75254/81144.png</name>
      <Region>
        <LatLonAltBox>
          <north>39.35341418045878</north>
          <south>39.35129035526705</south>
          <east>26.69403076171874</east>
          <west>26.69128417968750</west>
        </LatLonAltBox>
        <Lod>
          <minLodPixels>128</minLodPixels>
          <maxLodPixels>-1</maxLodPixels>
        </Lod>
      </Region>
      <Link>
        <href>17/75254/81144.kml</href>
        <viewRefreshMode>onRegion</viewRefreshMode>
        <viewFormat/>
      </Link>
    </NetworkLink>
        
    <NetworkLink>
      <name>17/75255/81118.png</name>
      <Region>
        <LatLonAltBox>
          <north>39.29817374735305</north>
          <south>39.29604824402409</south>
          <east>26.69677734374999</east>
          <west>26.69403076171874</west>
        </LatLonAltBox>
        <Lod>
          <minLodPixels>128</minLodPixels>
          <maxLodPixels>-1</maxLodPixels>
        </Lod>
      </Region>
      <Link>
        <href>17/75255/81118.kml</href>
        <viewRefreshMode>onRegion</viewRefreshMode>
        <viewFormat/>
      </Link>
    </NetworkLink>
        
    <NetworkLink>
      <name>17/75255/81119.png</name>
      <Region>
        <LatLonAltBox>
          <north>39.30029918615029</north>
          <south>39.29817374735305</south>
          <east>26.69677734374999</east>
          <west>26.69403076171874</west>
        </LatLonAltBox>
        <Lod>
          <minLodPixels>128</minLodPixels>
          <maxLodPixels>-1</maxLodPixels>
        </Lod>
      </Region>
      <Link>
        <href>17/75255/81119.kml</href>
        <viewRefreshMode>onRegion</viewRefreshMode>
        <viewFormat/>
      </Link>
    </NetworkLink>
        
    <NetworkLink>
      <name>17/75255/81120.png</name>
      <Region>
        <LatLonAltBox>
          <north>39.30242456041487</north>
          <south>39.30029918615029</south>
          <east>26.69677734374999</east>
          <west>26.69403076171874</west>
        </LatLonAltBox>
        <Lod>
          <minLodPixels>128</minLodPixels>
          <maxLodPixels>-1</maxLodPixels>
        </Lod>
      </Region>
      <Link>
        <href>17/75255/81120.kml</href>
        <viewRefreshMode>onRegion</viewRefreshMode>
        <viewFormat/>
      </Link>
    </NetworkLink>
        
    <NetworkLink>
      <name>17/75255/81121.png</name>
      <Region>
        <LatLonAltBox>
          <north>39.30454987014581</north>
          <south>39.30242456041487</south>
          <east>26.69677734374999</east>
          <west>26.69403076171874</west>
        </LatLonAltBox>
        <Lod>
          <minLodPixels>128</minLodPixels>
          <maxLodPixels>-1</maxLodPixels>
        </Lod>
      </Region>
      <Link>
        <href>17/75255/81121.kml</href>
        <viewRefreshMode>onRegion</viewRefreshMode>
        <viewFormat/>
      </Link>
    </NetworkLink>
        
    <NetworkLink>
      <name>17/75255/81122.png</name>
      <Region>
        <LatLonAltBox>
          <north>39.30667511534213</north>
          <south>39.30454987014581</south>
          <east>26.69677734374999</east>
          <west>26.69403076171874</west>
        </LatLonAltBox>
        <Lod>
          <minLodPixels>128</minLodPixels>
          <maxLodPixels>-1</maxLodPixels>
        </Lod>
      </Region>
      <Link>
        <href>17/75255/81122.kml</href>
        <viewRefreshMode>onRegion</viewRefreshMode>
        <viewFormat/>
      </Link>
    </NetworkLink>
        
    <NetworkLink>
      <name>17/75255/81123.png</name>
      <Region>
        <LatLonAltBox>
          <north>39.30880029600291</north>
          <south>39.30667511534213</south>
          <east>26.69677734374999</east>
          <west>26.69403076171874</west>
        </LatLonAltBox>
        <Lod>
          <minLodPixels>128</minLodPixels>
          <maxLodPixels>-1</maxLodPixels>
        </Lod>
      </Region>
      <Link>
        <href>17/75255/81123.kml</href>
        <viewRefreshMode>onRegion</viewRefreshMode>
        <viewFormat/>
      </Link>
    </NetworkLink>
        
    <NetworkLink>
      <name>17/75255/81124.png</name>
      <Region>
        <LatLonAltBox>
          <north>39.31092541212715</north>
          <south>39.30880029600291</south>
          <east>26.69677734374999</east>
          <west>26.69403076171874</west>
        </LatLonAltBox>
        <Lod>
          <minLodPixels>128</minLodPixels>
          <maxLodPixels>-1</maxLodPixels>
        </Lod>
      </Region>
      <Link>
        <href>17/75255/81124.kml</href>
        <viewRefreshMode>onRegion</viewRefreshMode>
        <viewFormat/>
      </Link>
    </NetworkLink>
        
    <NetworkLink>
      <name>17/75255/81125.png</name>
      <Region>
        <LatLonAltBox>
          <north>39.31305046371388</north>
          <south>39.31092541212715</south>
          <east>26.69677734374999</east>
          <west>26.69403076171874</west>
        </LatLonAltBox>
        <Lod>
          <minLodPixels>128</minLodPixels>
          <maxLodPixels>-1</maxLodPixels>
        </Lod>
      </Region>
      <Link>
        <href>17/75255/81125.kml</href>
        <viewRefreshMode>onRegion</viewRefreshMode>
        <viewFormat/>
      </Link>
    </NetworkLink>
        
    <NetworkLink>
      <name>17/75255/81126.png</name>
      <Region>
        <LatLonAltBox>
          <north>39.31517545076215</north>
          <south>39.31305046371388</south>
          <east>26.69677734374999</east>
          <west>26.69403076171874</west>
        </LatLonAltBox>
        <Lod>
          <minLodPixels>128</minLodPixels>
          <maxLodPixels>-1</maxLodPixels>
        </Lod>
      </Region>
      <Link>
        <href>17/75255/81126.kml</href>
        <viewRefreshMode>onRegion</viewRefreshMode>
        <viewFormat/>
      </Link>
    </NetworkLink>
        
    <NetworkLink>
      <name>17/75255/81127.png</name>
      <Region>
        <LatLonAltBox>
          <north>39.31730037327102</north>
          <south>39.31517545076215</south>
          <east>26.69677734374999</east>
          <west>26.69403076171874</west>
        </LatLonAltBox>
        <Lod>
          <minLodPixels>128</minLodPixels>
          <maxLodPixels>-1</maxLodPixels>
        </Lod>
      </Region>
      <Link>
        <href>17/75255/81127.kml</href>
        <viewRefreshMode>onRegion</viewRefreshMode>
        <viewFormat/>
      </Link>
    </NetworkLink>
        
    <NetworkLink>
      <name>17/75255/81128.png</name>
      <Region>
        <LatLonAltBox>
          <north>39.31942523123952</north>
          <south>39.31730037327102</south>
          <east>26.69677734374999</east>
          <west>26.69403076171874</west>
        </LatLonAltBox>
        <Lod>
          <minLodPixels>128</minLodPixels>
          <maxLodPixels>-1</maxLodPixels>
        </Lod>
      </Region>
      <Link>
        <href>17/75255/81128.kml</href>
        <viewRefreshMode>onRegion</viewRefreshMode>
        <viewFormat/>
      </Link>
    </NetworkLink>
        
    <NetworkLink>
      <name>17/75255/81129.png</name>
      <Region>
        <LatLonAltBox>
          <north>39.32155002466662</north>
          <south>39.31942523123952</south>
          <east>26.69677734374999</east>
          <west>26.69403076171874</west>
        </LatLonAltBox>
        <Lod>
          <minLodPixels>128</minLodPixels>
          <maxLodPixels>-1</maxLodPixels>
        </Lod>
      </Region>
      <Link>
        <href>17/75255/81129.kml</href>
        <viewRefreshMode>onRegion</viewRefreshMode>
        <viewFormat/>
      </Link>
    </NetworkLink>
        
    <NetworkLink>
      <name>17/75255/81130.png</name>
      <Region>
        <LatLonAltBox>
          <north>39.32367475355144</north>
          <south>39.32155002466662</south>
          <east>26.69677734374999</east>
          <west>26.69403076171874</west>
        </LatLonAltBox>
        <Lod>
          <minLodPixels>128</minLodPixels>
          <maxLodPixels>-1</maxLodPixels>
        </Lod>
      </Region>
      <Link>
        <href>17/75255/81130.kml</href>
        <viewRefreshMode>onRegion</viewRefreshMode>
        <viewFormat/>
      </Link>
    </NetworkLink>
        
    <NetworkLink>
      <name>17/75255/81131.png</name>
      <Region>
        <LatLonAltBox>
          <north>39.32579941789298</north>
          <south>39.32367475355144</south>
          <east>26.69677734374999</east>
          <west>26.69403076171874</west>
        </LatLonAltBox>
        <Lod>
          <minLodPixels>128</minLodPixels>
          <maxLodPixels>-1</maxLodPixels>
        </Lod>
      </Region>
      <Link>
        <href>17/75255/81131.kml</href>
        <viewRefreshMode>onRegion</viewRefreshMode>
        <viewFormat/>
      </Link>
    </NetworkLink>
        
    <NetworkLink>
      <name>17/75255/81132.png</name>
      <Region>
        <LatLonAltBox>
          <north>39.32792401769030</north>
          <south>39.32579941789298</south>
          <east>26.69677734374999</east>
          <west>26.69403076171874</west>
        </LatLonAltBox>
        <Lod>
          <minLodPixels>128</minLodPixels>
          <maxLodPixels>-1</maxLodPixels>
        </Lod>
      </Region>
      <Link>
        <href>17/75255/81132.kml</href>
        <viewRefreshMode>onRegion</viewRefreshMode>
        <viewFormat/>
      </Link>
    </NetworkLink>
        
    <NetworkLink>
      <name>17/75255/81133.png</name>
      <Region>
        <LatLonAltBox>
          <north>39.33004855294242</north>
          <south>39.32792401769030</south>
          <east>26.69677734374999</east>
          <west>26.69403076171874</west>
        </LatLonAltBox>
        <Lod>
          <minLodPixels>128</minLodPixels>
          <maxLodPixels>-1</maxLodPixels>
        </Lod>
      </Region>
      <Link>
        <href>17/75255/81133.kml</href>
        <viewRefreshMode>onRegion</viewRefreshMode>
        <viewFormat/>
      </Link>
    </NetworkLink>
        
    <NetworkLink>
      <name>17/75255/81134.png</name>
      <Region>
        <LatLonAltBox>
          <north>39.33217302364838</north>
          <south>39.33004855294242</south>
          <east>26.69677734374999</east>
          <west>26.69403076171874</west>
        </LatLonAltBox>
        <Lod>
          <minLodPixels>128</minLodPixels>
          <maxLodPixels>-1</maxLodPixels>
        </Lod>
      </Region>
      <Link>
        <href>17/75255/81134.kml</href>
        <viewRefreshMode>onRegion</viewRefreshMode>
        <viewFormat/>
      </Link>
    </NetworkLink>
        
    <NetworkLink>
      <name>17/75255/81135.png</name>
      <Region>
        <LatLonAltBox>
          <north>39.33429742980725</north>
          <south>39.33217302364838</south>
          <east>26.69677734374999</east>
          <west>26.69403076171874</west>
        </LatLonAltBox>
        <Lod>
          <minLodPixels>128</minLodPixels>
          <maxLodPixels>-1</maxLodPixels>
        </Lod>
      </Region>
      <Link>
        <href>17/75255/81135.kml</href>
        <viewRefreshMode>onRegion</viewRefreshMode>
        <viewFormat/>
      </Link>
    </NetworkLink>
        
    <NetworkLink>
      <name>17/75255/81136.png</name>
      <Region>
        <LatLonAltBox>
          <north>39.33642177141801</north>
          <south>39.33429742980725</south>
          <east>26.69677734374999</east>
          <west>26.69403076171874</west>
        </LatLonAltBox>
        <Lod>
          <minLodPixels>128</minLodPixels>
          <maxLodPixels>-1</maxLodPixels>
        </Lod>
      </Region>
      <Link>
        <href>17/75255/81136.kml</href>
        <viewRefreshMode>onRegion</viewRefreshMode>
        <viewFormat/>
      </Link>
    </NetworkLink>
        
    <NetworkLink>
      <name>17/75255/81137.png</name>
      <Region>
        <LatLonAltBox>
          <north>39.33854604847979</north>
          <south>39.33642177141801</south>
          <east>26.69677734374999</east>
          <west>26.69403076171874</west>
        </LatLonAltBox>
        <Lod>
          <minLodPixels>128</minLodPixels>
          <maxLodPixels>-1</maxLodPixels>
        </Lod>
      </Region>
      <Link>
        <href>17/75255/81137.kml</href>
        <viewRefreshMode>onRegion</viewRefreshMode>
        <viewFormat/>
      </Link>
    </NetworkLink>
        
    <NetworkLink>
      <name>17/75255/81138.png</name>
      <Region>
        <LatLonAltBox>
          <north>39.34067026099156</north>
          <south>39.33854604847979</south>
          <east>26.69677734374999</east>
          <west>26.69403076171874</west>
        </LatLonAltBox>
        <Lod>
          <minLodPixels>128</minLodPixels>
          <maxLodPixels>-1</maxLodPixels>
        </Lod>
      </Region>
      <Link>
        <href>17/75255/81138.kml</href>
        <viewRefreshMode>onRegion</viewRefreshMode>
        <viewFormat/>
      </Link>
    </NetworkLink>
        
    <NetworkLink>
      <name>17/75255/81139.png</name>
      <Region>
        <LatLonAltBox>
          <north>39.34279440895236</north>
          <south>39.34067026099156</south>
          <east>26.69677734374999</east>
          <west>26.69403076171874</west>
        </LatLonAltBox>
        <Lod>
          <minLodPixels>128</minLodPixels>
          <maxLodPixels>-1</maxLodPixels>
        </Lod>
      </Region>
      <Link>
        <href>17/75255/81139.kml</href>
        <viewRefreshMode>onRegion</viewRefreshMode>
        <viewFormat/>
      </Link>
    </NetworkLink>
        
    <NetworkLink>
      <name>17/75255/81140.png</name>
      <Region>
        <LatLonAltBox>
          <north>39.34491849236127</north>
          <south>39.34279440895236</south>
          <east>26.69677734374999</east>
          <west>26.69403076171874</west>
        </LatLonAltBox>
        <Lod>
          <minLodPixels>128</minLodPixels>
          <maxLodPixels>-1</maxLodPixels>
        </Lod>
      </Region>
      <Link>
        <href>17/75255/81140.kml</href>
        <viewRefreshMode>onRegion</viewRefreshMode>
        <viewFormat/>
      </Link>
    </NetworkLink>
        
    <NetworkLink>
      <name>17/75255/81141.png</name>
      <Region>
        <LatLonAltBox>
          <north>39.34704251121732</north>
          <south>39.34491849236127</south>
          <east>26.69677734374999</east>
          <west>26.69403076171874</west>
        </LatLonAltBox>
        <Lod>
          <minLodPixels>128</minLodPixels>
          <maxLodPixels>-1</maxLodPixels>
        </Lod>
      </Region>
      <Link>
        <href>17/75255/81141.kml</href>
        <viewRefreshMode>onRegion</viewRefreshMode>
        <viewFormat/>
      </Link>
    </NetworkLink>
        
    <NetworkLink>
      <name>17/75255/81142.png</name>
      <Region>
        <LatLonAltBox>
          <north>39.34916646551957</north>
          <south>39.34704251121732</south>
          <east>26.69677734374999</east>
          <west>26.69403076171874</west>
        </LatLonAltBox>
        <Lod>
          <minLodPixels>128</minLodPixels>
          <maxLodPixels>-1</maxLodPixels>
        </Lod>
      </Region>
      <Link>
        <href>17/75255/81142.kml</href>
        <viewRefreshMode>onRegion</viewRefreshMode>
        <viewFormat/>
      </Link>
    </NetworkLink>
        
    <NetworkLink>
      <name>17/75255/81143.png</name>
      <Region>
        <LatLonAltBox>
          <north>39.35129035526705</north>
          <south>39.34916646551957</south>
          <east>26.69677734374999</east>
          <west>26.69403076171874</west>
        </LatLonAltBox>
        <Lod>
          <minLodPixels>128</minLodPixels>
          <maxLodPixels>-1</maxLodPixels>
        </Lod>
      </Region>
      <Link>
        <href>17/75255/81143.kml</href>
        <viewRefreshMode>onRegion</viewRefreshMode>
        <viewFormat/>
      </Link>
    </NetworkLink>
        
    <NetworkLink>
      <name>17/75255/81144.png</name>
      <Region>
        <LatLonAltBox>
          <north>39.35341418045878</north>
          <south>39.35129035526705</south>
          <east>26.69677734374999</east>
          <west>26.69403076171874</west>
        </LatLonAltBox>
        <Lod>
          <minLodPixels>128</minLodPixels>
          <maxLodPixels>-1</maxLodPixels>
        </Lod>
      </Region>
      <Link>
        <href>17/75255/81144.kml</href>
        <viewRefreshMode>onRegion</viewRefreshMode>
        <viewFormat/>
      </Link>
    </NetworkLink>
        
    <NetworkLink>
      <name>17/75256/81118.png</name>
      <Region>
        <LatLonAltBox>
          <north>39.29817374735305</north>
          <south>39.29604824402409</south>
          <east>26.69952392578124</east>
          <west>26.69677734374999</west>
        </LatLonAltBox>
        <Lod>
          <minLodPixels>128</minLodPixels>
          <maxLodPixels>-1</maxLodPixels>
        </Lod>
      </Region>
      <Link>
        <href>17/75256/81118.kml</href>
        <viewRefreshMode>onRegion</viewRefreshMode>
        <viewFormat/>
      </Link>
    </NetworkLink>
        
    <NetworkLink>
      <name>17/75256/81119.png</name>
      <Region>
        <LatLonAltBox>
          <north>39.30029918615029</north>
          <south>39.29817374735305</south>
          <east>26.69952392578124</east>
          <west>26.69677734374999</west>
        </LatLonAltBox>
        <Lod>
          <minLodPixels>128</minLodPixels>
          <maxLodPixels>-1</maxLodPixels>
        </Lod>
      </Region>
      <Link>
        <href>17/75256/81119.kml</href>
        <viewRefreshMode>onRegion</viewRefreshMode>
        <viewFormat/>
      </Link>
    </NetworkLink>
        
    <NetworkLink>
      <name>17/75256/81120.png</name>
      <Region>
        <LatLonAltBox>
          <north>39.30242456041487</north>
          <south>39.30029918615029</south>
          <east>26.69952392578124</east>
          <west>26.69677734374999</west>
        </LatLonAltBox>
        <Lod>
          <minLodPixels>128</minLodPixels>
          <maxLodPixels>-1</maxLodPixels>
        </Lod>
      </Region>
      <Link>
        <href>17/75256/81120.kml</href>
        <viewRefreshMode>onRegion</viewRefreshMode>
        <viewFormat/>
      </Link>
    </NetworkLink>
        
    <NetworkLink>
      <name>17/75256/81121.png</name>
      <Region>
        <LatLonAltBox>
          <north>39.30454987014581</north>
          <south>39.30242456041487</south>
          <east>26.69952392578124</east>
          <west>26.69677734374999</west>
        </LatLonAltBox>
        <Lod>
          <minLodPixels>128</minLodPixels>
          <maxLodPixels>-1</maxLodPixels>
        </Lod>
      </Region>
      <Link>
        <href>17/75256/81121.kml</href>
        <viewRefreshMode>onRegion</viewRefreshMode>
        <viewFormat/>
      </Link>
    </NetworkLink>
        
    <NetworkLink>
      <name>17/75256/81122.png</name>
      <Region>
        <LatLonAltBox>
          <north>39.30667511534213</north>
          <south>39.30454987014581</south>
          <east>26.69952392578124</east>
          <west>26.69677734374999</west>
        </LatLonAltBox>
        <Lod>
          <minLodPixels>128</minLodPixels>
          <maxLodPixels>-1</maxLodPixels>
        </Lod>
      </Region>
      <Link>
        <href>17/75256/81122.kml</href>
        <viewRefreshMode>onRegion</viewRefreshMode>
        <viewFormat/>
      </Link>
    </NetworkLink>
        
    <NetworkLink>
      <name>17/75256/81123.png</name>
      <Region>
        <LatLonAltBox>
          <north>39.30880029600291</north>
          <south>39.30667511534213</south>
          <east>26.69952392578124</east>
          <west>26.69677734374999</west>
        </LatLonAltBox>
        <Lod>
          <minLodPixels>128</minLodPixels>
          <maxLodPixels>-1</maxLodPixels>
        </Lod>
      </Region>
      <Link>
        <href>17/75256/81123.kml</href>
        <viewRefreshMode>onRegion</viewRefreshMode>
        <viewFormat/>
      </Link>
    </NetworkLink>
        
    <NetworkLink>
      <name>17/75256/81124.png</name>
      <Region>
        <LatLonAltBox>
          <north>39.31092541212715</north>
          <south>39.30880029600291</south>
          <east>26.69952392578124</east>
          <west>26.69677734374999</west>
        </LatLonAltBox>
        <Lod>
          <minLodPixels>128</minLodPixels>
          <maxLodPixels>-1</maxLodPixels>
        </Lod>
      </Region>
      <Link>
        <href>17/75256/81124.kml</href>
        <viewRefreshMode>onRegion</viewRefreshMode>
        <viewFormat/>
      </Link>
    </NetworkLink>
        
    <NetworkLink>
      <name>17/75256/81125.png</name>
      <Region>
        <LatLonAltBox>
          <north>39.31305046371388</north>
          <south>39.31092541212715</south>
          <east>26.69952392578124</east>
          <west>26.69677734374999</west>
        </LatLonAltBox>
        <Lod>
          <minLodPixels>128</minLodPixels>
          <maxLodPixels>-1</maxLodPixels>
        </Lod>
      </Region>
      <Link>
        <href>17/75256/81125.kml</href>
        <viewRefreshMode>onRegion</viewRefreshMode>
        <viewFormat/>
      </Link>
    </NetworkLink>
        
    <NetworkLink>
      <name>17/75256/81126.png</name>
      <Region>
        <LatLonAltBox>
          <north>39.31517545076215</north>
          <south>39.31305046371388</south>
          <east>26.69952392578124</east>
          <west>26.69677734374999</west>
        </LatLonAltBox>
        <Lod>
          <minLodPixels>128</minLodPixels>
          <maxLodPixels>-1</maxLodPixels>
        </Lod>
      </Region>
      <Link>
        <href>17/75256/81126.kml</href>
        <viewRefreshMode>onRegion</viewRefreshMode>
        <viewFormat/>
      </Link>
    </NetworkLink>
        
    <NetworkLink>
      <name>17/75256/81127.png</name>
      <Region>
        <LatLonAltBox>
          <north>39.31730037327102</north>
          <south>39.31517545076215</south>
          <east>26.69952392578124</east>
          <west>26.69677734374999</west>
        </LatLonAltBox>
        <Lod>
          <minLodPixels>128</minLodPixels>
          <maxLodPixels>-1</maxLodPixels>
        </Lod>
      </Region>
      <Link>
        <href>17/75256/81127.kml</href>
        <viewRefreshMode>onRegion</viewRefreshMode>
        <viewFormat/>
      </Link>
    </NetworkLink>
        
    <NetworkLink>
      <name>17/75256/81128.png</name>
      <Region>
        <LatLonAltBox>
          <north>39.31942523123952</north>
          <south>39.31730037327102</south>
          <east>26.69952392578124</east>
          <west>26.69677734374999</west>
        </LatLonAltBox>
        <Lod>
          <minLodPixels>128</minLodPixels>
          <maxLodPixels>-1</maxLodPixels>
        </Lod>
      </Region>
      <Link>
        <href>17/75256/81128.kml</href>
        <viewRefreshMode>onRegion</viewRefreshMode>
        <viewFormat/>
      </Link>
    </NetworkLink>
        
    <NetworkLink>
      <name>17/75256/81129.png</name>
      <Region>
        <LatLonAltBox>
          <north>39.32155002466662</north>
          <south>39.31942523123952</south>
          <east>26.69952392578124</east>
          <west>26.69677734374999</west>
        </LatLonAltBox>
        <Lod>
          <minLodPixels>128</minLodPixels>
          <maxLodPixels>-1</maxLodPixels>
        </Lod>
      </Region>
      <Link>
        <href>17/75256/81129.kml</href>
        <viewRefreshMode>onRegion</viewRefreshMode>
        <viewFormat/>
      </Link>
    </NetworkLink>
        
    <NetworkLink>
      <name>17/75256/81130.png</name>
      <Region>
        <LatLonAltBox>
          <north>39.32367475355144</north>
          <south>39.32155002466662</south>
          <east>26.69952392578124</east>
          <west>26.69677734374999</west>
        </LatLonAltBox>
        <Lod>
          <minLodPixels>128</minLodPixels>
          <maxLodPixels>-1</maxLodPixels>
        </Lod>
      </Region>
      <Link>
        <href>17/75256/81130.kml</href>
        <viewRefreshMode>onRegion</viewRefreshMode>
        <viewFormat/>
      </Link>
    </NetworkLink>
        
    <NetworkLink>
      <name>17/75256/81131.png</name>
      <Region>
        <LatLonAltBox>
          <north>39.32579941789298</north>
          <south>39.32367475355144</south>
          <east>26.69952392578124</east>
          <west>26.69677734374999</west>
        </LatLonAltBox>
        <Lod>
          <minLodPixels>128</minLodPixels>
          <maxLodPixels>-1</maxLodPixels>
        </Lod>
      </Region>
      <Link>
        <href>17/75256/81131.kml</href>
        <viewRefreshMode>onRegion</viewRefreshMode>
        <viewFormat/>
      </Link>
    </NetworkLink>
        
    <NetworkLink>
      <name>17/75256/81132.png</name>
      <Region>
        <LatLonAltBox>
          <north>39.32792401769030</north>
          <south>39.32579941789298</south>
          <east>26.69952392578124</east>
          <west>26.69677734374999</west>
        </LatLonAltBox>
        <Lod>
          <minLodPixels>128</minLodPixels>
          <maxLodPixels>-1</maxLodPixels>
        </Lod>
      </Region>
      <Link>
        <href>17/75256/81132.kml</href>
        <viewRefreshMode>onRegion</viewRefreshMode>
        <viewFormat/>
      </Link>
    </NetworkLink>
        
    <NetworkLink>
      <name>17/75256/81133.png</name>
      <Region>
        <LatLonAltBox>
          <north>39.33004855294242</north>
          <south>39.32792401769030</south>
          <east>26.69952392578124</east>
          <west>26.69677734374999</west>
        </LatLonAltBox>
        <Lod>
          <minLodPixels>128</minLodPixels>
          <maxLodPixels>-1</maxLodPixels>
        </Lod>
      </Region>
      <Link>
        <href>17/75256/81133.kml</href>
        <viewRefreshMode>onRegion</viewRefreshMode>
        <viewFormat/>
      </Link>
    </NetworkLink>
        
    <NetworkLink>
      <name>17/75256/81134.png</name>
      <Region>
        <LatLonAltBox>
          <north>39.33217302364838</north>
          <south>39.33004855294242</south>
          <east>26.69952392578124</east>
          <west>26.69677734374999</west>
        </LatLonAltBox>
        <Lod>
          <minLodPixels>128</minLodPixels>
          <maxLodPixels>-1</maxLodPixels>
        </Lod>
      </Region>
      <Link>
        <href>17/75256/81134.kml</href>
        <viewRefreshMode>onRegion</viewRefreshMode>
        <viewFormat/>
      </Link>
    </NetworkLink>
        
    <NetworkLink>
      <name>17/75256/81135.png</name>
      <Region>
        <LatLonAltBox>
          <north>39.33429742980725</north>
          <south>39.33217302364838</south>
          <east>26.69952392578124</east>
          <west>26.69677734374999</west>
        </LatLonAltBox>
        <Lod>
          <minLodPixels>128</minLodPixels>
          <maxLodPixels>-1</maxLodPixels>
        </Lod>
      </Region>
      <Link>
        <href>17/75256/81135.kml</href>
        <viewRefreshMode>onRegion</viewRefreshMode>
        <viewFormat/>
      </Link>
    </NetworkLink>
        
    <NetworkLink>
      <name>17/75256/81136.png</name>
      <Region>
        <LatLonAltBox>
          <north>39.33642177141801</north>
          <south>39.33429742980725</south>
          <east>26.69952392578124</east>
          <west>26.69677734374999</west>
        </LatLonAltBox>
        <Lod>
          <minLodPixels>128</minLodPixels>
          <maxLodPixels>-1</maxLodPixels>
        </Lod>
      </Region>
      <Link>
        <href>17/75256/81136.kml</href>
        <viewRefreshMode>onRegion</viewRefreshMode>
        <viewFormat/>
      </Link>
    </NetworkLink>
        
    <NetworkLink>
      <name>17/75256/81137.png</name>
      <Region>
        <LatLonAltBox>
          <north>39.33854604847979</north>
          <south>39.33642177141801</south>
          <east>26.69952392578124</east>
          <west>26.69677734374999</west>
        </LatLonAltBox>
        <Lod>
          <minLodPixels>128</minLodPixels>
          <maxLodPixels>-1</maxLodPixels>
        </Lod>
      </Region>
      <Link>
        <href>17/75256/81137.kml</href>
        <viewRefreshMode>onRegion</viewRefreshMode>
        <viewFormat/>
      </Link>
    </NetworkLink>
        
    <NetworkLink>
      <name>17/75256/81138.png</name>
      <Region>
        <LatLonAltBox>
          <north>39.34067026099156</north>
          <south>39.33854604847979</south>
          <east>26.69952392578124</east>
          <west>26.69677734374999</west>
        </LatLonAltBox>
        <Lod>
          <minLodPixels>128</minLodPixels>
          <maxLodPixels>-1</maxLodPixels>
        </Lod>
      </Region>
      <Link>
        <href>17/75256/81138.kml</href>
        <viewRefreshMode>onRegion</viewRefreshMode>
        <viewFormat/>
      </Link>
    </NetworkLink>
        
    <NetworkLink>
      <name>17/75256/81139.png</name>
      <Region>
        <LatLonAltBox>
          <north>39.34279440895236</north>
          <south>39.34067026099156</south>
          <east>26.69952392578124</east>
          <west>26.69677734374999</west>
        </LatLonAltBox>
        <Lod>
          <minLodPixels>128</minLodPixels>
          <maxLodPixels>-1</maxLodPixels>
        </Lod>
      </Region>
      <Link>
        <href>17/75256/81139.kml</href>
        <viewRefreshMode>onRegion</viewRefreshMode>
        <viewFormat/>
      </Link>
    </NetworkLink>
        
    <NetworkLink>
      <name>17/75256/81140.png</name>
      <Region>
        <LatLonAltBox>
          <north>39.34491849236127</north>
          <south>39.34279440895236</south>
          <east>26.69952392578124</east>
          <west>26.69677734374999</west>
        </LatLonAltBox>
        <Lod>
          <minLodPixels>128</minLodPixels>
          <maxLodPixels>-1</maxLodPixels>
        </Lod>
      </Region>
      <Link>
        <href>17/75256/81140.kml</href>
        <viewRefreshMode>onRegion</viewRefreshMode>
        <viewFormat/>
      </Link>
    </NetworkLink>
        
    <NetworkLink>
      <name>17/75256/81141.png</name>
      <Region>
        <LatLonAltBox>
          <north>39.34704251121732</north>
          <south>39.34491849236127</south>
          <east>26.69952392578124</east>
          <west>26.69677734374999</west>
        </LatLonAltBox>
        <Lod>
          <minLodPixels>128</minLodPixels>
          <maxLodPixels>-1</maxLodPixels>
        </Lod>
      </Region>
      <Link>
        <href>17/75256/81141.kml</href>
        <viewRefreshMode>onRegion</viewRefreshMode>
        <viewFormat/>
      </Link>
    </NetworkLink>
        
    <NetworkLink>
      <name>17/75256/81142.png</name>
      <Region>
        <LatLonAltBox>
          <north>39.34916646551957</north>
          <south>39.34704251121732</south>
          <east>26.69952392578124</east>
          <west>26.69677734374999</west>
        </LatLonAltBox>
        <Lod>
          <minLodPixels>128</minLodPixels>
          <maxLodPixels>-1</maxLodPixels>
        </Lod>
      </Region>
      <Link>
        <href>17/75256/81142.kml</href>
        <viewRefreshMode>onRegion</viewRefreshMode>
        <viewFormat/>
      </Link>
    </NetworkLink>
        
    <NetworkLink>
      <name>17/75256/81143.png</name>
      <Region>
        <LatLonAltBox>
          <north>39.35129035526705</north>
          <south>39.34916646551957</south>
          <east>26.69952392578124</east>
          <west>26.69677734374999</west>
        </LatLonAltBox>
        <Lod>
          <minLodPixels>128</minLodPixels>
          <maxLodPixels>-1</maxLodPixels>
        </Lod>
      </Region>
      <Link>
        <href>17/75256/81143.kml</href>
        <viewRefreshMode>onRegion</viewRefreshMode>
        <viewFormat/>
      </Link>
    </NetworkLink>
        
    <NetworkLink>
      <name>17/75256/81144.png</name>
      <Region>
        <LatLonAltBox>
          <north>39.35341418045878</north>
          <south>39.35129035526705</south>
          <east>26.69952392578124</east>
          <west>26.69677734374999</west>
        </LatLonAltBox>
        <Lod>
          <minLodPixels>128</minLodPixels>
          <maxLodPixels>-1</maxLodPixels>
        </Lod>
      </Region>
      <Link>
        <href>17/75256/81144.kml</href>
        <viewRefreshMode>onRegion</viewRefreshMode>
        <viewFormat/>
      </Link>
    </NetworkLink>
        
    <NetworkLink>
      <name>17/75257/81118.png</name>
      <Region>
        <LatLonAltBox>
          <north>39.29817374735305</north>
          <south>39.29604824402409</south>
          <east>26.70227050781249</east>
          <west>26.69952392578124</west>
        </LatLonAltBox>
        <Lod>
          <minLodPixels>128</minLodPixels>
          <maxLodPixels>-1</maxLodPixels>
        </Lod>
      </Region>
      <Link>
        <href>17/75257/81118.kml</href>
        <viewRefreshMode>onRegion</viewRefreshMode>
        <viewFormat/>
      </Link>
    </NetworkLink>
        
    <NetworkLink>
      <name>17/75257/81119.png</name>
      <Region>
        <LatLonAltBox>
          <north>39.30029918615029</north>
          <south>39.29817374735305</south>
          <east>26.70227050781249</east>
          <west>26.69952392578124</west>
        </LatLonAltBox>
        <Lod>
          <minLodPixels>128</minLodPixels>
          <maxLodPixels>-1</maxLodPixels>
        </Lod>
      </Region>
      <Link>
        <href>17/75257/81119.kml</href>
        <viewRefreshMode>onRegion</viewRefreshMode>
        <viewFormat/>
      </Link>
    </NetworkLink>
        
    <NetworkLink>
      <name>17/75257/81120.png</name>
      <Region>
        <LatLonAltBox>
          <north>39.30242456041487</north>
          <south>39.30029918615029</south>
          <east>26.70227050781249</east>
          <west>26.69952392578124</west>
        </LatLonAltBox>
        <Lod>
          <minLodPixels>128</minLodPixels>
          <maxLodPixels>-1</maxLodPixels>
        </Lod>
      </Region>
      <Link>
        <href>17/75257/81120.kml</href>
        <viewRefreshMode>onRegion</viewRefreshMode>
        <viewFormat/>
      </Link>
    </NetworkLink>
        
    <NetworkLink>
      <name>17/75257/81121.png</name>
      <Region>
        <LatLonAltBox>
          <north>39.30454987014581</north>
          <south>39.30242456041487</south>
          <east>26.70227050781249</east>
          <west>26.69952392578124</west>
        </LatLonAltBox>
        <Lod>
          <minLodPixels>128</minLodPixels>
          <maxLodPixels>-1</maxLodPixels>
        </Lod>
      </Region>
      <Link>
        <href>17/75257/81121.kml</href>
        <viewRefreshMode>onRegion</viewRefreshMode>
        <viewFormat/>
      </Link>
    </NetworkLink>
        
    <NetworkLink>
      <name>17/75257/81122.png</name>
      <Region>
        <LatLonAltBox>
          <north>39.30667511534213</north>
          <south>39.30454987014581</south>
          <east>26.70227050781249</east>
          <west>26.69952392578124</west>
        </LatLonAltBox>
        <Lod>
          <minLodPixels>128</minLodPixels>
          <maxLodPixels>-1</maxLodPixels>
        </Lod>
      </Region>
      <Link>
        <href>17/75257/81122.kml</href>
        <viewRefreshMode>onRegion</viewRefreshMode>
        <viewFormat/>
      </Link>
    </NetworkLink>
        
    <NetworkLink>
      <name>17/75257/81123.png</name>
      <Region>
        <LatLonAltBox>
          <north>39.30880029600291</north>
          <south>39.30667511534213</south>
          <east>26.70227050781249</east>
          <west>26.69952392578124</west>
        </LatLonAltBox>
        <Lod>
          <minLodPixels>128</minLodPixels>
          <maxLodPixels>-1</maxLodPixels>
        </Lod>
      </Region>
      <Link>
        <href>17/75257/81123.kml</href>
        <viewRefreshMode>onRegion</viewRefreshMode>
        <viewFormat/>
      </Link>
    </NetworkLink>
        
    <NetworkLink>
      <name>17/75257/81124.png</name>
      <Region>
        <LatLonAltBox>
          <north>39.31092541212715</north>
          <south>39.30880029600291</south>
          <east>26.70227050781249</east>
          <west>26.69952392578124</west>
        </LatLonAltBox>
        <Lod>
          <minLodPixels>128</minLodPixels>
          <maxLodPixels>-1</maxLodPixels>
        </Lod>
      </Region>
      <Link>
        <href>17/75257/81124.kml</href>
        <viewRefreshMode>onRegion</viewRefreshMode>
        <viewFormat/>
      </Link>
    </NetworkLink>
        
    <NetworkLink>
      <name>17/75257/81125.png</name>
      <Region>
        <LatLonAltBox>
          <north>39.31305046371388</north>
          <south>39.31092541212715</south>
          <east>26.70227050781249</east>
          <west>26.69952392578124</west>
        </LatLonAltBox>
        <Lod>
          <minLodPixels>128</minLodPixels>
          <maxLodPixels>-1</maxLodPixels>
        </Lod>
      </Region>
      <Link>
        <href>17/75257/81125.kml</href>
        <viewRefreshMode>onRegion</viewRefreshMode>
        <viewFormat/>
      </Link>
    </NetworkLink>
        
    <NetworkLink>
      <name>17/75257/81126.png</name>
      <Region>
        <LatLonAltBox>
          <north>39.31517545076215</north>
          <south>39.31305046371388</south>
          <east>26.70227050781249</east>
          <west>26.69952392578124</west>
        </LatLonAltBox>
        <Lod>
          <minLodPixels>128</minLodPixels>
          <maxLodPixels>-1</maxLodPixels>
        </Lod>
      </Region>
      <Link>
        <href>17/75257/81126.kml</href>
        <viewRefreshMode>onRegion</viewRefreshMode>
        <viewFormat/>
      </Link>
    </NetworkLink>
        
    <NetworkLink>
      <name>17/75257/81127.png</name>
      <Region>
        <LatLonAltBox>
          <north>39.31730037327102</north>
          <south>39.31517545076215</south>
          <east>26.70227050781249</east>
          <west>26.69952392578124</west>
        </LatLonAltBox>
        <Lod>
          <minLodPixels>128</minLodPixels>
          <maxLodPixels>-1</maxLodPixels>
        </Lod>
      </Region>
      <Link>
        <href>17/75257/81127.kml</href>
        <viewRefreshMode>onRegion</viewRefreshMode>
        <viewFormat/>
      </Link>
    </NetworkLink>
        
    <NetworkLink>
      <name>17/75257/81128.png</name>
      <Region>
        <LatLonAltBox>
          <north>39.31942523123952</north>
          <south>39.31730037327102</south>
          <east>26.70227050781249</east>
          <west>26.69952392578124</west>
        </LatLonAltBox>
        <Lod>
          <minLodPixels>128</minLodPixels>
          <maxLodPixels>-1</maxLodPixels>
        </Lod>
      </Region>
      <Link>
        <href>17/75257/81128.kml</href>
        <viewRefreshMode>onRegion</viewRefreshMode>
        <viewFormat/>
      </Link>
    </NetworkLink>
        
    <NetworkLink>
      <name>17/75257/81129.png</name>
      <Region>
        <LatLonAltBox>
          <north>39.32155002466662</north>
          <south>39.31942523123952</south>
          <east>26.70227050781249</east>
          <west>26.69952392578124</west>
        </LatLonAltBox>
        <Lod>
          <minLodPixels>128</minLodPixels>
          <maxLodPixels>-1</maxLodPixels>
        </Lod>
      </Region>
      <Link>
        <href>17/75257/81129.kml</href>
        <viewRefreshMode>onRegion</viewRefreshMode>
        <viewFormat/>
      </Link>
    </NetworkLink>
        
    <NetworkLink>
      <name>17/75257/81130.png</name>
      <Region>
        <LatLonAltBox>
          <north>39.32367475355144</north>
          <south>39.32155002466662</south>
          <east>26.70227050781249</east>
          <west>26.69952392578124</west>
        </LatLonAltBox>
        <Lod>
          <minLodPixels>128</minLodPixels>
          <maxLodPixels>-1</maxLodPixels>
        </Lod>
      </Region>
      <Link>
        <href>17/75257/81130.kml</href>
        <viewRefreshMode>onRegion</viewRefreshMode>
        <viewFormat/>
      </Link>
    </NetworkLink>
        
    <NetworkLink>
      <name>17/75257/81131.png</name>
      <Region>
        <LatLonAltBox>
          <north>39.32579941789298</north>
          <south>39.32367475355144</south>
          <east>26.70227050781249</east>
          <west>26.69952392578124</west>
        </LatLonAltBox>
        <Lod>
          <minLodPixels>128</minLodPixels>
          <maxLodPixels>-1</maxLodPixels>
        </Lod>
      </Region>
      <Link>
        <href>17/75257/81131.kml</href>
        <viewRefreshMode>onRegion</viewRefreshMode>
        <viewFormat/>
      </Link>
    </NetworkLink>
        
    <NetworkLink>
      <name>17/75257/81132.png</name>
      <Region>
        <LatLonAltBox>
          <north>39.32792401769030</north>
          <south>39.32579941789298</south>
          <east>26.70227050781249</east>
          <west>26.69952392578124</west>
        </LatLonAltBox>
        <Lod>
          <minLodPixels>128</minLodPixels>
          <maxLodPixels>-1</maxLodPixels>
        </Lod>
      </Region>
      <Link>
        <href>17/75257/81132.kml</href>
        <viewRefreshMode>onRegion</viewRefreshMode>
        <viewFormat/>
      </Link>
    </NetworkLink>
        
    <NetworkLink>
      <name>17/75257/81133.png</name>
      <Region>
        <LatLonAltBox>
          <north>39.33004855294242</north>
          <south>39.32792401769030</south>
          <east>26.70227050781249</east>
          <west>26.69952392578124</west>
        </LatLonAltBox>
        <Lod>
          <minLodPixels>128</minLodPixels>
          <maxLodPixels>-1</maxLodPixels>
        </Lod>
      </Region>
      <Link>
        <href>17/75257/81133.kml</href>
        <viewRefreshMode>onRegion</viewRefreshMode>
        <viewFormat/>
      </Link>
    </NetworkLink>
        
    <NetworkLink>
      <name>17/75257/81134.png</name>
      <Region>
        <LatLonAltBox>
          <north>39.33217302364838</north>
          <south>39.33004855294242</south>
          <east>26.70227050781249</east>
          <west>26.69952392578124</west>
        </LatLonAltBox>
        <Lod>
          <minLodPixels>128</minLodPixels>
          <maxLodPixels>-1</maxLodPixels>
        </Lod>
      </Region>
      <Link>
        <href>17/75257/81134.kml</href>
        <viewRefreshMode>onRegion</viewRefreshMode>
        <viewFormat/>
      </Link>
    </NetworkLink>
        
    <NetworkLink>
      <name>17/75257/81135.png</name>
      <Region>
        <LatLonAltBox>
          <north>39.33429742980725</north>
          <south>39.33217302364838</south>
          <east>26.70227050781249</east>
          <west>26.69952392578124</west>
        </LatLonAltBox>
        <Lod>
          <minLodPixels>128</minLodPixels>
          <maxLodPixels>-1</maxLodPixels>
        </Lod>
      </Region>
      <Link>
        <href>17/75257/81135.kml</href>
        <viewRefreshMode>onRegion</viewRefreshMode>
        <viewFormat/>
      </Link>
    </NetworkLink>
        
    <NetworkLink>
      <name>17/75257/81136.png</name>
      <Region>
        <LatLonAltBox>
          <north>39.33642177141801</north>
          <south>39.33429742980725</south>
          <east>26.70227050781249</east>
          <west>26.69952392578124</west>
        </LatLonAltBox>
        <Lod>
          <minLodPixels>128</minLodPixels>
          <maxLodPixels>-1</maxLodPixels>
        </Lod>
      </Region>
      <Link>
        <href>17/75257/81136.kml</href>
        <viewRefreshMode>onRegion</viewRefreshMode>
        <viewFormat/>
      </Link>
    </NetworkLink>
        
    <NetworkLink>
      <name>17/75257/81137.png</name>
      <Region>
        <LatLonAltBox>
          <north>39.33854604847979</north>
          <south>39.33642177141801</south>
          <east>26.70227050781249</east>
          <west>26.69952392578124</west>
        </LatLonAltBox>
        <Lod>
          <minLodPixels>128</minLodPixels>
          <maxLodPixels>-1</maxLodPixels>
        </Lod>
      </Region>
      <Link>
        <href>17/75257/81137.kml</href>
        <viewRefreshMode>onRegion</viewRefreshMode>
        <viewFormat/>
      </Link>
    </NetworkLink>
        
    <NetworkLink>
      <name>17/75257/81138.png</name>
      <Region>
        <LatLonAltBox>
          <north>39.34067026099156</north>
          <south>39.33854604847979</south>
          <east>26.70227050781249</east>
          <west>26.69952392578124</west>
        </LatLonAltBox>
        <Lod>
          <minLodPixels>128</minLodPixels>
          <maxLodPixels>-1</maxLodPixels>
        </Lod>
      </Region>
      <Link>
        <href>17/75257/81138.kml</href>
        <viewRefreshMode>onRegion</viewRefreshMode>
        <viewFormat/>
      </Link>
    </NetworkLink>
        
    <NetworkLink>
      <name>17/75257/81139.png</name>
      <Region>
        <LatLonAltBox>
          <north>39.34279440895236</north>
          <south>39.34067026099156</south>
          <east>26.70227050781249</east>
          <west>26.69952392578124</west>
        </LatLonAltBox>
        <Lod>
          <minLodPixels>128</minLodPixels>
          <maxLodPixels>-1</maxLodPixels>
        </Lod>
      </Region>
      <Link>
        <href>17/75257/81139.kml</href>
        <viewRefreshMode>onRegion</viewRefreshMode>
        <viewFormat/>
      </Link>
    </NetworkLink>
        
    <NetworkLink>
      <name>17/75257/81140.png</name>
      <Region>
        <LatLonAltBox>
          <north>39.34491849236127</north>
          <south>39.34279440895236</south>
          <east>26.70227050781249</east>
          <west>26.69952392578124</west>
        </LatLonAltBox>
        <Lod>
          <minLodPixels>128</minLodPixels>
          <maxLodPixels>-1</maxLodPixels>
        </Lod>
      </Region>
      <Link>
        <href>17/75257/81140.kml</href>
        <viewRefreshMode>onRegion</viewRefreshMode>
        <viewFormat/>
      </Link>
    </NetworkLink>
        
    <NetworkLink>
      <name>17/75257/81141.png</name>
      <Region>
        <LatLonAltBox>
          <north>39.34704251121732</north>
          <south>39.34491849236127</south>
          <east>26.70227050781249</east>
          <west>26.69952392578124</west>
        </LatLonAltBox>
        <Lod>
          <minLodPixels>128</minLodPixels>
          <maxLodPixels>-1</maxLodPixels>
        </Lod>
      </Region>
      <Link>
        <href>17/75257/81141.kml</href>
        <viewRefreshMode>onRegion</viewRefreshMode>
        <viewFormat/>
      </Link>
    </NetworkLink>
        
    <NetworkLink>
      <name>17/75257/81142.png</name>
      <Region>
        <LatLonAltBox>
          <north>39.34916646551957</north>
          <south>39.34704251121732</south>
          <east>26.70227050781249</east>
          <west>26.69952392578124</west>
        </LatLonAltBox>
        <Lod>
          <minLodPixels>128</minLodPixels>
          <maxLodPixels>-1</maxLodPixels>
        </Lod>
      </Region>
      <Link>
        <href>17/75257/81142.kml</href>
        <viewRefreshMode>onRegion</viewRefreshMode>
        <viewFormat/>
      </Link>
    </NetworkLink>
        
    <NetworkLink>
      <name>17/75257/81143.png</name>
      <Region>
        <LatLonAltBox>
          <north>39.35129035526705</north>
          <south>39.34916646551957</south>
          <east>26.70227050781249</east>
          <west>26.69952392578124</west>
        </LatLonAltBox>
        <Lod>
          <minLodPixels>128</minLodPixels>
          <maxLodPixels>-1</maxLodPixels>
        </Lod>
      </Region>
      <Link>
        <href>17/75257/81143.kml</href>
        <viewRefreshMode>onRegion</viewRefreshMode>
        <viewFormat/>
      </Link>
    </NetworkLink>
        
    <NetworkLink>
      <name>17/75257/81144.png</name>
      <Region>
        <LatLonAltBox>
          <north>39.35341418045878</north>
          <south>39.35129035526705</south>
          <east>26.70227050781249</east>
          <west>26.69952392578124</west>
        </LatLonAltBox>
        <Lod>
          <minLodPixels>128</minLodPixels>
          <maxLodPixels>-1</maxLodPixels>
        </Lod>
      </Region>
      <Link>
        <href>17/75257/81144.kml</href>
        <viewRefreshMode>onRegion</viewRefreshMode>
        <viewFormat/>
      </Link>
    </NetworkLink>
        
    <NetworkLink>
      <name>17/75258/81118.png</name>
      <Region>
        <LatLonAltBox>
          <north>39.29817374735305</north>
          <south>39.29604824402409</south>
          <east>26.70501708984374</east>
          <west>26.70227050781249</west>
        </LatLonAltBox>
        <Lod>
          <minLodPixels>128</minLodPixels>
          <maxLodPixels>-1</maxLodPixels>
        </Lod>
      </Region>
      <Link>
        <href>17/75258/81118.kml</href>
        <viewRefreshMode>onRegion</viewRefreshMode>
        <viewFormat/>
      </Link>
    </NetworkLink>
        
    <NetworkLink>
      <name>17/75258/81119.png</name>
      <Region>
        <LatLonAltBox>
          <north>39.30029918615029</north>
          <south>39.29817374735305</south>
          <east>26.70501708984374</east>
          <west>26.70227050781249</west>
        </LatLonAltBox>
        <Lod>
          <minLodPixels>128</minLodPixels>
          <maxLodPixels>-1</maxLodPixels>
        </Lod>
      </Region>
      <Link>
        <href>17/75258/81119.kml</href>
        <viewRefreshMode>onRegion</viewRefreshMode>
        <viewFormat/>
      </Link>
    </NetworkLink>
        
    <NetworkLink>
      <name>17/75258/81120.png</name>
      <Region>
        <LatLonAltBox>
          <north>39.30242456041487</north>
          <south>39.30029918615029</south>
          <east>26.70501708984374</east>
          <west>26.70227050781249</west>
        </LatLonAltBox>
        <Lod>
          <minLodPixels>128</minLodPixels>
          <maxLodPixels>-1</maxLodPixels>
        </Lod>
      </Region>
      <Link>
        <href>17/75258/81120.kml</href>
        <viewRefreshMode>onRegion</viewRefreshMode>
        <viewFormat/>
      </Link>
    </NetworkLink>
        
    <NetworkLink>
      <name>17/75258/81121.png</name>
      <Region>
        <LatLonAltBox>
          <north>39.30454987014581</north>
          <south>39.30242456041487</south>
          <east>26.70501708984374</east>
          <west>26.70227050781249</west>
        </LatLonAltBox>
        <Lod>
          <minLodPixels>128</minLodPixels>
          <maxLodPixels>-1</maxLodPixels>
        </Lod>
      </Region>
      <Link>
        <href>17/75258/81121.kml</href>
        <viewRefreshMode>onRegion</viewRefreshMode>
        <viewFormat/>
      </Link>
    </NetworkLink>
        
    <NetworkLink>
      <name>17/75258/81122.png</name>
      <Region>
        <LatLonAltBox>
          <north>39.30667511534213</north>
          <south>39.30454987014581</south>
          <east>26.70501708984374</east>
          <west>26.70227050781249</west>
        </LatLonAltBox>
        <Lod>
          <minLodPixels>128</minLodPixels>
          <maxLodPixels>-1</maxLodPixels>
        </Lod>
      </Region>
      <Link>
        <href>17/75258/81122.kml</href>
        <viewRefreshMode>onRegion</viewRefreshMode>
        <viewFormat/>
      </Link>
    </NetworkLink>
        
    <NetworkLink>
      <name>17/75258/81123.png</name>
      <Region>
        <LatLonAltBox>
          <north>39.30880029600291</north>
          <south>39.30667511534213</south>
          <east>26.70501708984374</east>
          <west>26.70227050781249</west>
        </LatLonAltBox>
        <Lod>
          <minLodPixels>128</minLodPixels>
          <maxLodPixels>-1</maxLodPixels>
        </Lod>
      </Region>
      <Link>
        <href>17/75258/81123.kml</href>
        <viewRefreshMode>onRegion</viewRefreshMode>
        <viewFormat/>
      </Link>
    </NetworkLink>
        
    <NetworkLink>
      <name>17/75258/81124.png</name>
      <Region>
        <LatLonAltBox>
          <north>39.31092541212715</north>
          <south>39.30880029600291</south>
          <east>26.70501708984374</east>
          <west>26.70227050781249</west>
        </LatLonAltBox>
        <Lod>
          <minLodPixels>128</minLodPixels>
          <maxLodPixels>-1</maxLodPixels>
        </Lod>
      </Region>
      <Link>
        <href>17/75258/81124.kml</href>
        <viewRefreshMode>onRegion</viewRefreshMode>
        <viewFormat/>
      </Link>
    </NetworkLink>
        
    <NetworkLink>
      <name>17/75258/81125.png</name>
      <Region>
        <LatLonAltBox>
          <north>39.31305046371388</north>
          <south>39.31092541212715</south>
          <east>26.70501708984374</east>
          <west>26.70227050781249</west>
        </LatLonAltBox>
        <Lod>
          <minLodPixels>128</minLodPixels>
          <maxLodPixels>-1</maxLodPixels>
        </Lod>
      </Region>
      <Link>
        <href>17/75258/81125.kml</href>
        <viewRefreshMode>onRegion</viewRefreshMode>
        <viewFormat/>
      </Link>
    </NetworkLink>
        
    <NetworkLink>
      <name>17/75258/81126.png</name>
      <Region>
        <LatLonAltBox>
          <north>39.31517545076215</north>
          <south>39.31305046371388</south>
          <east>26.70501708984374</east>
          <west>26.70227050781249</west>
        </LatLonAltBox>
        <Lod>
          <minLodPixels>128</minLodPixels>
          <maxLodPixels>-1</maxLodPixels>
        </Lod>
      </Region>
      <Link>
        <href>17/75258/81126.kml</href>
        <viewRefreshMode>onRegion</viewRefreshMode>
        <viewFormat/>
      </Link>
    </NetworkLink>
        
    <NetworkLink>
      <name>17/75258/81127.png</name>
      <Region>
        <LatLonAltBox>
          <north>39.31730037327102</north>
          <south>39.31517545076215</south>
          <east>26.70501708984374</east>
          <west>26.70227050781249</west>
        </LatLonAltBox>
        <Lod>
          <minLodPixels>128</minLodPixels>
          <maxLodPixels>-1</maxLodPixels>
        </Lod>
      </Region>
      <Link>
        <href>17/75258/81127.kml</href>
        <viewRefreshMode>onRegion</viewRefreshMode>
        <viewFormat/>
      </Link>
    </NetworkLink>
        
    <NetworkLink>
      <name>17/75258/81128.png</name>
      <Region>
        <LatLonAltBox>
          <north>39.31942523123952</north>
          <south>39.31730037327102</south>
          <east>26.70501708984374</east>
          <west>26.70227050781249</west>
        </LatLonAltBox>
        <Lod>
          <minLodPixels>128</minLodPixels>
          <maxLodPixels>-1</maxLodPixels>
        </Lod>
      </Region>
      <Link>
        <href>17/75258/81128.kml</href>
        <viewRefreshMode>onRegion</viewRefreshMode>
        <viewFormat/>
      </Link>
    </NetworkLink>
        
    <NetworkLink>
      <name>17/75258/81129.png</name>
      <Region>
        <LatLonAltBox>
          <north>39.32155002466662</north>
          <south>39.31942523123952</south>
          <east>26.70501708984374</east>
          <west>26.70227050781249</west>
        </LatLonAltBox>
        <Lod>
          <minLodPixels>128</minLodPixels>
          <maxLodPixels>-1</maxLodPixels>
        </Lod>
      </Region>
      <Link>
        <href>17/75258/81129.kml</href>
        <viewRefreshMode>onRegion</viewRefreshMode>
        <viewFormat/>
      </Link>
    </NetworkLink>
        
    <NetworkLink>
      <name>17/75258/81130.png</name>
      <Region>
        <LatLonAltBox>
          <north>39.32367475355144</north>
          <south>39.32155002466662</south>
          <east>26.70501708984374</east>
          <west>26.70227050781249</west>
        </LatLonAltBox>
        <Lod>
          <minLodPixels>128</minLodPixels>
          <maxLodPixels>-1</maxLodPixels>
        </Lod>
      </Region>
      <Link>
        <href>17/75258/81130.kml</href>
        <viewRefreshMode>onRegion</viewRefreshMode>
        <viewFormat/>
      </Link>
    </NetworkLink>
        
    <NetworkLink>
      <name>17/75258/81131.png</name>
      <Region>
        <LatLonAltBox>
          <north>39.32579941789298</north>
          <south>39.32367475355144</south>
          <east>26.70501708984374</east>
          <west>26.70227050781249</west>
        </LatLonAltBox>
        <Lod>
          <minLodPixels>128</minLodPixels>
          <maxLodPixels>-1</maxLodPixels>
        </Lod>
      </Region>
      <Link>
        <href>17/75258/81131.kml</href>
        <viewRefreshMode>onRegion</viewRefreshMode>
        <viewFormat/>
      </Link>
    </NetworkLink>
        
    <NetworkLink>
      <name>17/75258/81132.png</name>
      <Region>
        <LatLonAltBox>
          <north>39.32792401769030</north>
          <south>39.32579941789298</south>
          <east>26.70501708984374</east>
          <west>26.70227050781249</west>
        </LatLonAltBox>
        <Lod>
          <minLodPixels>128</minLodPixels>
          <maxLodPixels>-1</maxLodPixels>
        </Lod>
      </Region>
      <Link>
        <href>17/75258/81132.kml</href>
        <viewRefreshMode>onRegion</viewRefreshMode>
        <viewFormat/>
      </Link>
    </NetworkLink>
        
    <NetworkLink>
      <name>17/75258/81133.png</name>
      <Region>
        <LatLonAltBox>
          <north>39.33004855294242</north>
          <south>39.32792401769030</south>
          <east>26.70501708984374</east>
          <west>26.70227050781249</west>
        </LatLonAltBox>
        <Lod>
          <minLodPixels>128</minLodPixels>
          <maxLodPixels>-1</maxLodPixels>
        </Lod>
      </Region>
      <Link>
        <href>17/75258/81133.kml</href>
        <viewRefreshMode>onRegion</viewRefreshMode>
        <viewFormat/>
      </Link>
    </NetworkLink>
        
    <NetworkLink>
      <name>17/75258/81134.png</name>
      <Region>
        <LatLonAltBox>
          <north>39.33217302364838</north>
          <south>39.33004855294242</south>
          <east>26.70501708984374</east>
          <west>26.70227050781249</west>
        </LatLonAltBox>
        <Lod>
          <minLodPixels>128</minLodPixels>
          <maxLodPixels>-1</maxLodPixels>
        </Lod>
      </Region>
      <Link>
        <href>17/75258/81134.kml</href>
        <viewRefreshMode>onRegion</viewRefreshMode>
        <viewFormat/>
      </Link>
    </NetworkLink>
        
    <NetworkLink>
      <name>17/75258/81135.png</name>
      <Region>
        <LatLonAltBox>
          <north>39.33429742980725</north>
          <south>39.33217302364838</south>
          <east>26.70501708984374</east>
          <west>26.70227050781249</west>
        </LatLonAltBox>
        <Lod>
          <minLodPixels>128</minLodPixels>
          <maxLodPixels>-1</maxLodPixels>
        </Lod>
      </Region>
      <Link>
        <href>17/75258/81135.kml</href>
        <viewRefreshMode>onRegion</viewRefreshMode>
        <viewFormat/>
      </Link>
    </NetworkLink>
        
    <NetworkLink>
      <name>17/75258/81136.png</name>
      <Region>
        <LatLonAltBox>
          <north>39.33642177141801</north>
          <south>39.33429742980725</south>
          <east>26.70501708984374</east>
          <west>26.70227050781249</west>
        </LatLonAltBox>
        <Lod>
          <minLodPixels>128</minLodPixels>
          <maxLodPixels>-1</maxLodPixels>
        </Lod>
      </Region>
      <Link>
        <href>17/75258/81136.kml</href>
        <viewRefreshMode>onRegion</viewRefreshMode>
        <viewFormat/>
      </Link>
    </NetworkLink>
        
    <NetworkLink>
      <name>17/75258/81137.png</name>
      <Region>
        <LatLonAltBox>
          <north>39.33854604847979</north>
          <south>39.33642177141801</south>
          <east>26.70501708984374</east>
          <west>26.70227050781249</west>
        </LatLonAltBox>
        <Lod>
          <minLodPixels>128</minLodPixels>
          <maxLodPixels>-1</maxLodPixels>
        </Lod>
      </Region>
      <Link>
        <href>17/75258/81137.kml</href>
        <viewRefreshMode>onRegion</viewRefreshMode>
        <viewFormat/>
      </Link>
    </NetworkLink>
        
    <NetworkLink>
      <name>17/75258/81138.png</name>
      <Region>
        <LatLonAltBox>
          <north>39.34067026099156</north>
          <south>39.33854604847979</south>
          <east>26.70501708984374</east>
          <west>26.70227050781249</west>
        </LatLonAltBox>
        <Lod>
          <minLodPixels>128</minLodPixels>
          <maxLodPixels>-1</maxLodPixels>
        </Lod>
      </Region>
      <Link>
        <href>17/75258/81138.kml</href>
        <viewRefreshMode>onRegion</viewRefreshMode>
        <viewFormat/>
      </Link>
    </NetworkLink>
        
    <NetworkLink>
      <name>17/75258/81139.png</name>
      <Region>
        <LatLonAltBox>
          <north>39.34279440895236</north>
          <south>39.34067026099156</south>
          <east>26.70501708984374</east>
          <west>26.70227050781249</west>
        </LatLonAltBox>
        <Lod>
          <minLodPixels>128</minLodPixels>
          <maxLodPixels>-1</maxLodPixels>
        </Lod>
      </Region>
      <Link>
        <href>17/75258/81139.kml</href>
        <viewRefreshMode>onRegion</viewRefreshMode>
        <viewFormat/>
      </Link>
    </NetworkLink>
        
    <NetworkLink>
      <name>17/75258/81140.png</name>
      <Region>
        <LatLonAltBox>
          <north>39.34491849236127</north>
          <south>39.34279440895236</south>
          <east>26.70501708984374</east>
          <west>26.70227050781249</west>
        </LatLonAltBox>
        <Lod>
          <minLodPixels>128</minLodPixels>
          <maxLodPixels>-1</maxLodPixels>
        </Lod>
      </Region>
      <Link>
        <href>17/75258/81140.kml</href>
        <viewRefreshMode>onRegion</viewRefreshMode>
        <viewFormat/>
      </Link>
    </NetworkLink>
        
    <NetworkLink>
      <name>17/75258/81141.png</name>
      <Region>
        <LatLonAltBox>
          <north>39.34704251121732</north>
          <south>39.34491849236127</south>
          <east>26.70501708984374</east>
          <west>26.70227050781249</west>
        </LatLonAltBox>
        <Lod>
          <minLodPixels>128</minLodPixels>
          <maxLodPixels>-1</maxLodPixels>
        </Lod>
      </Region>
      <Link>
        <href>17/75258/81141.kml</href>
        <viewRefreshMode>onRegion</viewRefreshMode>
        <viewFormat/>
      </Link>
    </NetworkLink>
        
    <NetworkLink>
      <name>17/75258/81142.png</name>
      <Region>
        <LatLonAltBox>
          <north>39.34916646551957</north>
          <south>39.34704251121732</south>
          <east>26.70501708984374</east>
          <west>26.70227050781249</west>
        </LatLonAltBox>
        <Lod>
          <minLodPixels>128</minLodPixels>
          <maxLodPixels>-1</maxLodPixels>
        </Lod>
      </Region>
      <Link>
        <href>17/75258/81142.kml</href>
        <viewRefreshMode>onRegion</viewRefreshMode>
        <viewFormat/>
      </Link>
    </NetworkLink>
        
    <NetworkLink>
      <name>17/75258/81143.png</name>
      <Region>
        <LatLonAltBox>
          <north>39.35129035526705</north>
          <south>39.34916646551957</south>
          <east>26.70501708984374</east>
          <west>26.70227050781249</west>
        </LatLonAltBox>
        <Lod>
          <minLodPixels>128</minLodPixels>
          <maxLodPixels>-1</maxLodPixels>
        </Lod>
      </Region>
      <Link>
        <href>17/75258/81143.kml</href>
        <viewRefreshMode>onRegion</viewRefreshMode>
        <viewFormat/>
      </Link>
    </NetworkLink>
        
    <NetworkLink>
      <name>17/75258/81144.png</name>
      <Region>
        <LatLonAltBox>
          <north>39.35341418045878</north>
          <south>39.35129035526705</south>
          <east>26.70501708984374</east>
          <west>26.70227050781249</west>
        </LatLonAltBox>
        <Lod>
          <minLodPixels>128</minLodPixels>
          <maxLodPixels>-1</maxLodPixels>
        </Lod>
      </Region>
      <Link>
        <href>17/75258/81144.kml</href>
        <viewRefreshMode>onRegion</viewRefreshMode>
        <viewFormat/>
      </Link>
    </NetworkLink>
        
    <NetworkLink>
      <name>17/75259/81118.png</name>
      <Region>
        <LatLonAltBox>
          <north>39.29817374735305</north>
          <south>39.29604824402409</south>
          <east>26.70776367187501</east>
          <west>26.70501708984374</west>
        </LatLonAltBox>
        <Lod>
          <minLodPixels>128</minLodPixels>
          <maxLodPixels>-1</maxLodPixels>
        </Lod>
      </Region>
      <Link>
        <href>17/75259/81118.kml</href>
        <viewRefreshMode>onRegion</viewRefreshMode>
        <viewFormat/>
      </Link>
    </NetworkLink>
        
    <NetworkLink>
      <name>17/75259/81119.png</name>
      <Region>
        <LatLonAltBox>
          <north>39.30029918615029</north>
          <south>39.29817374735305</south>
          <east>26.70776367187501</east>
          <west>26.70501708984374</west>
        </LatLonAltBox>
        <Lod>
          <minLodPixels>128</minLodPixels>
          <maxLodPixels>-1</maxLodPixels>
        </Lod>
      </Region>
      <Link>
        <href>17/75259/81119.kml</href>
        <viewRefreshMode>onRegion</viewRefreshMode>
        <viewFormat/>
      </Link>
    </NetworkLink>
        
    <NetworkLink>
      <name>17/75259/81120.png</name>
      <Region>
        <LatLonAltBox>
          <north>39.30242456041487</north>
          <south>39.30029918615029</south>
          <east>26.70776367187501</east>
          <west>26.70501708984374</west>
        </LatLonAltBox>
        <Lod>
          <minLodPixels>128</minLodPixels>
          <maxLodPixels>-1</maxLodPixels>
        </Lod>
      </Region>
      <Link>
        <href>17/75259/81120.kml</href>
        <viewRefreshMode>onRegion</viewRefreshMode>
        <viewFormat/>
      </Link>
    </NetworkLink>
        
    <NetworkLink>
      <name>17/75259/81121.png</name>
      <Region>
        <LatLonAltBox>
          <north>39.30454987014581</north>
          <south>39.30242456041487</south>
          <east>26.70776367187501</east>
          <west>26.70501708984374</west>
        </LatLonAltBox>
        <Lod>
          <minLodPixels>128</minLodPixels>
          <maxLodPixels>-1</maxLodPixels>
        </Lod>
      </Region>
      <Link>
        <href>17/75259/81121.kml</href>
        <viewRefreshMode>onRegion</viewRefreshMode>
        <viewFormat/>
      </Link>
    </NetworkLink>
        
    <NetworkLink>
      <name>17/75259/81122.png</name>
      <Region>
        <LatLonAltBox>
          <north>39.30667511534213</north>
          <south>39.30454987014581</south>
          <east>26.70776367187501</east>
          <west>26.70501708984374</west>
        </LatLonAltBox>
        <Lod>
          <minLodPixels>128</minLodPixels>
          <maxLodPixels>-1</maxLodPixels>
        </Lod>
      </Region>
      <Link>
        <href>17/75259/81122.kml</href>
        <viewRefreshMode>onRegion</viewRefreshMode>
        <viewFormat/>
      </Link>
    </NetworkLink>
        
    <NetworkLink>
      <name>17/75259/81123.png</name>
      <Region>
        <LatLonAltBox>
          <north>39.30880029600291</north>
          <south>39.30667511534213</south>
          <east>26.70776367187501</east>
          <west>26.70501708984374</west>
        </LatLonAltBox>
        <Lod>
          <minLodPixels>128</minLodPixels>
          <maxLodPixels>-1</maxLodPixels>
        </Lod>
      </Region>
      <Link>
        <href>17/75259/81123.kml</href>
        <viewRefreshMode>onRegion</viewRefreshMode>
        <viewFormat/>
      </Link>
    </NetworkLink>
        
    <NetworkLink>
      <name>17/75259/81124.png</name>
      <Region>
        <LatLonAltBox>
          <north>39.31092541212715</north>
          <south>39.30880029600291</south>
          <east>26.70776367187501</east>
          <west>26.70501708984374</west>
        </LatLonAltBox>
        <Lod>
          <minLodPixels>128</minLodPixels>
          <maxLodPixels>-1</maxLodPixels>
        </Lod>
      </Region>
      <Link>
        <href>17/75259/81124.kml</href>
        <viewRefreshMode>onRegion</viewRefreshMode>
        <viewFormat/>
      </Link>
    </NetworkLink>
        
    <NetworkLink>
      <name>17/75259/81125.png</name>
      <Region>
        <LatLonAltBox>
          <north>39.31305046371388</north>
          <south>39.31092541212715</south>
          <east>26.70776367187501</east>
          <west>26.70501708984374</west>
        </LatLonAltBox>
        <Lod>
          <minLodPixels>128</minLodPixels>
          <maxLodPixels>-1</maxLodPixels>
        </Lod>
      </Region>
      <Link>
        <href>17/75259/81125.kml</href>
        <viewRefreshMode>onRegion</viewRefreshMode>
        <viewFormat/>
      </Link>
    </NetworkLink>
        
    <NetworkLink>
      <name>17/75259/81126.png</name>
      <Region>
        <LatLonAltBox>
          <north>39.31517545076215</north>
          <south>39.31305046371388</south>
          <east>26.70776367187501</east>
          <west>26.70501708984374</west>
        </LatLonAltBox>
        <Lod>
          <minLodPixels>128</minLodPixels>
          <maxLodPixels>-1</maxLodPixels>
        </Lod>
      </Region>
      <Link>
        <href>17/75259/81126.kml</href>
        <viewRefreshMode>onRegion</viewRefreshMode>
        <viewFormat/>
      </Link>
    </NetworkLink>
        
    <NetworkLink>
      <name>17/75259/81127.png</name>
      <Region>
        <LatLonAltBox>
          <north>39.31730037327102</north>
          <south>39.31517545076215</south>
          <east>26.70776367187501</east>
          <west>26.70501708984374</west>
        </LatLonAltBox>
        <Lod>
          <minLodPixels>128</minLodPixels>
          <maxLodPixels>-1</maxLodPixels>
        </Lod>
      </Region>
      <Link>
        <href>17/75259/81127.kml</href>
        <viewRefreshMode>onRegion</viewRefreshMode>
        <viewFormat/>
      </Link>
    </NetworkLink>
        
    <NetworkLink>
      <name>17/75259/81128.png</name>
      <Region>
        <LatLonAltBox>
          <north>39.31942523123952</north>
          <south>39.31730037327102</south>
          <east>26.70776367187501</east>
          <west>26.70501708984374</west>
        </LatLonAltBox>
        <Lod>
          <minLodPixels>128</minLodPixels>
          <maxLodPixels>-1</maxLodPixels>
        </Lod>
      </Region>
      <Link>
        <href>17/75259/81128.kml</href>
        <viewRefreshMode>onRegion</viewRefreshMode>
        <viewFormat/>
      </Link>
    </NetworkLink>
        
    <NetworkLink>
      <name>17/75259/81129.png</name>
      <Region>
        <LatLonAltBox>
          <north>39.32155002466662</north>
          <south>39.31942523123952</south>
          <east>26.70776367187501</east>
          <west>26.70501708984374</west>
        </LatLonAltBox>
        <Lod>
          <minLodPixels>128</minLodPixels>
          <maxLodPixels>-1</maxLodPixels>
        </Lod>
      </Region>
      <Link>
        <href>17/75259/81129.kml</href>
        <viewRefreshMode>onRegion</viewRefreshMode>
        <viewFormat/>
      </Link>
    </NetworkLink>
        
    <NetworkLink>
      <name>17/75259/81130.png</name>
      <Region>
        <LatLonAltBox>
          <north>39.32367475355144</north>
          <south>39.32155002466662</south>
          <east>26.70776367187501</east>
          <west>26.70501708984374</west>
        </LatLonAltBox>
        <Lod>
          <minLodPixels>128</minLodPixels>
          <maxLodPixels>-1</maxLodPixels>
        </Lod>
      </Region>
      <Link>
        <href>17/75259/81130.kml</href>
        <viewRefreshMode>onRegion</viewRefreshMode>
        <viewFormat/>
      </Link>
    </NetworkLink>
        
    <NetworkLink>
      <name>17/75259/81131.png</name>
      <Region>
        <LatLonAltBox>
          <north>39.32579941789298</north>
          <south>39.32367475355144</south>
          <east>26.70776367187501</east>
          <west>26.70501708984374</west>
        </LatLonAltBox>
        <Lod>
          <minLodPixels>128</minLodPixels>
          <maxLodPixels>-1</maxLodPixels>
        </Lod>
      </Region>
      <Link>
        <href>17/75259/81131.kml</href>
        <viewRefreshMode>onRegion</viewRefreshMode>
        <viewFormat/>
      </Link>
    </NetworkLink>
        
    <NetworkLink>
      <name>17/75259/81132.png</name>
      <Region>
        <LatLonAltBox>
          <north>39.32792401769030</north>
          <south>39.32579941789298</south>
          <east>26.70776367187501</east>
          <west>26.70501708984374</west>
        </LatLonAltBox>
        <Lod>
          <minLodPixels>128</minLodPixels>
          <maxLodPixels>-1</maxLodPixels>
        </Lod>
      </Region>
      <Link>
        <href>17/75259/81132.kml</href>
        <viewRefreshMode>onRegion</viewRefreshMode>
        <viewFormat/>
      </Link>
    </NetworkLink>
        
    <NetworkLink>
      <name>17/75259/81133.png</name>
      <Region>
        <LatLonAltBox>
          <north>39.33004855294242</north>
          <south>39.32792401769030</south>
          <east>26.70776367187501</east>
          <west>26.70501708984374</west>
        </LatLonAltBox>
        <Lod>
          <minLodPixels>128</minLodPixels>
          <maxLodPixels>-1</maxLodPixels>
        </Lod>
      </Region>
      <Link>
        <href>17/75259/81133.kml</href>
        <viewRefreshMode>onRegion</viewRefreshMode>
        <viewFormat/>
      </Link>
    </NetworkLink>
        
    <NetworkLink>
      <name>17/75259/81134.png</name>
      <Region>
        <LatLonAltBox>
          <north>39.33217302364838</north>
          <south>39.33004855294242</south>
          <east>26.70776367187501</east>
          <west>26.70501708984374</west>
        </LatLonAltBox>
        <Lod>
          <minLodPixels>128</minLodPixels>
          <maxLodPixels>-1</maxLodPixels>
        </Lod>
      </Region>
      <Link>
        <href>17/75259/81134.kml</href>
        <viewRefreshMode>onRegion</viewRefreshMode>
        <viewFormat/>
      </Link>
    </NetworkLink>
        
    <NetworkLink>
      <name>17/75259/81135.png</name>
      <Region>
        <LatLonAltBox>
          <north>39.33429742980725</north>
          <south>39.33217302364838</south>
          <east>26.70776367187501</east>
          <west>26.70501708984374</west>
        </LatLonAltBox>
        <Lod>
          <minLodPixels>128</minLodPixels>
          <maxLodPixels>-1</maxLodPixels>
        </Lod>
      </Region>
      <Link>
        <href>17/75259/81135.kml</href>
        <viewRefreshMode>onRegion</viewRefreshMode>
        <viewFormat/>
      </Link>
    </NetworkLink>
        
    <NetworkLink>
      <name>17/75259/81136.png</name>
      <Region>
        <LatLonAltBox>
          <north>39.33642177141801</north>
          <south>39.33429742980725</south>
          <east>26.70776367187501</east>
          <west>26.70501708984374</west>
        </LatLonAltBox>
        <Lod>
          <minLodPixels>128</minLodPixels>
          <maxLodPixels>-1</maxLodPixels>
        </Lod>
      </Region>
      <Link>
        <href>17/75259/81136.kml</href>
        <viewRefreshMode>onRegion</viewRefreshMode>
        <viewFormat/>
      </Link>
    </NetworkLink>
        
    <NetworkLink>
      <name>17/75259/81137.png</name>
      <Region>
        <LatLonAltBox>
          <north>39.33854604847979</north>
          <south>39.33642177141801</south>
          <east>26.70776367187501</east>
          <west>26.70501708984374</west>
        </LatLonAltBox>
        <Lod>
          <minLodPixels>128</minLodPixels>
          <maxLodPixels>-1</maxLodPixels>
        </Lod>
      </Region>
      <Link>
        <href>17/75259/81137.kml</href>
        <viewRefreshMode>onRegion</viewRefreshMode>
        <viewFormat/>
      </Link>
    </NetworkLink>
        
    <NetworkLink>
      <name>17/75259/81138.png</name>
      <Region>
        <LatLonAltBox>
          <north>39.34067026099156</north>
          <south>39.33854604847979</south>
          <east>26.70776367187501</east>
          <west>26.70501708984374</west>
        </LatLonAltBox>
        <Lod>
          <minLodPixels>128</minLodPixels>
          <maxLodPixels>-1</maxLodPixels>
        </Lod>
      </Region>
      <Link>
        <href>17/75259/81138.kml</href>
        <viewRefreshMode>onRegion</viewRefreshMode>
        <viewFormat/>
      </Link>
    </NetworkLink>
        
    <NetworkLink>
      <name>17/75259/81139.png</name>
      <Region>
        <LatLonAltBox>
          <north>39.34279440895236</north>
          <south>39.34067026099156</south>
          <east>26.70776367187501</east>
          <west>26.70501708984374</west>
        </LatLonAltBox>
        <Lod>
          <minLodPixels>128</minLodPixels>
          <maxLodPixels>-1</maxLodPixels>
        </Lod>
      </Region>
      <Link>
        <href>17/75259/81139.kml</href>
        <viewRefreshMode>onRegion</viewRefreshMode>
        <viewFormat/>
      </Link>
    </NetworkLink>
        
    <NetworkLink>
      <name>17/75259/81140.png</name>
      <Region>
        <LatLonAltBox>
          <north>39.34491849236127</north>
          <south>39.34279440895236</south>
          <east>26.70776367187501</east>
          <west>26.70501708984374</west>
        </LatLonAltBox>
        <Lod>
          <minLodPixels>128</minLodPixels>
          <maxLodPixels>-1</maxLodPixels>
        </Lod>
      </Region>
      <Link>
        <href>17/75259/81140.kml</href>
        <viewRefreshMode>onRegion</viewRefreshMode>
        <viewFormat/>
      </Link>
    </NetworkLink>
        
    <NetworkLink>
      <name>17/75259/81141.png</name>
      <Region>
        <LatLonAltBox>
          <north>39.34704251121732</north>
          <south>39.34491849236127</south>
          <east>26.70776367187501</east>
          <west>26.70501708984374</west>
        </LatLonAltBox>
        <Lod>
          <minLodPixels>128</minLodPixels>
          <maxLodPixels>-1</maxLodPixels>
        </Lod>
      </Region>
      <Link>
        <href>17/75259/81141.kml</href>
        <viewRefreshMode>onRegion</viewRefreshMode>
        <viewFormat/>
      </Link>
    </NetworkLink>
        
    <NetworkLink>
      <name>17/75259/81142.png</name>
      <Region>
        <LatLonAltBox>
          <north>39.34916646551957</north>
          <south>39.34704251121732</south>
          <east>26.70776367187501</east>
          <west>26.70501708984374</west>
        </LatLonAltBox>
        <Lod>
          <minLodPixels>128</minLodPixels>
          <maxLodPixels>-1</maxLodPixels>
        </Lod>
      </Region>
      <Link>
        <href>17/75259/81142.kml</href>
        <viewRefreshMode>onRegion</viewRefreshMode>
        <viewFormat/>
      </Link>
    </NetworkLink>
        
    <NetworkLink>
      <name>17/75259/81143.png</name>
      <Region>
        <LatLonAltBox>
          <north>39.35129035526705</north>
          <south>39.34916646551957</south>
          <east>26.70776367187501</east>
          <west>26.70501708984374</west>
        </LatLonAltBox>
        <Lod>
          <minLodPixels>128</minLodPixels>
          <maxLodPixels>-1</maxLodPixels>
        </Lod>
      </Region>
      <Link>
        <href>17/75259/81143.kml</href>
        <viewRefreshMode>onRegion</viewRefreshMode>
        <viewFormat/>
      </Link>
    </NetworkLink>
        
    <NetworkLink>
      <name>17/75259/81144.png</name>
      <Region>
        <LatLonAltBox>
          <north>39.35341418045878</north>
          <south>39.35129035526705</south>
          <east>26.70776367187501</east>
          <west>26.70501708984374</west>
        </LatLonAltBox>
        <Lod>
          <minLodPixels>128</minLodPixels>
          <maxLodPixels>-1</maxLodPixels>
        </Lod>
      </Region>
      <Link>
        <href>17/75259/81144.kml</href>
        <viewRefreshMode>onRegion</viewRefreshMode>
        <viewFormat/>
      </Link>
    </NetworkLink>
        
    <NetworkLink>
      <name>17/75260/81118.png</name>
      <Region>
        <LatLonAltBox>
          <north>39.29817374735305</north>
          <south>39.29604824402409</south>
          <east>26.71051025390626</east>
          <west>26.70776367187501</west>
        </LatLonAltBox>
        <Lod>
          <minLodPixels>128</minLodPixels>
          <maxLodPixels>-1</maxLodPixels>
        </Lod>
      </Region>
      <Link>
        <href>17/75260/81118.kml</href>
        <viewRefreshMode>onRegion</viewRefreshMode>
        <viewFormat/>
      </Link>
    </NetworkLink>
        
    <NetworkLink>
      <name>17/75260/81119.png</name>
      <Region>
        <LatLonAltBox>
          <north>39.30029918615029</north>
          <south>39.29817374735305</south>
          <east>26.71051025390626</east>
          <west>26.70776367187501</west>
        </LatLonAltBox>
        <Lod>
          <minLodPixels>128</minLodPixels>
          <maxLodPixels>-1</maxLodPixels>
        </Lod>
      </Region>
      <Link>
        <href>17/75260/81119.kml</href>
        <viewRefreshMode>onRegion</viewRefreshMode>
        <viewFormat/>
      </Link>
    </NetworkLink>
        
    <NetworkLink>
      <name>17/75260/81120.png</name>
      <Region>
        <LatLonAltBox>
          <north>39.30242456041487</north>
          <south>39.30029918615029</south>
          <east>26.71051025390626</east>
          <west>26.70776367187501</west>
        </LatLonAltBox>
        <Lod>
          <minLodPixels>128</minLodPixels>
          <maxLodPixels>-1</maxLodPixels>
        </Lod>
      </Region>
      <Link>
        <href>17/75260/81120.kml</href>
        <viewRefreshMode>onRegion</viewRefreshMode>
        <viewFormat/>
      </Link>
    </NetworkLink>
        
    <NetworkLink>
      <name>17/75260/81121.png</name>
      <Region>
        <LatLonAltBox>
          <north>39.30454987014581</north>
          <south>39.30242456041487</south>
          <east>26.71051025390626</east>
          <west>26.70776367187501</west>
        </LatLonAltBox>
        <Lod>
          <minLodPixels>128</minLodPixels>
          <maxLodPixels>-1</maxLodPixels>
        </Lod>
      </Region>
      <Link>
        <href>17/75260/81121.kml</href>
        <viewRefreshMode>onRegion</viewRefreshMode>
        <viewFormat/>
      </Link>
    </NetworkLink>
        
    <NetworkLink>
      <name>17/75260/81122.png</name>
      <Region>
        <LatLonAltBox>
          <north>39.30667511534213</north>
          <south>39.30454987014581</south>
          <east>26.71051025390626</east>
          <west>26.70776367187501</west>
        </LatLonAltBox>
        <Lod>
          <minLodPixels>128</minLodPixels>
          <maxLodPixels>-1</maxLodPixels>
        </Lod>
      </Region>
      <Link>
        <href>17/75260/81122.kml</href>
        <viewRefreshMode>onRegion</viewRefreshMode>
        <viewFormat/>
      </Link>
    </NetworkLink>
        
    <NetworkLink>
      <name>17/75260/81123.png</name>
      <Region>
        <LatLonAltBox>
          <north>39.30880029600291</north>
          <south>39.30667511534213</south>
          <east>26.71051025390626</east>
          <west>26.70776367187501</west>
        </LatLonAltBox>
        <Lod>
          <minLodPixels>128</minLodPixels>
          <maxLodPixels>-1</maxLodPixels>
        </Lod>
      </Region>
      <Link>
        <href>17/75260/81123.kml</href>
        <viewRefreshMode>onRegion</viewRefreshMode>
        <viewFormat/>
      </Link>
    </NetworkLink>
        
    <NetworkLink>
      <name>17/75260/81124.png</name>
      <Region>
        <LatLonAltBox>
          <north>39.31092541212715</north>
          <south>39.30880029600291</south>
          <east>26.71051025390626</east>
          <west>26.70776367187501</west>
        </LatLonAltBox>
        <Lod>
          <minLodPixels>128</minLodPixels>
          <maxLodPixels>-1</maxLodPixels>
        </Lod>
      </Region>
      <Link>
        <href>17/75260/81124.kml</href>
        <viewRefreshMode>onRegion</viewRefreshMode>
        <viewFormat/>
      </Link>
    </NetworkLink>
        
    <NetworkLink>
      <name>17/75260/81125.png</name>
      <Region>
        <LatLonAltBox>
          <north>39.31305046371388</north>
          <south>39.31092541212715</south>
          <east>26.71051025390626</east>
          <west>26.70776367187501</west>
        </LatLonAltBox>
        <Lod>
          <minLodPixels>128</minLodPixels>
          <maxLodPixels>-1</maxLodPixels>
        </Lod>
      </Region>
      <Link>
        <href>17/75260/81125.kml</href>
        <viewRefreshMode>onRegion</viewRefreshMode>
        <viewFormat/>
      </Link>
    </NetworkLink>
        
    <NetworkLink>
      <name>17/75260/81126.png</name>
      <Region>
        <LatLonAltBox>
          <north>39.31517545076215</north>
          <south>39.31305046371388</south>
          <east>26.71051025390626</east>
          <west>26.70776367187501</west>
        </LatLonAltBox>
        <Lod>
          <minLodPixels>128</minLodPixels>
          <maxLodPixels>-1</maxLodPixels>
        </Lod>
      </Region>
      <Link>
        <href>17/75260/81126.kml</href>
        <viewRefreshMode>onRegion</viewRefreshMode>
        <viewFormat/>
      </Link>
    </NetworkLink>
        
    <NetworkLink>
      <name>17/75260/81127.png</name>
      <Region>
        <LatLonAltBox>
          <north>39.31730037327102</north>
          <south>39.31517545076215</south>
          <east>26.71051025390626</east>
          <west>26.70776367187501</west>
        </LatLonAltBox>
        <Lod>
          <minLodPixels>128</minLodPixels>
          <maxLodPixels>-1</maxLodPixels>
        </Lod>
      </Region>
      <Link>
        <href>17/75260/81127.kml</href>
        <viewRefreshMode>onRegion</viewRefreshMode>
        <viewFormat/>
      </Link>
    </NetworkLink>
        
    <NetworkLink>
      <name>17/75260/81128.png</name>
      <Region>
        <LatLonAltBox>
          <north>39.31942523123952</north>
          <south>39.31730037327102</south>
          <east>26.71051025390626</east>
          <west>26.70776367187501</west>
        </LatLonAltBox>
        <Lod>
          <minLodPixels>128</minLodPixels>
          <maxLodPixels>-1</maxLodPixels>
        </Lod>
      </Region>
      <Link>
        <href>17/75260/81128.kml</href>
        <viewRefreshMode>onRegion</viewRefreshMode>
        <viewFormat/>
      </Link>
    </NetworkLink>
        
    <NetworkLink>
      <name>17/75260/81129.png</name>
      <Region>
        <LatLonAltBox>
          <north>39.32155002466662</north>
          <south>39.31942523123952</south>
          <east>26.71051025390626</east>
          <west>26.70776367187501</west>
        </LatLonAltBox>
        <Lod>
          <minLodPixels>128</minLodPixels>
          <maxLodPixels>-1</maxLodPixels>
        </Lod>
      </Region>
      <Link>
        <href>17/75260/81129.kml</href>
        <viewRefreshMode>onRegion</viewRefreshMode>
        <viewFormat/>
      </Link>
    </NetworkLink>
        
    <NetworkLink>
      <name>17/75260/81130.png</name>
      <Region>
        <LatLonAltBox>
          <north>39.32367475355144</north>
          <south>39.32155002466662</south>
          <east>26.71051025390626</east>
          <west>26.70776367187501</west>
        </LatLonAltBox>
        <Lod>
          <minLodPixels>128</minLodPixels>
          <maxLodPixels>-1</maxLodPixels>
        </Lod>
      </Region>
      <Link>
        <href>17/75260/81130.kml</href>
        <viewRefreshMode>onRegion</viewRefreshMode>
        <viewFormat/>
      </Link>
    </NetworkLink>
        
    <NetworkLink>
      <name>17/75260/81131.png</name>
      <Region>
        <LatLonAltBox>
          <north>39.32579941789298</north>
          <south>39.32367475355144</south>
          <east>26.71051025390626</east>
          <west>26.70776367187501</west>
        </LatLonAltBox>
        <Lod>
          <minLodPixels>128</minLodPixels>
          <maxLodPixels>-1</maxLodPixels>
        </Lod>
      </Region>
      <Link>
        <href>17/75260/81131.kml</href>
        <viewRefreshMode>onRegion</viewRefreshMode>
        <viewFormat/>
      </Link>
    </NetworkLink>
        
    <NetworkLink>
      <name>17/75260/81132.png</name>
      <Region>
        <LatLonAltBox>
          <north>39.32792401769030</north>
          <south>39.32579941789298</south>
          <east>26.71051025390626</east>
          <west>26.70776367187501</west>
        </LatLonAltBox>
        <Lod>
          <minLodPixels>128</minLodPixels>
          <maxLodPixels>-1</maxLodPixels>
        </Lod>
      </Region>
      <Link>
        <href>17/75260/81132.kml</href>
        <viewRefreshMode>onRegion</viewRefreshMode>
        <viewFormat/>
      </Link>
    </NetworkLink>
        
    <NetworkLink>
      <name>17/75260/81133.png</name>
      <Region>
        <LatLonAltBox>
          <north>39.33004855294242</north>
          <south>39.32792401769030</south>
          <east>26.71051025390626</east>
          <west>26.70776367187501</west>
        </LatLonAltBox>
        <Lod>
          <minLodPixels>128</minLodPixels>
          <maxLodPixels>-1</maxLodPixels>
        </Lod>
      </Region>
      <Link>
        <href>17/75260/81133.kml</href>
        <viewRefreshMode>onRegion</viewRefreshMode>
        <viewFormat/>
      </Link>
    </NetworkLink>
        
    <NetworkLink>
      <name>17/75260/81134.png</name>
      <Region>
        <LatLonAltBox>
          <north>39.33217302364838</north>
          <south>39.33004855294242</south>
          <east>26.71051025390626</east>
          <west>26.70776367187501</west>
        </LatLonAltBox>
        <Lod>
          <minLodPixels>128</minLodPixels>
          <maxLodPixels>-1</maxLodPixels>
        </Lod>
      </Region>
      <Link>
        <href>17/75260/81134.kml</href>
        <viewRefreshMode>onRegion</viewRefreshMode>
        <viewFormat/>
      </Link>
    </NetworkLink>
        
    <NetworkLink>
      <name>17/75260/81135.png</name>
      <Region>
        <LatLonAltBox>
          <north>39.33429742980725</north>
          <south>39.33217302364838</south>
          <east>26.71051025390626</east>
          <west>26.70776367187501</west>
        </LatLonAltBox>
        <Lod>
          <minLodPixels>128</minLodPixels>
          <maxLodPixels>-1</maxLodPixels>
        </Lod>
      </Region>
      <Link>
        <href>17/75260/81135.kml</href>
        <viewRefreshMode>onRegion</viewRefreshMode>
        <viewFormat/>
      </Link>
    </NetworkLink>
        
    <NetworkLink>
      <name>17/75260/81136.png</name>
      <Region>
        <LatLonAltBox>
          <north>39.33642177141801</north>
          <south>39.33429742980725</south>
          <east>26.71051025390626</east>
          <west>26.70776367187501</west>
        </LatLonAltBox>
        <Lod>
          <minLodPixels>128</minLodPixels>
          <maxLodPixels>-1</maxLodPixels>
        </Lod>
      </Region>
      <Link>
        <href>17/75260/81136.kml</href>
        <viewRefreshMode>onRegion</viewRefreshMode>
        <viewFormat/>
      </Link>
    </NetworkLink>
        
    <NetworkLink>
      <name>17/75260/81137.png</name>
      <Region>
        <LatLonAltBox>
          <north>39.33854604847979</north>
          <south>39.33642177141801</south>
          <east>26.71051025390626</east>
          <west>26.70776367187501</west>
        </LatLonAltBox>
        <Lod>
          <minLodPixels>128</minLodPixels>
          <maxLodPixels>-1</maxLodPixels>
        </Lod>
      </Region>
      <Link>
        <href>17/75260/81137.kml</href>
        <viewRefreshMode>onRegion</viewRefreshMode>
        <viewFormat/>
      </Link>
    </NetworkLink>
        
    <NetworkLink>
      <name>17/75260/81138.png</name>
      <Region>
        <LatLonAltBox>
          <north>39.34067026099156</north>
          <south>39.33854604847979</south>
          <east>26.71051025390626</east>
          <west>26.70776367187501</west>
        </LatLonAltBox>
        <Lod>
          <minLodPixels>128</minLodPixels>
          <maxLodPixels>-1</maxLodPixels>
        </Lod>
      </Region>
      <Link>
        <href>17/75260/81138.kml</href>
        <viewRefreshMode>onRegion</viewRefreshMode>
        <viewFormat/>
      </Link>
    </NetworkLink>
        
    <NetworkLink>
      <name>17/75260/81139.png</name>
      <Region>
        <LatLonAltBox>
          <north>39.34279440895236</north>
          <south>39.34067026099156</south>
          <east>26.71051025390626</east>
          <west>26.70776367187501</west>
        </LatLonAltBox>
        <Lod>
          <minLodPixels>128</minLodPixels>
          <maxLodPixels>-1</maxLodPixels>
        </Lod>
      </Region>
      <Link>
        <href>17/75260/81139.kml</href>
        <viewRefreshMode>onRegion</viewRefreshMode>
        <viewFormat/>
      </Link>
    </NetworkLink>
        
    <NetworkLink>
      <name>17/75260/81140.png</name>
      <Region>
        <LatLonAltBox>
          <north>39.34491849236127</north>
          <south>39.34279440895236</south>
          <east>26.71051025390626</east>
          <west>26.70776367187501</west>
        </LatLonAltBox>
        <Lod>
          <minLodPixels>128</minLodPixels>
          <maxLodPixels>-1</maxLodPixels>
        </Lod>
      </Region>
      <Link>
        <href>17/75260/81140.kml</href>
        <viewRefreshMode>onRegion</viewRefreshMode>
        <viewFormat/>
      </Link>
    </NetworkLink>
        
    <NetworkLink>
      <name>17/75260/81141.png</name>
      <Region>
        <LatLonAltBox>
          <north>39.34704251121732</north>
          <south>39.34491849236127</south>
          <east>26.71051025390626</east>
          <west>26.70776367187501</west>
        </LatLonAltBox>
        <Lod>
          <minLodPixels>128</minLodPixels>
          <maxLodPixels>-1</maxLodPixels>
        </Lod>
      </Region>
      <Link>
        <href>17/75260/81141.kml</href>
        <viewRefreshMode>onRegion</viewRefreshMode>
        <viewFormat/>
      </Link>
    </NetworkLink>
        
    <NetworkLink>
      <name>17/75260/81142.png</name>
      <Region>
        <LatLonAltBox>
          <north>39.34916646551957</north>
          <south>39.34704251121732</south>
          <east>26.71051025390626</east>
          <west>26.70776367187501</west>
        </LatLonAltBox>
        <Lod>
          <minLodPixels>128</minLodPixels>
          <maxLodPixels>-1</maxLodPixels>
        </Lod>
      </Region>
      <Link>
        <href>17/75260/81142.kml</href>
        <viewRefreshMode>onRegion</viewRefreshMode>
        <viewFormat/>
      </Link>
    </NetworkLink>
        
    <NetworkLink>
      <name>17/75260/81143.png</name>
      <Region>
        <LatLonAltBox>
          <north>39.35129035526705</north>
          <south>39.34916646551957</south>
          <east>26.71051025390626</east>
          <west>26.70776367187501</west>
        </LatLonAltBox>
        <Lod>
          <minLodPixels>128</minLodPixels>
          <maxLodPixels>-1</maxLodPixels>
        </Lod>
      </Region>
      <Link>
        <href>17/75260/81143.kml</href>
        <viewRefreshMode>onRegion</viewRefreshMode>
        <viewFormat/>
      </Link>
    </NetworkLink>
        
    <NetworkLink>
      <name>17/75260/81144.png</name>
      <Region>
        <LatLonAltBox>
          <north>39.35341418045878</north>
          <south>39.35129035526705</south>
          <east>26.71051025390626</east>
          <west>26.70776367187501</west>
        </LatLonAltBox>
        <Lod>
          <minLodPixels>128</minLodPixels>
          <maxLodPixels>-1</maxLodPixels>
        </Lod>
      </Region>
      <Link>
        <href>17/75260/81144.kml</href>
        <viewRefreshMode>onRegion</viewRefreshMode>
        <viewFormat/>
      </Link>
    </NetworkLink>
        
    <NetworkLink>
      <name>17/75261/81118.png</name>
      <Region>
        <LatLonAltBox>
          <north>39.29817374735305</north>
          <south>39.29604824402409</south>
          <east>26.71325683593751</east>
          <west>26.71051025390626</west>
        </LatLonAltBox>
        <Lod>
          <minLodPixels>128</minLodPixels>
          <maxLodPixels>-1</maxLodPixels>
        </Lod>
      </Region>
      <Link>
        <href>17/75261/81118.kml</href>
        <viewRefreshMode>onRegion</viewRefreshMode>
        <viewFormat/>
      </Link>
    </NetworkLink>
        
    <NetworkLink>
      <name>17/75261/81119.png</name>
      <Region>
        <LatLonAltBox>
          <north>39.30029918615029</north>
          <south>39.29817374735305</south>
          <east>26.71325683593751</east>
          <west>26.71051025390626</west>
        </LatLonAltBox>
        <Lod>
          <minLodPixels>128</minLodPixels>
          <maxLodPixels>-1</maxLodPixels>
        </Lod>
      </Region>
      <Link>
        <href>17/75261/81119.kml</href>
        <viewRefreshMode>onRegion</viewRefreshMode>
        <viewFormat/>
      </Link>
    </NetworkLink>
        
    <NetworkLink>
      <name>17/75261/81120.png</name>
      <Region>
        <LatLonAltBox>
          <north>39.30242456041487</north>
          <south>39.30029918615029</south>
          <east>26.71325683593751</east>
          <west>26.71051025390626</west>
        </LatLonAltBox>
        <Lod>
          <minLodPixels>128</minLodPixels>
          <maxLodPixels>-1</maxLodPixels>
        </Lod>
      </Region>
      <Link>
        <href>17/75261/81120.kml</href>
        <viewRefreshMode>onRegion</viewRefreshMode>
        <viewFormat/>
      </Link>
    </NetworkLink>
        
    <NetworkLink>
      <name>17/75261/81121.png</name>
      <Region>
        <LatLonAltBox>
          <north>39.30454987014581</north>
          <south>39.30242456041487</south>
          <east>26.71325683593751</east>
          <west>26.71051025390626</west>
        </LatLonAltBox>
        <Lod>
          <minLodPixels>128</minLodPixels>
          <maxLodPixels>-1</maxLodPixels>
        </Lod>
      </Region>
      <Link>
        <href>17/75261/81121.kml</href>
        <viewRefreshMode>onRegion</viewRefreshMode>
        <viewFormat/>
      </Link>
    </NetworkLink>
        
    <NetworkLink>
      <name>17/75261/81122.png</name>
      <Region>
        <LatLonAltBox>
          <north>39.30667511534213</north>
          <south>39.30454987014581</south>
          <east>26.71325683593751</east>
          <west>26.71051025390626</west>
        </LatLonAltBox>
        <Lod>
          <minLodPixels>128</minLodPixels>
          <maxLodPixels>-1</maxLodPixels>
        </Lod>
      </Region>
      <Link>
        <href>17/75261/81122.kml</href>
        <viewRefreshMode>onRegion</viewRefreshMode>
        <viewFormat/>
      </Link>
    </NetworkLink>
        
    <NetworkLink>
      <name>17/75261/81123.png</name>
      <Region>
        <LatLonAltBox>
          <north>39.30880029600291</north>
          <south>39.30667511534213</south>
          <east>26.71325683593751</east>
          <west>26.71051025390626</west>
        </LatLonAltBox>
        <Lod>
          <minLodPixels>128</minLodPixels>
          <maxLodPixels>-1</maxLodPixels>
        </Lod>
      </Region>
      <Link>
        <href>17/75261/81123.kml</href>
        <viewRefreshMode>onRegion</viewRefreshMode>
        <viewFormat/>
      </Link>
    </NetworkLink>
        
    <NetworkLink>
      <name>17/75261/81124.png</name>
      <Region>
        <LatLonAltBox>
          <north>39.31092541212715</north>
          <south>39.30880029600291</south>
          <east>26.71325683593751</east>
          <west>26.71051025390626</west>
        </LatLonAltBox>
        <Lod>
          <minLodPixels>128</minLodPixels>
          <maxLodPixels>-1</maxLodPixels>
        </Lod>
      </Region>
      <Link>
        <href>17/75261/81124.kml</href>
        <viewRefreshMode>onRegion</viewRefreshMode>
        <viewFormat/>
      </Link>
    </NetworkLink>
        
    <NetworkLink>
      <name>17/75261/81125.png</name>
      <Region>
        <LatLonAltBox>
          <north>39.31305046371388</north>
          <south>39.31092541212715</south>
          <east>26.71325683593751</east>
          <west>26.71051025390626</west>
        </LatLonAltBox>
        <Lod>
          <minLodPixels>128</minLodPixels>
          <maxLodPixels>-1</maxLodPixels>
        </Lod>
      </Region>
      <Link>
        <href>17/75261/81125.kml</href>
        <viewRefreshMode>onRegion</viewRefreshMode>
        <viewFormat/>
      </Link>
    </NetworkLink>
        
    <NetworkLink>
      <name>17/75261/81126.png</name>
      <Region>
        <LatLonAltBox>
          <north>39.31517545076215</north>
          <south>39.31305046371388</south>
          <east>26.71325683593751</east>
          <west>26.71051025390626</west>
        </LatLonAltBox>
        <Lod>
          <minLodPixels>128</minLodPixels>
          <maxLodPixels>-1</maxLodPixels>
        </Lod>
      </Region>
      <Link>
        <href>17/75261/81126.kml</href>
        <viewRefreshMode>onRegion</viewRefreshMode>
        <viewFormat/>
      </Link>
    </NetworkLink>
        
    <NetworkLink>
      <name>17/75261/81127.png</name>
      <Region>
        <LatLonAltBox>
          <north>39.31730037327102</north>
          <south>39.31517545076215</south>
          <east>26.71325683593751</east>
          <west>26.71051025390626</west>
        </LatLonAltBox>
        <Lod>
          <minLodPixels>128</minLodPixels>
          <maxLodPixels>-1</maxLodPixels>
        </Lod>
      </Region>
      <Link>
        <href>17/75261/81127.kml</href>
        <viewRefreshMode>onRegion</viewRefreshMode>
        <viewFormat/>
      </Link>
    </NetworkLink>
        
    <NetworkLink>
      <name>17/75261/81128.png</name>
      <Region>
        <LatLonAltBox>
          <north>39.31942523123952</north>
          <south>39.31730037327102</south>
          <east>26.71325683593751</east>
          <west>26.71051025390626</west>
        </LatLonAltBox>
        <Lod>
          <minLodPixels>128</minLodPixels>
          <maxLodPixels>-1</maxLodPixels>
        </Lod>
      </Region>
      <Link>
        <href>17/75261/81128.kml</href>
        <viewRefreshMode>onRegion</viewRefreshMode>
        <viewFormat/>
      </Link>
    </NetworkLink>
        
    <NetworkLink>
      <name>17/75261/81129.png</name>
      <Region>
        <LatLonAltBox>
          <north>39.32155002466662</north>
          <south>39.31942523123952</south>
          <east>26.71325683593751</east>
          <west>26.71051025390626</west>
        </LatLonAltBox>
        <Lod>
          <minLodPixels>128</minLodPixels>
          <maxLodPixels>-1</maxLodPixels>
        </Lod>
      </Region>
      <Link>
        <href>17/75261/81129.kml</href>
        <viewRefreshMode>onRegion</viewRefreshMode>
        <viewFormat/>
      </Link>
    </NetworkLink>
        
    <NetworkLink>
      <name>17/75261/81130.png</name>
      <Region>
        <LatLonAltBox>
          <north>39.32367475355144</north>
          <south>39.32155002466662</south>
          <east>26.71325683593751</east>
          <west>26.71051025390626</west>
        </LatLonAltBox>
        <Lod>
          <minLodPixels>128</minLodPixels>
          <maxLodPixels>-1</maxLodPixels>
        </Lod>
      </Region>
      <Link>
        <href>17/75261/81130.kml</href>
        <viewRefreshMode>onRegion</viewRefreshMode>
        <viewFormat/>
      </Link>
    </NetworkLink>
        
    <NetworkLink>
      <name>17/75261/81131.png</name>
      <Region>
        <LatLonAltBox>
          <north>39.32579941789298</north>
          <south>39.32367475355144</south>
          <east>26.71325683593751</east>
          <west>26.71051025390626</west>
        </LatLonAltBox>
        <Lod>
          <minLodPixels>128</minLodPixels>
          <maxLodPixels>-1</maxLodPixels>
        </Lod>
      </Region>
      <Link>
        <href>17/75261/81131.kml</href>
        <viewRefreshMode>onRegion</viewRefreshMode>
        <viewFormat/>
      </Link>
    </NetworkLink>
        
    <NetworkLink>
      <name>17/75261/81132.png</name>
      <Region>
        <LatLonAltBox>
          <north>39.32792401769030</north>
          <south>39.32579941789298</south>
          <east>26.71325683593751</east>
          <west>26.71051025390626</west>
        </LatLonAltBox>
        <Lod>
          <minLodPixels>128</minLodPixels>
          <maxLodPixels>-1</maxLodPixels>
        </Lod>
      </Region>
      <Link>
        <href>17/75261/81132.kml</href>
        <viewRefreshMode>onRegion</viewRefreshMode>
        <viewFormat/>
      </Link>
    </NetworkLink>
        
    <NetworkLink>
      <name>17/75261/81133.png</name>
      <Region>
        <LatLonAltBox>
          <north>39.33004855294242</north>
          <south>39.32792401769030</south>
          <east>26.71325683593751</east>
          <west>26.71051025390626</west>
        </LatLonAltBox>
        <Lod>
          <minLodPixels>128</minLodPixels>
          <maxLodPixels>-1</maxLodPixels>
        </Lod>
      </Region>
      <Link>
        <href>17/75261/81133.kml</href>
        <viewRefreshMode>onRegion</viewRefreshMode>
        <viewFormat/>
      </Link>
    </NetworkLink>
        
    <NetworkLink>
      <name>17/75261/81134.png</name>
      <Region>
        <LatLonAltBox>
          <north>39.33217302364838</north>
          <south>39.33004855294242</south>
          <east>26.71325683593751</east>
          <west>26.71051025390626</west>
        </LatLonAltBox>
        <Lod>
          <minLodPixels>128</minLodPixels>
          <maxLodPixels>-1</maxLodPixels>
        </Lod>
      </Region>
      <Link>
        <href>17/75261/81134.kml</href>
        <viewRefreshMode>onRegion</viewRefreshMode>
        <viewFormat/>
      </Link>
    </NetworkLink>
        
    <NetworkLink>
      <name>17/75261/81135.png</name>
      <Region>
        <LatLonAltBox>
          <north>39.33429742980725</north>
          <south>39.33217302364838</south>
          <east>26.71325683593751</east>
          <west>26.71051025390626</west>
        </LatLonAltBox>
        <Lod>
          <minLodPixels>128</minLodPixels>
          <maxLodPixels>-1</maxLodPixels>
        </Lod>
      </Region>
      <Link>
        <href>17/75261/81135.kml</href>
        <viewRefreshMode>onRegion</viewRefreshMode>
        <viewFormat/>
      </Link>
    </NetworkLink>
        
    <NetworkLink>
      <name>17/75261/81136.png</name>
      <Region>
        <LatLonAltBox>
          <north>39.33642177141801</north>
          <south>39.33429742980725</south>
          <east>26.71325683593751</east>
          <west>26.71051025390626</west>
        </LatLonAltBox>
        <Lod>
          <minLodPixels>128</minLodPixels>
          <maxLodPixels>-1</maxLodPixels>
        </Lod>
      </Region>
      <Link>
        <href>17/75261/81136.kml</href>
        <viewRefreshMode>onRegion</viewRefreshMode>
        <viewFormat/>
      </Link>
    </NetworkLink>
        
    <NetworkLink>
      <name>17/75261/81137.png</name>
      <Region>
        <LatLonAltBox>
          <north>39.33854604847979</north>
          <south>39.33642177141801</south>
          <east>26.71325683593751</east>
          <west>26.71051025390626</west>
        </LatLonAltBox>
        <Lod>
          <minLodPixels>128</minLodPixels>
          <maxLodPixels>-1</maxLodPixels>
        </Lod>
      </Region>
      <Link>
        <href>17/75261/81137.kml</href>
        <viewRefreshMode>onRegion</viewRefreshMode>
        <viewFormat/>
      </Link>
    </NetworkLink>
        
    <NetworkLink>
      <name>17/75261/81138.png</name>
      <Region>
        <LatLonAltBox>
          <north>39.34067026099156</north>
          <south>39.33854604847979</south>
          <east>26.71325683593751</east>
          <west>26.71051025390626</west>
        </LatLonAltBox>
        <Lod>
          <minLodPixels>128</minLodPixels>
          <maxLodPixels>-1</maxLodPixels>
        </Lod>
      </Region>
      <Link>
        <href>17/75261/81138.kml</href>
        <viewRefreshMode>onRegion</viewRefreshMode>
        <viewFormat/>
      </Link>
    </NetworkLink>
        
    <NetworkLink>
      <name>17/75261/81139.png</name>
      <Region>
        <LatLonAltBox>
          <north>39.34279440895236</north>
          <south>39.34067026099156</south>
          <east>26.71325683593751</east>
          <west>26.71051025390626</west>
        </LatLonAltBox>
        <Lod>
          <minLodPixels>128</minLodPixels>
          <maxLodPixels>-1</maxLodPixels>
        </Lod>
      </Region>
      <Link>
        <href>17/75261/81139.kml</href>
        <viewRefreshMode>onRegion</viewRefreshMode>
        <viewFormat/>
      </Link>
    </NetworkLink>
        
    <NetworkLink>
      <name>17/75261/81140.png</name>
      <Region>
        <LatLonAltBox>
          <north>39.34491849236127</north>
          <south>39.34279440895236</south>
          <east>26.71325683593751</east>
          <west>26.71051025390626</west>
        </LatLonAltBox>
        <Lod>
          <minLodPixels>128</minLodPixels>
          <maxLodPixels>-1</maxLodPixels>
        </Lod>
      </Region>
      <Link>
        <href>17/75261/81140.kml</href>
        <viewRefreshMode>onRegion</viewRefreshMode>
        <viewFormat/>
      </Link>
    </NetworkLink>
        
    <NetworkLink>
      <name>17/75261/81141.png</name>
      <Region>
        <LatLonAltBox>
          <north>39.34704251121732</north>
          <south>39.34491849236127</south>
          <east>26.71325683593751</east>
          <west>26.71051025390626</west>
        </LatLonAltBox>
        <Lod>
          <minLodPixels>128</minLodPixels>
          <maxLodPixels>-1</maxLodPixels>
        </Lod>
      </Region>
      <Link>
        <href>17/75261/81141.kml</href>
        <viewRefreshMode>onRegion</viewRefreshMode>
        <viewFormat/>
      </Link>
    </NetworkLink>
        
    <NetworkLink>
      <name>17/75261/81142.png</name>
      <Region>
        <LatLonAltBox>
          <north>39.34916646551957</north>
          <south>39.34704251121732</south>
          <east>26.71325683593751</east>
          <west>26.71051025390626</west>
        </LatLonAltBox>
        <Lod>
          <minLodPixels>128</minLodPixels>
          <maxLodPixels>-1</maxLodPixels>
        </Lod>
      </Region>
      <Link>
        <href>17/75261/81142.kml</href>
        <viewRefreshMode>onRegion</viewRefreshMode>
        <viewFormat/>
      </Link>
    </NetworkLink>
        
    <NetworkLink>
      <name>17/75261/81143.png</name>
      <Region>
        <LatLonAltBox>
          <north>39.35129035526705</north>
          <south>39.34916646551957</south>
          <east>26.71325683593751</east>
          <west>26.71051025390626</west>
        </LatLonAltBox>
        <Lod>
          <minLodPixels>128</minLodPixels>
          <maxLodPixels>-1</maxLodPixels>
        </Lod>
      </Region>
      <Link>
        <href>17/75261/81143.kml</href>
        <viewRefreshMode>onRegion</viewRefreshMode>
        <viewFormat/>
      </Link>
    </NetworkLink>
        
    <NetworkLink>
      <name>17/75261/81144.png</name>
      <Region>
        <LatLonAltBox>
          <north>39.35341418045878</north>
          <south>39.35129035526705</south>
          <east>26.71325683593751</east>
          <west>26.71051025390626</west>
        </LatLonAltBox>
        <Lod>
          <minLodPixels>128</minLodPixels>
          <maxLodPixels>-1</maxLodPixels>
        </Lod>
      </Region>
      <Link>
        <href>17/75261/81144.kml</href>
        <viewRefreshMode>onRegion</viewRefreshMode>
        <viewFormat/>
      </Link>
    </NetworkLink>
        
    <NetworkLink>
      <name>17/75262/81118.png</name>
      <Region>
        <LatLonAltBox>
          <north>39.29817374735305</north>
          <south>39.29604824402409</south>
          <east>26.71600341796876</east>
          <west>26.71325683593751</west>
        </LatLonAltBox>
        <Lod>
          <minLodPixels>128</minLodPixels>
          <maxLodPixels>-1</maxLodPixels>
        </Lod>
      </Region>
      <Link>
        <href>17/75262/81118.kml</href>
        <viewRefreshMode>onRegion</viewRefreshMode>
        <viewFormat/>
      </Link>
    </NetworkLink>
        
    <NetworkLink>
      <name>17/75262/81119.png</name>
      <Region>
        <LatLonAltBox>
          <north>39.30029918615029</north>
          <south>39.29817374735305</south>
          <east>26.71600341796876</east>
          <west>26.71325683593751</west>
        </LatLonAltBox>
        <Lod>
          <minLodPixels>128</minLodPixels>
          <maxLodPixels>-1</maxLodPixels>
        </Lod>
      </Region>
      <Link>
        <href>17/75262/81119.kml</href>
        <viewRefreshMode>onRegion</viewRefreshMode>
        <viewFormat/>
      </Link>
    </NetworkLink>
        
    <NetworkLink>
      <name>17/75262/81120.png</name>
      <Region>
        <LatLonAltBox>
          <north>39.30242456041487</north>
          <south>39.30029918615029</south>
          <east>26.71600341796876</east>
          <west>26.71325683593751</west>
        </LatLonAltBox>
        <Lod>
          <minLodPixels>128</minLodPixels>
          <maxLodPixels>-1</maxLodPixels>
        </Lod>
      </Region>
      <Link>
        <href>17/75262/81120.kml</href>
        <viewRefreshMode>onRegion</viewRefreshMode>
        <viewFormat/>
      </Link>
    </NetworkLink>
        
    <NetworkLink>
      <name>17/75262/81121.png</name>
      <Region>
        <LatLonAltBox>
          <north>39.30454987014581</north>
          <south>39.30242456041487</south>
          <east>26.71600341796876</east>
          <west>26.71325683593751</west>
        </LatLonAltBox>
        <Lod>
          <minLodPixels>128</minLodPixels>
          <maxLodPixels>-1</maxLodPixels>
        </Lod>
      </Region>
      <Link>
        <href>17/75262/81121.kml</href>
        <viewRefreshMode>onRegion</viewRefreshMode>
        <viewFormat/>
      </Link>
    </NetworkLink>
        
    <NetworkLink>
      <name>17/75262/81122.png</name>
      <Region>
        <LatLonAltBox>
          <north>39.30667511534213</north>
          <south>39.30454987014581</south>
          <east>26.71600341796876</east>
          <west>26.71325683593751</west>
        </LatLonAltBox>
        <Lod>
          <minLodPixels>128</minLodPixels>
          <maxLodPixels>-1</maxLodPixels>
        </Lod>
      </Region>
      <Link>
        <href>17/75262/81122.kml</href>
        <viewRefreshMode>onRegion</viewRefreshMode>
        <viewFormat/>
      </Link>
    </NetworkLink>
        
    <NetworkLink>
      <name>17/75262/81123.png</name>
      <Region>
        <LatLonAltBox>
          <north>39.30880029600291</north>
          <south>39.30667511534213</south>
          <east>26.71600341796876</east>
          <west>26.71325683593751</west>
        </LatLonAltBox>
        <Lod>
          <minLodPixels>128</minLodPixels>
          <maxLodPixels>-1</maxLodPixels>
        </Lod>
      </Region>
      <Link>
        <href>17/75262/81123.kml</href>
        <viewRefreshMode>onRegion</viewRefreshMode>
        <viewFormat/>
      </Link>
    </NetworkLink>
        
    <NetworkLink>
      <name>17/75262/81124.png</name>
      <Region>
        <LatLonAltBox>
          <north>39.31092541212715</north>
          <south>39.30880029600291</south>
          <east>26.71600341796876</east>
          <west>26.71325683593751</west>
        </LatLonAltBox>
        <Lod>
          <minLodPixels>128</minLodPixels>
          <maxLodPixels>-1</maxLodPixels>
        </Lod>
      </Region>
      <Link>
        <href>17/75262/81124.kml</href>
        <viewRefreshMode>onRegion</viewRefreshMode>
        <viewFormat/>
      </Link>
    </NetworkLink>
        
    <NetworkLink>
      <name>17/75262/81125.png</name>
      <Region>
        <LatLonAltBox>
          <north>39.31305046371388</north>
          <south>39.31092541212715</south>
          <east>26.71600341796876</east>
          <west>26.71325683593751</west>
        </LatLonAltBox>
        <Lod>
          <minLodPixels>128</minLodPixels>
          <maxLodPixels>-1</maxLodPixels>
        </Lod>
      </Region>
      <Link>
        <href>17/75262/81125.kml</href>
        <viewRefreshMode>onRegion</viewRefreshMode>
        <viewFormat/>
      </Link>
    </NetworkLink>
        
    <NetworkLink>
      <name>17/75262/81126.png</name>
      <Region>
        <LatLonAltBox>
          <north>39.31517545076215</north>
          <south>39.31305046371388</south>
          <east>26.71600341796876</east>
          <west>26.71325683593751</west>
        </LatLonAltBox>
        <Lod>
          <minLodPixels>128</minLodPixels>
          <maxLodPixels>-1</maxLodPixels>
        </Lod>
      </Region>
      <Link>
        <href>17/75262/81126.kml</href>
        <viewRefreshMode>onRegion</viewRefreshMode>
        <viewFormat/>
      </Link>
    </NetworkLink>
        
    <NetworkLink>
      <name>17/75262/81127.png</name>
      <Region>
        <LatLonAltBox>
          <north>39.31730037327102</north>
          <south>39.31517545076215</south>
          <east>26.71600341796876</east>
          <west>26.71325683593751</west>
        </LatLonAltBox>
        <Lod>
          <minLodPixels>128</minLodPixels>
          <maxLodPixels>-1</maxLodPixels>
        </Lod>
      </Region>
      <Link>
        <href>17/75262/81127.kml</href>
        <viewRefreshMode>onRegion</viewRefreshMode>
        <viewFormat/>
      </Link>
    </NetworkLink>
        
    <NetworkLink>
      <name>17/75262/81128.png</name>
      <Region>
        <LatLonAltBox>
          <north>39.31942523123952</north>
          <south>39.31730037327102</south>
          <east>26.71600341796876</east>
          <west>26.71325683593751</west>
        </LatLonAltBox>
        <Lod>
          <minLodPixels>128</minLodPixels>
          <maxLodPixels>-1</maxLodPixels>
        </Lod>
      </Region>
      <Link>
        <href>17/75262/81128.kml</href>
        <viewRefreshMode>onRegion</viewRefreshMode>
        <viewFormat/>
      </Link>
    </NetworkLink>
        
    <NetworkLink>
      <name>17/75262/81129.png</name>
      <Region>
        <LatLonAltBox>
          <north>39.32155002466662</north>
          <south>39.31942523123952</south>
          <east>26.71600341796876</east>
          <west>26.71325683593751</west>
        </LatLonAltBox>
        <Lod>
          <minLodPixels>128</minLodPixels>
          <maxLodPixels>-1</maxLodPixels>
        </Lod>
      </Region>
      <Link>
        <href>17/75262/81129.kml</href>
        <viewRefreshMode>onRegion</viewRefreshMode>
        <viewFormat/>
      </Link>
    </NetworkLink>
        
    <NetworkLink>
      <name>17/75262/81130.png</name>
      <Region>
        <LatLonAltBox>
          <north>39.32367475355144</north>
          <south>39.32155002466662</south>
          <east>26.71600341796876</east>
          <west>26.71325683593751</west>
        </LatLonAltBox>
        <Lod>
          <minLodPixels>128</minLodPixels>
          <maxLodPixels>-1</maxLodPixels>
        </Lod>
      </Region>
      <Link>
        <href>17/75262/81130.kml</href>
        <viewRefreshMode>onRegion</viewRefreshMode>
        <viewFormat/>
      </Link>
    </NetworkLink>
        
    <NetworkLink>
      <name>17/75262/81131.png</name>
      <Region>
        <LatLonAltBox>
          <north>39.32579941789298</north>
          <south>39.32367475355144</south>
          <east>26.71600341796876</east>
          <west>26.71325683593751</west>
        </LatLonAltBox>
        <Lod>
          <minLodPixels>128</minLodPixels>
          <maxLodPixels>-1</maxLodPixels>
        </Lod>
      </Region>
      <Link>
        <href>17/75262/81131.kml</href>
        <viewRefreshMode>onRegion</viewRefreshMode>
        <viewFormat/>
      </Link>
    </NetworkLink>
        
    <NetworkLink>
      <name>17/75262/81132.png</name>
      <Region>
        <LatLonAltBox>
          <north>39.32792401769030</north>
          <south>39.32579941789298</south>
          <east>26.71600341796876</east>
          <west>26.71325683593751</west>
        </LatLonAltBox>
        <Lod>
          <minLodPixels>128</minLodPixels>
          <maxLodPixels>-1</maxLodPixels>
        </Lod>
      </Region>
      <Link>
        <href>17/75262/81132.kml</href>
        <viewRefreshMode>onRegion</viewRefreshMode>
        <viewFormat/>
      </Link>
    </NetworkLink>
        
    <NetworkLink>
      <name>17/75262/81133.png</name>
      <Region>
        <LatLonAltBox>
          <north>39.33004855294242</north>
          <south>39.32792401769030</south>
          <east>26.71600341796876</east>
          <west>26.71325683593751</west>
        </LatLonAltBox>
        <Lod>
          <minLodPixels>128</minLodPixels>
          <maxLodPixels>-1</maxLodPixels>
        </Lod>
      </Region>
      <Link>
        <href>17/75262/81133.kml</href>
        <viewRefreshMode>onRegion</viewRefreshMode>
        <viewFormat/>
      </Link>
    </NetworkLink>
        
    <NetworkLink>
      <name>17/75262/81134.png</name>
      <Region>
        <LatLonAltBox>
          <north>39.33217302364838</north>
          <south>39.33004855294242</south>
          <east>26.71600341796876</east>
          <west>26.71325683593751</west>
        </LatLonAltBox>
        <Lod>
          <minLodPixels>128</minLodPixels>
          <maxLodPixels>-1</maxLodPixels>
        </Lod>
      </Region>
      <Link>
        <href>17/75262/81134.kml</href>
        <viewRefreshMode>onRegion</viewRefreshMode>
        <viewFormat/>
      </Link>
    </NetworkLink>
        
    <NetworkLink>
      <name>17/75262/81135.png</name>
      <Region>
        <LatLonAltBox>
          <north>39.33429742980725</north>
          <south>39.33217302364838</south>
          <east>26.71600341796876</east>
          <west>26.71325683593751</west>
        </LatLonAltBox>
        <Lod>
          <minLodPixels>128</minLodPixels>
          <maxLodPixels>-1</maxLodPixels>
        </Lod>
      </Region>
      <Link>
        <href>17/75262/81135.kml</href>
        <viewRefreshMode>onRegion</viewRefreshMode>
        <viewFormat/>
      </Link>
    </NetworkLink>
        
    <NetworkLink>
      <name>17/75262/81136.png</name>
      <Region>
        <LatLonAltBox>
          <north>39.33642177141801</north>
          <south>39.33429742980725</south>
          <east>26.71600341796876</east>
          <west>26.71325683593751</west>
        </LatLonAltBox>
        <Lod>
          <minLodPixels>128</minLodPixels>
          <maxLodPixels>-1</maxLodPixels>
        </Lod>
      </Region>
      <Link>
        <href>17/75262/81136.kml</href>
        <viewRefreshMode>onRegion</viewRefreshMode>
        <viewFormat/>
      </Link>
    </NetworkLink>
        
    <NetworkLink>
      <name>17/75262/81137.png</name>
      <Region>
        <LatLonAltBox>
          <north>39.33854604847979</north>
          <south>39.33642177141801</south>
          <east>26.71600341796876</east>
          <west>26.71325683593751</west>
        </LatLonAltBox>
        <Lod>
          <minLodPixels>128</minLodPixels>
          <maxLodPixels>-1</maxLodPixels>
        </Lod>
      </Region>
      <Link>
        <href>17/75262/81137.kml</href>
        <viewRefreshMode>onRegion</viewRefreshMode>
        <viewFormat/>
      </Link>
    </NetworkLink>
        
    <NetworkLink>
      <name>17/75262/81138.png</name>
      <Region>
        <LatLonAltBox>
          <north>39.34067026099156</north>
          <south>39.33854604847979</south>
          <east>26.71600341796876</east>
          <west>26.71325683593751</west>
        </LatLonAltBox>
        <Lod>
          <minLodPixels>128</minLodPixels>
          <maxLodPixels>-1</maxLodPixels>
        </Lod>
      </Region>
      <Link>
        <href>17/75262/81138.kml</href>
        <viewRefreshMode>onRegion</viewRefreshMode>
        <viewFormat/>
      </Link>
    </NetworkLink>
        
    <NetworkLink>
      <name>17/75262/81139.png</name>
      <Region>
        <LatLonAltBox>
          <north>39.34279440895236</north>
          <south>39.34067026099156</south>
          <east>26.71600341796876</east>
          <west>26.71325683593751</west>
        </LatLonAltBox>
        <Lod>
          <minLodPixels>128</minLodPixels>
          <maxLodPixels>-1</maxLodPixels>
        </Lod>
      </Region>
      <Link>
        <href>17/75262/81139.kml</href>
        <viewRefreshMode>onRegion</viewRefreshMode>
        <viewFormat/>
      </Link>
    </NetworkLink>
        
    <NetworkLink>
      <name>17/75262/81140.png</name>
      <Region>
        <LatLonAltBox>
          <north>39.34491849236127</north>
          <south>39.34279440895236</south>
          <east>26.71600341796876</east>
          <west>26.71325683593751</west>
        </LatLonAltBox>
        <Lod>
          <minLodPixels>128</minLodPixels>
          <maxLodPixels>-1</maxLodPixels>
        </Lod>
      </Region>
      <Link>
        <href>17/75262/81140.kml</href>
        <viewRefreshMode>onRegion</viewRefreshMode>
        <viewFormat/>
      </Link>
    </NetworkLink>
        
    <NetworkLink>
      <name>17/75262/81141.png</name>
      <Region>
        <LatLonAltBox>
          <north>39.34704251121732</north>
          <south>39.34491849236127</south>
          <east>26.71600341796876</east>
          <west>26.71325683593751</west>
        </LatLonAltBox>
        <Lod>
          <minLodPixels>128</minLodPixels>
          <maxLodPixels>-1</maxLodPixels>
        </Lod>
      </Region>
      <Link>
        <href>17/75262/81141.kml</href>
        <viewRefreshMode>onRegion</viewRefreshMode>
        <viewFormat/>
      </Link>
    </NetworkLink>
        
    <NetworkLink>
      <name>17/75262/81142.png</name>
      <Region>
        <LatLonAltBox>
          <north>39.34916646551957</north>
          <south>39.34704251121732</south>
          <east>26.71600341796876</east>
          <west>26.71325683593751</west>
        </LatLonAltBox>
        <Lod>
          <minLodPixels>128</minLodPixels>
          <maxLodPixels>-1</maxLodPixels>
        </Lod>
      </Region>
      <Link>
        <href>17/75262/81142.kml</href>
        <viewRefreshMode>onRegion</viewRefreshMode>
        <viewFormat/>
      </Link>
    </NetworkLink>
        
    <NetworkLink>
      <name>17/75262/81143.png</name>
      <Region>
        <LatLonAltBox>
          <north>39.35129035526705</north>
          <south>39.34916646551957</south>
          <east>26.71600341796876</east>
          <west>26.71325683593751</west>
        </LatLonAltBox>
        <Lod>
          <minLodPixels>128</minLodPixels>
          <maxLodPixels>-1</maxLodPixels>
        </Lod>
      </Region>
      <Link>
        <href>17/75262/81143.kml</href>
        <viewRefreshMode>onRegion</viewRefreshMode>
        <viewFormat/>
      </Link>
    </NetworkLink>
        
    <NetworkLink>
      <name>17/75262/81144.png</name>
      <Region>
        <LatLonAltBox>
          <north>39.35341418045878</north>
          <south>39.35129035526705</south>
          <east>26.71600341796876</east>
          <west>26.71325683593751</west>
        </LatLonAltBox>
        <Lod>
          <minLodPixels>128</minLodPixels>
          <maxLodPixels>-1</maxLodPixels>
        </Lod>
      </Region>
      <Link>
        <href>17/75262/81144.kml</href>
        <viewRefreshMode>onRegion</viewRefreshMode>
        <viewFormat/>
      </Link>
    </NetworkLink>
        
    <NetworkLink>
      <name>17/75263/81118.png</name>
      <Region>
        <LatLonAltBox>
          <north>39.29817374735305</north>
          <south>39.29604824402409</south>
          <east>26.71875000000000</east>
          <west>26.71600341796876</west>
        </LatLonAltBox>
        <Lod>
          <minLodPixels>128</minLodPixels>
          <maxLodPixels>-1</maxLodPixels>
        </Lod>
      </Region>
      <Link>
        <href>17/75263/81118.kml</href>
        <viewRefreshMode>onRegion</viewRefreshMode>
        <viewFormat/>
      </Link>
    </NetworkLink>
        
    <NetworkLink>
      <name>17/75263/81119.png</name>
      <Region>
        <LatLonAltBox>
          <north>39.30029918615029</north>
          <south>39.29817374735305</south>
          <east>26.71875000000000</east>
          <west>26.71600341796876</west>
        </LatLonAltBox>
        <Lod>
          <minLodPixels>128</minLodPixels>
          <maxLodPixels>-1</maxLodPixels>
        </Lod>
      </Region>
      <Link>
        <href>17/75263/81119.kml</href>
        <viewRefreshMode>onRegion</viewRefreshMode>
        <viewFormat/>
      </Link>
    </NetworkLink>
        
    <NetworkLink>
      <name>17/75263/81120.png</name>
      <Region>
        <LatLonAltBox>
          <north>39.30242456041487</north>
          <south>39.30029918615029</south>
          <east>26.71875000000000</east>
          <west>26.71600341796876</west>
        </LatLonAltBox>
        <Lod>
          <minLodPixels>128</minLodPixels>
          <maxLodPixels>-1</maxLodPixels>
        </Lod>
      </Region>
      <Link>
        <href>17/75263/81120.kml</href>
        <viewRefreshMode>onRegion</viewRefreshMode>
        <viewFormat/>
      </Link>
    </NetworkLink>
        
    <NetworkLink>
      <name>17/75263/81121.png</name>
      <Region>
        <LatLonAltBox>
          <north>39.30454987014581</north>
          <south>39.30242456041487</south>
          <east>26.71875000000000</east>
          <west>26.71600341796876</west>
        </LatLonAltBox>
        <Lod>
          <minLodPixels>128</minLodPixels>
          <maxLodPixels>-1</maxLodPixels>
        </Lod>
      </Region>
      <Link>
        <href>17/75263/81121.kml</href>
        <viewRefreshMode>onRegion</viewRefreshMode>
        <viewFormat/>
      </Link>
    </NetworkLink>
        
    <NetworkLink>
      <name>17/75263/81122.png</name>
      <Region>
        <LatLonAltBox>
          <north>39.30667511534213</north>
          <south>39.30454987014581</south>
          <east>26.71875000000000</east>
          <west>26.71600341796876</west>
        </LatLonAltBox>
        <Lod>
          <minLodPixels>128</minLodPixels>
          <maxLodPixels>-1</maxLodPixels>
        </Lod>
      </Region>
      <Link>
        <href>17/75263/81122.kml</href>
        <viewRefreshMode>onRegion</viewRefreshMode>
        <viewFormat/>
      </Link>
    </NetworkLink>
        
    <NetworkLink>
      <name>17/75263/81123.png</name>
      <Region>
        <LatLonAltBox>
          <north>39.30880029600291</north>
          <south>39.30667511534213</south>
          <east>26.71875000000000</east>
          <west>26.71600341796876</west>
        </LatLonAltBox>
        <Lod>
          <minLodPixels>128</minLodPixels>
          <maxLodPixels>-1</maxLodPixels>
        </Lod>
      </Region>
      <Link>
        <href>17/75263/81123.kml</href>
        <viewRefreshMode>onRegion</viewRefreshMode>
        <viewFormat/>
      </Link>
    </NetworkLink>
        
    <NetworkLink>
      <name>17/75263/81124.png</name>
      <Region>
        <LatLonAltBox>
          <north>39.31092541212715</north>
          <south>39.30880029600291</south>
          <east>26.71875000000000</east>
          <west>26.71600341796876</west>
        </LatLonAltBox>
        <Lod>
          <minLodPixels>128</minLodPixels>
          <maxLodPixels>-1</maxLodPixels>
        </Lod>
      </Region>
      <Link>
        <href>17/75263/81124.kml</href>
        <viewRefreshMode>onRegion</viewRefreshMode>
        <viewFormat/>
      </Link>
    </NetworkLink>
        
    <NetworkLink>
      <name>17/75263/81125.png</name>
      <Region>
        <LatLonAltBox>
          <north>39.31305046371388</north>
          <south>39.31092541212715</south>
          <east>26.71875000000000</east>
          <west>26.71600341796876</west>
        </LatLonAltBox>
        <Lod>
          <minLodPixels>128</minLodPixels>
          <maxLodPixels>-1</maxLodPixels>
        </Lod>
      </Region>
      <Link>
        <href>17/75263/81125.kml</href>
        <viewRefreshMode>onRegion</viewRefreshMode>
        <viewFormat/>
      </Link>
    </NetworkLink>
        
    <NetworkLink>
      <name>17/75263/81126.png</name>
      <Region>
        <LatLonAltBox>
          <north>39.31517545076215</north>
          <south>39.31305046371388</south>
          <east>26.71875000000000</east>
          <west>26.71600341796876</west>
        </LatLonAltBox>
        <Lod>
          <minLodPixels>128</minLodPixels>
          <maxLodPixels>-1</maxLodPixels>
        </Lod>
      </Region>
      <Link>
        <href>17/75263/81126.kml</href>
        <viewRefreshMode>onRegion</viewRefreshMode>
        <viewFormat/>
      </Link>
    </NetworkLink>
        
    <NetworkLink>
      <name>17/75263/81127.png</name>
      <Region>
        <LatLonAltBox>
          <north>39.31730037327102</north>
          <south>39.31517545076215</south>
          <east>26.71875000000000</east>
          <west>26.71600341796876</west>
        </LatLonAltBox>
        <Lod>
          <minLodPixels>128</minLodPixels>
          <maxLodPixels>-1</maxLodPixels>
        </Lod>
      </Region>
      <Link>
        <href>17/75263/81127.kml</href>
        <viewRefreshMode>onRegion</viewRefreshMode>
        <viewFormat/>
      </Link>
    </NetworkLink>
        
    <NetworkLink>
      <name>17/75263/81128.png</name>
      <Region>
        <LatLonAltBox>
          <north>39.31942523123952</north>
          <south>39.31730037327102</south>
          <east>26.71875000000000</east>
          <west>26.71600341796876</west>
        </LatLonAltBox>
        <Lod>
          <minLodPixels>128</minLodPixels>
          <maxLodPixels>-1</maxLodPixels>
        </Lod>
      </Region>
      <Link>
        <href>17/75263/81128.kml</href>
        <viewRefreshMode>onRegion</viewRefreshMode>
        <viewFormat/>
      </Link>
    </NetworkLink>
        
    <NetworkLink>
      <name>17/75263/81129.png</name>
      <Region>
        <LatLonAltBox>
          <north>39.32155002466662</north>
          <south>39.31942523123952</south>
          <east>26.71875000000000</east>
          <west>26.71600341796876</west>
        </LatLonAltBox>
        <Lod>
          <minLodPixels>128</minLodPixels>
          <maxLodPixels>-1</maxLodPixels>
        </Lod>
      </Region>
      <Link>
        <href>17/75263/81129.kml</href>
        <viewRefreshMode>onRegion</viewRefreshMode>
        <viewFormat/>
      </Link>
    </NetworkLink>
        
    <NetworkLink>
      <name>17/75263/81130.png</name>
      <Region>
        <LatLonAltBox>
          <north>39.32367475355144</north>
          <south>39.32155002466662</south>
          <east>26.71875000000000</east>
          <west>26.71600341796876</west>
        </LatLonAltBox>
        <Lod>
          <minLodPixels>128</minLodPixels>
          <maxLodPixels>-1</maxLodPixels>
        </Lod>
      </Region>
      <Link>
        <href>17/75263/81130.kml</href>
        <viewRefreshMode>onRegion</viewRefreshMode>
        <viewFormat/>
      </Link>
    </NetworkLink>
        
    <NetworkLink>
      <name>17/75263/81131.png</name>
      <Region>
        <LatLonAltBox>
          <north>39.32579941789298</north>
          <south>39.32367475355144</south>
          <east>26.71875000000000</east>
          <west>26.71600341796876</west>
        </LatLonAltBox>
        <Lod>
          <minLodPixels>128</minLodPixels>
          <maxLodPixels>-1</maxLodPixels>
        </Lod>
      </Region>
      <Link>
        <href>17/75263/81131.kml</href>
        <viewRefreshMode>onRegion</viewRefreshMode>
        <viewFormat/>
      </Link>
    </NetworkLink>
        
    <NetworkLink>
      <name>17/75263/81132.png</name>
      <Region>
        <LatLonAltBox>
          <north>39.32792401769030</north>
          <south>39.32579941789298</south>
          <east>26.71875000000000</east>
          <west>26.71600341796876</west>
        </LatLonAltBox>
        <Lod>
          <minLodPixels>128</minLodPixels>
          <maxLodPixels>-1</maxLodPixels>
        </Lod>
      </Region>
      <Link>
        <href>17/75263/81132.kml</href>
        <viewRefreshMode>onRegion</viewRefreshMode>
        <viewFormat/>
      </Link>
    </NetworkLink>
        
    <NetworkLink>
      <name>17/75263/81133.png</name>
      <Region>
        <LatLonAltBox>
          <north>39.33004855294242</north>
          <south>39.32792401769030</south>
          <east>26.71875000000000</east>
          <west>26.71600341796876</west>
        </LatLonAltBox>
        <Lod>
          <minLodPixels>128</minLodPixels>
          <maxLodPixels>-1</maxLodPixels>
        </Lod>
      </Region>
      <Link>
        <href>17/75263/81133.kml</href>
        <viewRefreshMode>onRegion</viewRefreshMode>
        <viewFormat/>
      </Link>
    </NetworkLink>
        
    <NetworkLink>
      <name>17/75263/81134.png</name>
      <Region>
        <LatLonAltBox>
          <north>39.33217302364838</north>
          <south>39.33004855294242</south>
          <east>26.71875000000000</east>
          <west>26.71600341796876</west>
        </LatLonAltBox>
        <Lod>
          <minLodPixels>128</minLodPixels>
          <maxLodPixels>-1</maxLodPixels>
        </Lod>
      </Region>
      <Link>
        <href>17/75263/81134.kml</href>
        <viewRefreshMode>onRegion</viewRefreshMode>
        <viewFormat/>
      </Link>
    </NetworkLink>
        
    <NetworkLink>
      <name>17/75263/81135.png</name>
      <Region>
        <LatLonAltBox>
          <north>39.33429742980725</north>
          <south>39.33217302364838</south>
          <east>26.71875000000000</east>
          <west>26.71600341796876</west>
        </LatLonAltBox>
        <Lod>
          <minLodPixels>128</minLodPixels>
          <maxLodPixels>-1</maxLodPixels>
        </Lod>
      </Region>
      <Link>
        <href>17/75263/81135.kml</href>
        <viewRefreshMode>onRegion</viewRefreshMode>
        <viewFormat/>
      </Link>
    </NetworkLink>
        
    <NetworkLink>
      <name>17/75263/81136.png</name>
      <Region>
        <LatLonAltBox>
          <north>39.33642177141801</north>
          <south>39.33429742980725</south>
          <east>26.71875000000000</east>
          <west>26.71600341796876</west>
        </LatLonAltBox>
        <Lod>
          <minLodPixels>128</minLodPixels>
          <maxLodPixels>-1</maxLodPixels>
        </Lod>
      </Region>
      <Link>
        <href>17/75263/81136.kml</href>
        <viewRefreshMode>onRegion</viewRefreshMode>
        <viewFormat/>
      </Link>
    </NetworkLink>
        
    <NetworkLink>
      <name>17/75263/81137.png</name>
      <Region>
        <LatLonAltBox>
          <north>39.33854604847979</north>
          <south>39.33642177141801</south>
          <east>26.71875000000000</east>
          <west>26.71600341796876</west>
        </LatLonAltBox>
        <Lod>
          <minLodPixels>128</minLodPixels>
          <maxLodPixels>-1</maxLodPixels>
        </Lod>
      </Region>
      <Link>
        <href>17/75263/81137.kml</href>
        <viewRefreshMode>onRegion</viewRefreshMode>
        <viewFormat/>
      </Link>
    </NetworkLink>
        
    <NetworkLink>
      <name>17/75263/81138.png</name>
      <Region>
        <LatLonAltBox>
          <north>39.34067026099156</north>
          <south>39.33854604847979</south>
          <east>26.71875000000000</east>
          <west>26.71600341796876</west>
        </LatLonAltBox>
        <Lod>
          <minLodPixels>128</minLodPixels>
          <maxLodPixels>-1</maxLodPixels>
        </Lod>
      </Region>
      <Link>
        <href>17/75263/81138.kml</href>
        <viewRefreshMode>onRegion</viewRefreshMode>
        <viewFormat/>
      </Link>
    </NetworkLink>
        
    <NetworkLink>
      <name>17/75263/81139.png</name>
      <Region>
        <LatLonAltBox>
          <north>39.34279440895236</north>
          <south>39.34067026099156</south>
          <east>26.71875000000000</east>
          <west>26.71600341796876</west>
        </LatLonAltBox>
        <Lod>
          <minLodPixels>128</minLodPixels>
          <maxLodPixels>-1</maxLodPixels>
        </Lod>
      </Region>
      <Link>
        <href>17/75263/81139.kml</href>
        <viewRefreshMode>onRegion</viewRefreshMode>
        <viewFormat/>
      </Link>
    </NetworkLink>
        
    <NetworkLink>
      <name>17/75263/81140.png</name>
      <Region>
        <LatLonAltBox>
          <north>39.34491849236127</north>
          <south>39.34279440895236</south>
          <east>26.71875000000000</east>
          <west>26.71600341796876</west>
        </LatLonAltBox>
        <Lod>
          <minLodPixels>128</minLodPixels>
          <maxLodPixels>-1</maxLodPixels>
        </Lod>
      </Region>
      <Link>
        <href>17/75263/81140.kml</href>
        <viewRefreshMode>onRegion</viewRefreshMode>
        <viewFormat/>
      </Link>
    </NetworkLink>
        
    <NetworkLink>
      <name>17/75263/81141.png</name>
      <Region>
        <LatLonAltBox>
          <north>39.34704251121732</north>
          <south>39.34491849236127</south>
          <east>26.71875000000000</east>
          <west>26.71600341796876</west>
        </LatLonAltBox>
        <Lod>
          <minLodPixels>128</minLodPixels>
          <maxLodPixels>-1</maxLodPixels>
        </Lod>
      </Region>
      <Link>
        <href>17/75263/81141.kml</href>
        <viewRefreshMode>onRegion</viewRefreshMode>
        <viewFormat/>
      </Link>
    </NetworkLink>
        
    <NetworkLink>
      <name>17/75263/81142.png</name>
      <Region>
        <LatLonAltBox>
          <north>39.34916646551957</north>
          <south>39.34704251121732</south>
          <east>26.71875000000000</east>
          <west>26.71600341796876</west>
        </LatLonAltBox>
        <Lod>
          <minLodPixels>128</minLodPixels>
          <maxLodPixels>-1</maxLodPixels>
        </Lod>
      </Region>
      <Link>
        <href>17/75263/81142.kml</href>
        <viewRefreshMode>onRegion</viewRefreshMode>
        <viewFormat/>
      </Link>
    </NetworkLink>
        
    <NetworkLink>
      <name>17/75263/81143.png</name>
      <Region>
        <LatLonAltBox>
          <north>39.35129035526705</north>
          <south>39.34916646551957</south>
          <east>26.71875000000000</east>
          <west>26.71600341796876</west>
        </LatLonAltBox>
        <Lod>
          <minLodPixels>128</minLodPixels>
          <maxLodPixels>-1</maxLodPixels>
        </Lod>
      </Region>
      <Link>
        <href>17/75263/81143.kml</href>
        <viewRefreshMode>onRegion</viewRefreshMode>
        <viewFormat/>
      </Link>
    </NetworkLink>
        
    <NetworkLink>
      <name>17/75263/81144.png</name>
      <Region>
        <LatLonAltBox>
          <north>39.35341418045878</north>
          <south>39.35129035526705</south>
          <east>26.71875000000000</east>
          <west>26.71600341796876</west>
        </LatLonAltBox>
        <Lod>
          <minLodPixels>128</minLodPixels>
          <maxLodPixels>-1</maxLodPixels>
        </Lod>
      </Region>
      <Link>
        <href>17/75263/81144.kml</href>
        <viewRefreshMode>onRegion</viewRefreshMode>
        <viewFormat/>
      </Link>
    </NetworkLink>
        
    <NetworkLink>
      <name>17/75264/81118.png</name>
      <Region>
        <LatLonAltBox>
          <north>39.29817374735305</north>
          <south>39.29604824402409</south>
          <east>26.72149658203125</east>
          <west>26.71875000000000</west>
        </LatLonAltBox>
        <Lod>
          <minLodPixels>128</minLodPixels>
          <maxLodPixels>-1</maxLodPixels>
        </Lod>
      </Region>
      <Link>
        <href>17/75264/81118.kml</href>
        <viewRefreshMode>onRegion</viewRefreshMode>
        <viewFormat/>
      </Link>
    </NetworkLink>
        
    <NetworkLink>
      <name>17/75264/81119.png</name>
      <Region>
        <LatLonAltBox>
          <north>39.30029918615029</north>
          <south>39.29817374735305</south>
          <east>26.72149658203125</east>
          <west>26.71875000000000</west>
        </LatLonAltBox>
        <Lod>
          <minLodPixels>128</minLodPixels>
          <maxLodPixels>-1</maxLodPixels>
        </Lod>
      </Region>
      <Link>
        <href>17/75264/81119.kml</href>
        <viewRefreshMode>onRegion</viewRefreshMode>
        <viewFormat/>
      </Link>
    </NetworkLink>
        
    <NetworkLink>
      <name>17/75264/81120.png</name>
      <Region>
        <LatLonAltBox>
          <north>39.30242456041487</north>
          <south>39.30029918615029</south>
          <east>26.72149658203125</east>
          <west>26.71875000000000</west>
        </LatLonAltBox>
        <Lod>
          <minLodPixels>128</minLodPixels>
          <maxLodPixels>-1</maxLodPixels>
        </Lod>
      </Region>
      <Link>
        <href>17/75264/81120.kml</href>
        <viewRefreshMode>onRegion</viewRefreshMode>
        <viewFormat/>
      </Link>
    </NetworkLink>
        
    <NetworkLink>
      <name>17/75264/81121.png</name>
      <Region>
        <LatLonAltBox>
          <north>39.30454987014581</north>
          <south>39.30242456041487</south>
          <east>26.72149658203125</east>
          <west>26.71875000000000</west>
        </LatLonAltBox>
        <Lod>
          <minLodPixels>128</minLodPixels>
          <maxLodPixels>-1</maxLodPixels>
        </Lod>
      </Region>
      <Link>
        <href>17/75264/81121.kml</href>
        <viewRefreshMode>onRegion</viewRefreshMode>
        <viewFormat/>
      </Link>
    </NetworkLink>
        
    <NetworkLink>
      <name>17/75264/81122.png</name>
      <Region>
        <LatLonAltBox>
          <north>39.30667511534213</north>
          <south>39.30454987014581</south>
          <east>26.72149658203125</east>
          <west>26.71875000000000</west>
        </LatLonAltBox>
        <Lod>
          <minLodPixels>128</minLodPixels>
          <maxLodPixels>-1</maxLodPixels>
        </Lod>
      </Region>
      <Link>
        <href>17/75264/81122.kml</href>
        <viewRefreshMode>onRegion</viewRefreshMode>
        <viewFormat/>
      </Link>
    </NetworkLink>
        
    <NetworkLink>
      <name>17/75264/81123.png</name>
      <Region>
        <LatLonAltBox>
          <north>39.30880029600291</north>
          <south>39.30667511534213</south>
          <east>26.72149658203125</east>
          <west>26.71875000000000</west>
        </LatLonAltBox>
        <Lod>
          <minLodPixels>128</minLodPixels>
          <maxLodPixels>-1</maxLodPixels>
        </Lod>
      </Region>
      <Link>
        <href>17/75264/81123.kml</href>
        <viewRefreshMode>onRegion</viewRefreshMode>
        <viewFormat/>
      </Link>
    </NetworkLink>
        
    <NetworkLink>
      <name>17/75264/81124.png</name>
      <Region>
        <LatLonAltBox>
          <north>39.31092541212715</north>
          <south>39.30880029600291</south>
          <east>26.72149658203125</east>
          <west>26.71875000000000</west>
        </LatLonAltBox>
        <Lod>
          <minLodPixels>128</minLodPixels>
          <maxLodPixels>-1</maxLodPixels>
        </Lod>
      </Region>
      <Link>
        <href>17/75264/81124.kml</href>
        <viewRefreshMode>onRegion</viewRefreshMode>
        <viewFormat/>
      </Link>
    </NetworkLink>
        
    <NetworkLink>
      <name>17/75264/81125.png</name>
      <Region>
        <LatLonAltBox>
          <north>39.31305046371388</north>
          <south>39.31092541212715</south>
          <east>26.72149658203125</east>
          <west>26.71875000000000</west>
        </LatLonAltBox>
        <Lod>
          <minLodPixels>128</minLodPixels>
          <maxLodPixels>-1</maxLodPixels>
        </Lod>
      </Region>
      <Link>
        <href>17/75264/81125.kml</href>
        <viewRefreshMode>onRegion</viewRefreshMode>
        <viewFormat/>
      </Link>
    </NetworkLink>
        
    <NetworkLink>
      <name>17/75264/81126.png</name>
      <Region>
        <LatLonAltBox>
          <north>39.31517545076215</north>
          <south>39.31305046371388</south>
          <east>26.72149658203125</east>
          <west>26.71875000000000</west>
        </LatLonAltBox>
        <Lod>
          <minLodPixels>128</minLodPixels>
          <maxLodPixels>-1</maxLodPixels>
        </Lod>
      </Region>
      <Link>
        <href>17/75264/81126.kml</href>
        <viewRefreshMode>onRegion</viewRefreshMode>
        <viewFormat/>
      </Link>
    </NetworkLink>
        
    <NetworkLink>
      <name>17/75264/81127.png</name>
      <Region>
        <LatLonAltBox>
          <north>39.31730037327102</north>
          <south>39.31517545076215</south>
          <east>26.72149658203125</east>
          <west>26.71875000000000</west>
        </LatLonAltBox>
        <Lod>
          <minLodPixels>128</minLodPixels>
          <maxLodPixels>-1</maxLodPixels>
        </Lod>
      </Region>
      <Link>
        <href>17/75264/81127.kml</href>
        <viewRefreshMode>onRegion</viewRefreshMode>
        <viewFormat/>
      </Link>
    </NetworkLink>
        
    <NetworkLink>
      <name>17/75264/81128.png</name>
      <Region>
        <LatLonAltBox>
          <north>39.31942523123952</north>
          <south>39.31730037327102</south>
          <east>26.72149658203125</east>
          <west>26.71875000000000</west>
        </LatLonAltBox>
        <Lod>
          <minLodPixels>128</minLodPixels>
          <maxLodPixels>-1</maxLodPixels>
        </Lod>
      </Region>
      <Link>
        <href>17/75264/81128.kml</href>
        <viewRefreshMode>onRegion</viewRefreshMode>
        <viewFormat/>
      </Link>
    </NetworkLink>
        
    <NetworkLink>
      <name>17/75264/81129.png</name>
      <Region>
        <LatLonAltBox>
          <north>39.32155002466662</north>
          <south>39.31942523123952</south>
          <east>26.72149658203125</east>
          <west>26.71875000000000</west>
        </LatLonAltBox>
        <Lod>
          <minLodPixels>128</minLodPixels>
          <maxLodPixels>-1</maxLodPixels>
        </Lod>
      </Region>
      <Link>
        <href>17/75264/81129.kml</href>
        <viewRefreshMode>onRegion</viewRefreshMode>
        <viewFormat/>
      </Link>
    </NetworkLink>
        
    <NetworkLink>
      <name>17/75264/81130.png</name>
      <Region>
        <LatLonAltBox>
          <north>39.32367475355144</north>
          <south>39.32155002466662</south>
          <east>26.72149658203125</east>
          <west>26.71875000000000</west>
        </LatLonAltBox>
        <Lod>
          <minLodPixels>128</minLodPixels>
          <maxLodPixels>-1</maxLodPixels>
        </Lod>
      </Region>
      <Link>
        <href>17/75264/81130.kml</href>
        <viewRefreshMode>onRegion</viewRefreshMode>
        <viewFormat/>
      </Link>
    </NetworkLink>
        
    <NetworkLink>
      <name>17/75264/81131.png</name>
      <Region>
        <LatLonAltBox>
          <north>39.32579941789298</north>
          <south>39.32367475355144</south>
          <east>26.72149658203125</east>
          <west>26.71875000000000</west>
        </LatLonAltBox>
        <Lod>
          <minLodPixels>128</minLodPixels>
          <maxLodPixels>-1</maxLodPixels>
        </Lod>
      </Region>
      <Link>
        <href>17/75264/81131.kml</href>
        <viewRefreshMode>onRegion</viewRefreshMode>
        <viewFormat/>
      </Link>
    </NetworkLink>
        
    <NetworkLink>
      <name>17/75264/81132.png</name>
      <Region>
        <LatLonAltBox>
          <north>39.32792401769030</north>
          <south>39.32579941789298</south>
          <east>26.72149658203125</east>
          <west>26.71875000000000</west>
        </LatLonAltBox>
        <Lod>
          <minLodPixels>128</minLodPixels>
          <maxLodPixels>-1</maxLodPixels>
        </Lod>
      </Region>
      <Link>
        <href>17/75264/81132.kml</href>
        <viewRefreshMode>onRegion</viewRefreshMode>
        <viewFormat/>
      </Link>
    </NetworkLink>
        
    <NetworkLink>
      <name>17/75264/81133.png</name>
      <Region>
        <LatLonAltBox>
          <north>39.33004855294242</north>
          <south>39.32792401769030</south>
          <east>26.72149658203125</east>
          <west>26.71875000000000</west>
        </LatLonAltBox>
        <Lod>
          <minLodPixels>128</minLodPixels>
          <maxLodPixels>-1</maxLodPixels>
        </Lod>
      </Region>
      <Link>
        <href>17/75264/81133.kml</href>
        <viewRefreshMode>onRegion</viewRefreshMode>
        <viewFormat/>
      </Link>
    </NetworkLink>
        
    <NetworkLink>
      <name>17/75264/81134.png</name>
      <Region>
        <LatLonAltBox>
          <north>39.33217302364838</north>
          <south>39.33004855294242</south>
          <east>26.72149658203125</east>
          <west>26.71875000000000</west>
        </LatLonAltBox>
        <Lod>
          <minLodPixels>128</minLodPixels>
          <maxLodPixels>-1</maxLodPixels>
        </Lod>
      </Region>
      <Link>
        <href>17/75264/81134.kml</href>
        <viewRefreshMode>onRegion</viewRefreshMode>
        <viewFormat/>
      </Link>
    </NetworkLink>
        
    <NetworkLink>
      <name>17/75264/81135.png</name>
      <Region>
        <LatLonAltBox>
          <north>39.33429742980725</north>
          <south>39.33217302364838</south>
          <east>26.72149658203125</east>
          <west>26.71875000000000</west>
        </LatLonAltBox>
        <Lod>
          <minLodPixels>128</minLodPixels>
          <maxLodPixels>-1</maxLodPixels>
        </Lod>
      </Region>
      <Link>
        <href>17/75264/81135.kml</href>
        <viewRefreshMode>onRegion</viewRefreshMode>
        <viewFormat/>
      </Link>
    </NetworkLink>
        
    <NetworkLink>
      <name>17/75264/81136.png</name>
      <Region>
        <LatLonAltBox>
          <north>39.33642177141801</north>
          <south>39.33429742980725</south>
          <east>26.72149658203125</east>
          <west>26.71875000000000</west>
        </LatLonAltBox>
        <Lod>
          <minLodPixels>128</minLodPixels>
          <maxLodPixels>-1</maxLodPixels>
        </Lod>
      </Region>
      <Link>
        <href>17/75264/81136.kml</href>
        <viewRefreshMode>onRegion</viewRefreshMode>
        <viewFormat/>
      </Link>
    </NetworkLink>
        
    <NetworkLink>
      <name>17/75264/81137.png</name>
      <Region>
        <LatLonAltBox>
          <north>39.33854604847979</north>
          <south>39.33642177141801</south>
          <east>26.72149658203125</east>
          <west>26.71875000000000</west>
        </LatLonAltBox>
        <Lod>
          <minLodPixels>128</minLodPixels>
          <maxLodPixels>-1</maxLodPixels>
        </Lod>
      </Region>
      <Link>
        <href>17/75264/81137.kml</href>
        <viewRefreshMode>onRegion</viewRefreshMode>
        <viewFormat/>
      </Link>
    </NetworkLink>
        
    <NetworkLink>
      <name>17/75264/81138.png</name>
      <Region>
        <LatLonAltBox>
          <north>39.34067026099156</north>
          <south>39.33854604847979</south>
          <east>26.72149658203125</east>
          <west>26.71875000000000</west>
        </LatLonAltBox>
        <Lod>
          <minLodPixels>128</minLodPixels>
          <maxLodPixels>-1</maxLodPixels>
        </Lod>
      </Region>
      <Link>
        <href>17/75264/81138.kml</href>
        <viewRefreshMode>onRegion</viewRefreshMode>
        <viewFormat/>
      </Link>
    </NetworkLink>
        
    <NetworkLink>
      <name>17/75264/81139.png</name>
      <Region>
        <LatLonAltBox>
          <north>39.34279440895236</north>
          <south>39.34067026099156</south>
          <east>26.72149658203125</east>
          <west>26.71875000000000</west>
        </LatLonAltBox>
        <Lod>
          <minLodPixels>128</minLodPixels>
          <maxLodPixels>-1</maxLodPixels>
        </Lod>
      </Region>
      <Link>
        <href>17/75264/81139.kml</href>
        <viewRefreshMode>onRegion</viewRefreshMode>
        <viewFormat/>
      </Link>
    </NetworkLink>
        
    <NetworkLink>
      <name>17/75264/81140.png</name>
      <Region>
        <LatLonAltBox>
          <north>39.34491849236127</north>
          <south>39.34279440895236</south>
          <east>26.72149658203125</east>
          <west>26.71875000000000</west>
        </LatLonAltBox>
        <Lod>
          <minLodPixels>128</minLodPixels>
          <maxLodPixels>-1</maxLodPixels>
        </Lod>
      </Region>
      <Link>
        <href>17/75264/81140.kml</href>
        <viewRefreshMode>onRegion</viewRefreshMode>
        <viewFormat/>
      </Link>
    </NetworkLink>
        
    <NetworkLink>
      <name>17/75264/81141.png</name>
      <Region>
        <LatLonAltBox>
          <north>39.34704251121732</north>
          <south>39.34491849236127</south>
          <east>26.72149658203125</east>
          <west>26.71875000000000</west>
        </LatLonAltBox>
        <Lod>
          <minLodPixels>128</minLodPixels>
          <maxLodPixels>-1</maxLodPixels>
        </Lod>
      </Region>
      <Link>
        <href>17/75264/81141.kml</href>
        <viewRefreshMode>onRegion</viewRefreshMode>
        <viewFormat/>
      </Link>
    </NetworkLink>
        
    <NetworkLink>
      <name>17/75264/81142.png</name>
      <Region>
        <LatLonAltBox>
          <north>39.34916646551957</north>
          <south>39.34704251121732</south>
          <east>26.72149658203125</east>
          <west>26.71875000000000</west>
        </LatLonAltBox>
        <Lod>
          <minLodPixels>128</minLodPixels>
          <maxLodPixels>-1</maxLodPixels>
        </Lod>
      </Region>
      <Link>
        <href>17/75264/81142.kml</href>
        <viewRefreshMode>onRegion</viewRefreshMode>
        <viewFormat/>
      </Link>
    </NetworkLink>
        
    <NetworkLink>
      <name>17/75264/81143.png</name>
      <Region>
        <LatLonAltBox>
          <north>39.35129035526705</north>
          <south>39.34916646551957</south>
          <east>26.72149658203125</east>
          <west>26.71875000000000</west>
        </LatLonAltBox>
        <Lod>
          <minLodPixels>128</minLodPixels>
          <maxLodPixels>-1</maxLodPixels>
        </Lod>
      </Region>
      <Link>
        <href>17/75264/81143.kml</href>
        <viewRefreshMode>onRegion</viewRefreshMode>
        <viewFormat/>
      </Link>
    </NetworkLink>
        
    <NetworkLink>
      <name>17/75264/81144.png</name>
      <Region>
        <LatLonAltBox>
          <north>39.35341418045878</north>
          <south>39.35129035526705</south>
          <east>26.72149658203125</east>
          <west>26.71875000000000</west>
        </LatLonAltBox>
        <Lod>
          <minLodPixels>128</minLodPixels>
          <maxLodPixels>-1</maxLodPixels>
        </Lod>
      </Region>
      <Link>
        <href>17/75264/81144.kml</href>
        <viewRefreshMode>onRegion</viewRefreshMode>
        <viewFormat/>
      </Link>
    </NetworkLink>
        
    <NetworkLink>
      <name>17/75265/81118.png</name>
      <Region>
        <LatLonAltBox>
          <north>39.29817374735305</north>
          <south>39.29604824402409</south>
          <east>26.72424316406250</east>
          <west>26.72149658203125</west>
        </LatLonAltBox>
        <Lod>
          <minLodPixels>128</minLodPixels>
          <maxLodPixels>-1</maxLodPixels>
        </Lod>
      </Region>
      <Link>
        <href>17/75265/81118.kml</href>
        <viewRefreshMode>onRegion</viewRefreshMode>
        <viewFormat/>
      </Link>
    </NetworkLink>
        
    <NetworkLink>
      <name>17/75265/81119.png</name>
      <Region>
        <LatLonAltBox>
          <north>39.30029918615029</north>
          <south>39.29817374735305</south>
          <east>26.72424316406250</east>
          <west>26.72149658203125</west>
        </LatLonAltBox>
        <Lod>
          <minLodPixels>128</minLodPixels>
          <maxLodPixels>-1</maxLodPixels>
        </Lod>
      </Region>
      <Link>
        <href>17/75265/81119.kml</href>
        <viewRefreshMode>onRegion</viewRefreshMode>
        <viewFormat/>
      </Link>
    </NetworkLink>
        
    <NetworkLink>
      <name>17/75265/81120.png</name>
      <Region>
        <LatLonAltBox>
          <north>39.30242456041487</north>
          <south>39.30029918615029</south>
          <east>26.72424316406250</east>
          <west>26.72149658203125</west>
        </LatLonAltBox>
        <Lod>
          <minLodPixels>128</minLodPixels>
          <maxLodPixels>-1</maxLodPixels>
        </Lod>
      </Region>
      <Link>
        <href>17/75265/81120.kml</href>
        <viewRefreshMode>onRegion</viewRefreshMode>
        <viewFormat/>
      </Link>
    </NetworkLink>
        
    <NetworkLink>
      <name>17/75265/81121.png</name>
      <Region>
        <LatLonAltBox>
          <north>39.30454987014581</north>
          <south>39.30242456041487</south>
          <east>26.72424316406250</east>
          <west>26.72149658203125</west>
        </LatLonAltBox>
        <Lod>
          <minLodPixels>128</minLodPixels>
          <maxLodPixels>-1</maxLodPixels>
        </Lod>
      </Region>
      <Link>
        <href>17/75265/81121.kml</href>
        <viewRefreshMode>onRegion</viewRefreshMode>
        <viewFormat/>
      </Link>
    </NetworkLink>
        
    <NetworkLink>
      <name>17/75265/81122.png</name>
      <Region>
        <LatLonAltBox>
          <north>39.30667511534213</north>
          <south>39.30454987014581</south>
          <east>26.72424316406250</east>
          <west>26.72149658203125</west>
        </LatLonAltBox>
        <Lod>
          <minLodPixels>128</minLodPixels>
          <maxLodPixels>-1</maxLodPixels>
        </Lod>
      </Region>
      <Link>
        <href>17/75265/81122.kml</href>
        <viewRefreshMode>onRegion</viewRefreshMode>
        <viewFormat/>
      </Link>
    </NetworkLink>
        
    <NetworkLink>
      <name>17/75265/81123.png</name>
      <Region>
        <LatLonAltBox>
          <north>39.30880029600291</north>
          <south>39.30667511534213</south>
          <east>26.72424316406250</east>
          <west>26.72149658203125</west>
        </LatLonAltBox>
        <Lod>
          <minLodPixels>128</minLodPixels>
          <maxLodPixels>-1</maxLodPixels>
        </Lod>
      </Region>
      <Link>
        <href>17/75265/81123.kml</href>
        <viewRefreshMode>onRegion</viewRefreshMode>
        <viewFormat/>
      </Link>
    </NetworkLink>
        
    <NetworkLink>
      <name>17/75265/81124.png</name>
      <Region>
        <LatLonAltBox>
          <north>39.31092541212715</north>
          <south>39.30880029600291</south>
          <east>26.72424316406250</east>
          <west>26.72149658203125</west>
        </LatLonAltBox>
        <Lod>
          <minLodPixels>128</minLodPixels>
          <maxLodPixels>-1</maxLodPixels>
        </Lod>
      </Region>
      <Link>
        <href>17/75265/81124.kml</href>
        <viewRefreshMode>onRegion</viewRefreshMode>
        <viewFormat/>
      </Link>
    </NetworkLink>
        
    <NetworkLink>
      <name>17/75265/81125.png</name>
      <Region>
        <LatLonAltBox>
          <north>39.31305046371388</north>
          <south>39.31092541212715</south>
          <east>26.72424316406250</east>
          <west>26.72149658203125</west>
        </LatLonAltBox>
        <Lod>
          <minLodPixels>128</minLodPixels>
          <maxLodPixels>-1</maxLodPixels>
        </Lod>
      </Region>
      <Link>
        <href>17/75265/81125.kml</href>
        <viewRefreshMode>onRegion</viewRefreshMode>
        <viewFormat/>
      </Link>
    </NetworkLink>
        
    <NetworkLink>
      <name>17/75265/81126.png</name>
      <Region>
        <LatLonAltBox>
          <north>39.31517545076215</north>
          <south>39.31305046371388</south>
          <east>26.72424316406250</east>
          <west>26.72149658203125</west>
        </LatLonAltBox>
        <Lod>
          <minLodPixels>128</minLodPixels>
          <maxLodPixels>-1</maxLodPixels>
        </Lod>
      </Region>
      <Link>
        <href>17/75265/81126.kml</href>
        <viewRefreshMode>onRegion</viewRefreshMode>
        <viewFormat/>
      </Link>
    </NetworkLink>
        
    <NetworkLink>
      <name>17/75265/81127.png</name>
      <Region>
        <LatLonAltBox>
          <north>39.31730037327102</north>
          <south>39.31517545076215</south>
          <east>26.72424316406250</east>
          <west>26.72149658203125</west>
        </LatLonAltBox>
        <Lod>
          <minLodPixels>128</minLodPixels>
          <maxLodPixels>-1</maxLodPixels>
        </Lod>
      </Region>
      <Link>
        <href>17/75265/81127.kml</href>
        <viewRefreshMode>onRegion</viewRefreshMode>
        <viewFormat/>
      </Link>
    </NetworkLink>
        
    <NetworkLink>
      <name>17/75265/81128.png</name>
      <Region>
        <LatLonAltBox>
          <north>39.31942523123952</north>
          <south>39.31730037327102</south>
          <east>26.72424316406250</east>
          <west>26.72149658203125</west>
        </LatLonAltBox>
        <Lod>
          <minLodPixels>128</minLodPixels>
          <maxLodPixels>-1</maxLodPixels>
        </Lod>
      </Region>
      <Link>
        <href>17/75265/81128.kml</href>
        <viewRefreshMode>onRegion</viewRefreshMode>
        <viewFormat/>
      </Link>
    </NetworkLink>
        
    <NetworkLink>
      <name>17/75265/81129.png</name>
      <Region>
        <LatLonAltBox>
          <north>39.32155002466662</north>
          <south>39.31942523123952</south>
          <east>26.72424316406250</east>
          <west>26.72149658203125</west>
        </LatLonAltBox>
        <Lod>
          <minLodPixels>128</minLodPixels>
          <maxLodPixels>-1</maxLodPixels>
        </Lod>
      </Region>
      <Link>
        <href>17/75265/81129.kml</href>
        <viewRefreshMode>onRegion</viewRefreshMode>
        <viewFormat/>
      </Link>
    </NetworkLink>
        
    <NetworkLink>
      <name>17/75265/81130.png</name>
      <Region>
        <LatLonAltBox>
          <north>39.32367475355144</north>
          <south>39.32155002466662</south>
          <east>26.72424316406250</east>
          <west>26.72149658203125</west>
        </LatLonAltBox>
        <Lod>
          <minLodPixels>128</minLodPixels>
          <maxLodPixels>-1</maxLodPixels>
        </Lod>
      </Region>
      <Link>
        <href>17/75265/81130.kml</href>
        <viewRefreshMode>onRegion</viewRefreshMode>
        <viewFormat/>
      </Link>
    </NetworkLink>
        
    <NetworkLink>
      <name>17/75265/81131.png</name>
      <Region>
        <LatLonAltBox>
          <north>39.32579941789298</north>
          <south>39.32367475355144</south>
          <east>26.72424316406250</east>
          <west>26.72149658203125</west>
        </LatLonAltBox>
        <Lod>
          <minLodPixels>128</minLodPixels>
          <maxLodPixels>-1</maxLodPixels>
        </Lod>
      </Region>
      <Link>
        <href>17/75265/81131.kml</href>
        <viewRefreshMode>onRegion</viewRefreshMode>
        <viewFormat/>
      </Link>
    </NetworkLink>
        
    <NetworkLink>
      <name>17/75265/81132.png</name>
      <Region>
        <LatLonAltBox>
          <north>39.32792401769030</north>
          <south>39.32579941789298</south>
          <east>26.72424316406250</east>
          <west>26.72149658203125</west>
        </LatLonAltBox>
        <Lod>
          <minLodPixels>128</minLodPixels>
          <maxLodPixels>-1</maxLodPixels>
        </Lod>
      </Region>
      <Link>
        <href>17/75265/81132.kml</href>
        <viewRefreshMode>onRegion</viewRefreshMode>
        <viewFormat/>
      </Link>
    </NetworkLink>
        
    <NetworkLink>
      <name>17/75265/81133.png</name>
      <Region>
        <LatLonAltBox>
          <north>39.33004855294242</north>
          <south>39.32792401769030</south>
          <east>26.72424316406250</east>
          <west>26.72149658203125</west>
        </LatLonAltBox>
        <Lod>
          <minLodPixels>128</minLodPixels>
          <maxLodPixels>-1</maxLodPixels>
        </Lod>
      </Region>
      <Link>
        <href>17/75265/81133.kml</href>
        <viewRefreshMode>onRegion</viewRefreshMode>
        <viewFormat/>
      </Link>
    </NetworkLink>
        
    <NetworkLink>
      <name>17/75265/81134.png</name>
      <Region>
        <LatLonAltBox>
          <north>39.33217302364838</north>
          <south>39.33004855294242</south>
          <east>26.72424316406250</east>
          <west>26.72149658203125</west>
        </LatLonAltBox>
        <Lod>
          <minLodPixels>128</minLodPixels>
          <maxLodPixels>-1</maxLodPixels>
        </Lod>
      </Region>
      <Link>
        <href>17/75265/81134.kml</href>
        <viewRefreshMode>onRegion</viewRefreshMode>
        <viewFormat/>
      </Link>
    </NetworkLink>
        
    <NetworkLink>
      <name>17/75265/81135.png</name>
      <Region>
        <LatLonAltBox>
          <north>39.33429742980725</north>
          <south>39.33217302364838</south>
          <east>26.72424316406250</east>
          <west>26.72149658203125</west>
        </LatLonAltBox>
        <Lod>
          <minLodPixels>128</minLodPixels>
          <maxLodPixels>-1</maxLodPixels>
        </Lod>
      </Region>
      <Link>
        <href>17/75265/81135.kml</href>
        <viewRefreshMode>onRegion</viewRefreshMode>
        <viewFormat/>
      </Link>
    </NetworkLink>
        
    <NetworkLink>
      <name>17/75265/81136.png</name>
      <Region>
        <LatLonAltBox>
          <north>39.33642177141801</north>
          <south>39.33429742980725</south>
          <east>26.72424316406250</east>
          <west>26.72149658203125</west>
        </LatLonAltBox>
        <Lod>
          <minLodPixels>128</minLodPixels>
          <maxLodPixels>-1</maxLodPixels>
        </Lod>
      </Region>
      <Link>
        <href>17/75265/81136.kml</href>
        <viewRefreshMode>onRegion</viewRefreshMode>
        <viewFormat/>
      </Link>
    </NetworkLink>
        
    <NetworkLink>
      <name>17/75265/81137.png</name>
      <Region>
        <LatLonAltBox>
          <north>39.33854604847979</north>
          <south>39.33642177141801</south>
          <east>26.72424316406250</east>
          <west>26.72149658203125</west>
        </LatLonAltBox>
        <Lod>
          <minLodPixels>128</minLodPixels>
          <maxLodPixels>-1</maxLodPixels>
        </Lod>
      </Region>
      <Link>
        <href>17/75265/81137.kml</href>
        <viewRefreshMode>onRegion</viewRefreshMode>
        <viewFormat/>
      </Link>
    </NetworkLink>
        
    <NetworkLink>
      <name>17/75265/81138.png</name>
      <Region>
        <LatLonAltBox>
          <north>39.34067026099156</north>
          <south>39.33854604847979</south>
          <east>26.72424316406250</east>
          <west>26.72149658203125</west>
        </LatLonAltBox>
        <Lod>
          <minLodPixels>128</minLodPixels>
          <maxLodPixels>-1</maxLodPixels>
        </Lod>
      </Region>
      <Link>
        <href>17/75265/81138.kml</href>
        <viewRefreshMode>onRegion</viewRefreshMode>
        <viewFormat/>
      </Link>
    </NetworkLink>
        
    <NetworkLink>
      <name>17/75265/81139.png</name>
      <Region>
        <LatLonAltBox>
          <north>39.34279440895236</north>
          <south>39.34067026099156</south>
          <east>26.72424316406250</east>
          <west>26.72149658203125</west>
        </LatLonAltBox>
        <Lod>
          <minLodPixels>128</minLodPixels>
          <maxLodPixels>-1</maxLodPixels>
        </Lod>
      </Region>
      <Link>
        <href>17/75265/81139.kml</href>
        <viewRefreshMode>onRegion</viewRefreshMode>
        <viewFormat/>
      </Link>
    </NetworkLink>
        
    <NetworkLink>
      <name>17/75265/81140.png</name>
      <Region>
        <LatLonAltBox>
          <north>39.34491849236127</north>
          <south>39.34279440895236</south>
          <east>26.72424316406250</east>
          <west>26.72149658203125</west>
        </LatLonAltBox>
        <Lod>
          <minLodPixels>128</minLodPixels>
          <maxLodPixels>-1</maxLodPixels>
        </Lod>
      </Region>
      <Link>
        <href>17/75265/81140.kml</href>
        <viewRefreshMode>onRegion</viewRefreshMode>
        <viewFormat/>
      </Link>
    </NetworkLink>
        
    <NetworkLink>
      <name>17/75265/81141.png</name>
      <Region>
        <LatLonAltBox>
          <north>39.34704251121732</north>
          <south>39.34491849236127</south>
          <east>26.72424316406250</east>
          <west>26.72149658203125</west>
        </LatLonAltBox>
        <Lod>
          <minLodPixels>128</minLodPixels>
          <maxLodPixels>-1</maxLodPixels>
        </Lod>
      </Region>
      <Link>
        <href>17/75265/81141.kml</href>
        <viewRefreshMode>onRegion</viewRefreshMode>
        <viewFormat/>
      </Link>
    </NetworkLink>
        
    <NetworkLink>
      <name>17/75265/81142.png</name>
      <Region>
        <LatLonAltBox>
          <north>39.34916646551957</north>
          <south>39.34704251121732</south>
          <east>26.72424316406250</east>
          <west>26.72149658203125</west>
        </LatLonAltBox>
        <Lod>
          <minLodPixels>128</minLodPixels>
          <maxLodPixels>-1</maxLodPixels>
        </Lod>
      </Region>
      <Link>
        <href>17/75265/81142.kml</href>
        <viewRefreshMode>onRegion</viewRefreshMode>
        <viewFormat/>
      </Link>
    </NetworkLink>
        
    <NetworkLink>
      <name>17/75265/81143.png</name>
      <Region>
        <LatLonAltBox>
          <north>39.35129035526705</north>
          <south>39.34916646551957</south>
          <east>26.72424316406250</east>
          <west>26.72149658203125</west>
        </LatLonAltBox>
        <Lod>
          <minLodPixels>128</minLodPixels>
          <maxLodPixels>-1</maxLodPixels>
        </Lod>
      </Region>
      <Link>
        <href>17/75265/81143.kml</href>
        <viewRefreshMode>onRegion</viewRefreshMode>
        <viewFormat/>
      </Link>
    </NetworkLink>
        
    <NetworkLink>
      <name>17/75265/81144.png</name>
      <Region>
        <LatLonAltBox>
          <north>39.35341418045878</north>
          <south>39.35129035526705</south>
          <east>26.72424316406250</east>
          <west>26.72149658203125</west>
        </LatLonAltBox>
        <Lod>
          <minLodPixels>128</minLodPixels>
          <maxLodPixels>-1</maxLodPixels>
        </Lod>
      </Region>
      <Link>
        <href>17/75265/81144.kml</href>
        <viewRefreshMode>onRegion</viewRefreshMode>
        <viewFormat/>
      </Link>
    </NetworkLink>
        
    <NetworkLink>
      <name>17/75266/81118.png</name>
      <Region>
        <LatLonAltBox>
          <north>39.29817374735305</north>
          <south>39.29604824402409</south>
          <east>26.72698974609375</east>
          <west>26.72424316406250</west>
        </LatLonAltBox>
        <Lod>
          <minLodPixels>128</minLodPixels>
          <maxLodPixels>-1</maxLodPixels>
        </Lod>
      </Region>
      <Link>
        <href>17/75266/81118.kml</href>
        <viewRefreshMode>onRegion</viewRefreshMode>
        <viewFormat/>
      </Link>
    </NetworkLink>
        
    <NetworkLink>
      <name>17/75266/81119.png</name>
      <Region>
        <LatLonAltBox>
          <north>39.30029918615029</north>
          <south>39.29817374735305</south>
          <east>26.72698974609375</east>
          <west>26.72424316406250</west>
        </LatLonAltBox>
        <Lod>
          <minLodPixels>128</minLodPixels>
          <maxLodPixels>-1</maxLodPixels>
        </Lod>
      </Region>
      <Link>
        <href>17/75266/81119.kml</href>
        <viewRefreshMode>onRegion</viewRefreshMode>
        <viewFormat/>
      </Link>
    </NetworkLink>
        
    <NetworkLink>
      <name>17/75266/81120.png</name>
      <Region>
        <LatLonAltBox>
          <north>39.30242456041487</north>
          <south>39.30029918615029</south>
          <east>26.72698974609375</east>
          <west>26.72424316406250</west>
        </LatLonAltBox>
        <Lod>
          <minLodPixels>128</minLodPixels>
          <maxLodPixels>-1</maxLodPixels>
        </Lod>
      </Region>
      <Link>
        <href>17/75266/81120.kml</href>
        <viewRefreshMode>onRegion</viewRefreshMode>
        <viewFormat/>
      </Link>
    </NetworkLink>
        
    <NetworkLink>
      <name>17/75266/81121.png</name>
      <Region>
        <LatLonAltBox>
          <north>39.30454987014581</north>
          <south>39.30242456041487</south>
          <east>26.72698974609375</east>
          <west>26.72424316406250</west>
        </LatLonAltBox>
        <Lod>
          <minLodPixels>128</minLodPixels>
          <maxLodPixels>-1</maxLodPixels>
        </Lod>
      </Region>
      <Link>
        <href>17/75266/81121.kml</href>
        <viewRefreshMode>onRegion</viewRefreshMode>
        <viewFormat/>
      </Link>
    </NetworkLink>
        
    <NetworkLink>
      <name>17/75266/81122.png</name>
      <Region>
        <LatLonAltBox>
          <north>39.30667511534213</north>
          <south>39.30454987014581</south>
          <east>26.72698974609375</east>
          <west>26.72424316406250</west>
        </LatLonAltBox>
        <Lod>
          <minLodPixels>128</minLodPixels>
          <maxLodPixels>-1</maxLodPixels>
        </Lod>
      </Region>
      <Link>
        <href>17/75266/81122.kml</href>
        <viewRefreshMode>onRegion</viewRefreshMode>
        <viewFormat/>
      </Link>
    </NetworkLink>
        
    <NetworkLink>
      <name>17/75266/81123.png</name>
      <Region>
        <LatLonAltBox>
          <north>39.30880029600291</north>
          <south>39.30667511534213</south>
          <east>26.72698974609375</east>
          <west>26.72424316406250</west>
        </LatLonAltBox>
        <Lod>
          <minLodPixels>128</minLodPixels>
          <maxLodPixels>-1</maxLodPixels>
        </Lod>
      </Region>
      <Link>
        <href>17/75266/81123.kml</href>
        <viewRefreshMode>onRegion</viewRefreshMode>
        <viewFormat/>
      </Link>
    </NetworkLink>
        
    <NetworkLink>
      <name>17/75266/81124.png</name>
      <Region>
        <LatLonAltBox>
          <north>39.31092541212715</north>
          <south>39.30880029600291</south>
          <east>26.72698974609375</east>
          <west>26.72424316406250</west>
        </LatLonAltBox>
        <Lod>
          <minLodPixels>128</minLodPixels>
          <maxLodPixels>-1</maxLodPixels>
        </Lod>
      </Region>
      <Link>
        <href>17/75266/81124.kml</href>
        <viewRefreshMode>onRegion</viewRefreshMode>
        <viewFormat/>
      </Link>
    </NetworkLink>
        
    <NetworkLink>
      <name>17/75266/81125.png</name>
      <Region>
        <LatLonAltBox>
          <north>39.31305046371388</north>
          <south>39.31092541212715</south>
          <east>26.72698974609375</east>
          <west>26.72424316406250</west>
        </LatLonAltBox>
        <Lod>
          <minLodPixels>128</minLodPixels>
          <maxLodPixels>-1</maxLodPixels>
        </Lod>
      </Region>
      <Link>
        <href>17/75266/81125.kml</href>
        <viewRefreshMode>onRegion</viewRefreshMode>
        <viewFormat/>
      </Link>
    </NetworkLink>
        
    <NetworkLink>
      <name>17/75266/81126.png</name>
      <Region>
        <LatLonAltBox>
          <north>39.31517545076215</north>
          <south>39.31305046371388</south>
          <east>26.72698974609375</east>
          <west>26.72424316406250</west>
        </LatLonAltBox>
        <Lod>
          <minLodPixels>128</minLodPixels>
          <maxLodPixels>-1</maxLodPixels>
        </Lod>
      </Region>
      <Link>
        <href>17/75266/81126.kml</href>
        <viewRefreshMode>onRegion</viewRefreshMode>
        <viewFormat/>
      </Link>
    </NetworkLink>
        
    <NetworkLink>
      <name>17/75266/81127.png</name>
      <Region>
        <LatLonAltBox>
          <north>39.31730037327102</north>
          <south>39.31517545076215</south>
          <east>26.72698974609375</east>
          <west>26.72424316406250</west>
        </LatLonAltBox>
        <Lod>
          <minLodPixels>128</minLodPixels>
          <maxLodPixels>-1</maxLodPixels>
        </Lod>
      </Region>
      <Link>
        <href>17/75266/81127.kml</href>
        <viewRefreshMode>onRegion</viewRefreshMode>
        <viewFormat/>
      </Link>
    </NetworkLink>
        
    <NetworkLink>
      <name>17/75266/81128.png</name>
      <Region>
        <LatLonAltBox>
          <north>39.31942523123952</north>
          <south>39.31730037327102</south>
          <east>26.72698974609375</east>
          <west>26.72424316406250</west>
        </LatLonAltBox>
        <Lod>
          <minLodPixels>128</minLodPixels>
          <maxLodPixels>-1</maxLodPixels>
        </Lod>
      </Region>
      <Link>
        <href>17/75266/81128.kml</href>
        <viewRefreshMode>onRegion</viewRefreshMode>
        <viewFormat/>
      </Link>
    </NetworkLink>
        
    <NetworkLink>
      <name>17/75266/81129.png</name>
      <Region>
        <LatLonAltBox>
          <north>39.32155002466662</north>
          <south>39.31942523123952</south>
          <east>26.72698974609375</east>
          <west>26.72424316406250</west>
        </LatLonAltBox>
        <Lod>
          <minLodPixels>128</minLodPixels>
          <maxLodPixels>-1</maxLodPixels>
        </Lod>
      </Region>
      <Link>
        <href>17/75266/81129.kml</href>
        <viewRefreshMode>onRegion</viewRefreshMode>
        <viewFormat/>
      </Link>
    </NetworkLink>
        
    <NetworkLink>
      <name>17/75266/81130.png</name>
      <Region>
        <LatLonAltBox>
          <north>39.32367475355144</north>
          <south>39.32155002466662</south>
          <east>26.72698974609375</east>
          <west>26.72424316406250</west>
        </LatLonAltBox>
        <Lod>
          <minLodPixels>128</minLodPixels>
          <maxLodPixels>-1</maxLodPixels>
        </Lod>
      </Region>
      <Link>
        <href>17/75266/81130.kml</href>
        <viewRefreshMode>onRegion</viewRefreshMode>
        <viewFormat/>
      </Link>
    </NetworkLink>
        
    <NetworkLink>
      <name>17/75266/81131.png</name>
      <Region>
        <LatLonAltBox>
          <north>39.32579941789298</north>
          <south>39.32367475355144</south>
          <east>26.72698974609375</east>
          <west>26.72424316406250</west>
        </LatLonAltBox>
        <Lod>
          <minLodPixels>128</minLodPixels>
          <maxLodPixels>-1</maxLodPixels>
        </Lod>
      </Region>
      <Link>
        <href>17/75266/81131.kml</href>
        <viewRefreshMode>onRegion</viewRefreshMode>
        <viewFormat/>
      </Link>
    </NetworkLink>
        
    <NetworkLink>
      <name>17/75266/81132.png</name>
      <Region>
        <LatLonAltBox>
          <north>39.32792401769030</north>
          <south>39.32579941789298</south>
          <east>26.72698974609375</east>
          <west>26.72424316406250</west>
        </LatLonAltBox>
        <Lod>
          <minLodPixels>128</minLodPixels>
          <maxLodPixels>-1</maxLodPixels>
        </Lod>
      </Region>
      <Link>
        <href>17/75266/81132.kml</href>
        <viewRefreshMode>onRegion</viewRefreshMode>
        <viewFormat/>
      </Link>
    </NetworkLink>
        
    <NetworkLink>
      <name>17/75266/81133.png</name>
      <Region>
        <LatLonAltBox>
          <north>39.33004855294242</north>
          <south>39.32792401769030</south>
          <east>26.72698974609375</east>
          <west>26.72424316406250</west>
        </LatLonAltBox>
        <Lod>
          <minLodPixels>128</minLodPixels>
          <maxLodPixels>-1</maxLodPixels>
        </Lod>
      </Region>
      <Link>
        <href>17/75266/81133.kml</href>
        <viewRefreshMode>onRegion</viewRefreshMode>
        <viewFormat/>
      </Link>
    </NetworkLink>
        
    <NetworkLink>
      <name>17/75266/81134.png</name>
      <Region>
        <LatLonAltBox>
          <north>39.33217302364838</north>
          <south>39.33004855294242</south>
          <east>26.72698974609375</east>
          <west>26.72424316406250</west>
        </LatLonAltBox>
        <Lod>
          <minLodPixels>128</minLodPixels>
          <maxLodPixels>-1</maxLodPixels>
        </Lod>
      </Region>
      <Link>
        <href>17/75266/81134.kml</href>
        <viewRefreshMode>onRegion</viewRefreshMode>
        <viewFormat/>
      </Link>
    </NetworkLink>
        
    <NetworkLink>
      <name>17/75266/81135.png</name>
      <Region>
        <LatLonAltBox>
          <north>39.33429742980725</north>
          <south>39.33217302364838</south>
          <east>26.72698974609375</east>
          <west>26.72424316406250</west>
        </LatLonAltBox>
        <Lod>
          <minLodPixels>128</minLodPixels>
          <maxLodPixels>-1</maxLodPixels>
        </Lod>
      </Region>
      <Link>
        <href>17/75266/81135.kml</href>
        <viewRefreshMode>onRegion</viewRefreshMode>
        <viewFormat/>
      </Link>
    </NetworkLink>
        
    <NetworkLink>
      <name>17/75266/81136.png</name>
      <Region>
        <LatLonAltBox>
          <north>39.33642177141801</north>
          <south>39.33429742980725</south>
          <east>26.72698974609375</east>
          <west>26.72424316406250</west>
        </LatLonAltBox>
        <Lod>
          <minLodPixels>128</minLodPixels>
          <maxLodPixels>-1</maxLodPixels>
        </Lod>
      </Region>
      <Link>
        <href>17/75266/81136.kml</href>
        <viewRefreshMode>onRegion</viewRefreshMode>
        <viewFormat/>
      </Link>
    </NetworkLink>
        
    <NetworkLink>
      <name>17/75266/81137.png</name>
      <Region>
        <LatLonAltBox>
          <north>39.33854604847979</north>
          <south>39.33642177141801</south>
          <east>26.72698974609375</east>
          <west>26.72424316406250</west>
        </LatLonAltBox>
        <Lod>
          <minLodPixels>128</minLodPixels>
          <maxLodPixels>-1</maxLodPixels>
        </Lod>
      </Region>
      <Link>
        <href>17/75266/81137.kml</href>
        <viewRefreshMode>onRegion</viewRefreshMode>
        <viewFormat/>
      </Link>
    </NetworkLink>
        
    <NetworkLink>
      <name>17/75266/81138.png</name>
      <Region>
        <LatLonAltBox>
          <north>39.34067026099156</north>
          <south>39.33854604847979</south>
          <east>26.72698974609375</east>
          <west>26.72424316406250</west>
        </LatLonAltBox>
        <Lod>
          <minLodPixels>128</minLodPixels>
          <maxLodPixels>-1</maxLodPixels>
        </Lod>
      </Region>
      <Link>
        <href>17/75266/81138.kml</href>
        <viewRefreshMode>onRegion</viewRefreshMode>
        <viewFormat/>
      </Link>
    </NetworkLink>
        
    <NetworkLink>
      <name>17/75266/81139.png</name>
      <Region>
        <LatLonAltBox>
          <north>39.34279440895236</north>
          <south>39.34067026099156</south>
          <east>26.72698974609375</east>
          <west>26.72424316406250</west>
        </LatLonAltBox>
        <Lod>
          <minLodPixels>128</minLodPixels>
          <maxLodPixels>-1</maxLodPixels>
        </Lod>
      </Region>
      <Link>
        <href>17/75266/81139.kml</href>
        <viewRefreshMode>onRegion</viewRefreshMode>
        <viewFormat/>
      </Link>
    </NetworkLink>
        
    <NetworkLink>
      <name>17/75266/81140.png</name>
      <Region>
        <LatLonAltBox>
          <north>39.34491849236127</north>
          <south>39.34279440895236</south>
          <east>26.72698974609375</east>
          <west>26.72424316406250</west>
        </LatLonAltBox>
        <Lod>
          <minLodPixels>128</minLodPixels>
          <maxLodPixels>-1</maxLodPixels>
        </Lod>
      </Region>
      <Link>
        <href>17/75266/81140.kml</href>
        <viewRefreshMode>onRegion</viewRefreshMode>
        <viewFormat/>
      </Link>
    </NetworkLink>
        
    <NetworkLink>
      <name>17/75266/81141.png</name>
      <Region>
        <LatLonAltBox>
          <north>39.34704251121732</north>
          <south>39.34491849236127</south>
          <east>26.72698974609375</east>
          <west>26.72424316406250</west>
        </LatLonAltBox>
        <Lod>
          <minLodPixels>128</minLodPixels>
          <maxLodPixels>-1</maxLodPixels>
        </Lod>
      </Region>
      <Link>
        <href>17/75266/81141.kml</href>
        <viewRefreshMode>onRegion</viewRefreshMode>
        <viewFormat/>
      </Link>
    </NetworkLink>
        
    <NetworkLink>
      <name>17/75266/81142.png</name>
      <Region>
        <LatLonAltBox>
          <north>39.34916646551957</north>
          <south>39.34704251121732</south>
          <east>26.72698974609375</east>
          <west>26.72424316406250</west>
        </LatLonAltBox>
        <Lod>
          <minLodPixels>128</minLodPixels>
          <maxLodPixels>-1</maxLodPixels>
        </Lod>
      </Region>
      <Link>
        <href>17/75266/81142.kml</href>
        <viewRefreshMode>onRegion</viewRefreshMode>
        <viewFormat/>
      </Link>
    </NetworkLink>
        
    <NetworkLink>
      <name>17/75266/81143.png</name>
      <Region>
        <LatLonAltBox>
          <north>39.35129035526705</north>
          <south>39.34916646551957</south>
          <east>26.72698974609375</east>
          <west>26.72424316406250</west>
        </LatLonAltBox>
        <Lod>
          <minLodPixels>128</minLodPixels>
          <maxLodPixels>-1</maxLodPixels>
        </Lod>
      </Region>
      <Link>
        <href>17/75266/81143.kml</href>
        <viewRefreshMode>onRegion</viewRefreshMode>
        <viewFormat/>
      </Link>
    </NetworkLink>
        
    <NetworkLink>
      <name>17/75266/81144.png</name>
      <Region>
        <LatLonAltBox>
          <north>39.35341418045878</north>
          <south>39.35129035526705</south>
          <east>26.72698974609375</east>
          <west>26.72424316406250</west>
        </LatLonAltBox>
        <Lod>
          <minLodPixels>128</minLodPixels>
          <maxLodPixels>-1</maxLodPixels>
        </Lod>
      </Region>
      <Link>
        <href>17/75266/81144.kml</href>
        <viewRefreshMode>onRegion</viewRefreshMode>
        <viewFormat/>
      </Link>
    </NetworkLink>
        
    <NetworkLink>
      <name>17/75267/81118.png</name>
      <Region>
        <LatLonAltBox>
          <north>39.29817374735305</north>
          <south>39.29604824402409</south>
          <east>26.72973632812500</east>
          <west>26.72698974609375</west>
        </LatLonAltBox>
        <Lod>
          <minLodPixels>128</minLodPixels>
          <maxLodPixels>-1</maxLodPixels>
        </Lod>
      </Region>
      <Link>
        <href>17/75267/81118.kml</href>
        <viewRefreshMode>onRegion</viewRefreshMode>
        <viewFormat/>
      </Link>
    </NetworkLink>
        
    <NetworkLink>
      <name>17/75267/81119.png</name>
      <Region>
        <LatLonAltBox>
          <north>39.30029918615029</north>
          <south>39.29817374735305</south>
          <east>26.72973632812500</east>
          <west>26.72698974609375</west>
        </LatLonAltBox>
        <Lod>
          <minLodPixels>128</minLodPixels>
          <maxLodPixels>-1</maxLodPixels>
        </Lod>
      </Region>
      <Link>
        <href>17/75267/81119.kml</href>
        <viewRefreshMode>onRegion</viewRefreshMode>
        <viewFormat/>
      </Link>
    </NetworkLink>
        
    <NetworkLink>
      <name>17/75267/81120.png</name>
      <Region>
        <LatLonAltBox>
          <north>39.30242456041487</north>
          <south>39.30029918615029</south>
          <east>26.72973632812500</east>
          <west>26.72698974609375</west>
        </LatLonAltBox>
        <Lod>
          <minLodPixels>128</minLodPixels>
          <maxLodPixels>-1</maxLodPixels>
        </Lod>
      </Region>
      <Link>
        <href>17/75267/81120.kml</href>
        <viewRefreshMode>onRegion</viewRefreshMode>
        <viewFormat/>
      </Link>
    </NetworkLink>
        
    <NetworkLink>
      <name>17/75267/81121.png</name>
      <Region>
        <LatLonAltBox>
          <north>39.30454987014581</north>
          <south>39.30242456041487</south>
          <east>26.72973632812500</east>
          <west>26.72698974609375</west>
        </LatLonAltBox>
        <Lod>
          <minLodPixels>128</minLodPixels>
          <maxLodPixels>-1</maxLodPixels>
        </Lod>
      </Region>
      <Link>
        <href>17/75267/81121.kml</href>
        <viewRefreshMode>onRegion</viewRefreshMode>
        <viewFormat/>
      </Link>
    </NetworkLink>
        
    <NetworkLink>
      <name>17/75267/81122.png</name>
      <Region>
        <LatLonAltBox>
          <north>39.30667511534213</north>
          <south>39.30454987014581</south>
          <east>26.72973632812500</east>
          <west>26.72698974609375</west>
        </LatLonAltBox>
        <Lod>
          <minLodPixels>128</minLodPixels>
          <maxLodPixels>-1</maxLodPixels>
        </Lod>
      </Region>
      <Link>
        <href>17/75267/81122.kml</href>
        <viewRefreshMode>onRegion</viewRefreshMode>
        <viewFormat/>
      </Link>
    </NetworkLink>
        
    <NetworkLink>
      <name>17/75267/81123.png</name>
      <Region>
        <LatLonAltBox>
          <north>39.30880029600291</north>
          <south>39.30667511534213</south>
          <east>26.72973632812500</east>
          <west>26.72698974609375</west>
        </LatLonAltBox>
        <Lod>
          <minLodPixels>128</minLodPixels>
          <maxLodPixels>-1</maxLodPixels>
        </Lod>
      </Region>
      <Link>
        <href>17/75267/81123.kml</href>
        <viewRefreshMode>onRegion</viewRefreshMode>
        <viewFormat/>
      </Link>
    </NetworkLink>
        
    <NetworkLink>
      <name>17/75267/81124.png</name>
      <Region>
        <LatLonAltBox>
          <north>39.31092541212715</north>
          <south>39.30880029600291</south>
          <east>26.72973632812500</east>
          <west>26.72698974609375</west>
        </LatLonAltBox>
        <Lod>
          <minLodPixels>128</minLodPixels>
          <maxLodPixels>-1</maxLodPixels>
        </Lod>
      </Region>
      <Link>
        <href>17/75267/81124.kml</href>
        <viewRefreshMode>onRegion</viewRefreshMode>
        <viewFormat/>
      </Link>
    </NetworkLink>
        
    <NetworkLink>
      <name>17/75267/81125.png</name>
      <Region>
        <LatLonAltBox>
          <north>39.31305046371388</north>
          <south>39.31092541212715</south>
          <east>26.72973632812500</east>
          <west>26.72698974609375</west>
        </LatLonAltBox>
        <Lod>
          <minLodPixels>128</minLodPixels>
          <maxLodPixels>-1</maxLodPixels>
        </Lod>
      </Region>
      <Link>
        <href>17/75267/81125.kml</href>
        <viewRefreshMode>onRegion</viewRefreshMode>
        <viewFormat/>
      </Link>
    </NetworkLink>
        
    <NetworkLink>
      <name>17/75267/81126.png</name>
      <Region>
        <LatLonAltBox>
          <north>39.31517545076215</north>
          <south>39.31305046371388</south>
          <east>26.72973632812500</east>
          <west>26.72698974609375</west>
        </LatLonAltBox>
        <Lod>
          <minLodPixels>128</minLodPixels>
          <maxLodPixels>-1</maxLodPixels>
        </Lod>
      </Region>
      <Link>
        <href>17/75267/81126.kml</href>
        <viewRefreshMode>onRegion</viewRefreshMode>
        <viewFormat/>
      </Link>
    </NetworkLink>
        
    <NetworkLink>
      <name>17/75267/81127.png</name>
      <Region>
        <LatLonAltBox>
          <north>39.31730037327102</north>
          <south>39.31517545076215</south>
          <east>26.72973632812500</east>
          <west>26.72698974609375</west>
        </LatLonAltBox>
        <Lod>
          <minLodPixels>128</minLodPixels>
          <maxLodPixels>-1</maxLodPixels>
        </Lod>
      </Region>
      <Link>
        <href>17/75267/81127.kml</href>
        <viewRefreshMode>onRegion</viewRefreshMode>
        <viewFormat/>
      </Link>
    </NetworkLink>
        
    <NetworkLink>
      <name>17/75267/81128.png</name>
      <Region>
        <LatLonAltBox>
          <north>39.31942523123952</north>
          <south>39.31730037327102</south>
          <east>26.72973632812500</east>
          <west>26.72698974609375</west>
        </LatLonAltBox>
        <Lod>
          <minLodPixels>128</minLodPixels>
          <maxLodPixels>-1</maxLodPixels>
        </Lod>
      </Region>
      <Link>
        <href>17/75267/81128.kml</href>
        <viewRefreshMode>onRegion</viewRefreshMode>
        <viewFormat/>
      </Link>
    </NetworkLink>
        
    <NetworkLink>
      <name>17/75267/81129.png</name>
      <Region>
        <LatLonAltBox>
          <north>39.32155002466662</north>
          <south>39.31942523123952</south>
          <east>26.72973632812500</east>
          <west>26.72698974609375</west>
        </LatLonAltBox>
        <Lod>
          <minLodPixels>128</minLodPixels>
          <maxLodPixels>-1</maxLodPixels>
        </Lod>
      </Region>
      <Link>
        <href>17/75267/81129.kml</href>
        <viewRefreshMode>onRegion</viewRefreshMode>
        <viewFormat/>
      </Link>
    </NetworkLink>
        
    <NetworkLink>
      <name>17/75267/81130.png</name>
      <Region>
        <LatLonAltBox>
          <north>39.32367475355144</north>
          <south>39.32155002466662</south>
          <east>26.72973632812500</east>
          <west>26.72698974609375</west>
        </LatLonAltBox>
        <Lod>
          <minLodPixels>128</minLodPixels>
          <maxLodPixels>-1</maxLodPixels>
        </Lod>
      </Region>
      <Link>
        <href>17/75267/81130.kml</href>
        <viewRefreshMode>onRegion</viewRefreshMode>
        <viewFormat/>
      </Link>
    </NetworkLink>
        
    <NetworkLink>
      <name>17/75267/81131.png</name>
      <Region>
        <LatLonAltBox>
          <north>39.32579941789298</north>
          <south>39.32367475355144</south>
          <east>26.72973632812500</east>
          <west>26.72698974609375</west>
        </LatLonAltBox>
        <Lod>
          <minLodPixels>128</minLodPixels>
          <maxLodPixels>-1</maxLodPixels>
        </Lod>
      </Region>
      <Link>
        <href>17/75267/81131.kml</href>
        <viewRefreshMode>onRegion</viewRefreshMode>
        <viewFormat/>
      </Link>
    </NetworkLink>
        
    <NetworkLink>
      <name>17/75267/81132.png</name>
      <Region>
        <LatLonAltBox>
          <north>39.32792401769030</north>
          <south>39.32579941789298</south>
          <east>26.72973632812500</east>
          <west>26.72698974609375</west>
        </LatLonAltBox>
        <Lod>
          <minLodPixels>128</minLodPixels>
          <maxLodPixels>-1</maxLodPixels>
        </Lod>
      </Region>
      <Link>
        <href>17/75267/81132.kml</href>
        <viewRefreshMode>onRegion</viewRefreshMode>
        <viewFormat/>
      </Link>
    </NetworkLink>
        
    <NetworkLink>
      <name>17/75267/81133.png</name>
      <Region>
        <LatLonAltBox>
          <north>39.33004855294242</north>
          <south>39.32792401769030</south>
          <east>26.72973632812500</east>
          <west>26.72698974609375</west>
        </LatLonAltBox>
        <Lod>
          <minLodPixels>128</minLodPixels>
          <maxLodPixels>-1</maxLodPixels>
        </Lod>
      </Region>
      <Link>
        <href>17/75267/81133.kml</href>
        <viewRefreshMode>onRegion</viewRefreshMode>
        <viewFormat/>
      </Link>
    </NetworkLink>
        
    <NetworkLink>
      <name>17/75267/81134.png</name>
      <Region>
        <LatLonAltBox>
          <north>39.33217302364838</north>
          <south>39.33004855294242</south>
          <east>26.72973632812500</east>
          <west>26.72698974609375</west>
        </LatLonAltBox>
        <Lod>
          <minLodPixels>128</minLodPixels>
          <maxLodPixels>-1</maxLodPixels>
        </Lod>
      </Region>
      <Link>
        <href>17/75267/81134.kml</href>
        <viewRefreshMode>onRegion</viewRefreshMode>
        <viewFormat/>
      </Link>
    </NetworkLink>
        
    <NetworkLink>
      <name>17/75267/81135.png</name>
      <Region>
        <LatLonAltBox>
          <north>39.33429742980725</north>
          <south>39.33217302364838</south>
          <east>26.72973632812500</east>
          <west>26.72698974609375</west>
        </LatLonAltBox>
        <Lod>
          <minLodPixels>128</minLodPixels>
          <maxLodPixels>-1</maxLodPixels>
        </Lod>
      </Region>
      <Link>
        <href>17/75267/81135.kml</href>
        <viewRefreshMode>onRegion</viewRefreshMode>
        <viewFormat/>
      </Link>
    </NetworkLink>
        
    <NetworkLink>
      <name>17/75267/81136.png</name>
      <Region>
        <LatLonAltBox>
          <north>39.33642177141801</north>
          <south>39.33429742980725</south>
          <east>26.72973632812500</east>
          <west>26.72698974609375</west>
        </LatLonAltBox>
        <Lod>
          <minLodPixels>128</minLodPixels>
          <maxLodPixels>-1</maxLodPixels>
        </Lod>
      </Region>
      <Link>
        <href>17/75267/81136.kml</href>
        <viewRefreshMode>onRegion</viewRefreshMode>
        <viewFormat/>
      </Link>
    </NetworkLink>
        
    <NetworkLink>
      <name>17/75267/81137.png</name>
      <Region>
        <LatLonAltBox>
          <north>39.33854604847979</north>
          <south>39.33642177141801</south>
          <east>26.72973632812500</east>
          <west>26.72698974609375</west>
        </LatLonAltBox>
        <Lod>
          <minLodPixels>128</minLodPixels>
          <maxLodPixels>-1</maxLodPixels>
        </Lod>
      </Region>
      <Link>
        <href>17/75267/81137.kml</href>
        <viewRefreshMode>onRegion</viewRefreshMode>
        <viewFormat/>
      </Link>
    </NetworkLink>
        
    <NetworkLink>
      <name>17/75267/81138.png</name>
      <Region>
        <LatLonAltBox>
          <north>39.34067026099156</north>
          <south>39.33854604847979</south>
          <east>26.72973632812500</east>
          <west>26.72698974609375</west>
        </LatLonAltBox>
        <Lod>
          <minLodPixels>128</minLodPixels>
          <maxLodPixels>-1</maxLodPixels>
        </Lod>
      </Region>
      <Link>
        <href>17/75267/81138.kml</href>
        <viewRefreshMode>onRegion</viewRefreshMode>
        <viewFormat/>
      </Link>
    </NetworkLink>
        
    <NetworkLink>
      <name>17/75267/81139.png</name>
      <Region>
        <LatLonAltBox>
          <north>39.34279440895236</north>
          <south>39.34067026099156</south>
          <east>26.72973632812500</east>
          <west>26.72698974609375</west>
        </LatLonAltBox>
        <Lod>
          <minLodPixels>128</minLodPixels>
          <maxLodPixels>-1</maxLodPixels>
        </Lod>
      </Region>
      <Link>
        <href>17/75267/81139.kml</href>
        <viewRefreshMode>onRegion</viewRefreshMode>
        <viewFormat/>
      </Link>
    </NetworkLink>
        
    <NetworkLink>
      <name>17/75267/81140.png</name>
      <Region>
        <LatLonAltBox>
          <north>39.34491849236127</north>
          <south>39.34279440895236</south>
          <east>26.72973632812500</east>
          <west>26.72698974609375</west>
        </LatLonAltBox>
        <Lod>
          <minLodPixels>128</minLodPixels>
          <maxLodPixels>-1</maxLodPixels>
        </Lod>
      </Region>
      <Link>
        <href>17/75267/81140.kml</href>
        <viewRefreshMode>onRegion</viewRefreshMode>
        <viewFormat/>
      </Link>
    </NetworkLink>
        
    <NetworkLink>
      <name>17/75267/81141.png</name>
      <Region>
        <LatLonAltBox>
          <north>39.34704251121732</north>
          <south>39.34491849236127</south>
          <east>26.72973632812500</east>
          <west>26.72698974609375</west>
        </LatLonAltBox>
        <Lod>
          <minLodPixels>128</minLodPixels>
          <maxLodPixels>-1</maxLodPixels>
        </Lod>
      </Region>
      <Link>
        <href>17/75267/81141.kml</href>
        <viewRefreshMode>onRegion</viewRefreshMode>
        <viewFormat/>
      </Link>
    </NetworkLink>
        
    <NetworkLink>
      <name>17/75267/81142.png</name>
      <Region>
        <LatLonAltBox>
          <north>39.34916646551957</north>
          <south>39.34704251121732</south>
          <east>26.72973632812500</east>
          <west>26.72698974609375</west>
        </LatLonAltBox>
        <Lod>
          <minLodPixels>128</minLodPixels>
          <maxLodPixels>-1</maxLodPixels>
        </Lod>
      </Region>
      <Link>
        <href>17/75267/81142.kml</href>
        <viewRefreshMode>onRegion</viewRefreshMode>
        <viewFormat/>
      </Link>
    </NetworkLink>
        
    <NetworkLink>
      <name>17/75267/81143.png</name>
      <Region>
        <LatLonAltBox>
          <north>39.35129035526705</north>
          <south>39.34916646551957</south>
          <east>26.72973632812500</east>
          <west>26.72698974609375</west>
        </LatLonAltBox>
        <Lod>
          <minLodPixels>128</minLodPixels>
          <maxLodPixels>-1</maxLodPixels>
        </Lod>
      </Region>
      <Link>
        <href>17/75267/81143.kml</href>
        <viewRefreshMode>onRegion</viewRefreshMode>
        <viewFormat/>
      </Link>
    </NetworkLink>
        
    <NetworkLink>
      <name>17/75267/81144.png</name>
      <Region>
        <LatLonAltBox>
          <north>39.35341418045878</north>
          <south>39.35129035526705</south>
          <east>26.72973632812500</east>
          <west>26.72698974609375</west>
        </LatLonAltBox>
        <Lod>
          <minLodPixels>128</minLodPixels>
          <maxLodPixels>-1</maxLodPixels>
        </Lod>
      </Region>
      <Link>
        <href>17/75267/81144.kml</href>
        <viewRefreshMode>onRegion</viewRefreshMode>
        <viewFormat/>
      </Link>
    </NetworkLink>
        
    <NetworkLink>
      <name>17/75268/81118.png</name>
      <Region>
        <LatLonAltBox>
          <north>39.29817374735305</north>
          <south>39.29604824402409</south>
          <east>26.73248291015625</east>
          <west>26.72973632812500</west>
        </LatLonAltBox>
        <Lod>
          <minLodPixels>128</minLodPixels>
          <maxLodPixels>-1</maxLodPixels>
        </Lod>
      </Region>
      <Link>
        <href>17/75268/81118.kml</href>
        <viewRefreshMode>onRegion</viewRefreshMode>
        <viewFormat/>
      </Link>
    </NetworkLink>
        
    <NetworkLink>
      <name>17/75268/81119.png</name>
      <Region>
        <LatLonAltBox>
          <north>39.30029918615029</north>
          <south>39.29817374735305</south>
          <east>26.73248291015625</east>
          <west>26.72973632812500</west>
        </LatLonAltBox>
        <Lod>
          <minLodPixels>128</minLodPixels>
          <maxLodPixels>-1</maxLodPixels>
        </Lod>
      </Region>
      <Link>
        <href>17/75268/81119.kml</href>
        <viewRefreshMode>onRegion</viewRefreshMode>
        <viewFormat/>
      </Link>
    </NetworkLink>
        
    <NetworkLink>
      <name>17/75268/81120.png</name>
      <Region>
        <LatLonAltBox>
          <north>39.30242456041487</north>
          <south>39.30029918615029</south>
          <east>26.73248291015625</east>
          <west>26.72973632812500</west>
        </LatLonAltBox>
        <Lod>
          <minLodPixels>128</minLodPixels>
          <maxLodPixels>-1</maxLodPixels>
        </Lod>
      </Region>
      <Link>
        <href>17/75268/81120.kml</href>
        <viewRefreshMode>onRegion</viewRefreshMode>
        <viewFormat/>
      </Link>
    </NetworkLink>
        
    <NetworkLink>
      <name>17/75268/81121.png</name>
      <Region>
        <LatLonAltBox>
          <north>39.30454987014581</north>
          <south>39.30242456041487</south>
          <east>26.73248291015625</east>
          <west>26.72973632812500</west>
        </LatLonAltBox>
        <Lod>
          <minLodPixels>128</minLodPixels>
          <maxLodPixels>-1</maxLodPixels>
        </Lod>
      </Region>
      <Link>
        <href>17/75268/81121.kml</href>
        <viewRefreshMode>onRegion</viewRefreshMode>
        <viewFormat/>
      </Link>
    </NetworkLink>
        
    <NetworkLink>
      <name>17/75268/81122.png</name>
      <Region>
        <LatLonAltBox>
          <north>39.30667511534213</north>
          <south>39.30454987014581</south>
          <east>26.73248291015625</east>
          <west>26.72973632812500</west>
        </LatLonAltBox>
        <Lod>
          <minLodPixels>128</minLodPixels>
          <maxLodPixels>-1</maxLodPixels>
        </Lod>
      </Region>
      <Link>
        <href>17/75268/81122.kml</href>
        <viewRefreshMode>onRegion</viewRefreshMode>
        <viewFormat/>
      </Link>
    </NetworkLink>
        
    <NetworkLink>
      <name>17/75268/81123.png</name>
      <Region>
        <LatLonAltBox>
          <north>39.30880029600291</north>
          <south>39.30667511534213</south>
          <east>26.73248291015625</east>
          <west>26.72973632812500</west>
        </LatLonAltBox>
        <Lod>
          <minLodPixels>128</minLodPixels>
          <maxLodPixels>-1</maxLodPixels>
        </Lod>
      </Region>
      <Link>
        <href>17/75268/81123.kml</href>
        <viewRefreshMode>onRegion</viewRefreshMode>
        <viewFormat/>
      </Link>
    </NetworkLink>
        
    <NetworkLink>
      <name>17/75268/81124.png</name>
      <Region>
        <LatLonAltBox>
          <north>39.31092541212715</north>
          <south>39.30880029600291</south>
          <east>26.73248291015625</east>
          <west>26.72973632812500</west>
        </LatLonAltBox>
        <Lod>
          <minLodPixels>128</minLodPixels>
          <maxLodPixels>-1</maxLodPixels>
        </Lod>
      </Region>
      <Link>
        <href>17/75268/81124.kml</href>
        <viewRefreshMode>onRegion</viewRefreshMode>
        <viewFormat/>
      </Link>
    </NetworkLink>
        
    <NetworkLink>
      <name>17/75268/81125.png</name>
      <Region>
        <LatLonAltBox>
          <north>39.31305046371388</north>
          <south>39.31092541212715</south>
          <east>26.73248291015625</east>
          <west>26.72973632812500</west>
        </LatLonAltBox>
        <Lod>
          <minLodPixels>128</minLodPixels>
          <maxLodPixels>-1</maxLodPixels>
        </Lod>
      </Region>
      <Link>
        <href>17/75268/81125.kml</href>
        <viewRefreshMode>onRegion</viewRefreshMode>
        <viewFormat/>
      </Link>
    </NetworkLink>
        
    <NetworkLink>
      <name>17/75268/81126.png</name>
      <Region>
        <LatLonAltBox>
          <north>39.31517545076215</north>
          <south>39.31305046371388</south>
          <east>26.73248291015625</east>
          <west>26.72973632812500</west>
        </LatLonAltBox>
        <Lod>
          <minLodPixels>128</minLodPixels>
          <maxLodPixels>-1</maxLodPixels>
        </Lod>
      </Region>
      <Link>
        <href>17/75268/81126.kml</href>
        <viewRefreshMode>onRegion</viewRefreshMode>
        <viewFormat/>
      </Link>
    </NetworkLink>
        
    <NetworkLink>
      <name>17/75268/81127.png</name>
      <Region>
        <LatLonAltBox>
          <north>39.31730037327102</north>
          <south>39.31517545076215</south>
          <east>26.73248291015625</east>
          <west>26.72973632812500</west>
        </LatLonAltBox>
        <Lod>
          <minLodPixels>128</minLodPixels>
          <maxLodPixels>-1</maxLodPixels>
        </Lod>
      </Region>
      <Link>
        <href>17/75268/81127.kml</href>
        <viewRefreshMode>onRegion</viewRefreshMode>
        <viewFormat/>
      </Link>
    </NetworkLink>
        
    <NetworkLink>
      <name>17/75268/81128.png</name>
      <Region>
        <LatLonAltBox>
          <north>39.31942523123952</north>
          <south>39.31730037327102</south>
          <east>26.73248291015625</east>
          <west>26.72973632812500</west>
        </LatLonAltBox>
        <Lod>
          <minLodPixels>128</minLodPixels>
          <maxLodPixels>-1</maxLodPixels>
        </Lod>
      </Region>
      <Link>
        <href>17/75268/81128.kml</href>
        <viewRefreshMode>onRegion</viewRefreshMode>
        <viewFormat/>
      </Link>
    </NetworkLink>
        
    <NetworkLink>
      <name>17/75268/81129.png</name>
      <Region>
        <LatLonAltBox>
          <north>39.32155002466662</north>
          <south>39.31942523123952</south>
          <east>26.73248291015625</east>
          <west>26.72973632812500</west>
        </LatLonAltBox>
        <Lod>
          <minLodPixels>128</minLodPixels>
          <maxLodPixels>-1</maxLodPixels>
        </Lod>
      </Region>
      <Link>
        <href>17/75268/81129.kml</href>
        <viewRefreshMode>onRegion</viewRefreshMode>
        <viewFormat/>
      </Link>
    </NetworkLink>
        
    <NetworkLink>
      <name>17/75268/81130.png</name>
      <Region>
        <LatLonAltBox>
          <north>39.32367475355144</north>
          <south>39.32155002466662</south>
          <east>26.73248291015625</east>
          <west>26.72973632812500</west>
        </LatLonAltBox>
        <Lod>
          <minLodPixels>128</minLodPixels>
          <maxLodPixels>-1</maxLodPixels>
        </Lod>
      </Region>
      <Link>
        <href>17/75268/81130.kml</href>
        <viewRefreshMode>onRegion</viewRefreshMode>
        <viewFormat/>
      </Link>
    </NetworkLink>
        
    <NetworkLink>
      <name>17/75268/81131.png</name>
      <Region>
        <LatLonAltBox>
          <north>39.32579941789298</north>
          <south>39.32367475355144</south>
          <east>26.73248291015625</east>
          <west>26.72973632812500</west>
        </LatLonAltBox>
        <Lod>
          <minLodPixels>128</minLodPixels>
          <maxLodPixels>-1</maxLodPixels>
        </Lod>
      </Region>
      <Link>
        <href>17/75268/81131.kml</href>
        <viewRefreshMode>onRegion</viewRefreshMode>
        <viewFormat/>
      </Link>
    </NetworkLink>
        
    <NetworkLink>
      <name>17/75268/81132.png</name>
      <Region>
        <LatLonAltBox>
          <north>39.32792401769030</north>
          <south>39.32579941789298</south>
          <east>26.73248291015625</east>
          <west>26.72973632812500</west>
        </LatLonAltBox>
        <Lod>
          <minLodPixels>128</minLodPixels>
          <maxLodPixels>-1</maxLodPixels>
        </Lod>
      </Region>
      <Link>
        <href>17/75268/81132.kml</href>
        <viewRefreshMode>onRegion</viewRefreshMode>
        <viewFormat/>
      </Link>
    </NetworkLink>
        
    <NetworkLink>
      <name>17/75268/81133.png</name>
      <Region>
        <LatLonAltBox>
          <north>39.33004855294242</north>
          <south>39.32792401769030</south>
          <east>26.73248291015625</east>
          <west>26.72973632812500</west>
        </LatLonAltBox>
        <Lod>
          <minLodPixels>128</minLodPixels>
          <maxLodPixels>-1</maxLodPixels>
        </Lod>
      </Region>
      <Link>
        <href>17/75268/81133.kml</href>
        <viewRefreshMode>onRegion</viewRefreshMode>
        <viewFormat/>
      </Link>
    </NetworkLink>
        
    <NetworkLink>
      <name>17/75268/81134.png</name>
      <Region>
        <LatLonAltBox>
          <north>39.33217302364838</north>
          <south>39.33004855294242</south>
          <east>26.73248291015625</east>
          <west>26.72973632812500</west>
        </LatLonAltBox>
        <Lod>
          <minLodPixels>128</minLodPixels>
          <maxLodPixels>-1</maxLodPixels>
        </Lod>
      </Region>
      <Link>
        <href>17/75268/81134.kml</href>
        <viewRefreshMode>onRegion</viewRefreshMode>
        <viewFormat/>
      </Link>
    </NetworkLink>
        
    <NetworkLink>
      <name>17/75268/81135.png</name>
      <Region>
        <LatLonAltBox>
          <north>39.33429742980725</north>
          <south>39.33217302364838</south>
          <east>26.73248291015625</east>
          <west>26.72973632812500</west>
        </LatLonAltBox>
        <Lod>
          <minLodPixels>128</minLodPixels>
          <maxLodPixels>-1</maxLodPixels>
        </Lod>
      </Region>
      <Link>
        <href>17/75268/81135.kml</href>
        <viewRefreshMode>onRegion</viewRefreshMode>
        <viewFormat/>
      </Link>
    </NetworkLink>
        
    <NetworkLink>
      <name>17/75268/81136.png</name>
      <Region>
        <LatLonAltBox>
          <north>39.33642177141801</north>
          <south>39.33429742980725</south>
          <east>26.73248291015625</east>
          <west>26.72973632812500</west>
        </LatLonAltBox>
        <Lod>
          <minLodPixels>128</minLodPixels>
          <maxLodPixels>-1</maxLodPixels>
        </Lod>
      </Region>
      <Link>
        <href>17/75268/81136.kml</href>
        <viewRefreshMode>onRegion</viewRefreshMode>
        <viewFormat/>
      </Link>
    </NetworkLink>
        
    <NetworkLink>
      <name>17/75268/81137.png</name>
      <Region>
        <LatLonAltBox>
          <north>39.33854604847979</north>
          <south>39.33642177141801</south>
          <east>26.73248291015625</east>
          <west>26.72973632812500</west>
        </LatLonAltBox>
        <Lod>
          <minLodPixels>128</minLodPixels>
          <maxLodPixels>-1</maxLodPixels>
        </Lod>
      </Region>
      <Link>
        <href>17/75268/81137.kml</href>
        <viewRefreshMode>onRegion</viewRefreshMode>
        <viewFormat/>
      </Link>
    </NetworkLink>
        
    <NetworkLink>
      <name>17/75268/81138.png</name>
      <Region>
        <LatLonAltBox>
          <north>39.34067026099156</north>
          <south>39.33854604847979</south>
          <east>26.73248291015625</east>
          <west>26.72973632812500</west>
        </LatLonAltBox>
        <Lod>
          <minLodPixels>128</minLodPixels>
          <maxLodPixels>-1</maxLodPixels>
        </Lod>
      </Region>
      <Link>
        <href>17/75268/81138.kml</href>
        <viewRefreshMode>onRegion</viewRefreshMode>
        <viewFormat/>
      </Link>
    </NetworkLink>
        
    <NetworkLink>
      <name>17/75268/81139.png</name>
      <Region>
        <LatLonAltBox>
          <north>39.34279440895236</north>
          <south>39.34067026099156</south>
          <east>26.73248291015625</east>
          <west>26.72973632812500</west>
        </LatLonAltBox>
        <Lod>
          <minLodPixels>128</minLodPixels>
          <maxLodPixels>-1</maxLodPixels>
        </Lod>
      </Region>
      <Link>
        <href>17/75268/81139.kml</href>
        <viewRefreshMode>onRegion</viewRefreshMode>
        <viewFormat/>
      </Link>
    </NetworkLink>
        
    <NetworkLink>
      <name>17/75268/81140.png</name>
      <Region>
        <LatLonAltBox>
          <north>39.34491849236127</north>
          <south>39.34279440895236</south>
          <east>26.73248291015625</east>
          <west>26.72973632812500</west>
        </LatLonAltBox>
        <Lod>
          <minLodPixels>128</minLodPixels>
          <maxLodPixels>-1</maxLodPixels>
        </Lod>
      </Region>
      <Link>
        <href>17/75268/81140.kml</href>
        <viewRefreshMode>onRegion</viewRefreshMode>
        <viewFormat/>
      </Link>
    </NetworkLink>
        
    <NetworkLink>
      <name>17/75268/81141.png</name>
      <Region>
        <LatLonAltBox>
          <north>39.34704251121732</north>
          <south>39.34491849236127</south>
          <east>26.73248291015625</east>
          <west>26.72973632812500</west>
        </LatLonAltBox>
        <Lod>
          <minLodPixels>128</minLodPixels>
          <maxLodPixels>-1</maxLodPixels>
        </Lod>
      </Region>
      <Link>
        <href>17/75268/81141.kml</href>
        <viewRefreshMode>onRegion</viewRefreshMode>
        <viewFormat/>
      </Link>
    </NetworkLink>
        
    <NetworkLink>
      <name>17/75268/81142.png</name>
      <Region>
        <LatLonAltBox>
          <north>39.34916646551957</north>
          <south>39.34704251121732</south>
          <east>26.73248291015625</east>
          <west>26.72973632812500</west>
        </LatLonAltBox>
        <Lod>
          <minLodPixels>128</minLodPixels>
          <maxLodPixels>-1</maxLodPixels>
        </Lod>
      </Region>
      <Link>
        <href>17/75268/81142.kml</href>
        <viewRefreshMode>onRegion</viewRefreshMode>
        <viewFormat/>
      </Link>
    </NetworkLink>
        
    <NetworkLink>
      <name>17/75268/81143.png</name>
      <Region>
        <LatLonAltBox>
          <north>39.35129035526705</north>
          <south>39.34916646551957</south>
          <east>26.73248291015625</east>
          <west>26.72973632812500</west>
        </LatLonAltBox>
        <Lod>
          <minLodPixels>128</minLodPixels>
          <maxLodPixels>-1</maxLodPixels>
        </Lod>
      </Region>
      <Link>
        <href>17/75268/81143.kml</href>
        <viewRefreshMode>onRegion</viewRefreshMode>
        <viewFormat/>
      </Link>
    </NetworkLink>
        
    <NetworkLink>
      <name>17/75268/81144.png</name>
      <Region>
        <LatLonAltBox>
          <north>39.35341418045878</north>
          <south>39.35129035526705</south>
          <east>26.73248291015625</east>
          <west>26.72973632812500</west>
        </LatLonAltBox>
        <Lod>
          <minLodPixels>128</minLodPixels>
          <maxLodPixels>-1</maxLodPixels>
        </Lod>
      </Region>
      <Link>
        <href>17/75268/81144.kml</href>
        <viewRefreshMode>onRegion</viewRefreshMode>
        <viewFormat/>
      </Link>
    </NetworkLink>
              </Document>
</kml>
    