{
"type": "FeatureCollection",
"name": "ek_yapi",
"crs": { "type": "name", "properties": { "name": "urn:ogc:def:crs:OGC:1.3:CRS84" } },
"features": [
{ "type": "Feature", "properties": { "fid": 3163, "Layer": "Extensions" }, "geometry": { "type": "MultiPolygon", "coordinates": [ [ [ [ 26.692802664567779, 39.313626712408166 ], [ 26.692780761035994, 39.313602648603243 ], [ 26.692716793945056, 39.313637786368133 ], [ 26.692736657543403, 39.313660917710607 ], [ 26.692802664567779, 39.313626712408166 ] ] ] ] } },
{ "type": "Feature", "properties": { "fid": 3704, "Layer": "Extensions" }, "geometry": { "type": "MultiPolygon", "coordinates": [ [ [ [ 26.693736042038431, 39.313437714957161 ], [ 26.693716674576649, 39.313417494071743 ], [ 26.693685368119205, 39.31343640304506 ], [ 26.693707346382759, 39.313458100049452 ], [ 26.693736042038431, 39.313437714957161 ] ] ] ] } },
{ "type": "Feature", "properties": { "fid": 3718, "Layer": "Extensions" }, "geometry": { "type": "MultiPolygon", "coordinates": [ [ [ [ 26.693077899773012, 39.314151930290869 ], [ 26.693111027788753, 39.314136656021446 ], [ 26.693073653370902, 39.314090779215505 ], [ 26.693041044671293, 39.314107531165121 ], [ 26.693057005882054, 39.314127743788248 ], [ 26.693077899773012, 39.314151930290869 ] ] ] ] } },
{ "type": "Feature", "properties": { "fid": 3725, "Layer": "Extensions" }, "geometry": { "type": "MultiPolygon", "coordinates": [ [ [ [ 26.693335991564066, 39.313695281585431 ], [ 26.69332161091938, 39.313706529335505 ], [ 26.693413734080366, 39.313784797562221 ], [ 26.69343048028907, 39.31377277532544 ], [ 26.693335991564066, 39.313695281585431 ] ] ] ] } },
{ "type": "Feature", "properties": { "fid": 3887, "Layer": "Extensions" }, "geometry": { "type": "MultiPolygon", "coordinates": [ [ [ [ 26.694621039946156, 39.313018618208829 ], [ 26.694616808872599, 39.313009028327123 ], [ 26.694699314612961, 39.312972495691191 ], [ 26.694705432797523, 39.312983826883553 ], [ 26.694621039946156, 39.313018618208829 ] ] ] ] } },
{ "type": "Feature", "properties": { "fid": 3910, "Layer": "Extensions" }, "geometry": { "type": "MultiPolygon", "coordinates": [ [ [ [ 26.693940120123873, 39.313152940235263 ], [ 26.693955500172656, 39.313179513281895 ], [ 26.693866594606948, 39.313210562179755 ], [ 26.693856049816855, 39.313182458067054 ], [ 26.693940120123873, 39.313152940235263 ] ] ] ] } },
{ "type": "Feature", "properties": { "fid": 3926, "Layer": "Extensions" }, "geometry": { "type": "MultiPolygon", "coordinates": [ [ [ [ 26.694610460618176, 39.312842972572277 ], [ 26.694678926910036, 39.312818201948261 ], [ 26.694687508933249, 39.312832513345761 ], [ 26.694620720725158, 39.31285667844012 ], [ 26.694610233950986, 39.312843055592666 ], [ 26.694610460618176, 39.312842972572277 ] ] ] ] } },
{ "type": "Feature", "properties": { "fid": 3928, "Layer": "Extensions" }, "geometry": { "type": "MultiPolygon", "coordinates": [ [ [ [ 26.694367266628607, 39.313053040042348 ], [ 26.694344583145227, 39.313015117657713 ], [ 26.694365454363957, 39.313008180970073 ], [ 26.694387752595237, 39.31304866548161 ], [ 26.694367266628607, 39.313053040042348 ] ] ] ] } },
{ "type": "Feature", "properties": { "fid": 3938, "Layer": "Extensions" }, "geometry": { "type": "MultiPolygon", "coordinates": [ [ [ [ 26.694549984501748, 39.31295410523267 ], [ 26.694563494191947, 39.31297440247539 ], [ 26.694536962045362, 39.312998303738439 ], [ 26.694518301121978, 39.312966883808279 ], [ 26.694549981796985, 39.312954101634645 ], [ 26.694549984501748, 39.31295410523267 ] ] ] ] } },
{ "type": "Feature", "properties": { "fid": 3944, "Layer": "Extensions" }, "geometry": { "type": "MultiPolygon", "coordinates": [ [ [ [ 26.694576034520999, 39.312894236073681 ], [ 26.694600048623357, 39.312883964210464 ], [ 26.694609896735496, 39.31289785588411 ], [ 26.694585880837188, 39.312908127749232 ], [ 26.694576034520999, 39.312894236073681 ] ] ] ] } },
{ "type": "Feature", "properties": { "fid": 3983, "Layer": "Extensions" }, "geometry": { "type": "MultiPolygon", "coordinates": [ [ [ [ 26.694548290217465, 39.313260115384161 ], [ 26.694572889429985, 39.313245766286784 ], [ 26.694587961501298, 39.313294313612666 ], [ 26.694566983254596, 39.313300216151738 ], [ 26.694548290217465, 39.313260115384161 ] ] ] ] } },
{ "type": "Feature", "properties": { "fid": 4039, "Layer": "Extensions" }, "geometry": { "type": "MultiPolygon", "coordinates": [ [ [ [ 26.694020206915596, 39.313624792003147 ], [ 26.693995622507966, 39.313641681254573 ], [ 26.693968377831762, 39.313617751991544 ], [ 26.693993057270053, 39.313599876109272 ], [ 26.694020206915596, 39.313624792003147 ] ] ] ] } },
{ "type": "Feature", "properties": { "fid": null, "Layer": null }, "geometry": { "type": "MultiPolygon", "coordinates": [ [ [ [ 26.69160029763718, 39.313182583228489 ], [ 26.69162000730346, 39.313163138427839 ], [ 26.69164833199363, 39.313177009439649 ], [ 26.691631157365229, 39.313198189978415 ], [ 26.69160029763718, 39.313182583228489 ] ] ] ] } },
{ "type": "Feature", "properties": { "fid": 4167, "Layer": "Extensions" }, "geometry": { "type": "MultiPolygon", "coordinates": [ [ [ [ 26.691829137099962, 39.312734856835753 ], [ 26.691816505478364, 39.312748645839399 ], [ 26.691791806424504, 39.312779832855 ], [ 26.691816863047816, 39.312794599008669 ], [ 26.691846239297213, 39.312764511259807 ], [ 26.69183230436861, 39.312756300453614 ], [ 26.691845278746303, 39.312743010708054 ], [ 26.691829137099962, 39.312734856835753 ] ] ] ] } },
{ "type": "Feature", "properties": { "fid": 4197, "Layer": "Extensions" }, "geometry": { "type": "MultiPolygon", "coordinates": [ [ [ [ 26.691640952312387, 39.312745688940794 ], [ 26.691657074330465, 39.312753388265321 ], [ 26.691683838073178, 39.312719646583396 ], [ 26.691667515642052, 39.312711852029146 ], [ 26.691640952312387, 39.312745688940794 ] ] ] ] } },
{ "type": "Feature", "properties": { "fid": 4266, "Layer": "Extensions" }, "geometry": { "type": "MultiPolygon", "coordinates": [ [ [ [ 26.691537879457233, 39.312903978419349 ], [ 26.6915518250524, 39.312885568909657 ], [ 26.691475545730196, 39.312845939027831 ], [ 26.691459606739691, 39.312867191016224 ], [ 26.691537879457233, 39.312903978419349 ] ] ] ] } },
{ "type": "Feature", "properties": { "fid": 4359, "Layer": "Extensions" }, "geometry": { "type": "MultiPolygon", "coordinates": [ [ [ [ 26.693498735374298, 39.315335901908284 ], [ 26.693406217738417, 39.31539533890161 ], [ 26.69335756194846, 39.31533323221268 ], [ 26.693378200369839, 39.315320349467989 ], [ 26.693427755129683, 39.31536572008163 ], [ 26.693486788729, 39.31532461713303 ], [ 26.693498774751461, 39.31533587576827 ], [ 26.693498735374298, 39.315335901908284 ] ] ] ] } },
{ "type": "Feature", "properties": { "fid": 4497, "Layer": "Extensions" }, "geometry": { "type": "MultiPolygon", "coordinates": [ [ [ [ 26.694873201934783, 39.315065963519821 ], [ 26.694831084418091, 39.315076739922894 ], [ 26.694836142976349, 39.31511155685417 ], [ 26.694877818437998, 39.315096719464229 ], [ 26.694873201934783, 39.315065963519821 ] ] ] ] } },
{ "type": "Feature", "properties": { "fid": 4632, "Layer": "Extensions" }, "geometry": { "type": "MultiPolygon", "coordinates": [ [ [ [ 26.694207035342618, 39.315452389537661 ], [ 26.69418655938194, 39.315430133706428 ], [ 26.694188831775289, 39.315428907438438 ], [ 26.69425437408615, 39.315405464464632 ], [ 26.694265674909289, 39.315428408329481 ], [ 26.694207035342618, 39.315452389537661 ] ] ] ] } },
{ "type": "Feature", "properties": { "fid": 4655, "Layer": "Extensions" }, "geometry": { "type": "MultiPolygon", "coordinates": [ [ [ [ 26.695685038526413, 39.314531681879565 ], [ 26.695695370542115, 39.314557764474543 ], [ 26.695635613197915, 39.31457432156305 ], [ 26.695621921776862, 39.314550279955107 ], [ 26.695685038526413, 39.314531681879565 ] ] ] ] } },
{ "type": "Feature", "properties": { "fid": 4713, "Layer": "Extensions" }, "geometry": { "type": "MultiPolygon", "coordinates": [ [ [ [ 26.694934473791545, 39.314848925995733 ], [ 26.695041896856935, 39.314821959174473 ], [ 26.695045020862398, 39.314827583022193 ], [ 26.695057038321082, 39.314853367932969 ], [ 26.69494864319558, 39.314883852463566 ], [ 26.694934145743431, 39.314849008209414 ], [ 26.694934473791545, 39.314848925995733 ] ] ] ] } },
{ "type": "Feature", "properties": { "fid": 4734, "Layer": "Extensions" }, "geometry": { "type": "MultiPolygon", "coordinates": [ [ [ [ 26.695245837988676, 39.315227622780739 ], [ 26.695220598815393, 39.315227395765007 ], [ 26.695215031312099, 39.315186457514734 ], [ 26.695238589514499, 39.315184090998919 ], [ 26.695245837988676, 39.315227622780739 ] ] ] ] } },
{ "type": "Feature", "properties": { "fid": 4735, "Layer": "Extensions" }, "geometry": { "type": "MultiPolygon", "coordinates": [ [ [ [ 26.695217934822935, 39.315082779520168 ], [ 26.695184643236725, 39.31508457170402 ], [ 26.695188277612996, 39.315125325406306 ], [ 26.695215427293455, 39.315122537926385 ], [ 26.695226082951798, 39.315121173425752 ], [ 26.695217934822935, 39.315082779520168 ] ] ] ] } },
{ "type": "Feature", "properties": { "fid": 4736, "Layer": "Extensions" }, "geometry": { "type": "MultiPolygon", "coordinates": [ [ [ [ 26.695149775445881, 39.314998844668295 ], [ 26.695112582485994, 39.315006527297299 ], [ 26.695126014129031, 39.315072398254372 ], [ 26.695164713995659, 39.315067303015667 ], [ 26.695149775445881, 39.314998844668295 ] ] ] ] } },
{ "type": "Feature", "properties": { "fid": 4791, "Layer": "Extensions" }, "geometry": { "type": "MultiPolygon", "coordinates": [ [ [ [ 26.694140537029213, 39.314738825464161 ], [ 26.694230432771427, 39.314701297363072 ], [ 26.694206052026146, 39.314666053520106 ], [ 26.694120928488918, 39.314700761621445 ], [ 26.694140537029213, 39.314738825464161 ] ] ] ] } },
{ "type": "Feature", "properties": { "fid": 4866, "Layer": "Extensions" }, "geometry": { "type": "MultiPolygon", "coordinates": [ [ [ [ 26.693077456843518, 39.314708812520713 ], [ 26.693042135475814, 39.314730277101006 ], [ 26.693063566642177, 39.314754455656875 ], [ 26.693100055410849, 39.314736451910356 ], [ 26.693077456843518, 39.314708812520713 ] ] ] ] } },
{ "type": "Feature", "properties": { "fid": 4914, "Layer": "Extensions" }, "geometry": { "type": "MultiPolygon", "coordinates": [ [ [ [ 26.694734288348958, 39.314739987158937 ], [ 26.694745301065307, 39.314768949562428 ], [ 26.694790321432492, 39.314754471855963 ], [ 26.694785076082812, 39.314728334162901 ], [ 26.694734288348958, 39.314739987158937 ] ] ] ] } },
{ "type": "Feature", "properties": { "fid": 4917, "Layer": "Extensions" }, "geometry": { "type": "MultiPolygon", "coordinates": [ [ [ [ 26.694627250419085, 39.3147788605419 ], [ 26.694646801999053, 39.314820176600747 ], [ 26.694676516051565, 39.314811691643669 ], [ 26.694656599167786, 39.314769603608596 ], [ 26.694627250419085, 39.3147788605419 ] ] ] ] } },
{ "type": "Feature", "properties": { "fid": 4923, "Layer": "Extensions" }, "geometry": { "type": "MultiPolygon", "coordinates": [ [ [ [ 26.693848107058251, 39.315030810676866 ], [ 26.69382039249524, 39.315041878061578 ], [ 26.693868674308266, 39.315095247500118 ], [ 26.693895373863562, 39.315082384384496 ], [ 26.693848107058251, 39.315030810676866 ] ] ] ] } },
{ "type": "Feature", "properties": { "fid": 5026, "Layer": "Extensions" }, "geometry": { "type": "MultiPolygon", "coordinates": [ [ [ [ 26.692576044966213, 39.315026393064343 ], [ 26.692599494381369, 39.315011178204458 ], [ 26.692554271211169, 39.314972857918505 ], [ 26.692533189019183, 39.314986534979113 ], [ 26.692576044966213, 39.315026393064343 ] ] ] ] } },
{ "type": "Feature", "properties": { "fid": 5048, "Layer": "Extensions" }, "geometry": { "type": "MultiPolygon", "coordinates": [ [ [ [ 26.692838342965516, 39.315268711575627 ], [ 26.692827478177435, 39.31525423753444 ], [ 26.692797109751716, 39.31526596354032 ], [ 26.692793826147668, 39.315260834904961 ], [ 26.69276529064231, 39.315271855323886 ], [ 26.692782276869291, 39.315291760539004 ], [ 26.692814391569154, 39.315277732192421 ], [ 26.692838342965516, 39.315268711575627 ] ] ] ] } },
{ "type": "Feature", "properties": { "fid": 5160, "Layer": "Extensions" }, "geometry": { "type": "MultiPolygon", "coordinates": [ [ [ [ 26.693096429768367, 39.31681119218117 ], [ 26.693050927573715, 39.316810298752735 ], [ 26.693057274204122, 39.316858906324271 ], [ 26.693079719367802, 39.31685910713356 ], [ 26.693100397250326, 39.316859082733274 ], [ 26.693096429768367, 39.31681119218117 ] ] ] ] } },
{ "type": "Feature", "properties": { "fid": 5161, "Layer": "Extensions" }, "geometry": { "type": "MultiPolygon", "coordinates": [ [ [ [ 26.693078441744639, 39.31670526682754 ], [ 26.693043982872997, 39.31670791427063 ], [ 26.693049878267697, 39.31679486336126 ], [ 26.69309744894948, 39.3167932507233 ], [ 26.693078441744639, 39.31670526682754 ] ] ] ] } },
{ "type": "Feature", "properties": { "fid": 5198, "Layer": "Extensions" }, "geometry": { "type": "MultiPolygon", "coordinates": [ [ [ [ 26.69154015865189, 39.31672967254633 ], [ 26.691714800066521, 39.31669757373772 ], [ 26.691723921617648, 39.31674040622606 ], [ 26.691552998056089, 39.316771821121606 ], [ 26.69154015865189, 39.31672967254633 ] ] ] ] } },
{ "type": "Feature", "properties": { "fid": 5199, "Layer": "Extensions" }, "geometry": { "type": "MultiPolygon", "coordinates": [ [ [ [ 26.691552998056089, 39.316771821121606 ], [ 26.691572036536648, 39.316834331281541 ], [ 26.691647653051412, 39.316821603308277 ], [ 26.691628276744535, 39.316757985396478 ], [ 26.691552998056089, 39.316771821121606 ], [ 26.691572036536648, 39.316834331281541 ], [ 26.691552998056089, 39.316771821121606 ] ] ] ] } },
{ "type": "Feature", "properties": { "fid": 5222, "Layer": "Extensions" }, "geometry": { "type": "MultiPolygon", "coordinates": [ [ [ [ 26.691479413574275, 39.316244358418757 ], [ 26.69146176777755, 39.316203516739129 ], [ 26.691629399527894, 39.316152120136984 ], [ 26.691649094749817, 39.31619088243081 ], [ 26.691479413574275, 39.316244358418757 ] ] ] ] } },
{ "type": "Feature", "properties": { "fid": 5317, "Layer": "Extensions" }, "geometry": { "type": "MultiPolygon", "coordinates": [ [ [ [ 26.692796282886491, 39.316176380493836 ], [ 26.692816131921038, 39.31617223941452 ], [ 26.69279710537775, 39.31612942123828 ], [ 26.692778362327697, 39.316134917610221 ], [ 26.692796282886491, 39.316176380493836 ] ] ] ] } },
{ "type": "Feature", "properties": { "fid": 5341, "Layer": "Extensions" }, "geometry": { "type": "MultiPolygon", "coordinates": [ [ [ [ 26.692611477645649, 39.315871610384484 ], [ 26.69258669488158, 39.315879730731886 ], [ 26.692618148148981, 39.315936766457668 ], [ 26.692638997438117, 39.31592876223899 ], [ 26.692611477645649, 39.315871610384484 ] ] ] ] } },
{ "type": "Feature", "properties": { "fid": 5342, "Layer": "Extensions" }, "geometry": { "type": "MultiPolygon", "coordinates": [ [ [ [ 26.69258669488158, 39.315879730731886 ], [ 26.6925584848039, 39.315891172112572 ], [ 26.692597641784204, 39.315969340496203 ], [ 26.692630425189883, 39.315960262261015 ], [ 26.69258669488158, 39.315879730731886 ] ] ] ] } },
{ "type": "Feature", "properties": { "fid": null, "Layer": null }, "geometry": { "type": "MultiPolygon", "coordinates": [ [ [ [ 26.692642556920443, 39.315702758087589 ], [ 26.692668198947683, 39.315694780939666 ], [ 26.692689592148643, 39.315744561234538 ], [ 26.692666066714889, 39.315751110600338 ], [ 26.692642556920443, 39.315702758087589 ] ] ] ] } },
{ "type": "Feature", "properties": { "fid": 5417, "Layer": "Extensions" }, "geometry": { "type": "MultiPolygon", "coordinates": [ [ [ [ 26.692145185814578, 39.315610420699791 ], [ 26.692107512624794, 39.315628567632132 ], [ 26.692125867789631, 39.315665240048787 ], [ 26.692136729976312, 39.315662283185873 ], [ 26.692161270472145, 39.315703679255293 ], [ 26.69218892881787, 39.315694186173886 ], [ 26.692145185814578, 39.315610420699791 ] ] ] ] } },
{ "type": "Feature", "properties": { "fid": 5445, "Layer": "Extensions" }, "geometry": { "type": "MultiPolygon", "coordinates": [ [ [ [ 26.691699465145589, 39.315935609219778 ], [ 26.691679888088004, 39.315901871351251 ], [ 26.691585498453161, 39.31593139772275 ], [ 26.691603608654589, 39.315966335013719 ], [ 26.691652471935917, 39.315950671064591 ], [ 26.691699465145589, 39.315935609219778 ] ] ] ] } },
{ "type": "Feature", "properties": { "fid": 5451, "Layer": "Extensions" }, "geometry": { "type": "MultiPolygon", "coordinates": [ [ [ [ 26.690707188669958, 39.319238574330846 ], [ 26.690661638059204, 39.31925632860181 ], [ 26.690633913674876, 39.319209509745725 ], [ 26.690684537195143, 39.31919328785429 ], [ 26.690707188669958, 39.319238574330846 ] ] ] ] } },
{ "type": "Feature", "properties": { "fid": 5452, "Layer": "Extensions" }, "geometry": { "type": "MultiPolygon", "coordinates": [ [ [ [ 26.690647733350904, 39.319120304965637 ], [ 26.690552540397523, 39.319156975394485 ], [ 26.690590954948103, 39.319224725189528 ], [ 26.690684537195143, 39.31919328785429 ], [ 26.690647733350904, 39.319120304965637 ] ] ] ] } },
{ "type": "Feature", "properties": { "fid": 5482, "Layer": "Extensions" }, "geometry": { "type": "MultiPolygon", "coordinates": [ [ [ [ 26.690399020332524, 39.319050813376649 ], [ 26.690514622890138, 39.319009797998163 ], [ 26.690496830135469, 39.318976952744812 ], [ 26.690454842359067, 39.31891447202657 ], [ 26.690300160859287, 39.318967213509239 ], [ 26.690355900775046, 39.319065662004455 ], [ 26.690399020332524, 39.319050813376649 ] ] ] ] } },
{ "type": "Feature", "properties": { "fid": 5745, "Layer": "Extensions" }, "geometry": { "type": "MultiPolygon", "coordinates": [ [ [ [ 26.691243425613461, 39.315681879281549 ], [ 26.691210487194109, 39.315656503299031 ], [ 26.691071099115636, 39.315756302859768 ], [ 26.691102676481719, 39.315782861964934 ], [ 26.691243425613461, 39.315681879281549 ] ] ] ] } },
{ "type": "Feature", "properties": { "fid": null, "Layer": null }, "geometry": { "type": "MultiPolygon", "coordinates": [ [ [ [ 26.692009753025467, 39.315375836498688 ], [ 26.692064356161559, 39.315333630135846 ], [ 26.692088203686399, 39.315354634673021 ], [ 26.692039121159819, 39.315399180245443 ], [ 26.692009753025467, 39.315375836498688 ] ] ] ] } },
{ "type": "Feature", "properties": { "fid": 5887, "Layer": "Extensions" }, "geometry": { "type": "MultiPolygon", "coordinates": [ [ [ [ 26.691619579818177, 39.315188577630011 ], [ 26.691654801622761, 39.315213034280696 ], [ 26.691691015156678, 39.315184668482082 ], [ 26.691654668155444, 39.315159186714297 ], [ 26.691619579818177, 39.315188577630011 ] ] ] ] } },
{ "type": "Feature", "properties": { "fid": 5919, "Layer": "Extensions" }, "geometry": { "type": "MultiPolygon", "coordinates": [ [ [ [ 26.691434623848444, 39.314897426051949 ], [ 26.691469735646617, 39.31488458584095 ], [ 26.69149484946886, 39.314926022859119 ], [ 26.691458546102787, 39.314939298927911 ], [ 26.691434623848444, 39.314897426051949 ] ] ] ] } },
{ "type": "Feature", "properties": { "fid": 5920, "Layer": "Extensions" }, "geometry": { "type": "MultiPolygon", "coordinates": [ [ [ [ 26.691739826586318, 39.314527345587337 ], [ 26.691706566084015, 39.31454445522418 ], [ 26.691752844832283, 39.314617189295276 ], [ 26.691786758424026, 39.314602501313047 ], [ 26.691739826586318, 39.314527345587337 ] ] ] ] } },
{ "type": "Feature", "properties": { "fid": 5970, "Layer": "Extensions" }, "geometry": { "type": "MultiPolygon", "coordinates": [ [ [ [ 26.691430264348501, 39.314414408499829 ], [ 26.691409567919937, 39.314421030866747 ], [ 26.691419707930464, 39.314440157460432 ], [ 26.691391779357183, 39.31444909440475 ], [ 26.691406445387162, 39.314474054198449 ], [ 26.691455968177483, 39.314455032155728 ], [ 26.691438741448007, 39.314427805480733 ], [ 26.691430264348501, 39.314414408499829 ] ] ] ] } },
{ "type": "Feature", "properties": { "fid": 6052, "Layer": "Extensions" }, "geometry": { "type": "MultiPolygon", "coordinates": [ [ [ [ 26.691245921689333, 39.313851351780599 ], [ 26.691220342465481, 39.313871387889925 ], [ 26.691263632702125, 39.313904739435756 ], [ 26.691289372397264, 39.313884186503209 ], [ 26.691245921689333, 39.313851351780599 ] ] ] ] } },
{ "type": "Feature", "properties": { "fid": 6081, "Layer": "Extensions" }, "geometry": { "type": "MultiPolygon", "coordinates": [ [ [ [ 26.690854624820297, 39.314500572791658 ], [ 26.690894019624032, 39.314485585436103 ], [ 26.690909403975326, 39.314509986489291 ], [ 26.690870870635731, 39.314525277298593 ], [ 26.690854624820297, 39.314500572791658 ] ] ] ] } },
{ "type": "Feature", "properties": { "fid": 6097, "Layer": "Extensions" }, "geometry": { "type": "MultiPolygon", "coordinates": [ [ [ [ 26.690907365515425, 39.314587630134426 ], [ 26.690857556909762, 39.314612094637425 ], [ 26.690892290019494, 39.314680083016555 ], [ 26.690947497220861, 39.314663063048748 ], [ 26.690929080748418, 39.314624136650302 ], [ 26.690907365515425, 39.314587630134426 ] ] ] ] } },
{ "type": "Feature", "properties": { "fid": 6309, "Layer": "Extensions" }, "geometry": { "type": "MultiPolygon", "coordinates": [ [ [ [ 26.69797158955879, 39.31937064263964 ], [ 26.697962553941188, 39.319277285228218 ], [ 26.69792488566554, 39.319277406472175 ], [ 26.697934057223694, 39.31937281965309 ], [ 26.697971588607889, 39.319370628238474 ], [ 26.69797158955879, 39.31937064263964 ] ] ] ] } },
{ "type": "Feature", "properties": { "fid": 6386, "Layer": "Extensions" }, "geometry": { "type": "MultiPolygon", "coordinates": [ [ [ [ 26.697481906968029, 39.318650850327991 ], [ 26.697480003016423, 39.318661654533862 ], [ 26.697464997929188, 39.318660152279229 ], [ 26.697467401472846, 39.31864959254203 ], [ 26.697481906968029, 39.318650850327991 ] ] ] ] } },
{ "type": "Feature", "properties": { "fid": 6408, "Layer": "Extensions" }, "geometry": { "type": "MultiPolygon", "coordinates": [ [ [ [ 26.697535272616811, 39.319179249441468 ], [ 26.697554088518096, 39.319178884599964 ], [ 26.697554270168737, 39.31912964020799 ], [ 26.69753500596147, 39.319129596804807 ], [ 26.697535272616811, 39.319179249441468 ] ] ] ] } },
{ "type": "Feature", "properties": { "fid": 6417, "Layer": "Extensions" }, "geometry": { "type": "MultiPolygon", "coordinates": [ [ [ [ 26.69764641505288, 39.318855120264992 ], [ 26.697651967651073, 39.318880899317094 ], [ 26.69756276378126, 39.318877256120409 ], [ 26.697567605707743, 39.318845428497411 ], [ 26.69764641505288, 39.318855120264992 ] ] ] ] } },
{ "type": "Feature", "properties": { "fid": 6447, "Layer": "Extensions" }, "geometry": { "type": "MultiPolygon", "coordinates": [ [ [ [ 26.697945989685131, 39.319154186433217 ], [ 26.697909029132123, 39.319157387257079 ], [ 26.69790440035846, 39.319102934683485 ], [ 26.697914801096083, 39.319102404793576 ], [ 26.697936623147715, 39.319100754486129 ], [ 26.697945989685131, 39.319154186433217 ] ] ] ] } },
{ "type": "Feature", "properties": { "fid": null, "Layer": null }, "geometry": { "type": "MultiPolygon", "coordinates": [ [ [ [ 26.697095075412079, 39.319278907893967 ], [ 26.697098176955855, 39.319320889668639 ], [ 26.697048997060104, 39.319320265949379 ], [ 26.697050441751852, 39.319282032019288 ], [ 26.697095075412079, 39.319278907893967 ] ] ] ] } },
{ "type": "Feature", "properties": { "fid": 6566, "Layer": "Extensions" }, "geometry": { "type": "MultiPolygon", "coordinates": [ [ [ [ 26.696671762358886, 39.319463070276953 ], [ 26.696635819603838, 39.31947113352517 ], [ 26.696649031676973, 39.319506664704925 ], [ 26.696684888679052, 39.319500145255411 ], [ 26.696671762358886, 39.319463070276953 ] ] ] ] } },
{ "type": "Feature", "properties": { "fid": 6578, "Layer": "Extensions" }, "geometry": { "type": "MultiPolygon", "coordinates": [ [ [ [ 26.695949220201843, 39.319357066636201 ], [ 26.695912302892054, 39.319333141054791 ], [ 26.695921906251222, 39.319318707621285 ], [ 26.69595989665849, 39.319343382920458 ], [ 26.695949220201843, 39.319357066636201 ] ] ] ] } },
{ "type": "Feature", "properties": { "fid": 6585, "Layer": "Extensions" }, "geometry": { "type": "MultiPolygon", "coordinates": [ [ [ [ 26.696057759074062, 39.319496883464055 ], [ 26.696090873726344, 39.31948494329248 ], [ 26.696077456600364, 39.319462488452501 ], [ 26.696046222839257, 39.319488536411939 ], [ 26.696057759074062, 39.319496883464055 ] ] ] ] } },
{ "type": "Feature", "properties": { "fid": 6587, "Layer": "Extensions" }, "geometry": { "type": "MultiPolygon", "coordinates": [ [ [ [ 26.696170193618148, 39.319502563915542 ], [ 26.696143405421047, 39.319465464618865 ], [ 26.696115089181934, 39.319487644732696 ], [ 26.696142502763124, 39.319517768352569 ], [ 26.696170193618148, 39.319502563915542 ] ] ] ] } },
{ "type": "Feature", "properties": { "fid": 6635, "Layer": "Extensions" }, "geometry": { "type": "MultiPolygon", "coordinates": [ [ [ [ 26.697876078308525, 39.319693805516927 ], [ 26.697920404503531, 39.319700904978298 ], [ 26.697917379631345, 39.319718429459392 ], [ 26.697871972338998, 39.31971035116554 ], [ 26.697876078308525, 39.319693805516927 ] ] ] ] } },
{ "type": "Feature", "properties": { "fid": 6636, "Layer": "Extensions" }, "geometry": { "type": "MultiPolygon", "coordinates": [ [ [ [ 26.698061291056444, 39.319741475252009 ], [ 26.698065937220456, 39.319703202038198 ], [ 26.698138997087685, 39.319713307686655 ], [ 26.698162239698167, 39.319716521240665 ], [ 26.698152394493444, 39.319756495101046 ], [ 26.698129259593873, 39.319753056416324 ], [ 26.698061291056444, 39.319741475252009 ] ] ] ] } },
{ "type": "Feature", "properties": { "fid": 6642, "Layer": "Extensions" }, "geometry": { "type": "MultiPolygon", "coordinates": [ [ [ [ 26.697846983579254, 39.319578577582234 ], [ 26.697844324047185, 39.319593879512588 ], [ 26.697836847912978, 39.319636909829839 ], [ 26.697830748503762, 39.319636318686662 ], [ 26.697801620149022, 39.31963349582356 ], [ 26.697811049328806, 39.319574809577318 ], [ 26.697846983579254, 39.319578577582234 ] ] ] ] } },
{ "type": "Feature", "properties": { "fid": 6672, "Layer": "Extensions" }, "geometry": { "type": "MultiPolygon", "coordinates": [ [ [ [ 26.69841407035609, 39.319872298252818 ], [ 26.69844998127488, 39.319879372421696 ], [ 26.69846952315444, 39.319819504897282 ], [ 26.69843361135695, 39.319812431627426 ], [ 26.69841407035609, 39.319872298252818 ] ] ] ] } },
{ "type": "Feature", "properties": { "fid": 6680, "Layer": "Extensions" }, "geometry": { "type": "MultiPolygon", "coordinates": [ [ [ [ 26.698664134753667, 39.319692357393933 ], [ 26.698682099135926, 39.319657369935953 ], [ 26.698633234251037, 39.319642231810043 ], [ 26.698616029451916, 39.319677854956417 ], [ 26.698646698806808, 39.319686790040983 ], [ 26.698664134753667, 39.319692357393933 ] ] ] ] } },
{ "type": "Feature", "properties": { "fid": null, "Layer": null }, "geometry": { "type": "MultiPolygon", "coordinates": [ [ [ [ 26.698154346831913, 39.319121319128271 ], [ 26.698153586470916, 39.319141260565893 ], [ 26.698189396541164, 39.319146004685123 ], [ 26.698193923409097, 39.319129121687311 ], [ 26.698154346831913, 39.319121319128271 ] ] ] ] } },
{ "type": "Feature", "properties": { "fid": null, "Layer": null }, "geometry": { "type": "MultiPolygon", "coordinates": [ [ [ [ 26.69832553811273, 39.31946505816849 ], [ 26.698331425320998, 39.319429773016552 ], [ 26.698387991865964, 39.319436579099772 ], [ 26.698380301227395, 39.319470557976331 ], [ 26.69832553811273, 39.31946505816849 ] ] ] ] } },
{ "type": "Feature", "properties": { "fid": null, "Layer": null }, "geometry": { "type": "MultiPolygon", "coordinates": [ [ [ [ 26.698409783632311, 39.319055684384026 ], [ 26.698444461182159, 39.319061944018934 ], [ 26.698427118031915, 39.319132052414453 ], [ 26.698391049711383, 39.319125627186516 ], [ 26.698409783632311, 39.319055684384026 ] ] ] ] } },
{ "type": "Feature", "properties": { "fid": 6760, "Layer": "Extensions" }, "geometry": { "type": "MultiPolygon", "coordinates": [ [ [ [ 26.698009874824322, 39.318724229508355 ], [ 26.698004106692405, 39.318764278564331 ], [ 26.698060136801825, 39.318778727471809 ], [ 26.69807282970687, 39.31874239477645 ], [ 26.698009874824322, 39.318724229508355 ] ] ] ] } },
{ "type": "Feature", "properties": { "fid": null, "Layer": null }, "geometry": { "type": "MultiPolygon", "coordinates": [ [ [ [ 26.698763550400518, 39.318831297622161 ], [ 26.69880017849794, 39.318846588198831 ], [ 26.698819580509966, 39.318817059146404 ], [ 26.698781683122011, 39.318805205437741 ], [ 26.698763550400518, 39.318831297622161 ] ] ] ] } },
{ "type": "Feature", "properties": { "fid": 6905, "Layer": "Extensions" }, "geometry": { "type": "MultiPolygon", "coordinates": [ [ [ [ 26.698325629127954, 39.318645911383605 ], [ 26.698287379888395, 39.318645720674567 ], [ 26.698273762927073, 39.318694401220931 ], [ 26.698308940406775, 39.318704220876917 ], [ 26.698325629127954, 39.318645911383605 ] ] ] ] } },
{ "type": "Feature", "properties": { "fid": 6957, "Layer": "Extensions" }, "geometry": { "type": "MultiPolygon", "coordinates": [ [ [ [ 26.698264029692709, 39.318316340094292 ], [ 26.698268191087873, 39.318348466339479 ], [ 26.698210345649549, 39.31835509613699 ], [ 26.698203878539069, 39.318321042145335 ], [ 26.698264029692709, 39.318316340094292 ] ] ] ] } },
{ "type": "Feature", "properties": { "fid": 6971, "Layer": "Extensions" }, "geometry": { "type": "MultiPolygon", "coordinates": [ [ [ [ 26.694678847345671, 39.324503831282513 ], [ 26.694623663094784, 39.324524655195852 ], [ 26.694646482160021, 39.324561135782233 ], [ 26.694699826281862, 39.324540764524677 ], [ 26.694678847345671, 39.324503831282513 ] ] ] ] } },
{ "type": "Feature", "properties": { "fid": 6972, "Layer": "Extensions" }, "geometry": { "type": "MultiPolygon", "coordinates": [ [ [ [ 26.694829879424642, 39.324770126275318 ], [ 26.694737752484503, 39.324803240363721 ], [ 26.694682181404698, 39.324709964599826 ], [ 26.694775578685153, 39.324678988935865 ], [ 26.694829879424642, 39.324770126275318 ] ] ] ] } },
{ "type": "Feature", "properties": { "fid": 6973, "Layer": "Extensions" }, "geometry": { "type": "MultiPolygon", "coordinates": [ [ [ [ 26.694646482160021, 39.324561135782233 ], [ 26.694677395931066, 39.324625796136154 ], [ 26.69473749772752, 39.324604295283578 ], [ 26.694697780135225, 39.324541546817812 ], [ 26.694646482160021, 39.324561135782233 ] ] ] ] } },
{ "type": "Feature", "properties": { "fid": 6984, "Layer": "Extensions" }, "geometry": { "type": "MultiPolygon", "coordinates": [ [ [ [ 26.695482784483335, 39.325051881002125 ], [ 26.695529469416375, 39.325119510544113 ], [ 26.695467162443293, 39.325153459468567 ], [ 26.695416432239362, 39.325083725584882 ], [ 26.695482784483335, 39.325051881002125 ] ] ] ] } },
{ "type": "Feature", "properties": { "fid": 6991, "Layer": "Extensions" }, "geometry": { "type": "MultiPolygon", "coordinates": [ [ [ [ 26.694867925685809, 39.324906573519371 ], [ 26.6948258059662, 39.324929103720351 ], [ 26.694907714882845, 39.324998385820493 ], [ 26.694949729198939, 39.324975963724974 ], [ 26.694867925685809, 39.324906573519371 ] ] ] ] } },
{ "type": "Feature", "properties": { "fid": 7058, "Layer": "Extensions" }, "geometry": { "type": "MultiPolygon", "coordinates": [ [ [ [ 26.696958478795523, 39.325229013662735 ], [ 26.697010858572519, 39.325206395869451 ], [ 26.6969843122383, 39.325165270655098 ], [ 26.696930125997874, 39.325187226911559 ], [ 26.696958478795523, 39.325229013662735 ] ] ] ] } },
{ "type": "Feature", "properties": { "fid": 7080, "Layer": "Extensions" }, "geometry": { "type": "MultiPolygon", "coordinates": [ [ [ [ 26.696930249103495, 39.324939680337891 ], [ 26.696861907697215, 39.324965265160955 ], [ 26.696878192818431, 39.324992450440043 ], [ 26.696950856082594, 39.324968345656913 ], [ 26.696930249103495, 39.324939680337891 ] ] ] ] } },
{ "type": "Feature", "properties": { "fid": 7133, "Layer": "Extensions" }, "geometry": { "type": "MultiPolygon", "coordinates": [ [ [ [ 26.696476453041324, 39.324777468916217 ], [ 26.696465951352842, 39.324762239108274 ], [ 26.696421862690073, 39.324778657224307 ], [ 26.696407130675791, 39.324756456118138 ], [ 26.696449923706094, 39.324738995412829 ], [ 26.696481202023286, 39.324726223458782 ], [ 26.696503468142968, 39.32476475131763 ], [ 26.696476453041324, 39.324777468916217 ] ] ] ] } },
{ "type": "Feature", "properties": { "fid": null, "Layer": null }, "geometry": { "type": "MultiPolygon", "coordinates": [ [ [ [ 26.696055730688169, 39.323852518473736 ], [ 26.696078111195572, 39.323839118781059 ], [ 26.696133634834244, 39.32389121025156 ], [ 26.696141167130452, 39.323899643628785 ], [ 26.696118480458694, 39.323912179244431 ], [ 26.69609873090069, 39.323892984082072 ], [ 26.696055730688169, 39.323852518473736 ] ] ] ] } },
{ "type": "Feature", "properties": { "fid": 7254, "Layer": "Extensions" }, "geometry": { "type": "MultiPolygon", "coordinates": [ [ [ [ 26.695582292774507, 39.32388717073259 ], [ 26.695604613959162, 39.323914673105385 ], [ 26.695671621554983, 39.323882516525806 ], [ 26.695654516059157, 39.32386144084316 ], [ 26.695638485680284, 39.323868896973217 ], [ 26.695633977472884, 39.32386216206249 ], [ 26.695582292774507, 39.32388717073259 ] ] ] ] } },
{ "type": "Feature", "properties": { "fid": null, "Layer": null }, "geometry": { "type": "MultiPolygon", "coordinates": [ [ [ [ 26.697117787814193, 39.325368292654943 ], [ 26.697144968007809, 39.325421759830029 ], [ 26.697200390121395, 39.325403280396223 ], [ 26.697175217468782, 39.325355816064359 ], [ 26.697171829683544, 39.325349402552604 ], [ 26.697167051915141, 39.325350880908616 ], [ 26.697117787814193, 39.325368292654943 ] ] ] ] } },
{ "type": "Feature", "properties": { "fid": 7318, "Layer": "Extensions" }, "geometry": { "type": "MultiPolygon", "coordinates": [ [ [ [ 26.697799455772326, 39.326821391126707 ], [ 26.69770178400324, 39.326873271091202 ], [ 26.697751922178035, 39.326933210031406 ], [ 26.697852031884693, 39.326878756464787 ], [ 26.697799455772326, 39.326821391126707 ] ] ] ] } },
{ "type": "Feature", "properties": { "fid": 7354, "Layer": "Extensions" }, "geometry": { "type": "MultiPolygon", "coordinates": [ [ [ [ 26.69673605226761, 39.325669353618629 ], [ 26.696793583075259, 39.325637734958924 ], [ 26.696840470787311, 39.325689205304613 ], [ 26.696776423337312, 39.325713670459315 ], [ 26.69673605226761, 39.325669353618629 ] ] ] ] } },
{ "type": "Feature", "properties": { "fid": 7397, "Layer": "Extensions" }, "geometry": { "type": "MultiPolygon", "coordinates": [ [ [ [ 26.697359300196279, 39.325945533852085 ], [ 26.697321114960975, 39.325959608371242 ], [ 26.697366000902015, 39.326037670098643 ], [ 26.697403678894482, 39.3260244520635 ], [ 26.697359300196279, 39.325945533852085 ] ] ] ] } },
{ "type": "Feature", "properties": { "fid": 7860, "Layer": "Extensions" }, "geometry": { "type": "MultiPolygon", "coordinates": [ [ [ [ 26.690297991263442, 39.312009913552998 ], [ 26.690303299314429, 39.311956853188896 ], [ 26.69024155711783, 39.311951975367833 ], [ 26.690236042262395, 39.312026686759204 ], [ 26.690297406157114, 39.312031402905674 ], [ 26.690297991263442, 39.312009913552998 ] ] ] ] } },
{ "type": "Feature", "properties": { "fid": 7910, "Layer": "Extensions" }, "geometry": { "type": "MultiPolygon", "coordinates": [ [ [ [ 26.691312032985181, 39.312218891266724 ], [ 26.691299553750746, 39.312239416704379 ], [ 26.691363551626836, 39.31226524481788 ], [ 26.691378858248033, 39.31224365462981 ], [ 26.691312032985181, 39.312218891266724 ] ] ] ] } },
{ "type": "Feature", "properties": { "fid": 7921, "Layer": "Extensions" }, "geometry": { "type": "MultiPolygon", "coordinates": [ [ [ [ 26.691455177759529, 39.312468758622082 ], [ 26.691370701322157, 39.312435921979663 ], [ 26.691392408997675, 39.312405381311876 ], [ 26.69147709253679, 39.312438664228203 ], [ 26.691455177759529, 39.312468758622082 ] ] ] ] } },
{ "type": "Feature", "properties": { "fid": 7941, "Layer": "Extensions" }, "geometry": { "type": "MultiPolygon", "coordinates": [ ] } },
{ "type": "Feature", "properties": { "fid": 7942, "Layer": "Extensions" }, "geometry": { "type": "MultiPolygon", "coordinates": [ ] } },
{ "type": "Feature", "properties": { "fid": 7953, "Layer": "Extensions" }, "geometry": { "type": "MultiPolygon", "coordinates": [ [ [ [ 26.691022166617326, 39.313366164813438 ], [ 26.690992900506629, 39.313405921683788 ], [ 26.690973110186683, 39.313397741452739 ], [ 26.691000978747404, 39.313357060530222 ], [ 26.691022166617326, 39.313366164813438 ] ] ] ] } },
{ "type": "Feature", "properties": { "fid": 8001, "Layer": "Extensions" }, "geometry": { "type": "MultiPolygon", "coordinates": [ [ [ [ 26.691818498995779, 39.313382198282042 ], [ 26.691793787144817, 39.313369219203054 ], [ 26.691826327850116, 39.313330510181473 ], [ 26.691852940578233, 39.313345148496204 ], [ 26.691818498995779, 39.313382198282042 ] ] ] ] } },
{ "type": "Feature", "properties": { "fid": 8009, "Layer": "Extensions" }, "geometry": { "type": "MultiPolygon", "coordinates": [ [ [ [ 26.691893037711118, 39.313286413326672 ], [ 26.691871435097148, 39.313275785359117 ], [ 26.691902470862907, 39.313240386766886 ], [ 26.691922320530058, 39.313251417762594 ], [ 26.691893037711118, 39.313286413326672 ] ] ] ] } },
{ "type": "Feature", "properties": { "fid": 8063, "Layer": "Extensions" }, "geometry": { "type": "MultiPolygon", "coordinates": [ [ [ [ 26.691543128635001, 39.313620582515362 ], [ 26.691570514378569, 39.313593997539598 ], [ 26.691583750823394, 39.313601676006869 ], [ 26.69155625888602, 39.31362965252098 ], [ 26.691543128635001, 39.313620582515362 ] ] ] ] } },
{ "type": "Feature", "properties": { "fid": 8111, "Layer": "Extensions" }, "geometry": { "type": "MultiPolygon", "coordinates": [ [ [ [ 26.690759617830594, 39.312671508049498 ], [ 26.690769511954421, 39.312658834122402 ], [ 26.690845675842382, 39.312690038360095 ], [ 26.690836284609592, 39.312703332916307 ], [ 26.690759617830594, 39.312671508049498 ] ] ] ] } },
{ "type": "Feature", "properties": { "fid": 8112, "Layer": "Extensions" }, "geometry": { "type": "MultiPolygon", "coordinates": [ ] } },
{ "type": "Feature", "properties": { "fid": 8226, "Layer": "Extensions" }, "geometry": { "type": "MultiPolygon", "coordinates": [ [ [ [ 26.694633049663238, 39.315733617443101 ], [ 26.69465308444568, 39.315783071139855 ], [ 26.694667853395828, 39.315819524580164 ], [ 26.69461383892634, 39.315832730581789 ], [ 26.69457478678925, 39.315746451094491 ], [ 26.694633049663238, 39.315733617443101 ] ] ] ] } },
{ "type": "Feature", "properties": { "fid": 8236, "Layer": "Extensions" }, "geometry": { "type": "MultiPolygon", "coordinates": [ [ [ [ 26.694473369624305, 39.315812830045061 ], [ 26.694480041298423, 39.315829962412714 ], [ 26.694401711678239, 39.315852112870921 ], [ 26.694392073763595, 39.315832955234093 ], [ 26.694473369624305, 39.315812830045061 ] ] ] ] } },
{ "type": "Feature", "properties": { "fid": 8324, "Layer": "Extensions" }, "geometry": { "type": "MultiPolygon", "coordinates": [ [ [ [ 26.693693752259211, 39.316431787770739 ], [ 26.693726490116955, 39.3164232028277 ], [ 26.693723683108342, 39.316399702973428 ], [ 26.693687249550873, 39.31640647934853 ], [ 26.693693752259211, 39.316431787770739 ] ] ] ] } },
{ "type": "Feature", "properties": { "fid": 8369, "Layer": "Extensions" }, "geometry": { "type": "MultiPolygon", "coordinates": [ [ [ [ 26.693323146164246, 39.316144565131978 ], [ 26.693307799057649, 39.31611693259061 ], [ 26.693365818351339, 39.316098733522743 ], [ 26.69338298842764, 39.31612733473014 ], [ 26.693323146164246, 39.316144565131978 ] ] ] ] } },
{ "type": "Feature", "properties": { "fid": 8370, "Layer": "Extensions" }, "geometry": { "type": "MultiPolygon", "coordinates": [ [ [ [ 26.693474333022301, 39.315998104400798 ], [ 26.693519030498887, 39.315979813155472 ], [ 26.693501932212808, 39.315950976948841 ], [ 26.693495552744562, 39.315942978840738 ], [ 26.693459652704096, 39.315956701033741 ], [ 26.693451056260145, 39.31594695960743 ], [ 26.693438866876804, 39.315952769456942 ], [ 26.693456389232082, 39.315976922790007 ], [ 26.693459319760699, 39.315975843539512 ], [ 26.693474333022301, 39.315998104400798 ] ] ] ] } },
{ "type": "Feature", "properties": { "fid": 8371, "Layer": "Extensions" }, "geometry": { "type": "MultiPolygon", "coordinates": [ [ [ [ 26.693519030498887, 39.315979813155472 ], [ 26.69355193321131, 39.315966085614505 ], [ 26.693536946989436, 39.315939007224685 ], [ 26.693501932212808, 39.315950976948841 ], [ 26.693519030498887, 39.315979813155472 ] ] ] ] } },
{ "type": "Feature", "properties": { "fid": 8372, "Layer": "Extensions" }, "geometry": { "type": "MultiPolygon", "coordinates": [ [ [ [ 26.693249922162849, 39.315946248794972 ], [ 26.693197670236074, 39.315964602782564 ], [ 26.693235699817169, 39.316016595452311 ], [ 26.693286888592617, 39.31599652588914 ], [ 26.693249922162849, 39.315946248794972 ] ] ] ] } },
{ "type": "Feature", "properties": { "fid": 8464, "Layer": "Extensions" }, "geometry": { "type": "MultiPolygon", "coordinates": [ [ [ [ 26.692460359427944, 39.317533369657134 ], [ 26.692466626666558, 39.317505053765508 ], [ 26.69258125003098, 39.317517827268325 ], [ 26.692579069692009, 39.317539294802849 ], [ 26.692460359427944, 39.317533369657134 ] ] ] ] } },
{ "type": "Feature", "properties": { "fid": null, "Layer": null }, "geometry": { "type": "MultiPolygon", "coordinates": [ [ [ [ 26.695527331785112, 39.322529928963732 ], [ 26.695542981569766, 39.322578350925475 ], [ 26.695629762836848, 39.32255588811261 ], [ 26.695639448294454, 39.322553996046693 ], [ 26.695623693643849, 39.322507387289427 ], [ 26.695527331785112, 39.322529928963732 ] ] ] ] } },
{ "type": "Feature", "properties": { "fid": 8732, "Layer": "Extensions" }, "geometry": { "type": "MultiPolygon", "coordinates": [ [ [ [ 26.695922384599079, 39.320947458177237 ], [ 26.695958641356299, 39.320938685344423 ], [ 26.695953654117023, 39.320923103345883 ], [ 26.695916097286194, 39.320928010431629 ], [ 26.695922384599079, 39.320947458177237 ] ] ] ] } },
{ "type": "Feature", "properties": { "fid": 8757, "Layer": "Extensions" }, "geometry": { "type": "MultiPolygon", "coordinates": [ [ [ [ 26.695779962131173, 39.320928708654648 ], [ 26.695761555055046, 39.320893399246444 ], [ 26.695702627519321, 39.32089700286285 ], [ 26.695705675452469, 39.320916833391905 ], [ 26.695724268372299, 39.320915780929788 ], [ 26.695726532796709, 39.320933142515919 ], [ 26.695779962131173, 39.320928708654648 ] ] ] ] } },
{ "type": "Feature", "properties": { "fid": 8758, "Layer": "Extensions" }, "geometry": { "type": "MultiPolygon", "coordinates": [ [ [ [ 26.695576427605669, 39.320897823270002 ], [ 26.695623176817769, 39.320900197858222 ], [ 26.695623717973422, 39.3208435109145 ], [ 26.695588179732383, 39.320836815264123 ], [ 26.695576427605669, 39.320897823270002 ] ] ] ] } },
{ "type": "Feature", "properties": { "fid": 8780, "Layer": "Extensions" }, "geometry": { "type": "MultiPolygon", "coordinates": [ [ [ [ 26.695006774793118, 39.320779299381677 ], [ 26.694972759668538, 39.320777948098808 ], [ 26.694977439440954, 39.320725590298487 ], [ 26.695012106893724, 39.320727523892486 ], [ 26.695006774793118, 39.320779299381677 ] ] ] ] } },
{ "type": "Feature", "properties": { "fid": 8781, "Layer": "Extensions" }, "geometry": { "type": "MultiPolygon", "coordinates": [ [ [ [ 26.695113784536407, 39.320788260520139 ], [ 26.695092088402884, 39.320788260520139 ], [ 26.695099351091642, 39.320720056270694 ], [ 26.695125919661933, 39.32072026963133 ], [ 26.695113784536407, 39.320788260520139 ] ] ] ] } },
{ "type": "Feature", "properties": { "fid": 8810, "Layer": "Extensions" }, "geometry": { "type": "MultiPolygon", "coordinates": [ [ [ [ 26.694970553282072, 39.320840960525537 ], [ 26.695000155633739, 39.32084216956703 ], [ 26.695006774793118, 39.320779299381677 ], [ 26.694972759668538, 39.320777948098808 ], [ 26.694970553282072, 39.320840960525537 ] ] ] ] } },
{ "type": "Feature", "properties": { "fid": 8828, "Layer": "Extensions" }, "geometry": { "type": "MultiPolygon", "coordinates": [ [ [ [ 26.694931003108, 39.32106968950356 ], [ 26.694947087493581, 39.321067833017338 ], [ 26.694942327860929, 39.321021131575897 ], [ 26.694926453133085, 39.321023635060584 ], [ 26.694931003108, 39.32106968950356 ] ] ] ] } },
{ "type": "Feature", "properties": { "fid": 8838, "Layer": "Extensions" }, "geometry": { "type": "MultiPolygon", "coordinates": [ [ [ [ 26.695158407011519, 39.321651563625174 ], [ 26.695137902237459, 39.321588726696305 ], [ 26.695175659596337, 39.321583205730157 ], [ 26.695191135077348, 39.321633072614041 ], [ 26.695179367682893, 39.321646443037977 ], [ 26.695158407011519, 39.321651563625174 ] ] ] ] } },
{ "type": "Feature", "properties": { "fid": null, "Layer": null }, "geometry": { "type": "MultiPolygon", "coordinates": [ [ [ [ 26.695272518561225, 39.321639526688656 ], [ 26.695292785148467, 39.321636895303705 ], [ 26.69527831668324, 39.32157175200291 ], [ 26.695264130744896, 39.321572904776055 ], [ 26.695272518561225, 39.321639526688656 ] ] ] ] } },
{ "type": "Feature", "properties": { "fid": 8859, "Layer": "Extensions" }, "geometry": { "type": "MultiPolygon", "coordinates": [ [ [ [ 26.695235544491705, 39.321264291021023 ], [ 26.695181334254364, 39.321260455331185 ], [ 26.695183863299381, 39.321232495548827 ], [ 26.695236245625292, 39.3212342446649 ], [ 26.695235544491705, 39.321264291021023 ] ] ] ] } },
{ "type": "Feature", "properties": { "fid": 8914, "Layer": "Extensions" }, "geometry": { "type": "MultiPolygon", "coordinates": [ [ [ [ 26.695898160937674, 39.321326932219151 ], [ 26.695863231005216, 39.321334445965256 ], [ 26.69583352797962, 39.321264384697415 ], [ 26.695870206778451, 39.321255646796786 ], [ 26.695898160937674, 39.321326932219151 ] ] ] ] } },
{ "type": "Feature", "properties": { "fid": 8956, "Layer": "Extensions" }, "geometry": { "type": "MultiPolygon", "coordinates": [ [ [ [ 26.69588, 39.32156 ], [ 26.695801790021743, 39.32137429605573 ], [ 26.69582, 39.32137 ], [ 26.6959, 39.32156 ], [ 26.69588, 39.32156 ] ] ] ] } },
{ "type": "Feature", "properties": { "fid": 8968, "Layer": "Extensions" }, "geometry": { "type": "MultiPolygon", "coordinates": [ [ [ [ 26.696074668894763, 39.321546928678856 ], [ 26.696057079648448, 39.321523179478881 ], [ 26.695989540386154, 39.321545677701906 ], [ 26.696004873934747, 39.321571397985387 ], [ 26.696074668894763, 39.321546928678856 ] ] ] ] } },
{ "type": "Feature", "properties": { "fid": 8969, "Layer": "Extensions" }, "geometry": { "type": "MultiPolygon", "coordinates": [ [ [ [ 26.695693170085026, 39.321619622095859 ], [ 26.695677334817749, 39.321598884681713 ], [ 26.695713675222187, 39.321585499083525 ], [ 26.695727653674695, 39.321607320930568 ], [ 26.695693170085026, 39.321619622095859 ] ] ] ] } },
{ "type": "Feature", "properties": { "fid": 9011, "Layer": "Extensions" }, "geometry": { "type": "MultiPolygon", "coordinates": [ [ [ [ 26.693862880295917, 39.323297356612827 ], [ 26.693845440005518, 39.323265826072372 ], [ 26.693917609756063, 39.323242562588206 ], [ 26.693937028415633, 39.323272471985327 ], [ 26.693862880295917, 39.323297356612827 ] ] ] ] } },
{ "type": "Feature", "properties": { "fid": 9039, "Layer": "Extensions" }, "geometry": { "type": "MultiPolygon", "coordinates": [ [ [ [ 26.694448880650615, 39.322829379381787 ], [ 26.694464253616395, 39.322855816522043 ], [ 26.694419145268945, 39.322868174564825 ], [ 26.694404503166307, 39.322845653469841 ], [ 26.694448880650615, 39.322829379381787 ] ] ] ] } },
{ "type": "Feature", "properties": { "fid": 9055, "Layer": "Extensions" }, "geometry": { "type": "MultiPolygon", "coordinates": [ [ [ [ 26.694214304933777, 39.323041408197888 ], [ 26.694259960651848, 39.323134012175913 ], [ 26.694242870566004, 39.323138190079412 ], [ 26.694196213035912, 39.323045186467446 ], [ 26.694214304933777, 39.323041408197888 ] ] ] ] } },
{ "type": "Feature", "properties": { "fid": 9058, "Layer": "Extensions" }, "geometry": { "type": "MultiPolygon", "coordinates": [ [ [ [ 26.694311444264468, 39.323273264076064 ], [ 26.694434469925067, 39.323444730137318 ], [ 26.694401055243489, 39.323462412312686 ], [ 26.694280910985231, 39.323282100794167 ], [ 26.694311444264468, 39.323273264076064 ] ] ] ] } },
{ "type": "Feature", "properties": { "fid": 9186, "Layer": "Extensions" }, "geometry": { "type": "MultiPolygon", "coordinates": [ [ [ [ 26.692519927517374, 39.32075845622311 ], [ 26.692558276920824, 39.320751211880136 ], [ 26.692529446672811, 39.32066741571581 ], [ 26.692490382060758, 39.320674607608296 ], [ 26.692519927517374, 39.32075845622311 ] ] ] ] } },
{ "type": "Feature", "properties": { "fid": null, "Layer": null }, "geometry": { "type": "MultiPolygon", "coordinates": [ [ [ [ 26.696233066075273, 39.32599300195907 ], [ 26.696109715479562, 39.326042692487384 ], [ 26.696068428963741, 39.325991762541285 ], [ 26.696110717931496, 39.325970619020161 ], [ 26.696072950719948, 39.325923782352788 ], [ 26.696145311438961, 39.325891964511676 ], [ 26.696233066075273, 39.32599300195907 ] ] ] ] } },
{ "type": "Feature", "properties": { "fid": 9208, "Layer": "Extensions" }, "geometry": { "type": "MultiPolygon", "coordinates": [ [ [ [ 26.692530505887106, 39.321034657793561 ], [ 26.69254459756722, 39.321081906959101 ], [ 26.692457865762609, 39.321096527278037 ], [ 26.69244533810507, 39.321048165018716 ], [ 26.692530505887106, 39.321034657793561 ] ] ] ] } },
{ "type": "Feature", "properties": { "fid": 9219, "Layer": "Extensions" }, "geometry": { "type": "MultiPolygon", "coordinates": [ [ [ [ 26.692843920395205, 39.321420650780759 ], [ 26.692853847310147, 39.321453814942963 ], [ 26.692778902788017, 39.321468404629549 ], [ 26.692768156134708, 39.321434824461697 ], [ 26.692843920395205, 39.321420650780759 ] ] ] ] } },
{ "type": "Feature", "properties": { "fid": 9296, "Layer": "Extensions" }, "geometry": { "type": "MultiPolygon", "coordinates": [ [ [ [ 26.694132742331838, 39.320624736954713 ], [ 26.694167862515172, 39.320624448102308 ], [ 26.69414239724831, 39.320679845633599 ], [ 26.694121021903385, 39.320668749616182 ], [ 26.694118119773332, 39.320653131458307 ], [ 26.694132742331838, 39.320624736954713 ] ] ] ] } },
{ "type": "Feature", "properties": { "fid": 9509, "Layer": "Extensions" }, "geometry": { "type": "MultiPolygon", "coordinates": [ [ [ [ 26.697620381385612, 39.326622861631272 ], [ 26.697639096733713, 39.326613941222746 ], [ 26.697598627233962, 39.326562715989688 ], [ 26.697579911879828, 39.326571636398967 ], [ 26.697620381385612, 39.326622861631272 ] ] ] ] } },
{ "type": "Feature", "properties": { "fid": 9510, "Layer": "Extensions" }, "geometry": { "type": "MultiPolygon", "coordinates": [ [ [ [ 26.697368860383559, 39.326438816726814 ], [ 26.697339387169595, 39.326386585809644 ], [ 26.69744363520309, 39.326349762594923 ], [ 26.697483094758603, 39.32639793642899 ], [ 26.697368860383559, 39.326438816726814 ] ] ] ] } },
{ "type": "Feature", "properties": { "fid": 9535, "Layer": "Extensions" }, "geometry": { "type": "MultiPolygon", "coordinates": [ [ [ [ 26.697536353903462, 39.325879451669792 ], [ 26.697515218516497, 39.325838921481626 ], [ 26.697460433438717, 39.325857647191157 ], [ 26.69748077568487, 39.325899627174408 ], [ 26.697536353903462, 39.325879451669792 ] ] ] ] } },
{ "type": "Feature", "properties": { "fid": 9568, "Layer": "Extensions" }, "geometry": { "type": "MultiPolygon", "coordinates": [ [ [ [ 26.696906310940005, 39.325839887503584 ], [ 26.696901913574052, 39.325832292775999 ], [ 26.696948731041108, 39.325819008654967 ], [ 26.6969521577319, 39.325825683460387 ], [ 26.696906310940005, 39.325839887503584 ] ] ] ] } },
{ "type": "Feature", "properties": { "fid": 9750, "Layer": "Extensions" }, "geometry": { "type": "MultiPolygon", "coordinates": [ [ [ [ 26.693639258679813, 39.31916675356041 ], [ 26.693623500259847, 39.319134290453817 ], [ 26.693675194467492, 39.319120361114912 ], [ 26.693679223780396, 39.319129382114944 ], [ 26.693689914974797, 39.319153326547877 ], [ 26.693639258679813, 39.31916675356041 ] ] ] ] } },
{ "type": "Feature", "properties": { "fid": 10034, "Layer": "Extensions" }, "geometry": { "type": "MultiPolygon", "coordinates": [ [ [ [ 26.696178006567482, 39.318330243280769 ], [ 26.696170102828045, 39.318311688089842 ], [ 26.696232438149345, 39.318291870043076 ], [ 26.696242299186288, 39.318310584551092 ], [ 26.696178006567482, 39.318330243280769 ] ] ] ] } },
{ "type": "Feature", "properties": { "fid": 10038, "Layer": "Extensions" }, "geometry": { "type": "MultiPolygon", "coordinates": [ [ [ [ 26.696090346648173, 39.318295269462041 ], [ 26.696045479650351, 39.318308735376803 ], [ 26.69603226014771, 39.318282163125261 ], [ 26.696076766876217, 39.318268803759125 ], [ 26.69608249720736, 39.318279494720421 ], [ 26.696090346648173, 39.318295269462041 ] ] ] ] } },
{ "type": "Feature", "properties": { "fid": 10039, "Layer": "Extensions" }, "geometry": { "type": "MultiPolygon", "coordinates": [ [ [ [ 26.695875329750258, 39.318468277401436 ], [ 26.695935433232567, 39.318446873597289 ], [ 26.69595918864751, 39.318439528234144 ], [ 26.695942556041615, 39.318407067779319 ], [ 26.695854721973301, 39.318436327382742 ], [ 26.695875329750258, 39.318468277401436 ] ] ] ] } },
{ "type": "Feature", "properties": { "fid": 10048, "Layer": "Extensions" }, "geometry": { "type": "MultiPolygon", "coordinates": [ [ [ [ 26.69636887432117, 39.318360766149738 ], [ 26.696382788838694, 39.318389892315828 ], [ 26.696423182201443, 39.318384015006785 ], [ 26.696439952369623, 39.318381003902211 ], [ 26.696428523646929, 39.318353268845335 ], [ 26.69636887432117, 39.318360766149738 ] ] ] ] } },
{ "type": "Feature", "properties": { "fid": 10241, "Layer": "Extensions" }, "geometry": { "type": "MultiPolygon", "coordinates": [ [ [ [ 26.697025513518142, 39.317825726188445 ], [ 26.69708499320938, 39.31783073452651 ], [ 26.697076173618239, 39.317865382358754 ], [ 26.697017983707088, 39.31785690373124 ], [ 26.697025513518142, 39.317825726188445 ] ] ] ] } },
{ "type": "Feature", "properties": { "fid": 10251, "Layer": "Extensions" }, "geometry": { "type": "MultiPolygon", "coordinates": [ [ [ [ 26.696742577758119, 39.317852904741464 ], [ 26.696747193162132, 39.317828609576729 ], [ 26.696835368809051, 39.317802086907882 ], [ 26.696824757396609, 39.317852639892578 ], [ 26.696742577758119, 39.317852904741464 ] ] ] ] } },
{ "type": "Feature", "properties": { "fid": 10284, "Layer": "Extensions" }, "geometry": { "type": "MultiPolygon", "coordinates": [ [ [ [ 26.697546821764895, 39.318039047320546 ], [ 26.697618399232475, 39.318067486515041 ], [ 26.697643840034196, 39.318028855576586 ], [ 26.697720650791656, 39.31802860641406 ], [ 26.697703367670684, 39.317975494047921 ], [ 26.697615284511532, 39.318002162509494 ], [ 26.697570935045686, 39.317990113826596 ], [ 26.697546821764895, 39.318039047320546 ] ] ] ] } },
{ "type": "Feature", "properties": { "fid": 10286, "Layer": "Extensions" }, "geometry": { "type": "MultiPolygon", "coordinates": [ [ [ [ 26.697547148491694, 39.318267081259066 ], [ 26.697547045550618, 39.318247846494039 ], [ 26.697606120508805, 39.318247656012382 ], [ 26.697608122218217, 39.318261922110239 ], [ 26.697547148491694, 39.318267081259066 ] ] ] ] } },
{ "type": "Feature", "properties": { "fid": 10445, "Layer": "Extensions" }, "geometry": { "type": "MultiPolygon", "coordinates": [ [ [ [ 26.693146985743862, 39.313675310662283 ], [ 26.693165548061501, 39.31366724726751 ], [ 26.693132795963667, 39.31362935517906 ], [ 26.693101871200501, 39.31364281316943 ], [ 26.693146985743862, 39.313675310662283 ] ] ] ] } },
{ "type": "Feature", "properties": { "fid": 10454, "Layer": "Extensions" }, "geometry": { "type": "MultiPolygon", "coordinates": [ [ [ [ 26.6928523523307, 39.313614441193408 ], [ 26.69283623854842, 39.313597330088847 ], [ 26.692898970523657, 39.313569527727871 ], [ 26.692912783826248, 39.313591180307554 ], [ 26.6928523523307, 39.313614441193408 ] ] ] ] } },
{ "type": "Feature", "properties": { "fid": 10477, "Layer": "Extensions" }, "geometry": { "type": "MultiPolygon", "coordinates": [ [ [ [ 26.691562922884067, 39.313817217625576 ], [ 26.691602108734411, 39.313776779243547 ], [ 26.69162863668452, 39.313793756577326 ], [ 26.691584892614248, 39.313832273762557 ], [ 26.691562922884067, 39.313817217625576 ] ] ] ] } },
{ "type": "Feature", "properties": { "fid": 10594, "Layer": "Extensions" }, "geometry": { "type": "MultiPolygon", "coordinates": [ [ [ [ 26.694446773950041, 39.322180121467042 ], [ 26.694410374110969, 39.322183817182449 ], [ 26.694401672713376, 39.322106230549721 ], [ 26.694434857388615, 39.322103983099268 ], [ 26.694446773950041, 39.322180121467042 ] ] ] ] } },
{ "type": "Feature", "properties": { "fid": 10627, "Layer": "Extensions" }, "geometry": { "type": "MultiPolygon", "coordinates": [ [ [ [ 26.692823651359163, 39.315596849207672 ], [ 26.692798433268784, 39.315605885390831 ], [ 26.692744429709332, 39.315502958117534 ], [ 26.692823651359163, 39.315596849207672 ] ] ] ] } },
{ "type": "Feature", "properties": { "fid": 10642, "Layer": "Extensions" }, "geometry": { "type": "MultiPolygon", "coordinates": [ [ [ [ 26.692807094495009, 39.315013420597538 ], [ 26.69281463010126, 39.315023299823658 ], [ 26.692853617562253, 39.315005351392408 ], [ 26.692846081064058, 39.314995473967535 ], [ 26.692807094495009, 39.315013420597538 ] ] ] ] } },
{ "type": "Feature", "properties": { "fid": 10656, "Layer": "Extensions" }, "geometry": { "type": "MultiPolygon", "coordinates": [ [ [ [ 26.69311353013688, 39.314879614485172 ], [ 26.693083120270479, 39.314892511602409 ], [ 26.69305954821839, 39.314868728370961 ], [ 26.69309384105431, 39.314854185847096 ], [ 26.69311353013688, 39.314879614485172 ] ] ] ] } },
{ "type": "Feature", "properties": { "fid": 10657, "Layer": "Extensions" }, "geometry": { "type": "MultiPolygon", "coordinates": [ [ [ [ 26.693061463401733, 39.314812365763345 ], [ 26.693025400988553, 39.314829215149281 ], [ 26.693044806923002, 39.314851583600465 ], [ 26.693079337002086, 39.314835451226323 ], [ 26.693061463401733, 39.314812365763345 ] ] ] ] } },
{ "type": "Feature", "properties": { "fid": 10662, "Layer": "Extensions" }, "geometry": { "type": "MultiPolygon", "coordinates": [ [ [ [ 26.693736293749659, 39.314889295720583 ], [ 26.693723314959918, 39.314876195429513 ], [ 26.693677780298099, 39.314903414046114 ], [ 26.693690759087772, 39.31491651523779 ], [ 26.693736293749659, 39.314889295720583 ] ] ] ] } },
{ "type": "Feature", "properties": { "fid": 10664, "Layer": "Extensions" }, "geometry": { "type": "MultiPolygon", "coordinates": [ [ [ [ 26.694979233501126, 39.314715475460247 ], [ 26.69495827398304, 39.314720891023839 ], [ 26.694943039636183, 39.314690560705856 ], [ 26.694961655885027, 39.31468491776419 ], [ 26.694979233501126, 39.314715475460247 ] ] ] ] } },
{ "type": "Feature", "properties": { "fid": 10768, "Layer": "Extensions" }, "geometry": { "type": "MultiPolygon", "coordinates": [ [ [ [ 26.693605802300866, 39.317828195552757 ], [ 26.693677980521034, 39.317837680484715 ], [ 26.693668206275671, 39.317881550156002 ], [ 26.693609326700848, 39.317873631827872 ], [ 26.693605802300866, 39.317828195552757 ] ] ] ] } },
{ "type": "Feature", "properties": { "fid": 10793, "Layer": "Extensions" }, "geometry": { "type": "MultiPolygon", "coordinates": [ [ [ [ 26.69332105621228, 39.317785214997386 ], [ 26.693281528996259, 39.317782913685235 ], [ 26.693277084304832, 39.317828637228658 ], [ 26.693316464873224, 39.317832765041516 ], [ 26.69332105621228, 39.317785214997386 ] ] ] ] } },
{ "type": "Feature", "properties": { "fid": null, "Layer": null }, "geometry": { "type": "MultiPolygon", "coordinates": [ [ [ [ 26.694507267678883, 39.323065344925851 ], [ 26.694560733954212, 39.323050064165976 ], [ 26.69454060789943, 39.323007096453367 ], [ 26.694517939403571, 39.322960209213498 ], [ 26.694466963151303, 39.32297468646977 ], [ 26.694507267678883, 39.323065344925851 ] ] ] ] } },
{ "type": "Feature", "properties": { "fid": null, "Layer": null }, "geometry": { "type": "MultiPolygon", "coordinates": [ [ [ [ 26.694391140620336, 39.323244336350946 ], [ 26.694409927524251, 39.3232387456694 ], [ 26.69447140641422, 39.323324716398979 ], [ 26.694455295911393, 39.323331389290566 ], [ 26.694391140620336, 39.323244336350946 ] ] ] ] } },
{ "type": "Feature", "properties": { "fid": null, "Layer": null }, "geometry": { "type": "MultiPolygon", "coordinates": [ [ [ [ 26.694241389383173, 39.323990681329775 ], [ 26.694332986279697, 39.323947094882257 ], [ 26.694233548867956, 39.323831053820705 ], [ 26.694134310694785, 39.323878588415504 ], [ 26.694241389383173, 39.323990681329775 ] ] ] ] } },
{ "type": "Feature", "properties": { "fid": null, "Layer": null }, "geometry": { "type": "MultiPolygon", "coordinates": [ [ [ [ 26.697215808165112, 39.325114084098935 ], [ 26.69725394719925, 39.32509909080656 ], [ 26.697258323809734, 39.325109247553357 ], [ 26.69730521606483, 39.325095705223987 ], [ 26.697319924378526, 39.325123857149457 ], [ 26.69723393983708, 39.325152776451461 ], [ 26.697215808165112, 39.325114084098935 ] ] ] ] } },
{ "type": "Feature", "properties": { "fid": null, "Layer": null }, "geometry": { "type": "MultiPolygon", "coordinates": [ [ [ [ 26.696869550009339, 39.324289515805475 ], [ 26.696898980784137, 39.324273782640631 ], [ 26.696863568144533, 39.324228989375484 ], [ 26.696831709170841, 39.324243553213172 ], [ 26.696869550009339, 39.324289515805475 ] ] ] ] } },
{ "type": "Feature", "properties": { "fid": null, "Layer": null }, "geometry": { "type": "MultiPolygon", "coordinates": [ [ [ [ 26.697055588880719, 39.324172061298974 ], [ 26.696976607101718, 39.324211211173782 ], [ 26.696941497661722, 39.324167043854253 ], [ 26.697021518507796, 39.324128351368046 ], [ 26.697055588880719, 39.324172061298974 ] ] ] ] } },
{ "type": "Feature", "properties": { "fid": null, "Layer": null }, "geometry": { "type": "MultiPolygon", "coordinates": [ [ [ [ 26.696911897931461, 39.323306376709127 ], [ 26.696890665992075, 39.323279069245594 ], [ 26.69687918081166, 39.323284992404076 ], [ 26.69685884247134, 39.323260929569656 ], [ 26.696870327651755, 39.323255469156067 ], [ 26.696898562053612, 39.323241031450316 ], [ 26.696943075850022, 39.323291614233803 ], [ 26.696911897931461, 39.323306376709127 ] ] ] ] } },
{ "type": "Feature", "properties": { "fid": null, "Layer": null }, "geometry": { "type": "MultiPolygon", "coordinates": [ [ [ [ 26.697310069414804, 39.323882546377234 ], [ 26.697332845438062, 39.323871382610079 ], [ 26.697290733109874, 39.323831031421335 ], [ 26.697270668845285, 39.323841526755302 ], [ 26.697310069414804, 39.323882546377234 ] ] ] ] } },
{ "type": "Feature", "properties": { "fid": null, "Layer": null }, "geometry": { "type": "MultiPolygon", "coordinates": [ [ [ [ 26.697402534162954, 39.324013907264678 ], [ 26.697434297865041, 39.324002014796491 ], [ 26.697404195923596, 39.323957024035614 ], [ 26.69736259452543, 39.323975513546898 ], [ 26.697390271340119, 39.324019089973916 ], [ 26.697402534162954, 39.324013907264678 ] ] ] ] } },
{ "type": "Feature", "properties": { "fid": null, "Layer": null }, "geometry": { "type": "MultiPolygon", "coordinates": [ [ [ [ 26.697163199752332, 39.323975083207337 ], [ 26.697132297045201, 39.323936486300845 ], [ 26.697176120580302, 39.323913445923075 ], [ 26.697209619023177, 39.323953241773495 ], [ 26.697163199752332, 39.323975083207337 ] ] ] ] } },
{ "type": "Feature", "properties": { "fid": null, "Layer": null }, "geometry": { "type": "MultiPolygon", "coordinates": [ [ [ [ 26.69671186837142, 39.324017717922239 ], [ 26.696677731005877, 39.323988479992536 ], [ 26.696629479736863, 39.324023020437068 ], [ 26.696665034607026, 39.324052778634979 ], [ 26.69671186837142, 39.324017717922239 ] ] ] ] } },
{ "type": "Feature", "properties": { "fid": null, "Layer": null }, "geometry": { "type": "MultiPolygon", "coordinates": [ [ [ [ 26.696844968587047, 39.323928099864069 ], [ 26.69680484069217, 39.323957003604846 ], [ 26.696855972633962, 39.324000457729255 ], [ 26.696901343230195, 39.323969259899066 ], [ 26.696844968587047, 39.323928099864069 ] ] ] ] } },
{ "type": "Feature", "properties": { "fid": null, "Layer": null }, "geometry": { "type": "MultiPolygon", "coordinates": [ [ [ [ 26.69907558013487, 39.318983259596948 ], [ 26.699070010313967, 39.31900926030692 ], [ 26.69913208663618, 39.319029466074682 ], [ 26.699142181863127, 39.318995000335818 ], [ 26.69907558013487, 39.318983259596948 ] ] ] ] } },
{ "type": "Feature", "properties": { "fid": null, "Layer": null }, "geometry": { "type": "MultiPolygon", "coordinates": [ [ [ [ 26.691139026643022, 39.316212439391457 ], [ 26.6911, 39.31613 ], [ 26.69117, 39.3161 ], [ 26.691433426071196, 39.316016182647367 ], [ 26.691451230445253, 39.316070255907967 ], [ 26.691185880941639, 39.316157977998301 ], [ 26.69120357139613, 39.316192450830535 ], [ 26.691139026643022, 39.316212439391457 ] ] ] ] } },
{ "type": "Feature", "properties": { "fid": null, "Layer": null }, "geometry": { "type": "MultiPolygon", "coordinates": [ [ [ [ 26.697572216655225, 39.326116520464005 ], [ 26.69756162455149, 39.326087470645284 ], [ 26.697663731890987, 39.326054855400855 ], [ 26.697678137692634, 39.326083746308676 ], [ 26.697572216655225, 39.326116520464005 ] ] ] ] } },
{ "type": "Feature", "properties": { "fid": 5253, "Layer": null }, "geometry": { "type": "MultiPolygon", "coordinates": [ [ [ [ 26.696164208839814, 39.321532867286258 ], [ 26.696239618035388, 39.321503780229371 ], [ 26.696231476774802, 39.321487288883475 ], [ 26.696151783395393, 39.321512623509513 ], [ 26.696164208839814, 39.321532867286258 ] ] ] ] } },
{ "type": "Feature", "properties": { "fid": 5254, "Layer": null }, "geometry": { "type": "MultiPolygon", "coordinates": [ [ [ [ 26.696048587313093, 39.321340577618798 ], [ 26.696148447455272, 39.321310012081526 ], [ 26.696129827859824, 39.321270616089237 ], [ 26.69602686848652, 39.321302425745202 ], [ 26.696048587313093, 39.321340577618798 ] ] ] ] } },
{ "type": "Feature", "properties": { "fid": 5256, "Layer": null }, "geometry": { "type": "MultiPolygon", "coordinates": [ [ [ [ 26.695947746472353, 39.32085321216443 ], [ 26.69598640386825, 39.320857741261534 ], [ 26.695988615740443, 39.320841677057359 ], [ 26.695947882404816, 39.320839471805996 ], [ 26.695947746472353, 39.32085321216443 ] ] ] ] } },
{ "type": "Feature", "properties": { "fid": null, "Layer": null }, "geometry": { "type": "MultiPolygon", "coordinates": [ [ [ [ 26.6914874382459, 39.318435063650661 ], [ 26.691462499274511, 39.318388307956717 ], [ 26.691517808106369, 39.318367332976635 ], [ 26.691543231974894, 39.318414685072192 ], [ 26.6914874382459, 39.318435063650661 ] ] ] ] } },
{ "type": "Feature", "properties": { "fid": null, "Layer": null }, "geometry": { "type": "MultiPolygon", "coordinates": [ [ [ [ 26.691530607244765, 39.318391171446621 ], [ 26.691576912642365, 39.318376561968641 ], [ 26.691587780584157, 39.318398413753108 ], [ 26.691543231974894, 39.318414685072192 ], [ 26.691530607244765, 39.318391171446621 ] ] ] ] } },
{ "type": "Feature", "properties": { "fid": 4671, "Layer": null }, "geometry": { "type": "MultiPolygon", "coordinates": [ [ [ [ 26.694975791619562, 39.313741959191724 ], [ 26.694974383328638, 39.313736326484403 ], [ 26.694972691818773, 39.313729560992478 ], [ 26.694971176800681, 39.313723501409996 ], [ 26.694969690304621, 39.31371755590586 ], [ 26.69495301275769, 39.313720305249554 ], [ 26.694939057810089, 39.313722605764511 ], [ 26.694940608352734, 39.313727993938741 ], [ 26.6949423316211, 39.313733982338626 ], [ 26.694944054889469, 39.313739970737998 ], [ 26.694945995433713, 39.313746714175693 ], [ 26.694961183870102, 39.313744290349675 ], [ 26.694975791619562, 39.313741959191724 ] ] ] ] } },
{ "type": "Feature", "properties": { "fid": null, "Layer": null }, "geometry": { "type": "MultiPolygon", "coordinates": [ [ [ [ 26.696127919115373, 39.314792030333273 ], [ 26.69612200688718, 39.314774054607383 ], [ 26.696155055808052, 39.314763474254505 ], [ 26.696160983650252, 39.314783536864482 ], [ 26.696127919115373, 39.314792030333273 ] ] ] ] } },
{ "type": "Feature", "properties": { "fid": null, "Layer": null }, "geometry": { "type": "MultiPolygon", "coordinates": [ [ [ [ 26.696052466638946, 39.31489199246861 ], [ 26.696036120990023, 39.314896492399839 ], [ 26.696000439001793, 39.314830619470207 ], [ 26.69601696306616, 39.314826518467058 ], [ 26.696052466638946, 39.31489199246861 ] ] ] ] } },
{ "type": "Feature", "properties": { "fid": null, "Layer": null }, "geometry": { "type": "MultiPolygon", "coordinates": [ [ [ [ 26.69600554830647, 39.314963870769752 ], [ 26.695947051977551, 39.314979831234275 ], [ 26.695925977885729, 39.314937300565283 ], [ 26.695984625689587, 39.314919251398784 ], [ 26.69600554830647, 39.314963870769752 ] ] ] ] } },
{ "type": "Feature", "properties": { "fid": null, "Layer": null }, "geometry": { "type": "MultiPolygon", "coordinates": [ [ [ [ 26.695982032707391, 39.315101854834332 ], [ 26.695961012297566, 39.315108999206295 ], [ 26.695935940702427, 39.315062489946904 ], [ 26.695957807031878, 39.315055060180278 ], [ 26.695982032707391, 39.315101854834332 ] ] ] ] } },
{ "type": "Feature", "properties": { "fid": null, "Layer": null }, "geometry": { "type": "MultiPolygon", "coordinates": [ [ [ [ 26.695268236996537, 39.320334272909328 ], [ 26.695285750291223, 39.320298645268991 ], [ 26.69535697855067, 39.320316042902697 ], [ 26.695338768022378, 39.320352463972704 ], [ 26.695268236996537, 39.320334272909328 ] ] ] ] } },
{ "type": "Feature", "properties": { "fid": null, "Layer": null }, "geometry": { "type": "MultiPolygon", "coordinates": [ [ [ [ 26.695006287899261, 39.320287538532376 ], [ 26.6950216387675, 39.32026342543665 ], [ 26.695061801435422, 39.320274799453948 ], [ 26.695052043649437, 39.320298585092857 ], [ 26.695006287899261, 39.320287538532376 ] ] ] ] } },
{ "type": "Feature", "properties": { "fid": null, "Layer": null }, "geometry": { "type": "MultiPolygon", "coordinates": [ [ [ [ 26.695171571031427, 39.320158431995395 ], [ 26.69511953527056, 39.320140807864298 ], [ 26.695141050985512, 39.320098085854212 ], [ 26.695172362019239, 39.320113149762172 ], [ 26.695192927702433, 39.320126000128624 ], [ 26.695171571031427, 39.320158431995395 ] ] ] ] } },
{ "type": "Feature", "properties": { "fid": null, "Layer": null }, "geometry": { "type": "MultiPolygon", "coordinates": [ [ [ [ 26.695151577158985, 39.320103150053647 ], [ 26.695175921464415, 39.320080717874397 ], [ 26.695142699976191, 39.32006297211813 ], [ 26.695115900943748, 39.320084160530115 ], [ 26.695151577158985, 39.320103150053647 ] ] ] ] } },
{ "type": "Feature", "properties": { "fid": null, "Layer": null }, "geometry": { "type": "MultiPolygon", "coordinates": [ [ [ [ 26.695180460323368, 39.319889730327247 ], [ 26.69516669054585, 39.319913604147438 ], [ 26.695196453951539, 39.319937461959455 ], [ 26.69526028390591, 39.319897513990547 ], [ 26.695248603243503, 39.319885827883816 ], [ 26.695214429660204, 39.319907600295359 ], [ 26.695180460323368, 39.319889730327247 ] ] ] ] } },
{ "type": "Feature", "properties": { "fid": null, "Layer": null }, "geometry": { "type": "MultiPolygon", "coordinates": [ [ [ [ 26.695509892169447, 39.319943931529217 ], [ 26.695486198912963, 39.3199604875145 ], [ 26.69544245029255, 39.319924978221614 ], [ 26.69547461886442, 39.319906874813135 ], [ 26.695509892169447, 39.319943931529217 ] ] ] ] } },
{ "type": "Feature", "properties": { "fid": null, "Layer": null }, "geometry": { "type": "MultiPolygon", "coordinates": [ [ [ [ 26.695023837532332, 39.313918180708697 ], [ 26.69504036218208, 39.313914811636437 ], [ 26.695077708974459, 39.313907390950689 ], [ 26.695094705781511, 39.31395500230407 ], [ 26.69504005516773, 39.313965596670258 ], [ 26.695023837532332, 39.313918180708697 ] ] ] ] } },
{ "type": "Feature", "properties": { "fid": null, "Layer": null }, "geometry": { "type": "MultiPolygon", "coordinates": [ [ [ [ 26.695131352548955, 39.314014038606452 ], [ 26.695156970588958, 39.314010276798697 ], [ 26.69514676738839, 39.313978119771448 ], [ 26.695120605846764, 39.313982699594085 ], [ 26.695131352548955, 39.314014038606452 ] ] ] ] } },
{ "type": "Feature", "properties": { "fid": null, "Layer": null }, "geometry": { "type": "MultiPolygon", "coordinates": [ [ [ [ 26.695131352548955, 39.314014038606452 ], [ 26.695142896102958, 39.314052389694162 ], [ 26.695168862100203, 39.314047754789897 ], [ 26.695156970588958, 39.314010276798697 ], [ 26.695131352548955, 39.314014038606452 ] ] ] ] } },
{ "type": "Feature", "properties": { "fid": null, "Layer": null }, "geometry": { "type": "MultiPolygon", "coordinates": [ [ [ [ 26.691549300180039, 39.317287746168404 ], [ 26.691547617886119, 39.317239160246423 ], [ 26.691513879682272, 39.317238745235841 ], [ 26.691509831396402, 39.317213733423749 ], [ 26.691373859218899, 39.317213312840948 ], [ 26.691344801333713, 39.317059392634484 ], [ 26.691305714198077, 39.317061628125181 ], [ 26.691340420183366, 39.317260564451452 ], [ 26.691383753496634, 39.317264693157604 ], [ 26.691522282132393, 39.317289415911517 ], [ 26.691549300180039, 39.317287746168404 ] ] ] ] } },
{ "type": "Feature", "properties": { "fid": null, "Layer": null }, "geometry": { "type": "MultiPolygon", "coordinates": [ [ [ [ 26.691656698538438, 39.317321045702066 ], [ 26.691665399535978, 39.31745912751532 ], [ 26.69172368241885, 39.317460637554767 ], [ 26.69172213992891, 39.317323861635636 ], [ 26.691656698538438, 39.317321045702066 ] ] ] ] } },
{ "type": "Feature", "properties": { "fid": null, "Layer": null }, "geometry": { "type": "MultiPolygon", "coordinates": [ [ [ [ 26.691288624129637, 39.318415879034852 ], [ 26.691321459889107, 39.318471899877693 ], [ 26.690909100829618, 39.318616613384492 ], [ 26.690885824361011, 39.318572909624685 ], [ 26.691288624129637, 39.318415879034852 ] ] ] ] } },
{ "type": "Feature", "properties": { "fid": 5483, "Layer": null }, "geometry": { "type": "MultiPolygon", "coordinates": [ [ [ [ 26.690504674864339, 39.31889151020372 ], [ 26.690455023172436, 39.318909547849039 ], [ 26.690372859381508, 39.3187641121986 ], [ 26.69059, 39.31869 ], [ 26.690739294053998, 39.318643345609239 ], [ 26.690763038791857, 39.318680715395523 ], [ 26.690445163517523, 39.318791165286534 ], [ 26.690504674864339, 39.31889151020372 ] ] ] ] } },
{ "type": "Feature", "properties": { "fid": null, "Layer": null }, "geometry": { "type": "MultiPolygon", "coordinates": [ [ [ [ 26.690960596465704, 39.319231895021396 ], [ 26.690884377632653, 39.319260754158414 ], [ 26.690894895243474, 39.319342496803202 ], [ 26.691016366192009, 39.319295510224613 ], [ 26.690972995675942, 39.319227178047136 ], [ 26.690960596465704, 39.319231895021396 ] ] ] ] } },
{ "type": "Feature", "properties": { "fid": null, "Layer": null }, "geometry": { "type": "MultiPolygon", "coordinates": [ [ [ [ 26.691919802958697, 39.319668591390013 ], [ 26.691879080202217, 39.319600211012066 ], [ 26.692059212506486, 39.319539742275921 ], [ 26.692093397348327, 39.319608454943193 ], [ 26.691919802958697, 39.319668591390013 ] ] ] ] } },
{ "type": "Feature", "properties": { "fid": null, "Layer": null }, "geometry": { "type": "MultiPolygon", "coordinates": [ [ [ [ 26.691629644788083, 39.320008278935227 ], [ 26.691586652236975, 39.319931083168356 ], [ 26.691722200396999, 39.31988652578282 ], [ 26.691763950649172, 39.319961865379909 ], [ 26.691629644788083, 39.320008278935227 ] ] ] ] } },
{ "type": "Feature", "properties": { "fid": null, "Layer": null }, "geometry": { "type": "MultiPolygon", "coordinates": [ [ [ [ 26.696717394979206, 39.32207702042129 ], [ 26.696762925145205, 39.322062865800881 ], [ 26.6967501596781, 39.322038177502606 ], [ 26.696768882363187, 39.3220292897131 ], [ 26.696753563802659, 39.322001638805176 ], [ 26.696687823114502, 39.322021202828324 ], [ 26.696717394979206, 39.32207702042129 ] ] ] ] } },
{ "type": "Feature", "properties": { "fid": null, "Layer": null }, "geometry": { "type": "MultiPolygon", "coordinates": [ [ [ [ 26.696453821227372, 39.321894709871003 ], [ 26.696563358342843, 39.321854825468172 ], [ 26.696538678439772, 39.321813019820297 ], [ 26.696428044391556, 39.321850875329282 ], [ 26.696453821227372, 39.321894709871003 ] ] ] ] } },
{ "type": "Feature", "properties": { "fid": null, "Layer": null }, "geometry": { "type": "MultiPolygon", "coordinates": [ [ [ [ 26.696433830000942, 39.321765527292158 ], [ 26.696464186620283, 39.321821084691344 ], [ 26.696493547194621, 39.321812855231101 ], [ 26.696501113167123, 39.321825873483277 ], [ 26.69652391753759, 39.321818070540267 ], [ 26.696517801582111, 39.321805942483763 ], [ 26.696536949782768, 39.321800017271208 ], [ 26.6965044360016, 39.321741536229503 ], [ 26.696433830000942, 39.321765527292158 ] ] ] ] } },
{ "type": "Feature", "properties": { "fid": null, "Layer": null }, "geometry": { "type": "MultiPolygon", "coordinates": [ [ [ [ 26.696654113172333, 39.3216859497172 ], [ 26.696699496730524, 39.321768416129117 ], [ 26.696606308820684, 39.3218023215206 ], [ 26.696577015154368, 39.321748107570912 ], [ 26.696616672351503, 39.321732310410539 ], [ 26.696601921909753, 39.321705871112073 ], [ 26.696654113172333, 39.3216859497172 ] ] ] ] } },
{ "type": "Feature", "properties": { "fid": null, "Layer": null }, "geometry": { "type": "MultiPolygon", "coordinates": [ [ [ [ 26.696312734398191, 39.326141437693266 ], [ 26.696283784167438, 39.326152481065996 ], [ 26.696239340543727, 39.326096469644185 ], [ 26.696267955934761, 39.326084126810009 ], [ 26.696312734398191, 39.326141437693266 ] ] ] ] } },
{ "type": "Feature", "properties": { "fid": null, "Layer": null }, "geometry": { "type": "MultiPolygon", "coordinates": [ [ [ [ 26.697045044829242, 39.325438291099772 ], [ 26.697060516003223, 39.32546458159603 ], [ 26.696982603711849, 39.32549247847691 ], [ 26.696971136879615, 39.32546743524366 ], [ 26.697045044829242, 39.325438291099772 ] ] ] ] } },
{ "type": "Feature", "properties": { "fid": null, "Layer": null }, "geometry": { "type": "MultiPolygon", "coordinates": [ [ [ [ 26.696621289991672, 39.324686071862047 ], [ 26.696637227639748, 39.324712373387733 ], [ 26.696688228113558, 39.324695386986853 ], [ 26.69667046604431, 39.324668178307974 ], [ 26.696621289991672, 39.324686071862047 ] ] ] ] } },
{ "type": "Feature", "properties": { "fid": null, "Layer": null }, "geometry": { "type": "MultiPolygon", "coordinates": [ [ [ [ 26.696265469671008, 39.323098251907155 ], [ 26.696260398788873, 39.323034774531706 ], [ 26.696321595116576, 39.323029425312043 ], [ 26.696324822041571, 39.323092902692345 ], [ 26.696265469671008, 39.323098251907155 ] ] ] ] } },
{ "type": "Feature", "properties": { "fid": null, "Layer": null }, "geometry": { "type": "MultiPolygon", "coordinates": [ [ [ [ 26.69641041064645, 39.322626220582023 ], [ 26.696409331031575, 39.322618823279278 ], [ 26.696451741859757, 39.322614633155283 ], [ 26.696460784325428, 39.322666723183367 ], [ 26.69641901493938, 39.32267172725696 ], [ 26.69641041064645, 39.322626220582023 ] ] ] ] } },
{ "type": "Feature", "properties": { "fid": null, "Layer": null }, "geometry": { "type": "MultiPolygon", "coordinates": [ [ [ [ 26.69696058669696, 39.319884150818282 ], [ 26.697001807395146, 39.319878855945348 ], [ 26.69700528098695, 39.319902396584375 ], [ 26.696967021508623, 39.319905760664533 ], [ 26.69696058669696, 39.319884150818282 ] ] ] ] } },
{ "type": "Feature", "properties": { "fid": null, "Layer": null }, "geometry": { "type": "MultiPolygon", "coordinates": [ [ [ [ 26.696814980831267, 39.320134285559675 ], [ 26.696873508679239, 39.320095633450563 ], [ 26.696917761442339, 39.320130972522591 ], [ 26.696858519840124, 39.320169624612177 ], [ 26.696814980831267, 39.320134285559675 ] ] ] ] } },
{ "type": "Feature", "properties": { "fid": null, "Layer": null }, "geometry": { "type": "MultiPolygon", "coordinates": [ [ [ [ 26.700280572222006, 39.318340744530332 ], [ 26.700172854244677, 39.318316762139482 ], [ 26.700177272448222, 39.318250980362663 ], [ 26.700262458043674, 39.318250980362663 ], [ 26.700263926760844, 39.318268781704646 ], [ 26.700295602945349, 39.318267296498156 ], [ 26.700280572222006, 39.318340744530332 ] ] ] ] } },
{ "type": "Feature", "properties": { "fid": null, "Layer": null }, "geometry": { "type": "MultiPolygon", "coordinates": [ [ [ [ 26.699894421013767, 39.318076538234536 ], [ 26.699903799880516, 39.318125607178025 ], [ 26.699970082586109, 39.318125847865495 ], [ 26.699967782809711, 39.318077453648151 ], [ 26.699894421013767, 39.318076538234536 ] ] ] ] } },
{ "type": "Feature", "properties": { "fid": null, "Layer": null }, "geometry": { "type": "MultiPolygon", "coordinates": [ [ [ [ 26.699755090019664, 39.318087257968408 ], [ 26.699863375519381, 39.318062645136571 ], [ 26.699824705650329, 39.317958528470996 ], [ 26.699724693090133, 39.318010104144633 ], [ 26.699755090019664, 39.318087257968408 ] ] ] ] } },
{ "type": "Feature", "properties": { "fid": null, "Layer": null }, "geometry": { "type": "MultiPolygon", "coordinates": [ [ [ [ 26.69629042807243, 39.32370855038387 ], [ 26.69633419469357, 39.323679463802343 ], [ 26.696393884038812, 39.323729949484751 ], [ 26.696350023310263, 39.323761096600784 ], [ 26.69629042807243, 39.32370855038387 ] ] ] ] } },
{ "type": "Feature", "properties": { "fid": null, "Layer": null }, "geometry": { "type": "MultiPolygon", "coordinates": [ [ [ [ 26.695496022242693, 39.321270865681626 ], [ 26.695512615859862, 39.321283813793201 ], [ 26.695477981473065, 39.321297732405007 ], [ 26.695455294825202, 39.321305855218561 ], [ 26.695441718785617, 39.321287880618243 ], [ 26.695496022242693, 39.321270865681626 ] ] ] ] } },
{ "type": "Feature", "properties": { "fid": null, "Layer": null }, "geometry": { "type": "MultiPolygon", "coordinates": [ [ [ [ 26.695728420402329, 39.321126163770245 ], [ 26.695777986066197, 39.321113983010633 ], [ 26.695787361463072, 39.321133129504865 ], [ 26.69573909442294, 39.321144879367971 ], [ 26.695728420402329, 39.321126163770245 ] ] ] ] } },
{ "type": "Feature", "properties": { "fid": null, "Layer": null }, "geometry": { "type": "MultiPolygon", "coordinates": [ [ [ [ 26.695948943617889, 39.320464188103053 ], [ 26.695976022159503, 39.32043262645999 ], [ 26.696027196919715, 39.320459317845852 ], [ 26.695996958353941, 39.32049073506942 ], [ 26.695948943617889, 39.320464188103053 ] ] ] ] } },
{ "type": "Feature", "properties": { "fid": null, "Layer": null }, "geometry": { "type": "MultiPolygon", "coordinates": [ [ [ [ 26.695996741056607, 39.320443350364478 ], [ 26.696029464348964, 39.320400554969019 ], [ 26.696053136579515, 39.3204147547549 ], [ 26.696019117001267, 39.320455103577231 ], [ 26.695996741056607, 39.320443350364478 ] ] ] ] } },
{ "type": "Feature", "properties": { "fid": null, "Layer": null }, "geometry": { "type": "MultiPolygon", "coordinates": [ [ [ [ 26.696064411495779, 39.320471907891346 ], [ 26.696088943778236, 39.320482627792089 ], [ 26.69614507962298, 39.320430389478538 ], [ 26.696115425622697, 39.320415176024298 ], [ 26.696064411495779, 39.320471907891346 ] ] ] ] } },
{ "type": "Feature", "properties": { "fid": null, "Layer": null }, "geometry": { "type": "MultiPolygon", "coordinates": [ [ [ [ 26.696128860544771, 39.320384934703917 ], [ 26.69615041679754, 39.320396069246968 ], [ 26.696185475161606, 39.320352929695503 ], [ 26.696165294626727, 39.320342498175819 ], [ 26.696128860544771, 39.320384934703917 ] ] ] ] } },
{ "type": "Feature", "properties": { "fid": null, "Layer": null }, "geometry": { "type": "MultiPolygon", "coordinates": [ [ [ [ 26.697925566032531, 39.318993684051634 ], [ 26.697926350030279, 39.319020811907301 ], [ 26.697846523415727, 39.319021863607126 ], [ 26.697843308139106, 39.318995737837852 ], [ 26.697925566032531, 39.318993684051634 ] ] ] ] } },
{ "type": "Feature", "properties": { "fid": null, "Layer": null }, "geometry": { "type": "MultiPolygon", "coordinates": [ [ [ [ 26.697845759651273, 39.318672146026742 ], [ 26.697853599636364, 39.318653014674418 ], [ 26.697883061526888, 39.318656957609228 ], [ 26.697877957059706, 39.318673664868307 ], [ 26.697845759651273, 39.318672146026742 ] ] ] ] } },
{ "type": "Feature", "properties": { "fid": null, "Layer": null }, "geometry": { "type": "MultiPolygon", "coordinates": [ [ [ [ 26.698908240825222, 39.319069786624823 ], [ 26.69889641896809, 39.319097469679733 ], [ 26.698962847619008, 39.31912567970334 ], [ 26.698984270421214, 39.319087532797575 ], [ 26.698908240825222, 39.319069786624823 ] ] ] ] } },
{ "type": "Feature", "properties": { "fid": null, "Layer": null }, "geometry": { "type": "MultiPolygon", "coordinates": [ [ [ [ 26.698967631594915, 39.319130389374024 ], [ 26.698992392109421, 39.319143345837212 ], [ 26.699015057977149, 39.319093559051609 ], [ 26.698992385954462, 39.319089427055104 ], [ 26.698967631594915, 39.319130389374024 ] ] ] ] } },
{ "type": "Feature", "properties": { "fid": null, "Layer": null }, "geometry": { "type": "MultiPolygon", "coordinates": [ [ [ [ 26.6991020039879, 39.319108389782905 ], [ 26.699078234614689, 39.319100307578424 ], [ 26.699090281925404, 39.31907757170778 ], [ 26.699110798508411, 39.319086202312576 ], [ 26.6991020039879, 39.319108389782905 ] ] ] ] } },
{ "type": "Feature", "properties": { "fid": null, "Layer": null }, "geometry": { "type": "MultiPolygon", "coordinates": [ [ [ [ 26.699155733251235, 39.318014989602048 ], [ 26.699158181307055, 39.317991328968581 ], [ 26.699204267087985, 39.317990358795427 ], [ 26.699200835626144, 39.318014687157579 ], [ 26.699155733251235, 39.318014989602048 ] ] ] ] } },
{ "type": "Feature", "properties": { "fid": null, "Layer": null }, "geometry": { "type": "MultiPolygon", "coordinates": [ [ [ [ 26.698856587193688, 39.317708890220445 ], [ 26.698856115661645, 39.317725015935686 ], [ 26.698889857036942, 39.317728532826607 ], [ 26.698892583021909, 39.317713577801833 ], [ 26.698856587193688, 39.317708890220445 ] ] ] ] } },
{ "type": "Feature", "properties": { "fid": null, "Layer": null }, "geometry": { "type": "MultiPolygon", "coordinates": [ [ [ [ 26.698755518553206, 39.317790139025057 ], [ 26.698759280657761, 39.317762974093839 ], [ 26.69882, 39.317761518829371 ], [ 26.69882, 39.317791594288927 ], [ 26.698755518553206, 39.317790139025057 ] ] ] ] } },
{ "type": "Feature", "properties": { "fid": null, "Layer": null }, "geometry": { "type": "MultiPolygon", "coordinates": [ [ [ [ 26.698359674168447, 39.317620370856986 ], [ 26.698384835460946, 39.317624896811239 ], [ 26.698368802780156, 39.317674098440122 ], [ 26.698345299950329, 39.3176691692642 ], [ 26.698359674168447, 39.317620370856986 ] ] ] ] } },
{ "type": "Feature", "properties": { "fid": null, "Layer": null }, "geometry": { "type": "MultiPolygon", "coordinates": [ [ [ [ 26.698765896662007, 39.317926056557205 ], [ 26.698766177849475, 39.317949490239457 ], [ 26.698806650468999, 39.317949249917895 ], [ 26.698806499270788, 39.317924933502255 ], [ 26.698765896662007, 39.317926056557205 ] ] ] ] } },
{ "type": "Feature", "properties": { "fid": null, "Layer": null }, "geometry": { "type": "MultiPolygon", "coordinates": [ [ [ [ 26.698086198479146, 39.317770990572484 ], [ 26.698090513440405, 39.317761746529577 ], [ 26.6981619681812, 39.317781104261144 ], [ 26.698157668922629, 39.317789688294688 ], [ 26.698086198479146, 39.317770990572484 ] ] ] ] } },
{ "type": "Feature", "properties": { "fid": null, "Layer": null }, "geometry": { "type": "MultiPolygon", "coordinates": [ [ [ [ 26.694197695410686, 39.313308528083589 ], [ 26.694184994829516, 39.313287326982355 ], [ 26.694148168388693, 39.313299221854528 ], [ 26.694129973548982, 39.313266381265144 ], [ 26.694203139896246, 39.313243136131398 ], [ 26.694235265146798, 39.313294189845905 ], [ 26.694197695410686, 39.313308528083589 ] ] ] ] } },
{ "type": "Feature", "properties": { "fid": null, "Layer": null }, "geometry": { "type": "MultiPolygon", "coordinates": [ [ [ [ 26.690606836798668, 39.314365890046872 ], [ 26.690647866437754, 39.314347447646938 ], [ 26.690614291873629, 39.314297968876041 ], [ 26.690571649676151, 39.314317105863317 ], [ 26.690606836798668, 39.314365890046872 ] ] ] ] } },
{ "type": "Feature", "properties": { "fid": null, "Layer": null }, "geometry": { "type": "MultiPolygon", "coordinates": [ [ [ [ 26.690690338579461, 39.314245841380725 ], [ 26.690662326873436, 39.31420494882876 ], [ 26.690699240025864, 39.314189653510553 ], [ 26.690726158437254, 39.314232110335716 ], [ 26.690690338579461, 39.314245841380725 ] ] ] ] } },
{ "type": "Feature", "properties": { "fid": null, "Layer": null }, "geometry": { "type": "MultiPolygon", "coordinates": [ [ [ [ 26.692264137673781, 39.31352567805213 ], [ 26.692207639301049, 39.313482760543707 ], [ 26.692321097720775, 39.313401560929719 ], [ 26.692376173318753, 39.313447682931582 ], [ 26.692264137673781, 39.31352567805213 ] ] ] ] } },
{ "type": "Feature", "properties": { "fid": null, "Layer": null }, "geometry": { "type": "MultiPolygon", "coordinates": [ [ [ [ 26.698184413666727, 39.319403690791724 ], [ 26.698222309395089, 39.319407360803353 ], [ 26.698218839890284, 39.319420781291164 ], [ 26.698250065433477, 39.319424002207853 ], [ 26.698243612534753, 39.319458752397686 ], [ 26.69821224746865, 39.31945680619328 ], [ 26.698208748027099, 39.319471945659359 ], [ 26.698173656922688, 39.31946946778335 ], [ 26.698184413666727, 39.319403690791724 ] ] ] ] } },
{ "type": "Feature", "properties": { "fid": null, "Layer": null }, "geometry": { "type": "MultiPolygon", "coordinates": [ [ [ [ 26.699067144837528, 39.319331355267593 ], [ 26.699088757764915, 39.319293726705922 ], [ 26.699020579963385, 39.319269170878378 ], [ 26.698999641099601, 39.319304527128118 ], [ 26.699067144837528, 39.319331355267593 ] ] ] ] } },
{ "type": "Feature", "properties": { "fid": null, "Layer": null }, "geometry": { "type": "MultiPolygon", "coordinates": [ [ [ [ 26.698959605674432, 39.319283460442236 ], [ 26.69900294279914, 39.31929867549745 ], [ 26.699023960742871, 39.319263086268933 ], [ 26.698978769254772, 39.319245599660427 ], [ 26.698959605674432, 39.319283460442236 ] ] ] ] } },
{ "type": "Feature", "properties": { "fid": null, "Layer": null }, "geometry": { "type": "MultiPolygon", "coordinates": [ [ [ [ 26.693707346382755, 39.313458100049452 ], [ 26.693693259424517, 39.313468696258433 ], [ 26.693736462340365, 39.313511832799051 ], [ 26.693751069443096, 39.313502299165847 ], [ 26.693707346382755, 39.313458100049452 ] ] ] ] } },
{ "type": "Feature", "properties": { "fid": null, "Layer": null }, "geometry": { "type": "MultiPolygon", "coordinates": [ [ [ [ 26.692317914342784, 39.314332350086694 ], [ 26.692312494300726, 39.314306267571602 ], [ 26.692369180088136, 39.314284963065255 ], [ 26.692383336601964, 39.314308069904833 ], [ 26.692317914342784, 39.314332350086694 ] ] ] ] } },
{ "type": "Feature", "properties": { "fid": null, "Layer": null }, "geometry": { "type": "MultiPolygon", "coordinates": [ [ [ [ 26.692510059912621, 39.314062664440435 ], [ 26.692501198829746, 39.31404454434594 ], [ 26.692488142322606, 39.314048702148732 ], [ 26.692498281127442, 39.314065976815407 ], [ 26.692510059912621, 39.314062664440435 ] ] ] ] } },
{ "type": "Feature", "properties": { "fid": null, "Layer": null }, "geometry": { "type": "MultiPolygon", "coordinates": [ [ [ [ 26.691768743133757, 39.314101052032669 ], [ 26.69179, 39.31408 ], [ 26.691839607041612, 39.314125757270624 ], [ 26.691812152038541, 39.31414687353476 ], [ 26.691768743133757, 39.314101052032669 ] ] ] ] } },
{ "type": "Feature", "properties": { "fid": null, "Layer": null }, "geometry": { "type": "MultiPolygon", "coordinates": [ [ [ [ 26.691064077360853, 39.313494356478103 ], [ 26.69108107970521, 39.313474438877947 ], [ 26.691135569054776, 39.31350561448464 ], [ 26.691117560494138, 39.31352364991649 ], [ 26.691064077360853, 39.313494356478103 ] ] ] ] } },
{ "type": "Feature", "properties": { "fid": null, "Layer": null }, "geometry": { "type": "MultiPolygon", "coordinates": [ [ [ [ 26.691607302709134, 39.313665610535658 ], [ 26.691622791183967, 39.313648235680638 ], [ 26.691663520483814, 39.313671013245362 ], [ 26.691647761326511, 39.313688667450108 ], [ 26.691607302709134, 39.313665610535658 ] ] ] ] } },
{ "type": "Feature", "properties": { "fid": null, "Layer": null }, "geometry": { "type": "MultiPolygon", "coordinates": [ [ [ [ 26.692031733921198, 39.313133995822447 ], [ 26.692019682115621, 39.313145160516136 ], [ 26.69203832382216, 39.313157430450907 ], [ 26.692049816764204, 39.313145665031328 ], [ 26.692031733921198, 39.313133995822447 ] ] ] ] } },
{ "type": "Feature", "properties": { "fid": null, "Layer": null }, "geometry": { "type": "MultiPolygon", "coordinates": [ [ [ [ 26.690848937523494, 39.313351547045343 ], [ 26.690864014430534, 39.313332908062904 ], [ 26.690924583368993, 39.313359801278203 ], [ 26.69091217280128, 39.313380896386676 ], [ 26.690848937523494, 39.313351547045343 ] ] ] ] } },
{ "type": "Feature", "properties": { "fid": null, "Layer": null }, "geometry": { "type": "MultiPolygon", "coordinates": [ [ [ [ 26.692625376174036, 39.314775934810179 ], [ 26.692644763498905, 39.314768254390422 ], [ 26.692672227501692, 39.314802357813747 ], [ 26.692655315880312, 39.314813513090421 ], [ 26.692625376174036, 39.314775934810179 ] ] ] ] } },
{ "type": "Feature", "properties": { "fid": null, "Layer": null }, "geometry": { "type": "MultiPolygon", "coordinates": [ [ [ [ 26.692556277129974, 39.314780620538173 ], [ 26.692544791151139, 39.314763896852313 ], [ 26.692601113600595, 39.31474086414643 ], [ 26.692613182696906, 39.314753314258652 ], [ 26.692556277129974, 39.314780620538173 ] ] ] ] } },
{ "type": "Feature", "properties": { "fid": null, "Layer": null }, "geometry": { "type": "MultiPolygon", "coordinates": [ [ [ [ 26.692474496284824, 39.314901137488881 ], [ 26.692495307856277, 39.314890887851298 ], [ 26.692514819561975, 39.31491734428041 ], [ 26.692498080274866, 39.314926952622763 ], [ 26.692474496284824, 39.314901137488881 ] ] ] ] } },
{ "type": "Feature", "properties": { "fid": null, "Layer": null }, "geometry": { "type": "MultiPolygon", "coordinates": [ [ [ [ 26.691684641743638, 39.315553170966403 ], [ 26.691798942772525, 39.315642845787742 ], [ 26.69178, 39.31566 ], [ 26.691659900096212, 39.315571690292515 ], [ 26.691684641743638, 39.315553170966403 ] ] ] ] } },
{ "type": "Feature", "properties": { "fid": null, "Layer": null }, "geometry": { "type": "MultiPolygon", "coordinates": [ [ [ [ 26.692467203070507, 39.315747721720577 ], [ 26.692432558530474, 39.315690964104476 ], [ 26.692461091927399, 39.315680960603899 ], [ 26.692493772473579, 39.315737961417092 ], [ 26.692467203070507, 39.315747721720577 ] ] ] ] } },
{ "type": "Feature", "properties": { "fid": null, "Layer": null }, "geometry": { "type": "MultiPolygon", "coordinates": [ [ [ [ 26.692699447892672, 39.31590192391694 ], [ 26.692721740414314, 39.315895300095626 ], [ 26.692698381330949, 39.315845715619659 ], [ 26.692676929481827, 39.315852105424746 ], [ 26.692699447892672, 39.31590192391694 ] ] ] ] } },
{ "type": "Feature", "properties": { "fid": null, "Layer": null }, "geometry": { "type": "MultiPolygon", "coordinates": [ [ [ [ 26.692912238041032, 39.316055919570658 ], [ 26.692951743102537, 39.316042047273143 ], [ 26.692972420224056, 39.316090538528115 ], [ 26.692936769914599, 39.316103359527439 ], [ 26.692912238041032, 39.316055919570658 ] ] ] ] } },
{ "type": "Feature", "properties": { "fid": null, "Layer": null }, "geometry": { "type": "MultiPolygon", "coordinates": [ [ [ [ 26.692605760456974, 39.316239091990617 ], [ 26.692656405252581, 39.316230313243146 ], [ 26.692650662809072, 39.316205181781896 ], [ 26.692598517490204, 39.316215227146749 ], [ 26.692605760456974, 39.316239091990617 ] ] ] ] } },
{ "type": "Feature", "properties": { "fid": null, "Layer": null }, "geometry": { "type": "MultiPolygon", "coordinates": [ [ [ [ 26.692208280821269, 39.316395235214976 ], [ 26.69217162553819, 39.316401932568489 ], [ 26.692145375430872, 39.316332447091156 ], [ 26.692181318402838, 39.316324716369415 ], [ 26.692208280821269, 39.316395235214976 ] ] ] ] } },
{ "type": "Feature", "properties": { "fid": null, "Layer": null }, "geometry": { "type": "MultiPolygon", "coordinates": [ [ [ [ 26.692677978224747, 39.317792671438809 ], [ 26.692719845612249, 39.317793567640592 ], [ 26.692715760360336, 39.317836341051631 ], [ 26.692676225664595, 39.317835136185131 ], [ 26.692677978224747, 39.317792671438809 ] ] ] ] } },
{ "type": "Feature", "properties": { "fid": null, "Layer": null }, "geometry": { "type": "MultiPolygon", "coordinates": [ [ [ [ 26.693086668454384, 39.3177 ], [ 26.693110441692863, 39.317703144876205 ], [ 26.693101506972667, 39.317758426545545 ], [ 26.693074222853753, 39.31775520891992 ], [ 26.693086668454384, 39.3177 ] ] ] ] } },
{ "type": "Feature", "properties": { "fid": null, "Layer": null }, "geometry": { "type": "MultiPolygon", "coordinates": [ [ [ [ 26.694393079829851, 39.322760478975241 ], [ 26.694424151943434, 39.32281929501238 ], [ 26.694348744469373, 39.32283947839128 ], [ 26.694322093438092, 39.322784564172508 ], [ 26.694393079829851, 39.322760478975241 ] ] ] ] } },
{ "type": "Feature", "properties": { "fid": null, "Layer": null }, "geometry": { "type": "MultiPolygon", "coordinates": [ [ [ [ 26.69493555967998, 39.323311892844806 ], [ 26.694966557618862, 39.323370395027418 ], [ 26.694930315958647, 39.323384268808368 ], [ 26.694895373156047, 39.323330376123593 ], [ 26.69493555967998, 39.323311892844806 ] ] ] ] } },
{ "type": "Feature", "properties": { "fid": null, "Layer": null }, "geometry": { "type": "MultiPolygon", "coordinates": [ [ [ [ 26.696189956441604, 39.32387145936665 ], [ 26.696212062979715, 39.323890868696509 ], [ 26.696253242834956, 39.323862951552265 ], [ 26.696231987678139, 39.3238445262296 ], [ 26.696189956441604, 39.32387145936665 ] ] ] ] } },
{ "type": "Feature", "properties": { "fid": null, "Layer": null }, "geometry": { "type": "MultiPolygon", "coordinates": [ [ [ [ 26.696198612257639, 39.323479511772263 ], [ 26.696221869654224, 39.323450335928619 ], [ 26.696260232032518, 39.32347256034781 ], [ 26.696238598788415, 39.323499865822178 ], [ 26.696198612257639, 39.323479511772263 ] ] ] ] } },
{ "type": "Feature", "properties": { "fid": null, "Layer": null }, "geometry": { "type": "MultiPolygon", "coordinates": [ [ [ [ 26.696327741004129, 39.323619850890744 ], [ 26.696342519203625, 39.323609398778558 ], [ 26.696316246531385, 39.323589876293774 ], [ 26.69630255915731, 39.323600990238212 ], [ 26.696327741004129, 39.323619850890744 ] ] ] ] } },
{ "type": "Feature", "properties": { "fid": null, "Layer": null }, "geometry": { "type": "MultiPolygon", "coordinates": [ [ [ [ 26.695975292736975, 39.323397641124778 ], [ 26.695949595533769, 39.323377993219793 ], [ 26.696016924238283, 39.323356370190851 ], [ 26.696022313408893, 39.323360233431714 ], [ 26.695975292736975, 39.323397641124778 ] ] ] ] } },
{ "type": "Feature", "properties": { "fid": null, "Layer": null }, "geometry": { "type": "MultiPolygon", "coordinates": [ [ [ [ 26.695960713994495, 39.322445006387873 ], [ 26.696012761741883, 39.322434542734719 ], [ 26.695987614478661, 39.322364478772101 ], [ 26.695939465951557, 39.322371042168406 ], [ 26.695960713994495, 39.322445006387873 ] ] ] ] } },
{ "type": "Feature", "properties": { "fid": null, "Layer": null }, "geometry": { "type": "MultiPolygon", "coordinates": [ [ [ [ 26.694662505467296, 39.321043521541888 ], [ 26.694688389264947, 39.321044127973053 ], [ 26.694688023789574, 39.321069474503105 ], [ 26.694656264093624, 39.321072855654521 ], [ 26.694662505467296, 39.321043521541888 ] ] ] ] } },
{ "type": "Feature", "properties": { "fid": null, "Layer": null }, "geometry": { "type": "MultiPolygon", "coordinates": [ [ [ [ 26.694830845980739, 39.320606640666817 ], [ 26.694830845980739, 39.320587894043143 ], [ 26.694890495401161, 39.320588615067223 ], [ 26.694890961412259, 39.320606640666817 ], [ 26.694830845980739, 39.320606640666817 ] ] ] ] } },
{ "type": "Feature", "properties": { "fid": null, "Layer": null }, "geometry": { "type": "MultiPolygon", "coordinates": [ [ [ [ 26.695379214853652, 39.320385632395279 ], [ 26.695393436425352, 39.320358819816555 ], [ 26.695441037792328, 39.320375525015592 ], [ 26.695429903280687, 39.320399604513796 ], [ 26.695379214853652, 39.320385632395279 ] ] ] ] } },
{ "type": "Feature", "properties": { "fid": null, "Layer": null }, "geometry": { "type": "MultiPolygon", "coordinates": [ [ [ [ 26.695514553142594, 39.320427965469662 ], [ 26.69554256040502, 39.320438249983383 ], [ 26.695524401733817, 39.320474410068108 ], [ 26.695480948541615, 39.320462298657084 ], [ 26.695514553142594, 39.320427965469662 ] ] ] ] } },
{ "type": "Feature", "properties": { "fid": null, "Layer": null }, "geometry": { "type": "MultiPolygon", "coordinates": [ [ [ [ 26.69496801879021, 39.319507131217833 ], [ 26.694996823333675, 39.31952224981076 ], [ 26.695014812871879, 39.319505444199834 ], [ 26.694991488635061, 39.319490114260027 ], [ 26.69496801879021, 39.319507131217833 ] ] ] ] } },
{ "type": "Feature", "properties": { "fid": null, "Layer": null }, "geometry": { "type": "MultiPolygon", "coordinates": [ [ [ [ 26.695843296251969, 39.319237537171212 ], [ 26.695818476101568, 39.319222793121583 ], [ 26.695841080167114, 39.319201191368826 ], [ 26.695867229968439, 39.319215249653119 ], [ 26.695843296251969, 39.319237537171212 ] ] ] ] } },
{ "type": "Feature", "properties": { "fid": null, "Layer": null }, "geometry": { "type": "MultiPolygon", "coordinates": [ [ [ [ 26.695330272607443, 39.319137028980585 ], [ 26.695348887720243, 39.319122799237867 ], [ 26.695381464167621, 39.319106212154573 ], [ 26.695411043579803, 39.319132239105173 ], [ 26.695364725161518, 39.319163088507942 ], [ 26.695330272607443, 39.319137028980585 ] ] ] ] } },
{ "type": "Feature", "properties": { "fid": null, "Layer": null }, "geometry": { "type": "MultiPolygon", "coordinates": [ [ [ [ 26.696150319161958, 39.318792873782094 ], [ 26.696099254053006, 39.318799607570021 ], [ 26.6961102107377, 39.318845730958181 ], [ 26.69615840559301, 39.318837147864393 ], [ 26.696150319161958, 39.318792873782094 ] ] ] ] } },
{ "type": "Feature", "properties": { "fid": null, "Layer": null }, "geometry": { "type": "MultiPolygon", "coordinates": [ [ [ [ 26.695655926466895, 39.318988638121375 ], [ 26.695674255884057, 39.318974079289738 ], [ 26.695697919352064, 39.318963323645214 ], [ 26.695739583480563, 39.318990038170433 ], [ 26.695706349855381, 39.319020529399019 ], [ 26.695655926466895, 39.318988638121375 ] ] ] ] } },
{ "type": "Feature", "properties": { "fid": null, "Layer": null }, "geometry": { "type": "MultiPolygon", "coordinates": [ [ [ [ 26.695908227538236, 39.318778134269216 ], [ 26.695918116948885, 39.31870504223464 ], [ 26.695957646230593, 39.318707885241224 ], [ 26.695947784652933, 39.31878087736591 ], [ 26.695908227538236, 39.318778134269216 ] ] ] ] } },
{ "type": "Feature", "properties": { "fid": null, "Layer": null }, "geometry": { "type": "MultiPolygon", "coordinates": [ [ [ [ 26.69597263656626, 39.318652205684863 ], [ 26.695979253057903, 39.31866926753316 ], [ 26.696014302761633, 39.318658973505578 ], [ 26.696009205572825, 39.318643782691908 ], [ 26.69597263656626, 39.318652205684863 ] ] ] ] } },
{ "type": "Feature", "properties": { "fid": null, "Layer": null }, "geometry": { "type": "MultiPolygon", "coordinates": [ [ [ [ 26.69666388070414, 39.318833507078089 ], [ 26.696676295419792, 39.318849816293294 ], [ 26.696686736143587, 39.318845369511635 ], [ 26.696703780901757, 39.318864447657937 ], [ 26.696731977283626, 39.318850279329197 ], [ 26.696699689009819, 39.318815749241104 ], [ 26.69666388070414, 39.318833507078089 ] ] ] ] } },
{ "type": "Feature", "properties": { "fid": null, "Layer": null }, "geometry": { "type": "MultiPolygon", "coordinates": [ [ [ [ 26.696828715656274, 39.318635642173248 ], [ 26.696848350458886, 39.318625228310403 ], [ 26.696865434113594, 39.318672122871327 ], [ 26.696844016518369, 39.318676635303675 ], [ 26.696828715656274, 39.318635642173248 ] ] ] ] } },
{ "type": "Feature", "properties": { "fid": null, "Layer": null }, "geometry": { "type": "MultiPolygon", "coordinates": [ [ [ [ 26.696856305149527, 39.31895533962787 ], [ 26.696871641710114, 39.318952703574169 ], [ 26.696889375955717, 39.319010300452263 ], [ 26.696874519792708, 39.319013353469998 ], [ 26.696856305149527, 39.31895533962787 ] ] ] ] } },
{ "type": "Feature", "properties": { "fid": null, "Layer": null }, "geometry": { "type": "MultiPolygon", "coordinates": [ [ [ [ 26.696614658575754, 39.318913686085033 ], [ 26.696659746720634, 39.318898667316724 ], [ 26.696685857839597, 39.318936262453853 ], [ 26.696638527212418, 39.318955110918516 ], [ 26.696614658575754, 39.318913686085033 ] ] ] ] } },
{ "type": "Feature", "properties": { "fid": null, "Layer": null }, "geometry": { "type": "MultiPolygon", "coordinates": [ [ [ [ 26.696616834502343, 39.319019737964162 ], [ 26.696628691188529, 39.319035043818268 ], [ 26.696692046145039, 39.319011682850054 ], [ 26.696679330059858, 39.318992374561226 ], [ 26.696616834502343, 39.319019737964162 ] ] ] ] } },
{ "type": "Feature", "properties": { "fid": null, "Layer": null }, "geometry": { "type": "MultiPolygon", "coordinates": [ [ [ [ 26.698655224892857, 39.31919175295301 ], [ 26.698663093913648, 39.319171548848885 ], [ 26.698629353854457, 39.319162585055864 ], [ 26.698623762708877, 39.319183718591155 ], [ 26.698655224892857, 39.31919175295301 ] ] ] ] } },
{ "type": "Feature", "properties": { "fid": null, "Layer": null }, "geometry": { "type": "MultiPolygon", "coordinates": [ [ [ [ 26.698728508916282, 39.318628311393255 ], [ 26.698785079855003, 39.318632536735421 ], [ 26.698781378765698, 39.318662273752217 ], [ 26.698724338390338, 39.318657910665813 ], [ 26.698728508916282, 39.318628311393255 ] ] ] ] } },
{ "type": "Feature", "properties": { "fid": null, "Layer": null }, "geometry": { "type": "MultiPolygon", "coordinates": [ [ [ [ 26.698954374628453, 39.318410086512074 ], [ 26.699018700149985, 39.318412538908554 ], [ 26.698999774429883, 39.318501988290684 ], [ 26.698891266748298, 39.318494721329934 ], [ 26.69889555100178, 39.318466513659374 ], [ 26.69894569854943, 39.318469391803461 ], [ 26.698954374628453, 39.318410086512074 ] ] ] ] } },
{ "type": "Feature", "properties": { "fid": null, "Layer": null }, "geometry": { "type": "MultiPolygon", "coordinates": [ [ [ [ 26.698650470216165, 39.318367791663256 ], [ 26.698675584035456, 39.318367967015057 ], [ 26.698677612032196, 39.318351534670384 ], [ 26.698652646142747, 39.31835018633722 ], [ 26.698650470216165, 39.318367791663256 ] ] ] ] } },
{ "type": "Feature", "properties": { "fid": null, "Layer": null }, "geometry": { "type": "MultiPolygon", "coordinates": [ [ [ [ 26.698099202136948, 39.317990735315753 ], [ 26.698088126627599, 39.318017695701087 ], [ 26.698148166734189, 39.318034955617883 ], [ 26.69815, 39.318000943424828 ], [ 26.698099202136948, 39.317990735315753 ] ] ] ] } },
{ "type": "Feature", "properties": { "fid": null, "Layer": null }, "geometry": { "type": "MultiPolygon", "coordinates": [ [ [ [ 26.69805501575091, 39.318107661910766 ], [ 26.698033664017238, 39.31810564508563 ], [ 26.698029972213778, 39.318136246526883 ], [ 26.698054267024045, 39.318138890099192 ], [ 26.69805501575091, 39.318107661910766 ] ] ] ] } },
{ "type": "Feature", "properties": { "fid": null, "Layer": null }, "geometry": { "type": "MultiPolygon", "coordinates": [ [ [ [ 26.697905790922228, 39.318092729942684 ], [ 26.697917673963797, 39.318098707805767 ], [ 26.698001183303834, 39.318037874573989 ], [ 26.697996672093652, 39.318032163572802 ], [ 26.697905790922228, 39.318092729942684 ] ] ] ] } },
{ "type": "Feature", "properties": { "fid": null, "Layer": null }, "geometry": { "type": "MultiPolygon", "coordinates": [ [ [ [ 26.697974468268363, 39.318057335420214 ], [ 26.69798477890313, 39.318065287373116 ], [ 26.69794379079881, 39.318111846095483 ], [ 26.697917673963797, 39.31809870780576 ], [ 26.697974468268363, 39.318057335420214 ] ] ] ] } },
{ "type": "Feature", "properties": { "fid": null, "Layer": null }, "geometry": { "type": "MultiPolygon", "coordinates": [ [ [ [ 26.69798477890313, 39.318065287373116 ], [ 26.697999870951779, 39.318073917326181 ], [ 26.69798, 39.31813 ], [ 26.69794379079881, 39.318111846095483 ], [ 26.69798477890313, 39.318065287373116 ] ] ] ] } },
{ "type": "Feature", "properties": { "fid": null, "Layer": null }, "geometry": { "type": "MultiPolygon", "coordinates": [ [ [ [ 26.698033591795951, 39.317909204201847 ], [ 26.698001536072027, 39.317895111141688 ], [ 26.698035317296227, 39.317852595190047 ], [ 26.69806, 39.31786 ], [ 26.698033591795951, 39.317909204201847 ] ] ] ] } }
]
}
