{
"type": "FeatureCollection",
"name": "halihazir",
"crs": { "type": "name", "properties": { "name": "urn:ogc:def:crs:OGC:1.3:CRS84" } },
"features": [
{ "type": "Feature", "properties": { "fid": 3, "Layer": "Wall" }, "geometry": { "type": "MultiLineString", "coordinates": [ [ [ 26.69521006523048, 39.318208940971644 ], [ 26.695357662493805, 39.318208031790242 ] ] ] } },
{ "type": "Feature", "properties": { "fid": 14, "Layer": "Wall" }, "geometry": { "type": "MultiLineString", "coordinates": [ [ [ 26.695720449848132, 39.318183938538226 ], [ 26.695577239597927, 39.31819609176555 ], [ 26.695586895270289, 39.3181023675928 ] ] ] } },
{ "type": "Feature", "properties": { "fid": 17, "Layer": "Wall" }, "geometry": { "type": "MultiLineString", "coordinates": [ [ [ 26.695759742644672, 39.318050717238393 ], [ 26.695774294182659, 39.318089350922449 ] ] ] } },
{ "type": "Feature", "properties": { "fid": 18, "Layer": "Wall" }, "geometry": { "type": "MultiLineString", "coordinates": [ [ [ 26.695816674059166, 39.318037640778108 ], [ 26.695835699295159, 39.318066003450397 ] ] ] } },
{ "type": "Feature", "properties": { "fid": 19, "Layer": "Wall" }, "geometry": { "type": "MultiLineString", "coordinates": [ [ [ 26.695912950407084, 39.318040845607939 ], [ 26.69590640980223, 39.318018011731205 ] ] ] } },
{ "type": "Feature", "properties": { "fid": 21, "Layer": "Wall" }, "geometry": { "type": "MultiLineString", "coordinates": [ [ [ 26.695933717043438, 39.318113708210731 ], [ 26.695964840920801, 39.318099635684959 ], [ 26.696060866697788, 39.318047833770237 ], [ 26.696128022755339, 39.318007576535564 ], [ 26.696216247671753, 39.317940734328232 ] ] ] } },
{ "type": "Feature", "properties": { "fid": 24, "Layer": "Wall" }, "geometry": { "type": "MultiLineString", "coordinates": [ [ [ 26.696017827413471, 39.317986613287793 ], [ 26.696041893017153, 39.317969779367843 ] ] ] } },
{ "type": "Feature", "properties": { "fid": 25, "Layer": "Wall" }, "geometry": { "type": "MultiLineString", "coordinates": [ [ [ 26.696041893017153, 39.317969779367843 ], [ 26.696027988876761, 39.317952350362361 ] ] ] } },
{ "type": "Feature", "properties": { "fid": 33, "Layer": "Wall" }, "geometry": { "type": "MultiLineString", "coordinates": [ [ [ 26.696614322166351, 39.317680141382127 ], [ 26.696647482869444, 39.317761124301391 ], [ 26.696574060157051, 39.317777002811894 ], [ 26.696547258087058, 39.317693238921819 ], [ 26.696614322166351, 39.317680141382127 ] ] ] } },
{ "type": "Feature", "properties": { "fid": 53, "Layer": "Wall" }, "geometry": { "type": "MultiLineString", "coordinates": [ [ [ 26.69521079035642, 39.318190610946147 ], [ 26.695210208049208, 39.318205357420531 ], [ 26.695357626782279, 39.318204449303948 ] ] ] } },
{ "type": "Feature", "properties": { "fid": 54, "Layer": "Wall" }, "geometry": { "type": "MultiLineString", "coordinates": [ [ [ 26.695101711221206, 39.318206721136946 ], [ 26.695079715249122, 39.318205825962316 ], [ 26.69499542191539, 39.318199488360179 ] ] ] } },
{ "type": "Feature", "properties": { "fid": 55, "Layer": "Wall" }, "geometry": { "type": "MultiLineString", "coordinates": [ [ [ 26.694919097521829, 39.318193750099745 ], [ 26.694771749940525, 39.318191906376285 ] ] ] } },
{ "type": "Feature", "properties": { "fid": 66, "Layer": "Wall" }, "geometry": { "type": "MultiLineString", "coordinates": [ [ [ 26.695120492447089, 39.317400027381389 ], [ 26.695114010350206, 39.317372108588295 ], [ 26.695345505790577, 39.317319694135534 ], [ 26.695357754574548, 39.317361365214261 ], [ 26.695120492447089, 39.317400027381389 ] ] ] } },
{ "type": "Feature", "properties": { "fid": 67, "Layer": "Wall" }, "geometry": { "type": "MultiLineString", "coordinates": [ [ [ 26.695114010350206, 39.317372108588295 ], [ 26.695088783851254, 39.317301452632591 ], [ 26.695205471439767, 39.317276388167805 ], [ 26.695214852798198, 39.3173492775312 ], [ 26.695114010350206, 39.317372108588295 ] ] ] } },
{ "type": "Feature", "properties": { "fid": 68, "Layer": "Wall" }, "geometry": { "type": "MultiLineString", "coordinates": [ [ [ 26.695345505790577, 39.317319694135534 ], [ 26.695340578183735, 39.317305274076439 ] ] ] } },
{ "type": "Feature", "properties": { "fid": 69, "Layer": "Wall" }, "geometry": { "type": "MultiLineString", "coordinates": [ [ [ 26.695147351247421, 39.317495240998973 ], [ 26.695136599448652, 39.317450319966476 ] ] ] } },
{ "type": "Feature", "properties": { "fid": 71, "Layer": "Wall" }, "geometry": { "type": "MultiLineString", "coordinates": [ [ [ 26.695415738241081, 39.317536256730222 ], [ 26.695390966768226, 39.317466908268422 ] ] ] } },
{ "type": "Feature", "properties": { "fid": 80, "Layer": "Wall" }, "geometry": { "type": "MultiLineString", "coordinates": [ [ [ 26.694989186166342, 39.317595929441993 ], [ 26.69504735236201, 39.317586923187612 ], [ 26.695026252708725, 39.317520391437888 ], [ 26.694968792988224, 39.317529748990701 ], [ 26.694989069608013, 39.317595948452023 ] ] ] } },
{ "type": "Feature", "properties": { "fid": 84, "Layer": "Wall" }, "geometry": { "type": "MultiLineString", "coordinates": [ [ [ 26.694967575032898, 39.317373836632477 ], [ 26.694991765877017, 39.317352588375037 ], [ 26.695003584722592, 39.317399069258542 ], [ 26.694976060457964, 39.317408788107223 ], [ 26.694967575032898, 39.317373836632477 ] ] ] } },
{ "type": "Feature", "properties": { "fid": 86, "Layer": "Wall" }, "geometry": { "type": "MultiLineString", "coordinates": [ [ [ 26.695110765681697, 39.317506627136112 ], [ 26.695090333351317, 39.317433998185351 ] ] ] } },
{ "type": "Feature", "properties": { "fid": 111, "Layer": "Wall" }, "geometry": { "type": "MultiLineString", "coordinates": [ [ [ 26.695577746485053, 39.317591559144965 ], [ 26.695627554774678, 39.317585368065281 ] ] ] } },
{ "type": "Feature", "properties": { "fid": 112, "Layer": "Wall" }, "geometry": { "type": "MultiLineString", "coordinates": [ [ [ 26.695564293226656, 39.317536705874097 ], [ 26.695588854734279, 39.317533632704333 ] ] ] } },
{ "type": "Feature", "properties": { "fid": 113, "Layer": "Wall" }, "geometry": { "type": "MultiLineString", "coordinates": [ [ [ 26.695545349388944, 39.31745883681576 ], [ 26.695567839428985, 39.317456021192498 ] ] ] } },
{ "type": "Feature", "properties": { "fid": 114, "Layer": "Wall" }, "geometry": { "type": "MultiLineString", "coordinates": [ [ [ 26.695570474649301, 39.317409128255257 ], [ 26.695534464831063, 39.31741660820758 ] ] ] } },
{ "type": "Feature", "properties": { "fid": 115, "Layer": "Wall" }, "geometry": { "type": "MultiLineString", "coordinates": [ [ [ 26.695372396268141, 39.317296527907509 ], [ 26.695350511209394, 39.317230382141815 ] ] ] } },
{ "type": "Feature", "properties": { "fid": 133, "Layer": "Wall" }, "geometry": { "type": "MultiLineString", "coordinates": [ [ [ 26.695944120358657, 39.317388811895839 ], [ 26.695935494253899, 39.317359765429934 ] ] ] } },
{ "type": "Feature", "properties": { "fid": 161, "Layer": "Wall" }, "geometry": { "type": "MultiLineString", "coordinates": [ [ [ 26.696132394909238, 39.317188470049629 ], [ 26.696048979270028, 39.317202659171137 ], [ 26.696035712871446, 39.317139174382383 ], [ 26.696094345778345, 39.317127456458181 ], [ 26.696093935728527, 39.317121390855881 ], [ 26.696142652207488, 39.317116628375963 ] ] ] } },
{ "type": "Feature", "properties": { "fid": 164, "Layer": "Wall" }, "geometry": { "type": "MultiLineString", "coordinates": [ [ [ 26.696209282228768, 39.317134645190514 ], [ 26.696221341929306, 39.317171483619518 ], [ 26.696218981063883, 39.317174990003707 ] ] ] } },
{ "type": "Feature", "properties": { "fid": 172, "Layer": "Wall" }, "geometry": { "type": "MultiLineString", "coordinates": [ [ [ 26.696153708355158, 39.317259335687041 ], [ 26.696063837234462, 39.317277519240662 ] ] ] } },
{ "type": "Feature", "properties": { "fid": 173, "Layer": "Wall" }, "geometry": { "type": "MultiLineString", "coordinates": [ [ [ 26.696108366018915, 39.317333796669253 ], [ 26.696079317979802, 39.317338860572022 ] ] ] } },
{ "type": "Feature", "properties": { "fid": 181, "Layer": "Wall" }, "geometry": { "type": "MultiLineString", "coordinates": [ [ [ 26.696253126154602, 39.317119915550222 ], [ 26.696283723608342, 39.317216014085083 ] ] ] } },
{ "type": "Feature", "properties": { "fid": 182, "Layer": "Wall" }, "geometry": { "type": "MultiLineString", "coordinates": [ [ [ 26.696518050550065, 39.317204513128587 ], [ 26.696513800212092, 39.317350242749164 ] ] ] } },
{ "type": "Feature", "properties": { "fid": 184, "Layer": "Wall" }, "geometry": { "type": "MultiLineString", "coordinates": [ [ [ 26.696298268067896, 39.317261701202376 ], [ 26.696310378908276, 39.317299737652164 ] ] ] } },
{ "type": "Feature", "properties": { "fid": 185, "Layer": "Wall" }, "geometry": { "type": "MultiLineString", "coordinates": [ [ [ 26.696347434924178, 39.317169803866676 ], [ 26.696268415922358, 39.317166518317201 ] ] ] } },
{ "type": "Feature", "properties": { "fid": 196, "Layer": "Wall" }, "geometry": { "type": "MultiLineString", "coordinates": [ [ [ 26.696564035385006, 39.317281036716437 ], [ 26.696565940557559, 39.317178850363689 ] ] ] } },
{ "type": "Feature", "properties": { "fid": 197, "Layer": "Wall" }, "geometry": { "type": "MultiLineString", "coordinates": [ [ [ 26.696662731480071, 39.317276224523852 ], [ 26.696691270874876, 39.317200760988378 ] ] ] } },
{ "type": "Feature", "properties": { "fid": 198, "Layer": "Wall" }, "geometry": { "type": "MultiLineString", "coordinates": [ [ [ 26.696740926871342, 39.317264193282355 ], [ 26.696759679399598, 39.317209827925133 ] ] ] } },
{ "type": "Feature", "properties": { "fid": 199, "Layer": "Wall" }, "geometry": { "type": "MultiLineString", "coordinates": [ [ [ 26.696840721318722, 39.317268359761144 ], [ 26.696848445034892, 39.317234532946436 ] ] ] } },
{ "type": "Feature", "properties": { "fid": 200, "Layer": "Wall" }, "geometry": { "type": "MultiLineString", "coordinates": [ [ [ 26.696770323081648, 39.317273626540647 ], [ 26.696807794753642, 39.317218775852709 ] ] ] } },
{ "type": "Feature", "properties": { "fid": 201, "Layer": "Wall" }, "geometry": { "type": "MultiLineString", "coordinates": [ [ [ 26.696949805642813, 39.317201615311689 ], [ 26.696979785793346, 39.317230591651274 ] ] ] } },
{ "type": "Feature", "properties": { "fid": 204, "Layer": "Wall" }, "geometry": { "type": "MultiLineString", "coordinates": [ [ [ 26.695708697183591, 39.317364759495817 ], [ 26.695677699537377, 39.317280428702162 ] ] ] } },
{ "type": "Feature", "properties": { "fid": 205, "Layer": "Wall" }, "geometry": { "type": "MultiLineString", "coordinates": [ [ [ 26.696208834510923, 39.317451403323048 ], [ 26.696166208607522, 39.317460009157436 ] ] ] } },
{ "type": "Feature", "properties": { "fid": 206, "Layer": "Wall" }, "geometry": { "type": "MultiLineString", "coordinates": [ [ [ 26.696441913014976, 39.317275240859331 ], [ 26.696516391741337, 39.317261371392242 ] ] ] } },
{ "type": "Feature", "properties": { "fid": 207, "Layer": "Wall" }, "geometry": { "type": "MultiLineString", "coordinates": [ [ [ 26.6967648630993, 39.317144751828586 ], [ 26.6968263754985, 39.317158492298105 ] ] ] } },
{ "type": "Feature", "properties": { "fid": 208, "Layer": "Wall" }, "geometry": { "type": "MultiLineString", "coordinates": [ [ [ 26.696632228531453, 39.317117389552827 ], [ 26.696696015156224, 39.317130892100543 ] ] ] } },
{ "type": "Feature", "properties": { "fid": 209, "Layer": "Wall" }, "geometry": { "type": "MultiLineString", "coordinates": [ [ [ 26.696626453167163, 39.317189857170213 ], [ 26.696691270874876, 39.317200760988378 ] ] ] } },
{ "type": "Feature", "properties": { "fid": 213, "Layer": "Wall" }, "geometry": { "type": "MultiLineString", "coordinates": [ [ [ 26.694428691642806, 39.318346869989611 ], [ 26.694486180792897, 39.318362689085639 ] ] ] } },
{ "type": "Feature", "properties": { "fid": 223, "Layer": "Wall" }, "geometry": { "type": "MultiLineString", "coordinates": [ [ [ 26.694574659542294, 39.318269942802687 ], [ 26.69457656152084, 39.318258816337192 ], [ 26.694666170083721, 39.318268052907975 ] ] ] } },
{ "type": "Feature", "properties": { "fid": 224, "Layer": "Wall" }, "geometry": { "type": "MultiLineString", "coordinates": [ [ [ 26.694784568294445, 39.318280735667685 ], [ 26.694905594322282, 39.318293643723337 ] ] ] } },
{ "type": "Feature", "properties": { "fid": 225, "Layer": "Wall" }, "geometry": { "type": "MultiLineString", "coordinates": [ [ [ 26.694574659542294, 39.318269942802687 ], [ 26.69444512570697, 39.318258323413922 ] ] ] } },
{ "type": "Feature", "properties": { "fid": 226, "Layer": "Wall" }, "geometry": { "type": "MultiLineString", "coordinates": [ [ [ 26.694850821776967, 39.318333326005131 ], [ 26.694853413677269, 39.318288078555881 ] ] ] } },
{ "type": "Feature", "properties": { "fid": 227, "Layer": "Wall" }, "geometry": { "type": "MultiLineString", "coordinates": [ [ [ 26.694813782114256, 39.31830980999279 ], [ 26.694818284645955, 39.318284331251768 ] ] ] } },
{ "type": "Feature", "properties": { "fid": 253, "Layer": "Wall" }, "geometry": { "type": "MultiLineString", "coordinates": [ [ [ 26.695166246516575, 39.3182899462713 ], [ 26.695313528999264, 39.318266572827426 ] ] ] } },
{ "type": "Feature", "properties": { "fid": 254, "Layer": "Wall" }, "geometry": { "type": "MultiLineString", "coordinates": [ [ [ 26.695254887205561, 39.318627585420394 ], [ 26.69527058969528, 39.318637899046742 ] ] ] } },
{ "type": "Feature", "properties": { "fid": 263, "Layer": "Wall" }, "geometry": { "type": "MultiLineString", "coordinates": [ [ [ 26.694823305894726, 39.317883375112892 ], [ 26.694822454589051, 39.317957983236028 ], [ 26.694820136373725, 39.317958710875551 ], [ 26.69466742182853, 39.31795310501704 ] ] ] } },
{ "type": "Feature", "properties": { "fid": 271, "Layer": "Wall" }, "geometry": { "type": "MultiLineString", "coordinates": [ [ [ 26.694667319165635, 39.31760104681927 ], [ 26.694769916767296, 39.317549315478615 ], [ 26.694790974658925, 39.317554688780916 ], [ 26.694793371979088, 39.317567085878039 ] ] ] } },
{ "type": "Feature", "properties": { "fid": 282, "Layer": "Wall" }, "geometry": { "type": "MultiLineString", "coordinates": [ [ [ 26.694202215142074, 39.318170199088712 ], [ 26.69431308183372, 39.318149602909394 ], [ 26.694312222958317, 39.318115130490582 ] ] ] } },
{ "type": "Feature", "properties": { "fid": 298, "Layer": "Wall" }, "geometry": { "type": "MultiLineString", "coordinates": [ [ [ 26.693974608589343, 39.317735388671387 ], [ 26.694032674734469, 39.317657555843184 ] ] ] } },
{ "type": "Feature", "properties": { "fid": 299, "Layer": "Wall" }, "geometry": { "type": "MultiLineString", "coordinates": [ [ [ 26.693924256537343, 39.317841456011394 ], [ 26.693904256621174, 39.31791727983564 ], [ 26.693906709892399, 39.317920079687276 ], [ 26.693972994129577, 39.31792230416039 ] ] ] } },
{ "type": "Feature", "properties": { "fid": 300, "Layer": "Wall" }, "geometry": { "type": "MultiLineString", "coordinates": [ [ [ 26.694043292642775, 39.317532093905292 ], [ 26.69405528138352, 39.317422859164736 ], [ 26.694150878801558, 39.317434073287735 ] ] ] } },
{ "type": "Feature", "properties": { "fid": 307, "Layer": "Wall" }, "geometry": { "type": "MultiLineString", "coordinates": [ [ [ 26.694794219161111, 39.317313970963589 ], [ 26.694782888214355, 39.317307174601133 ], [ 26.694779236497254, 39.317204816857469 ], [ 26.694767574213149, 39.317124507091982 ] ] ] } },
{ "type": "Feature", "properties": { "fid": 308, "Layer": "Wall" }, "geometry": { "type": "MultiLineString", "coordinates": [ [ [ 26.694839235398092, 39.317267535877548 ], [ 26.694780860061904, 39.317250305287409 ] ] ] } },
{ "type": "Feature", "properties": { "fid": 309, "Layer": "Wall" }, "geometry": { "type": "MultiLineString", "coordinates": [ [ [ 26.695047414772763, 39.317214723492398 ], [ 26.694767574213149, 39.317124507091982 ], [ 26.69475706587091, 39.317081817242361 ] ] ] } },
{ "type": "Feature", "properties": { "fid": 317, "Layer": "Wall" }, "geometry": { "type": "MultiLineString", "coordinates": [ [ [ 26.694973245432465, 39.317307090301249 ], [ 26.694946593285415, 39.317335487864163 ], [ 26.694909327202463, 39.317314259273189 ], [ 26.694914487421443, 39.317289747556465 ], [ 26.694973245432465, 39.317307090301249 ] ] ] } },
{ "type": "Feature", "properties": { "fid": 342, "Layer": "Wall" }, "geometry": { "type": "MultiLineString", "coordinates": [ [ [ 26.694976643842679, 39.316956462726779 ], [ 26.694989176817788, 39.316978972471205 ] ] ] } },
{ "type": "Feature", "properties": { "fid": 343, "Layer": "Wall" }, "geometry": { "type": "MultiLineString", "coordinates": [ [ [ 26.695448441933056, 39.316962245576818 ], [ 26.695447004041778, 39.316934691192344 ] ] ] } },
{ "type": "Feature", "properties": { "fid": 345, "Layer": "Wall" }, "geometry": { "type": "MultiLineString", "coordinates": [ [ [ 26.695201934453209, 39.316923265539721 ], [ 26.695377627820925, 39.316920163051769 ], [ 26.695367229826857, 39.316780580310343 ], [ 26.695268364715144, 39.316800744254415 ], [ 26.695272715065641, 39.316872253860168 ], [ 26.695198452975216, 39.316879739307574 ], [ 26.695201934453209, 39.316923265539721 ] ] ] } },
{ "type": "Feature", "properties": { "fid": 358, "Layer": "Wall" }, "geometry": { "type": "MultiLineString", "coordinates": [ [ [ 26.694804378130037, 39.317351698706901 ], [ 26.694718824539752, 39.317305565617282 ], [ 26.694741823692596, 39.317250806580816 ], [ 26.694711524410454, 39.317064639642162 ], [ 26.694690966208668, 39.317002286670984 ] ] ] } },
{ "type": "Feature", "properties": { "fid": 359, "Layer": "Wall" }, "geometry": { "type": "MultiLineString", "coordinates": [ [ [ 26.694272477179585, 39.317045560225196 ], [ 26.694262963562679, 39.316967875044369 ], [ 26.694366878553453, 39.316955127216573 ] ] ] } },
{ "type": "Feature", "properties": { "fid": 372, "Layer": "Wall" }, "geometry": { "type": "MultiLineString", "coordinates": [ [ [ 26.696404954903524, 39.323590203119835 ], [ 26.696451442686907, 39.32355410213809 ], [ 26.696392763380647, 39.323529361781482 ] ] ] } },
{ "type": "Feature", "properties": { "fid": 374, "Layer": "Wall" }, "geometry": { "type": "MultiLineString", "coordinates": [ [ [ 26.696294683275688, 39.323669172884294 ], [ 26.696314509656641, 39.323654880417578 ] ] ] } },
{ "type": "Feature", "properties": { "fid": 376, "Layer": "Wall" }, "geometry": { "type": "MultiLineString", "coordinates": [ [ [ 26.696094651248824, 39.323398142868641 ], [ 26.696237823492837, 39.323465190786941 ], [ 26.696244490616809, 39.323459323928034 ], [ 26.696290122208957, 39.32348575960922 ], [ 26.696336387012277, 39.323506227801566 ] ] ] } },
{ "type": "Feature", "properties": { "fid": 380, "Layer": "Wall" }, "geometry": { "type": "MultiLineString", "coordinates": [ [ [ 26.696034649709087, 39.323364629320743 ], [ 26.696025034978195, 39.323338012651426 ], [ 26.696017172033926, 39.32330489998683 ], [ 26.696023560560494, 39.323303638404134 ], [ 26.696012040072628, 39.32325521536508 ] ] ] } },
{ "type": "Feature", "properties": { "fid": 381, "Layer": "Wall" }, "geometry": { "type": "MultiLineString", "coordinates": [ [ [ 26.696017172033926, 39.32330489998683 ], [ 26.695917406865977, 39.323319190838461 ] ] ] } },
{ "type": "Feature", "properties": { "fid": 383, "Layer": "Wall" }, "geometry": { "type": "MultiLineString", "coordinates": [ [ [ 26.695896858896226, 39.323229833253507 ], [ 26.695909585792993, 39.32322757477268 ] ] ] } },
{ "type": "Feature", "properties": { "fid": 385, "Layer": "Wall" }, "geometry": { "type": "MultiLineString", "coordinates": [ [ [ 26.696151061638655, 39.323651100958003 ], [ 26.696137371344697, 39.32363806999426 ], [ 26.696189775301782, 39.323580808933087 ], [ 26.696223460278084, 39.323608492439767 ], [ 26.696151061638655, 39.323651100958003 ] ] ] } },
{ "type": "Feature", "properties": { "fid": 388, "Layer": "Wall" }, "geometry": { "type": "MultiLineString", "coordinates": [ [ [ 26.696013001850165, 39.323520154176286 ], [ 26.696053593225969, 39.323559882112519 ], [ 26.696107023322288, 39.323517905942552 ], [ 26.696062597953095, 39.32348186934928 ], [ 26.696013001850165, 39.323520154176286 ] ] ] } },
{ "type": "Feature", "properties": { "fid": 389, "Layer": "Wall" }, "geometry": { "type": "MultiLineString", "coordinates": [ [ [ 26.696006812607315, 39.323514120998404 ], [ 26.696013001850165, 39.323520154176286 ] ] ] } },
{ "type": "Feature", "properties": { "fid": 399, "Layer": "Wall" }, "geometry": { "type": "MultiLineString", "coordinates": [ [ [ 26.695857966519483, 39.323329478420689 ], [ 26.695873196173164, 39.323384801045364 ], [ 26.695888289836493, 39.323400036920098 ] ] ] } },
{ "type": "Feature", "properties": { "fid": 400, "Layer": "Wall" }, "geometry": { "type": "MultiLineString", "coordinates": [ [ [ 26.695916938512646, 39.323428378605058 ], [ 26.695937152906968, 39.323447762893061 ] ] ] } },
{ "type": "Feature", "properties": { "fid": 401, "Layer": "Wall" }, "geometry": { "type": "MultiLineString", "coordinates": [ [ [ 26.69594906876274, 39.323386197121309 ], [ 26.695973098245346, 39.323380604932872 ] ] ] } },
{ "type": "Feature", "properties": { "fid": 402, "Layer": "Wall" }, "geometry": { "type": "MultiLineString", "coordinates": [ [ [ 26.695929337351338, 39.323317480368303 ], [ 26.695942842912324, 39.323344749627381 ], [ 26.695961102274698, 39.323374756251454 ], [ 26.695967437552852, 39.323381922548521 ] ] ] } },
{ "type": "Feature", "properties": { "fid": 403, "Layer": "Wall" }, "geometry": { "type": "MultiLineString", "coordinates": [ [ [ 26.696290122208957, 39.32348575960922 ], [ 26.696243224291553, 39.3235423657068 ] ] ] } },
{ "type": "Feature", "properties": { "fid": 407, "Layer": "Wall" }, "geometry": { "type": "MultiLineString", "coordinates": [ [ [ 26.696864426773388, 39.323454344370916 ], [ 26.696851583835489, 39.323402431014586 ], [ 26.696826632740795, 39.323336384166744 ], [ 26.696754723786, 39.323383517487336 ] ] ] } },
{ "type": "Feature", "properties": { "fid": 408, "Layer": "Wall" }, "geometry": { "type": "MultiLineString", "coordinates": [ [ [ 26.696823128463723, 39.323423903660789 ], [ 26.696849209497156, 39.323404222655007 ], [ 26.696848886039021, 39.323402916879651 ], [ 26.69682558330306, 39.323339318849783 ], [ 26.69675729995917, 39.323385037024124 ] ] ] } },
{ "type": "Feature", "properties": { "fid": 413, "Layer": "Wall" }, "geometry": { "type": "MultiLineString", "coordinates": [ [ [ 26.697141809214614, 39.323463394527934 ], [ 26.697196715430202, 39.323422741892898 ], [ 26.697148037928223, 39.323376753938675 ], [ 26.697153436197297, 39.32337317545543 ] ] ] } },
{ "type": "Feature", "properties": { "fid": 417, "Layer": "Wall" }, "geometry": { "type": "MultiLineString", "coordinates": [ [ [ 26.696927367148088, 39.32342926358551 ], [ 26.696913851573328, 39.323405305898675 ], [ 26.696882569404082, 39.323320220370441 ] ] ] } },
{ "type": "Feature", "properties": { "fid": 420, "Layer": "Wall" }, "geometry": { "type": "MultiLineString", "coordinates": [ [ [ 26.696905738965945, 39.323289857621113 ], [ 26.696953226231475, 39.323267371792383 ], [ 26.697036089648574, 39.323341849304676 ] ] ] } },
{ "type": "Feature", "properties": { "fid": 437, "Layer": "Wall" }, "geometry": { "type": "MultiLineString", "coordinates": [ [ [ 26.696472592352148, 39.322919173154609 ], [ 26.696484498610221, 39.322953937431571 ], [ 26.696582294980271, 39.322943591733122 ], [ 26.696626624540809, 39.322922135858825 ], [ 26.696666111484276, 39.322884657797623 ], [ 26.696673259567984, 39.322875697660493 ], [ 26.696659798501376, 39.322831201798387 ], [ 26.696588747181149, 39.32283727234865 ] ] ] } },
{ "type": "Feature", "properties": { "fid": 443, "Layer": "Wall" }, "geometry": { "type": "MultiLineString", "coordinates": [ [ [ 26.696572678025866, 39.322696409091542 ], [ 26.696646696899286, 39.322688588654991 ], [ 26.696689078626473, 39.322828700230673 ], [ 26.696659798501376, 39.322831201798387 ] ] ] } },
{ "type": "Feature", "properties": { "fid": 444, "Layer": "Wall" }, "geometry": { "type": "MultiLineString", "coordinates": [ [ [ 26.69649834261033, 39.322704262220654 ], [ 26.696473525975509, 39.322706987379128 ], [ 26.696460391317075, 39.322713673055496 ], [ 26.696453489637701, 39.322723267554125 ], [ 26.696447552819947, 39.322736287024711 ], [ 26.696443485768167, 39.322746702508653 ], [ 26.696437045912731, 39.322767152054269 ], [ 26.696431878860974, 39.322785620150341 ], [ 26.696430435634692, 39.322806117271611 ], [ 26.69643147614822, 39.32282978232093 ] ] ] } },
{ "type": "Feature", "properties": { "fid": 450, "Layer": "Wall" }, "geometry": { "type": "MultiLineString", "coordinates": [ [ [ 26.696652831349919, 39.322401603971826 ], [ 26.696638050051799, 39.322350882207516 ] ] ] } },
{ "type": "Feature", "properties": { "fid": 451, "Layer": "Wall" }, "geometry": { "type": "MultiLineString", "coordinates": [ [ [ 26.69662007724892, 39.322355065528903 ], [ 26.696719212810759, 39.322334387863933 ] ] ] } },
{ "type": "Feature", "properties": { "fid": 454, "Layer": "Wall" }, "geometry": { "type": "MultiLineString", "coordinates": [ [ [ 26.696732816715283, 39.322631044129565 ], [ 26.696635620727537, 39.32264407885372 ], [ 26.696603796726908, 39.322530300407102 ] ] ] } },
{ "type": "Feature", "properties": { "fid": 455, "Layer": "Wall" }, "geometry": { "type": "MultiLineString", "coordinates": [ [ [ 26.696658577095135, 39.322501288195298 ], [ 26.696590036284203, 39.322514295465915 ] ] ] } },
{ "type": "Feature", "properties": { "fid": 458, "Layer": "Wall" }, "geometry": { "type": "MultiLineString", "coordinates": [ [ [ 26.696750771811413, 39.322350693166463 ], [ 26.69677183060308, 39.322411598504864 ], [ 26.69674232433605, 39.322417178703759 ] ] ] } },
{ "type": "Feature", "properties": { "fid": 459, "Layer": "Wall" }, "geometry": { "type": "MultiLineString", "coordinates": [ [ [ 26.696590036284203, 39.322514295465915 ], [ 26.696562886685285, 39.322449182303885 ] ] ] } },
{ "type": "Feature", "properties": { "fid": 468, "Layer": "Wall" }, "geometry": { "type": "MultiLineString", "coordinates": [ [ [ 26.69599988875456, 39.323185926295828 ], [ 26.696054984402267, 39.323177100908474 ] ] ] } },
{ "type": "Feature", "properties": { "fid": 478, "Layer": "Wall" }, "geometry": { "type": "MultiLineString", "coordinates": [ [ [ 26.696058272518073, 39.323287559813892 ], [ 26.696071570783943, 39.323341767177993 ], [ 26.6961459822029, 39.32340511538051 ], [ 26.696181573851845, 39.323400966171228 ] ] ] } },
{ "type": "Feature", "properties": { "fid": 480, "Layer": "Wall" }, "geometry": { "type": "MultiLineString", "coordinates": [ [ [ 26.696170309489908, 39.323394998001206 ], [ 26.696249846336389, 39.32333417429804 ], [ 26.696285078865046, 39.323355478128725 ], [ 26.696293660040041, 39.323348281816649 ], [ 26.696333922365191, 39.323380736181136 ], [ 26.696260846345293, 39.323443274033892 ], [ 26.696170309489908, 39.323394998001206 ] ] ] } },
{ "type": "Feature", "properties": { "fid": 481, "Layer": "Wall" }, "geometry": { "type": "MultiLineString", "coordinates": [ [ [ 26.696260846345293, 39.323443274033892 ], [ 26.696343550174838, 39.323372493859296 ], [ 26.696438398020472, 39.323439401975804 ], [ 26.696376450584847, 39.323484671512929 ], [ 26.696260846345293, 39.323443274033892 ] ] ] } },
{ "type": "Feature", "properties": { "fid": 484, "Layer": "Wall" }, "geometry": { "type": "MultiLineString", "coordinates": [ [ [ 26.696482035720596, 39.323522423765183 ], [ 26.696501508019129, 39.323531338519828 ], [ 26.696603118882788, 39.323464004479845 ], [ 26.696582497326325, 39.323446594552983 ], [ 26.696482035720596, 39.323522423765183 ] ] ] } },
{ "type": "Feature", "properties": { "fid": 488, "Layer": "Wall" }, "geometry": { "type": "MultiLineString", "coordinates": [ [ [ 26.696110716375635, 39.323198374076661 ], [ 26.696164847207349, 39.323191327310901 ], [ 26.696216345224347, 39.323182250504686 ], [ 26.696235310291069, 39.323212168268604 ], [ 26.696250768842638, 39.323236554432931 ], [ 26.696132110544038, 39.323270039003674 ], [ 26.696110716375635, 39.323198374076661 ] ] ] } },
{ "type": "Feature", "properties": { "fid": 489, "Layer": "Wall" }, "geometry": { "type": "MultiLineString", "coordinates": [ [ [ 26.696443625306518, 39.323506810756001 ], [ 26.696376450584847, 39.323484671512929 ], [ 26.696480322967378, 39.323408768937227 ], [ 26.696508111201467, 39.323425937296356 ], [ 26.696458009525788, 39.323462064144522 ], [ 26.696481195627968, 39.323481469964712 ], [ 26.696443625306518, 39.323506810756001 ] ] ] } },
{ "type": "Feature", "properties": { "fid": 490, "Layer": "Wall" }, "geometry": { "type": "MultiLineString", "coordinates": [ [ [ 26.696250768842638, 39.323236554432931 ], [ 26.696304520010219, 39.323287158055059 ] ] ] } },
{ "type": "Feature", "properties": { "fid": 491, "Layer": "Wall" }, "geometry": { "type": "MultiLineString", "coordinates": [ [ [ 26.696100534572615, 39.323334453883874 ], [ 26.696071570783943, 39.323341767177993 ] ] ] } },
{ "type": "Feature", "properties": { "fid": 505, "Layer": "Wall" }, "geometry": { "type": "MultiLineString", "coordinates": [ [ [ 26.697138181077982, 39.323762410655654 ], [ 26.697105091957656, 39.323739309138588 ], [ 26.697062911126643, 39.323698842828541 ], [ 26.697151409229612, 39.323681205761623 ], [ 26.697160012809299, 39.323677305667594 ], [ 26.697202626724472, 39.323731870158724 ], [ 26.697138181077982, 39.323762410655654 ] ] ] } },
{ "type": "Feature", "properties": { "fid": 512, "Layer": "Wall" }, "geometry": { "type": "MultiLineString", "coordinates": [ [ [ 26.697277995216478, 39.323520288231784 ], [ 26.697293451719879, 39.323507926951557 ], [ 26.6974008587007, 39.323564842824574 ], [ 26.697478535127594, 39.323628498448031 ], [ 26.697257728747225, 39.323745389297201 ], [ 26.69720421780913, 39.323679557301574 ], [ 26.697215895398376, 39.323673830714689 ], [ 26.697143109400344, 39.323593378819446 ], [ 26.697223030673396, 39.323529736437379 ] ] ] } },
{ "type": "Feature", "properties": { "fid": 518, "Layer": "Wall" }, "geometry": { "type": "MultiLineString", "coordinates": [ [ [ 26.696740374061708, 39.323500110746082 ], [ 26.696794656235554, 39.323518669533051 ], [ 26.696853440279938, 39.323537164737459 ], [ 26.696755073792048, 39.323617313495248 ], [ 26.6967164509261, 39.323588549937959 ] ] ] } },
{ "type": "Feature", "properties": { "fid": 519, "Layer": "Wall" }, "geometry": { "type": "MultiLineString", "coordinates": [ [ [ 26.696624134179924, 39.323647171195645 ], [ 26.69669286658149, 39.323595641336539 ], [ 26.696736943603515, 39.323634125638627 ], [ 26.696674481469188, 39.323683481296747 ], [ 26.696624134179924, 39.323647171195645 ] ] ] } },
{ "type": "Feature", "properties": { "fid": 523, "Layer": "Wall" }, "geometry": { "type": "MultiLineString", "coordinates": [ [ [ 26.696510359970308, 39.323802874946544 ], [ 26.696563594424028, 39.323769113438608 ], [ 26.696481965103999, 39.323695795081207 ] ] ] } },
{ "type": "Feature", "properties": { "fid": 527, "Layer": "Wall" }, "geometry": { "type": "MultiLineString", "coordinates": [ [ [ 26.696578272003176, 39.32353648269617 ], [ 26.696546795713772, 39.323559553139511 ], [ 26.696439843263441, 39.32363351518832 ], [ 26.696420153845892, 39.323645139576435 ] ] ] } },
{ "type": "Feature", "properties": { "fid": 529, "Layer": "Wall" }, "geometry": { "type": "MultiLineString", "coordinates": [ [ [ 26.696563594424028, 39.323769113438608 ], [ 26.696577174981446, 39.323760578521181 ] ] ] } },
{ "type": "Feature", "properties": { "fid": 540, "Layer": "Wall" }, "geometry": { "type": "MultiLineString", "coordinates": [ [ [ 26.696316000629594, 39.32390892076144 ], [ 26.69621213108627, 39.323966475187284 ] ] ] } },
{ "type": "Feature", "properties": { "fid": 541, "Layer": "Wall" }, "geometry": { "type": "MultiLineString", "coordinates": [ [ [ 26.696307874633501, 39.323855809525014 ], [ 26.696277981952644, 39.323828135124621 ] ] ] } },
{ "type": "Feature", "properties": { "fid": 546, "Layer": "Wall" }, "geometry": { "type": "MultiLineString", "coordinates": [ [ [ 26.695977273882221, 39.323051321486084 ], [ 26.69600083781658, 39.323038629561765 ], [ 26.695997832919449, 39.322976255713051 ], [ 26.695976868379489, 39.322976463245773 ] ] ] } },
{ "type": "Feature", "properties": { "fid": 547, "Layer": "Wall" }, "geometry": { "type": "MultiLineString", "coordinates": [ [ [ 26.69600083781658, 39.323038629561765 ], [ 26.696082661270825, 39.323032360071174 ], [ 26.69607771163701, 39.32297221042262 ], [ 26.695997832919449, 39.322976255713051 ], [ 26.69600083781658, 39.323038629561765 ] ] ] } },
{ "type": "Feature", "properties": { "fid": 553, "Layer": "Wall" }, "geometry": { "type": "MultiLineString", "coordinates": [ [ [ 26.695742657409287, 39.322850162448852 ], [ 26.695795646298848, 39.322843467820732 ], [ 26.695780266550635, 39.322785715800251 ], [ 26.695729292315907, 39.322789928726714 ], [ 26.695742657409287, 39.322850162448852 ] ] ] } },
{ "type": "Feature", "properties": { "fid": 559, "Layer": "Wall" }, "geometry": { "type": "MultiLineString", "coordinates": [ [ [ 26.695846163352087, 39.322840050117343 ], [ 26.695795646298848, 39.322843467820732 ], [ 26.695742657409287, 39.322850162448852 ], [ 26.695753422829831, 39.322906422721374 ], [ 26.695853198547663, 39.322898508338959 ] ] ] } },
{ "type": "Feature", "properties": { "fid": 561, "Layer": "Wall" }, "geometry": { "type": "MultiLineString", "coordinates": [ [ [ 26.695759925811824, 39.322938729281901 ], [ 26.695768058193735, 39.322981013080359 ], [ 26.695864521018645, 39.322978650113413 ], [ 26.695858196042781, 39.322936497861605 ], [ 26.695759925811824, 39.322938729281901 ] ] ] } },
{ "type": "Feature", "properties": { "fid": 563, "Layer": "Wall" }, "geometry": { "type": "MultiLineString", "coordinates": [ [ [ 26.696105242889296, 39.322746243472068 ], [ 26.696107404389888, 39.322829359671445 ], [ 26.695983203274466, 39.322834405529363 ], [ 26.695974905788493, 39.322765487240432 ], [ 26.696105242889296, 39.322746243472068 ] ] ] } },
{ "type": "Feature", "properties": { "fid": 574, "Layer": "Wall" }, "geometry": { "type": "MultiLineString", "coordinates": [ [ [ 26.695836073278816, 39.322512275208126 ], [ 26.695708516675232, 39.322538784831494 ], [ 26.695719944425239, 39.32257768029659 ], [ 26.695846469759918, 39.322553434534889 ], [ 26.695836073278816, 39.322512275208126 ] ] ] } },
{ "type": "Feature", "properties": { "fid": 575, "Layer": "Wall" }, "geometry": { "type": "MultiLineString", "coordinates": [ [ [ 26.695719944425239, 39.32257768029659 ], [ 26.695738471383713, 39.322633399688478 ], [ 26.695860426187224, 39.322610253602079 ], [ 26.695846469759918, 39.322553434534889 ], [ 26.695719944425239, 39.32257768029659 ] ] ] } },
{ "type": "Feature", "properties": { "fid": 576, "Layer": "Wall" }, "geometry": { "type": "MultiLineString", "coordinates": [ [ [ 26.695923493163889, 39.322654405679216 ], [ 26.695909523351002, 39.322600729869926 ], [ 26.695793206790771, 39.322623293774903 ], [ 26.69580745363146, 39.322672642438505 ], [ 26.695755639801849, 39.322681660101935 ], [ 26.69576410747398, 39.322707112242085 ], [ 26.695858885943359, 39.322689452346978 ], [ 26.695855769589901, 39.322663671211387 ], [ 26.695923493163889, 39.322654405679216 ] ] ] } },
{ "type": "Feature", "properties": { "fid": 581, "Layer": "Wall" }, "geometry": { "type": "MultiLineString", "coordinates": [ [ [ 26.696212195205835, 39.32268237434856 ], [ 26.696213879117607, 39.322702772269331 ], [ 26.69623749640003, 39.322700349770585 ] ] ] } },
{ "type": "Feature", "properties": { "fid": 582, "Layer": "Wall" }, "geometry": { "type": "MultiLineString", "coordinates": [ [ [ 26.696388805599245, 39.322685844570081 ], [ 26.69637395335571, 39.322595746135889 ], [ 26.696421549522306, 39.322591364356619 ], [ 26.696437733553857, 39.322680606439306 ], [ 26.696388805599245, 39.322685844570081 ] ] ] } },
{ "type": "Feature", "properties": { "fid": 590, "Layer": "Wall" }, "geometry": { "type": "MultiLineString", "coordinates": [ [ [ 26.696347841131541, 39.322501455424515 ], [ 26.696336719762861, 39.322468665231526 ], [ 26.696285334636404, 39.322477273891764 ], [ 26.696269614744672, 39.322430072473871 ], [ 26.696242828576295, 39.32243653046006 ], [ 26.696298010992624, 39.322565985496439 ], [ 26.696368641510595, 39.322553779220797 ], [ 26.696347841131541, 39.322501455424515 ] ] ] } },
{ "type": "Feature", "properties": { "fid": 593, "Layer": "Wall" }, "geometry": { "type": "MultiLineString", "coordinates": [ [ [ 26.696368641510595, 39.322553779220797 ], [ 26.696298010992624, 39.322565985496439 ], [ 26.696201338488294, 39.322583077445472 ], [ 26.696208564980402, 39.322638367106926 ], [ 26.696377533475392, 39.322617462785111 ], [ 26.69637395335571, 39.322595746135889 ], [ 26.696413140439208, 39.322592139050656 ], [ 26.696398129894952, 39.322547761588829 ], [ 26.696368641510595, 39.322553779220797 ] ] ] } },
{ "type": "Feature", "properties": { "fid": 595, "Layer": "Wall" }, "geometry": { "type": "MultiLineString", "coordinates": [ [ [ 26.696396683399225, 39.322397376628267 ], [ 26.696364130745184, 39.322406147875824 ] ] ] } },
{ "type": "Feature", "properties": { "fid": 601, "Layer": "Wall" }, "geometry": { "type": "MultiLineString", "coordinates": [ [ [ 26.696074887613367, 39.322560194578493 ], [ 26.696090671784404, 39.322626771970633 ], [ 26.696005725869107, 39.322638921259276 ], [ 26.695987788499451, 39.322574725783554 ], [ 26.696074887613367, 39.322560194578493 ] ] ] } },
{ "type": "Feature", "properties": { "fid": 603, "Layer": "Wall" }, "geometry": { "type": "MultiLineString", "coordinates": [ [ [ 26.695949851371946, 39.322615179126771 ], [ 26.695969507317152, 39.322731261477038 ], [ 26.696076825162464, 39.322718362383121 ], [ 26.696067421245903, 39.322661683160064 ], [ 26.696060178693187, 39.322631134293502 ], [ 26.696005725869107, 39.322638921259276 ], [ 26.695996757615386, 39.322606823973416 ], [ 26.695949851371946, 39.322615179126771 ] ] ] } },
{ "type": "Feature", "properties": { "fid": 604, "Layer": "Wall" }, "geometry": { "type": "MultiLineString", "coordinates": [ [ [ 26.696074887613367, 39.322560194578493 ], [ 26.69609504751816, 39.322555739207438 ] ] ] } },
{ "type": "Feature", "properties": { "fid": 605, "Layer": "Wall" }, "geometry": { "type": "MultiLineString", "coordinates": [ [ [ 26.695987788499451, 39.322574725783554 ], [ 26.695982868232154, 39.322557568588337 ] ] ] } },
{ "type": "Feature", "properties": { "fid": 606, "Layer": "Wall" }, "geometry": { "type": "MultiLineString", "coordinates": [ [ [ 26.695942221749775, 39.322582605331597 ], [ 26.695929872651487, 39.322583471877962 ] ] ] } },
{ "type": "Feature", "properties": { "fid": 611, "Layer": "Wall" }, "geometry": { "type": "MultiLineString", "coordinates": [ [ [ 26.696597887309306, 39.322153156807175 ], [ 26.696468024876896, 39.32218259051804 ], [ 26.696486936852718, 39.322232930443569 ], [ 26.696618556293103, 39.32220309814727 ], [ 26.696597887309306, 39.322153156807175 ] ] ] } },
{ "type": "Feature", "properties": { "fid": 613, "Layer": "Wall" }, "geometry": { "type": "MultiLineString", "coordinates": [ [ [ 26.696727667599696, 39.322270519862073 ], [ 26.696758434764906, 39.322264796276137 ], [ 26.696826506316544, 39.322109574361953 ], [ 26.696660842484498, 39.322138787423974 ], [ 26.696702174588712, 39.322264945609454 ], [ 26.696724402615367, 39.322260487407597 ], [ 26.696727667599696, 39.322270519862073 ] ] ] } },
{ "type": "Feature", "properties": { "fid": 617, "Layer": "Wall" }, "geometry": { "type": "MultiLineString", "coordinates": [ [ [ 26.696210218115418, 39.322353295614747 ], [ 26.696154291725861, 39.322366716930503 ] ] ] } },
{ "type": "Feature", "properties": { "fid": 618, "Layer": "Wall" }, "geometry": { "type": "MultiLineString", "coordinates": [ [ [ 26.696234730481045, 39.322403890476473 ], [ 26.696174979258387, 39.322418228960714 ] ] ] } },
{ "type": "Feature", "properties": { "fid": 629, "Layer": "Wall" }, "geometry": { "type": "MultiLineString", "coordinates": [ [ [ 26.696344621734944, 39.322210206280907 ], [ 26.696289315574276, 39.322222529780582 ] ] ] } },
{ "type": "Feature", "properties": { "fid": 630, "Layer": "Wall" }, "geometry": { "type": "MultiLineString", "coordinates": [ [ [ 26.696323610092239, 39.322261299676484 ], [ 26.696307273581628, 39.32226542566918 ] ] ] } },
{ "type": "Feature", "properties": { "fid": 631, "Layer": "Wall" }, "geometry": { "type": "MultiLineString", "coordinates": [ [ [ 26.696319191312092, 39.322293895456454 ], [ 26.696335200332545, 39.322289525833163 ], [ 26.696349499827416, 39.322329587905692 ] ] ] } },
{ "type": "Feature", "properties": { "fid": 632, "Layer": "Wall" }, "geometry": { "type": "MultiLineString", "coordinates": [ [ [ 26.696262231344896, 39.322308280869926 ], [ 26.696275159728419, 39.32233685773349 ] ] ] } },
{ "type": "Feature", "properties": { "fid": 633, "Layer": "Wall" }, "geometry": { "type": "MultiLineString", "coordinates": [ [ [ 26.696319439481979, 39.32238547831971 ], [ 26.696297800268812, 39.322389034943789 ] ] ] } },
{ "type": "Feature", "properties": { "fid": 636, "Layer": "Wall" }, "geometry": { "type": "MultiLineString", "coordinates": [ [ [ 26.695973555607587, 39.322295203737191 ], [ 26.695921100510038, 39.322302408260867 ], [ 26.695945073298521, 39.322385862685884 ], [ 26.695993210925291, 39.322379297640623 ], [ 26.69601835818851, 39.32244936160324 ], [ 26.69607852773699, 39.32243630812291 ], [ 26.69604520104383, 39.3223322261479 ], [ 26.695986509932204, 39.322343811053855 ], [ 26.695973555607587, 39.322295203737191 ] ] ] } },
{ "type": "Feature", "properties": { "fid": 637, "Layer": "Wall" }, "geometry": { "type": "MultiLineString", "coordinates": [ [ [ 26.695993210925291, 39.322379297640623 ], [ 26.69601835818851, 39.32244936160324 ], [ 26.695966316339387, 39.322459823300235 ], [ 26.695945073298521, 39.322385862685884 ], [ 26.695993210925291, 39.322379297640623 ] ] ] } },
{ "type": "Feature", "properties": { "fid": 644, "Layer": "Wall" }, "geometry": { "type": "MultiLineString", "coordinates": [ [ [ 26.695796652859155, 39.322324736653229 ], [ 26.695641187547206, 39.322352068673389 ], [ 26.695667652645813, 39.322432471199484 ] ] ] } },
{ "type": "Feature", "properties": { "fid": 656, "Layer": "Wall" }, "geometry": { "type": "MultiLineString", "coordinates": [ [ [ 26.694387335393067, 39.322663569807538 ], [ 26.694364823218059, 39.32261662117326 ] ] ] } },
{ "type": "Feature", "properties": { "fid": 657, "Layer": "Wall" }, "geometry": { "type": "MultiLineString", "coordinates": [ [ [ 26.694432602567495, 39.322597359131471 ], [ 26.69446113083875, 39.322589252453149 ], [ 26.694478399930215, 39.322625914798785 ], [ 26.694480836168395, 39.322636521414083 ] ] ] } },
{ "type": "Feature", "properties": { "fid": 664, "Layer": "Wall" }, "geometry": { "type": "MultiLineString", "coordinates": [ [ [ 26.694276781507604, 39.322460123819766 ], [ 26.694028733651628, 39.322544507391605 ], [ 26.694114621372059, 39.322720793253822 ], [ 26.694330378176296, 39.32265136075619 ], [ 26.694310733747216, 39.322614530469608 ] ] ] } },
{ "type": "Feature", "properties": { "fid": 665, "Layer": "Wall" }, "geometry": { "type": "MultiLineString", "coordinates": [ [ [ 26.694154068763485, 39.322535243206801 ], [ 26.69409644354598, 39.322425524260673 ], [ 26.694238219419347, 39.322371557351161 ], [ 26.694290254587845, 39.322491067595671 ], [ 26.694154068763485, 39.322535243206801 ] ] ] } },
{ "type": "Feature", "properties": { "fid": 671, "Layer": "Wall" }, "geometry": { "type": "MultiLineString", "coordinates": [ [ [ 26.694163503607939, 39.322352673078967 ], [ 26.694229241347305, 39.322327542312877 ], [ 26.694188627559871, 39.322257049498624 ], [ 26.694129825130709, 39.322279666136268 ], [ 26.694163503607939, 39.322352673078967 ] ] ] } },
{ "type": "Feature", "properties": { "fid": 684, "Layer": "Wall" }, "geometry": { "type": "MultiLineString", "coordinates": [ [ [ 26.693479780648047, 39.322040452532171 ], [ 26.693501957709167, 39.322104048524615 ] ] ] } },
{ "type": "Feature", "properties": { "fid": 686, "Layer": "Wall" }, "geometry": { "type": "MultiLineString", "coordinates": [ [ [ 26.693519960118621, 39.322612787088588 ], [ 26.69355155728497, 39.322598969931249 ] ] ] } },
{ "type": "Feature", "properties": { "fid": 690, "Layer": "Wall" }, "geometry": { "type": "MultiLineString", "coordinates": [ [ [ 26.692993288918863, 39.321862500934735 ], [ 26.692986195084828, 39.321845436558895 ] ] ] } },
{ "type": "Feature", "properties": { "fid": 716, "Layer": "Wall" }, "geometry": { "type": "MultiLineString", "coordinates": [ [ [ 26.694555700623642, 39.321790604960007 ], [ 26.694546060115456, 39.32174083145086 ] ] ] } },
{ "type": "Feature", "properties": { "fid": 717, "Layer": "Wall" }, "geometry": { "type": "MultiLineString", "coordinates": [ [ [ 26.694480401703967, 39.321802889005205 ], [ 26.694475814662123, 39.321751160270175 ] ] ] } },
{ "type": "Feature", "properties": { "fid": 718, "Layer": "Wall" }, "geometry": { "type": "MultiLineString", "coordinates": [ [ [ 26.694639859972789, 39.321684894021757 ], [ 26.694565614614625, 39.321694424528069 ] ] ] } },
{ "type": "Feature", "properties": { "fid": 721, "Layer": "Wall" }, "geometry": { "type": "MultiLineString", "coordinates": [ [ [ 26.695914244759123, 39.320820402797217 ], [ 26.695792148613265, 39.320808863409255 ], [ 26.69580706771206, 39.320752409821907 ], [ 26.695831672866262, 39.320754925460406 ], [ 26.695827153818041, 39.320791457717732 ], [ 26.69591619789761, 39.320800698099532 ], [ 26.695914244759123, 39.320820402797217 ] ] ] } },
{ "type": "Feature", "properties": { "fid": 732, "Layer": "Wall" }, "geometry": { "type": "MultiLineString", "coordinates": [ [ [ 26.695976022159506, 39.320432626459997 ], [ 26.695992473286019, 39.320413808490898 ], [ 26.696088943778239, 39.320482627792089 ], [ 26.696052059401691, 39.320518927118016 ], [ 26.695985923629287, 39.32048468972544 ], [ 26.696013807422322, 39.320452183752167 ], [ 26.695976022159506, 39.320432626459997 ] ] ] } },
{ "type": "Feature", "properties": { "fid": 733, "Layer": "Wall" }, "geometry": { "type": "MultiLineString", "coordinates": [ [ [ 26.695838288120605, 39.32066079298351 ], [ 26.695869781325371, 39.320571573823443 ], [ 26.695963609280856, 39.320607103434845 ] ] ] } },
{ "type": "Feature", "properties": { "fid": 734, "Layer": "Wall" }, "geometry": { "type": "MultiLineString", "coordinates": [ [ [ 26.695872000267766, 39.320559374139705 ], [ 26.695869781325371, 39.320571573823443 ] ] ] } },
{ "type": "Feature", "properties": { "fid": 736, "Layer": "Wall" }, "geometry": { "type": "MultiLineString", "coordinates": [ [ [ 26.696011940784484, 39.320393813968494 ], [ 26.696034390707574, 39.320370756255301 ], [ 26.696082251073779, 39.32039895447177 ] ] ] } },
{ "type": "Feature", "properties": { "fid": 738, "Layer": "Wall" }, "geometry": { "type": "MultiLineString", "coordinates": [ [ [ 26.696015328822629, 39.320627465162211 ], [ 26.696059903918329, 39.3205825733165 ] ] ] } },
{ "type": "Feature", "properties": { "fid": 739, "Layer": "Wall" }, "geometry": { "type": "MultiLineString", "coordinates": [ [ [ 26.695961480670238, 39.320527110129937 ], [ 26.696012311867623, 39.320557305681568 ] ] ] } },
{ "type": "Feature", "properties": { "fid": 741, "Layer": "Wall" }, "geometry": { "type": "MultiLineString", "coordinates": [ [ [ 26.695957092353911, 39.320768684190341 ], [ 26.695969587764623, 39.320708505412298 ] ] ] } },
{ "type": "Feature", "properties": { "fid": 742, "Layer": "Wall" }, "geometry": { "type": "MultiLineString", "coordinates": [ [ [ 26.695916015629191, 39.320723741850323 ], [ 26.695963853856295, 39.32073611762597 ] ] ] } },
{ "type": "Feature", "properties": { "fid": 749, "Layer": "Wall" }, "geometry": { "type": "MultiLineString", "coordinates": [ [ [ 26.696383752669309, 39.320440395942363 ], [ 26.696436611908098, 39.320468462579676 ], [ 26.696479486878562, 39.320433390880567 ], [ 26.696418242628805, 39.320403627151592 ], [ 26.696383752669309, 39.320440395942363 ] ] ] } },
{ "type": "Feature", "properties": { "fid": 750, "Layer": "Wall" }, "geometry": { "type": "MultiLineString", "coordinates": [ [ [ 26.696418242628805, 39.320403627151592 ], [ 26.696479486878562, 39.320433390880567 ], [ 26.696518426331682, 39.320401539873906 ], [ 26.696455529647398, 39.320359556637641 ], [ 26.696418242628805, 39.320403627151592 ] ] ] } },
{ "type": "Feature", "properties": { "fid": 752, "Layer": "Wall" }, "geometry": { "type": "MultiLineString", "coordinates": [ [ [ 26.696341158302388, 39.320498483646098 ], [ 26.696302361113574, 39.320479250463592 ], [ 26.696327136721138, 39.320456004271307 ], [ 26.696296400467329, 39.320440336244012 ], [ 26.69627023260168, 39.320464102196084 ], [ 26.696252771701396, 39.320455870458105 ], [ 26.696307627418548, 39.320400118057336 ], [ 26.696358556159211, 39.320427064030937 ], [ 26.696335209467946, 39.320448074786384 ], [ 26.696370060917683, 39.320468031717162 ], [ 26.696341158302388, 39.320498483646098 ] ] ] } },
{ "type": "Feature", "properties": { "fid": 754, "Layer": "Wall" }, "geometry": { "type": "MultiLineString", "coordinates": [ [ [ 26.696518426331682, 39.320401539873906 ], [ 26.696540762785897, 39.320418015868086 ] ] ] } },
{ "type": "Feature", "properties": { "fid": 758, "Layer": "Wall" }, "geometry": { "type": "MultiLineString", "coordinates": [ [ [ 26.696574102462293, 39.320390345728526 ], [ 26.696637902447151, 39.320430805995201 ], [ 26.696693278556761, 39.320394503959783 ], [ 26.696627655547662, 39.320349248599996 ] ] ] } },
{ "type": "Feature", "properties": { "fid": 760, "Layer": "Wall" }, "geometry": { "type": "MultiLineString", "coordinates": [ [ [ 26.696469573875646, 39.320237606028854 ], [ 26.69654590833477, 39.320166081524221 ] ] ] } },
{ "type": "Feature", "properties": { "fid": 763, "Layer": "Wall" }, "geometry": { "type": "MultiLineString", "coordinates": [ [ [ 26.696705282500712, 39.320224979911082 ], [ 26.696724544315558, 39.320244572289418 ] ] ] } },
{ "type": "Feature", "properties": { "fid": 772, "Layer": "Wall" }, "geometry": { "type": "MultiLineString", "coordinates": [ [ [ 26.69700180739515, 39.31987885594534 ], [ 26.697103806199213, 39.319870016006412 ], [ 26.697124793339405, 39.319955273818586 ] ] ] } },
{ "type": "Feature", "properties": { "fid": 777, "Layer": "Wall" }, "geometry": { "type": "MultiLineString", "coordinates": [ [ [ 26.696725084075617, 39.320170424660375 ], [ 26.696703870091124, 39.320144591695829 ] ] ] } },
{ "type": "Feature", "properties": { "fid": 781, "Layer": "Wall" }, "geometry": { "type": "MultiLineString", "coordinates": [ [ [ 26.695928123343695, 39.320106137426173 ], [ 26.695964651060354, 39.320069696203966 ], [ 26.696021819218402, 39.320101015603356 ], [ 26.696062139857855, 39.320125660796187 ], [ 26.696025898704178, 39.320161964036018 ], [ 26.695928123343695, 39.320106137426173 ] ] ] } },
{ "type": "Feature", "properties": { "fid": 782, "Layer": "Wall" }, "geometry": { "type": "MultiLineString", "coordinates": [ [ [ 26.695902784746746, 39.320131417524799 ], [ 26.695894235779246, 39.320139872223024 ] ] ] } },
{ "type": "Feature", "properties": { "fid": 786, "Layer": "Wall" }, "geometry": { "type": "MultiLineString", "coordinates": [ [ [ 26.696193758149235, 39.320202857568191 ], [ 26.696136035689648, 39.320268403314067 ], [ 26.696208919625409, 39.320307129714877 ], [ 26.696264696287031, 39.320243790179653 ], [ 26.696193758149235, 39.320202857568191 ] ] ] } },
{ "type": "Feature", "properties": { "fid": 789, "Layer": "Wall" }, "geometry": { "type": "MultiLineString", "coordinates": [ [ [ 26.696283472167654, 39.32036214597538 ], [ 26.696294980711045, 39.320352436463111 ], [ 26.696257562786659, 39.320331336027976 ], [ 26.696281888079003, 39.320300646191512 ], [ 26.696239714584152, 39.320272160993468 ], [ 26.696206793373992, 39.320309544922551 ], [ 26.696283472167654, 39.32036214597538 ] ] ] } },
{ "type": "Feature", "properties": { "fid": 790, "Layer": "Wall" }, "geometry": { "type": "MultiLineString", "coordinates": [ [ [ 26.696239714584152, 39.320272160993468 ], [ 26.696264696287031, 39.320243790179653 ], [ 26.69631026848975, 39.320268248665045 ], [ 26.696281888079003, 39.320300646191512 ], [ 26.696239714584152, 39.320272160993468 ] ] ] } },
{ "type": "Feature", "properties": { "fid": 791, "Layer": "Wall" }, "geometry": { "type": "MultiLineString", "coordinates": [ [ [ 26.696206793373992, 39.320309544922551 ], [ 26.69617181440179, 39.320345572457512 ], [ 26.696254699372172, 39.320390603101529 ], [ 26.696283472167654, 39.32036214597538 ], [ 26.696206793373992, 39.320309544922551 ] ] ] } },
{ "type": "Feature", "properties": { "fid": 808, "Layer": "Wall" }, "geometry": { "type": "MultiLineString", "coordinates": [ [ [ 26.695606710897327, 39.323510346136793 ], [ 26.695697372631628, 39.323477861554046 ], [ 26.69571133333536, 39.323518185733924 ], [ 26.695734482713451, 39.323566947237403 ], [ 26.695712118419312, 39.323574874581638 ], [ 26.695670724444835, 39.323591143837596 ], [ 26.695629332298886, 39.323607412187087 ], [ 26.695606710897327, 39.323510346136793 ] ] ] } },
{ "type": "Feature", "properties": { "fid": 810, "Layer": "Wall" }, "geometry": { "type": "MultiLineString", "coordinates": [ [ [ 26.695579689733268, 39.323416060103398 ], [ 26.695681252904031, 39.323382122545233 ], [ 26.695713567591394, 39.323423297473788 ], [ 26.695592147252263, 39.323463857584244 ], [ 26.695579689733268, 39.323416060103398 ] ] ] } },
{ "type": "Feature", "properties": { "fid": 819, "Layer": "Wall" }, "geometry": { "type": "MultiLineString", "coordinates": [ [ [ 26.695893751624705, 39.323681700200808 ], [ 26.695825195388544, 39.32359244202577 ], [ 26.695874606073374, 39.323565625828593 ] ] ] } },
{ "type": "Feature", "properties": { "fid": 820, "Layer": "Wall" }, "geometry": { "type": "MultiLineString", "coordinates": [ [ [ 26.695737539559648, 39.323361228186499 ], [ 26.695821383419613, 39.323336161464439 ], [ 26.69584423635358, 39.323395963236202 ], [ 26.695862633823829, 39.323431152626192 ], [ 26.695790260208913, 39.323474843031285 ], [ 26.695767060874193, 39.323442680688899 ], [ 26.695750268198729, 39.323412143434226 ], [ 26.69574593541418, 39.323404261486402 ], [ 26.69575562278942, 39.323400627738991 ], [ 26.695737539559648, 39.323361228186499 ] ] ] } },
{ "type": "Feature", "properties": { "fid": 821, "Layer": "Wall" }, "geometry": { "type": "MultiLineString", "coordinates": [ [ [ 26.695954302631883, 39.323521495683131 ], [ 26.696106348962278, 39.323666731536797 ] ] ] } },
{ "type": "Feature", "properties": { "fid": 824, "Layer": "Wall" }, "geometry": { "type": "MultiLineString", "coordinates": [ [ [ 26.695963640597352, 39.323882811396899 ], [ 26.696045749677825, 39.323838239773629 ], [ 26.696037862348369, 39.323830873294398 ], [ 26.695989095532951, 39.323853133392241 ], [ 26.695963116258039, 39.323818798068793 ], [ 26.696003253873318, 39.323798160774714 ], [ 26.695969571032698, 39.323764192627088 ], [ 26.695947869777161, 39.323746664876708 ] ] ] } },
{ "type": "Feature", "properties": { "fid": 825, "Layer": "Wall" }, "geometry": { "type": "MultiLineString", "coordinates": [ [ [ 26.695805915057434, 39.323286006645468 ], [ 26.695720682668728, 39.323307369755007 ], [ 26.695737539559648, 39.323361228186499 ], [ 26.695821383419613, 39.323336161464439 ], [ 26.695805915057434, 39.323286006645468 ] ] ] } },
{ "type": "Feature", "properties": { "fid": 826, "Layer": "Wall" }, "geometry": { "type": "MultiLineString", "coordinates": [ [ [ 26.695876899625219, 39.323747458756337 ], [ 26.695903547171373, 39.323773759000709 ] ] ] } },
{ "type": "Feature", "properties": { "fid": 828, "Layer": "Wall" }, "geometry": { "type": "MultiLineString", "coordinates": [ [ [ 26.695947869777161, 39.323746664876708 ], [ 26.695880211071163, 39.32378802499349 ], [ 26.695927502168651, 39.323839177338662 ], [ 26.695963640597352, 39.323882811396899 ] ] ] } },
{ "type": "Feature", "properties": { "fid": 829, "Layer": "Wall" }, "geometry": { "type": "MultiLineString", "coordinates": [ [ [ 26.696051602907765, 39.323761347022405 ], [ 26.69610332079268, 39.32380141028127 ], [ 26.696154427503544, 39.323768756121297 ], [ 26.696137498421841, 39.323751967458641 ], [ 26.696175975708194, 39.323728560217589 ], [ 26.696106348962278, 39.323666731536797 ], [ 26.696017773299847, 39.323728185518725 ], [ 26.696051602907765, 39.323761347022405 ] ] ] } },
{ "type": "Feature", "properties": { "fid": 843, "Layer": "Wall" }, "geometry": { "type": "MultiLineString", "coordinates": [ [ [ 26.696065645797876, 39.320077930946638 ], [ 26.69609431747498, 39.320095539788646 ] ] ] } },
{ "type": "Feature", "properties": { "fid": 846, "Layer": "Wall" }, "geometry": { "type": "MultiLineString", "coordinates": [ [ [ 26.696151266362932, 39.320125280548353 ], [ 26.696188929246642, 39.320148119825809 ] ] ] } },
{ "type": "Feature", "properties": { "fid": 849, "Layer": "Wall" }, "geometry": { "type": "MultiLineString", "coordinates": [ [ [ 26.696439850674825, 39.320203207198063 ], [ 26.696464747809692, 39.320177893293668 ] ] ] } },
{ "type": "Feature", "properties": { "fid": 850, "Layer": "Wall" }, "geometry": { "type": "MultiLineString", "coordinates": [ [ [ 26.696345655303119, 39.319857761958417 ], [ 26.696364218943273, 39.319874243268664 ] ] ] } },
{ "type": "Feature", "properties": { "fid": 851, "Layer": "Wall" }, "geometry": { "type": "MultiLineString", "coordinates": [ [ [ 26.69642011624768, 39.320082084384431 ], [ 26.696389698259996, 39.320062475288374 ] ] ] } },
{ "type": "Feature", "properties": { "fid": 852, "Layer": "Wall" }, "geometry": { "type": "MultiLineString", "coordinates": [ [ [ 26.696509701539281, 39.320137763649356 ], [ 26.696546891004342, 39.320101436118186 ], [ 26.696558841209704, 39.320062432424571 ], [ 26.69650173425989, 39.320010106731182 ], [ 26.696458920628324, 39.320038300499654 ], [ 26.696416673068054, 39.32007707025074 ] ] ] } },
{ "type": "Feature", "properties": { "fid": 854, "Layer": "Wall" }, "geometry": { "type": "MultiLineString", "coordinates": [ [ [ 26.696401654283097, 39.320067388844677 ], [ 26.696444556089059, 39.32002987956912 ], [ 26.69648370886463, 39.319993633035175 ], [ 26.696481589407259, 39.319989929165096 ] ] ] } },
{ "type": "Feature", "properties": { "fid": 861, "Layer": "Wall" }, "geometry": { "type": "MultiLineString", "coordinates": [ [ [ 26.695807795850442, 39.320395310351699 ], [ 26.69584139052909, 39.320354984194068 ], [ 26.695885389646019, 39.320293237075198 ], [ 26.695994821604831, 39.320350395892703 ], [ 26.695908026989784, 39.32044851440228 ], [ 26.695807795850442, 39.320395310351699 ] ] ] } },
{ "type": "Feature", "properties": { "fid": 865, "Layer": "Wall" }, "geometry": { "type": "MultiLineString", "coordinates": [ [ [ 26.695838540039095, 39.320536866729547 ], [ 26.695858402295553, 39.320505816474096 ], [ 26.695908026989784, 39.32044851440228 ] ] ] } },
{ "type": "Feature", "properties": { "fid": 866, "Layer": "Wall" }, "geometry": { "type": "MultiLineString", "coordinates": [ [ [ 26.695797926170506, 39.320477864822976 ], [ 26.695858402295553, 39.320505816474096 ] ] ] } },
{ "type": "Feature", "properties": { "fid": 884, "Layer": "Wall" }, "geometry": { "type": "MultiLineString", "coordinates": [ [ [ 26.695716866765274, 39.319991122233233 ], [ 26.695754343585836, 39.319965995659807 ] ] ] } },
{ "type": "Feature", "properties": { "fid": 886, "Layer": "Wall" }, "geometry": { "type": "MultiLineString", "coordinates": [ [ [ 26.695659865907807, 39.320152380688782 ], [ 26.695584841735023, 39.320091612009854 ], [ 26.695626561567273, 39.320059605444889 ] ] ] } },
{ "type": "Feature", "properties": { "fid": 887, "Layer": "Wall" }, "geometry": { "type": "MultiLineString", "coordinates": [ [ [ 26.695633816582152, 39.320270580811325 ], [ 26.695502337186845, 39.320159055559657 ], [ 26.695584841735023, 39.320091612009854 ] ] ] } },
{ "type": "Feature", "properties": { "fid": 889, "Layer": "Wall" }, "geometry": { "type": "MultiLineString", "coordinates": [ [ [ 26.695594360240168, 39.320328580095968 ], [ 26.695589168993745, 39.320336210774741 ], [ 26.695520800214176, 39.320316489031029 ], [ 26.695539753223606, 39.320291824224611 ], [ 26.695508976755701, 39.320281371521126 ], [ 26.695531594302061, 39.320241192316786 ], [ 26.695455647791903, 39.32021917952023 ], [ 26.695502337186845, 39.320159055559657 ] ] ] } },
{ "type": "Feature", "properties": { "fid": 891, "Layer": "Wall" }, "geometry": { "type": "MultiLineString", "coordinates": [ [ [ 26.695425204114436, 39.320285314851738 ], [ 26.695405428372077, 39.320321286030094 ], [ 26.695559704075869, 39.320372462732905 ], [ 26.695589168993745, 39.320336210774741 ], [ 26.695520800214176, 39.320316489031029 ], [ 26.695425204114436, 39.320285314851738 ] ] ] } },
{ "type": "Feature", "properties": { "fid": 893, "Layer": "Wall" }, "geometry": { "type": "MultiLineString", "coordinates": [ [ [ 26.695368895231915, 39.320389205623542 ], [ 26.69538511079088, 39.320361600826814 ] ] ] } },
{ "type": "Feature", "properties": { "fid": 906, "Layer": "Wall" }, "geometry": { "type": "MultiLineString", "coordinates": [ [ [ 26.69543383377794, 39.320532854825601 ], [ 26.69544535147147, 39.320502997744534 ], [ 26.695504263733206, 39.320517054702954 ] ] ] } },
{ "type": "Feature", "properties": { "fid": 907, "Layer": "Wall" }, "geometry": { "type": "MultiLineString", "coordinates": [ [ [ 26.695429064079644, 39.320579925133977 ], [ 26.695359648806122, 39.320564412448832 ], [ 26.695387247570117, 39.320489892368236 ], [ 26.69544535147147, 39.320502997744534 ], [ 26.695423350404916, 39.32056003396972 ], [ 26.695436934841066, 39.320563796575392 ], [ 26.695429064079644, 39.320579925133977 ] ] ] } },
{ "type": "Feature", "properties": { "fid": 913, "Layer": "Wall" }, "geometry": { "type": "MultiLineString", "coordinates": [ [ [ 26.69512475518534, 39.320414981799104 ], [ 26.695001461123098, 39.320382881643397 ], [ 26.694986501182967, 39.320435899506492 ], [ 26.694965575948, 39.320483332164855 ], [ 26.695094006225588, 39.320512305940269 ], [ 26.695104119590656, 39.32047539314852 ], [ 26.69512475518534, 39.320414981799104 ] ] ] } },
{ "type": "Feature", "properties": { "fid": 917, "Layer": "Wall" }, "geometry": { "type": "MultiLineString", "coordinates": [ [ [ 26.695267415980343, 39.320559418093083 ], [ 26.695301981651333, 39.32046047020313 ], [ 26.695204419844767, 39.320435722923854 ] ] ] } },
{ "type": "Feature", "properties": { "fid": 918, "Layer": "Wall" }, "geometry": { "type": "MultiLineString", "coordinates": [ [ [ 26.695181056272084, 39.320544847239063 ], [ 26.695190125773326, 39.320493120196453 ] ] ] } },
{ "type": "Feature", "properties": { "fid": 919, "Layer": "Wall" }, "geometry": { "type": "MultiLineString", "coordinates": [ [ [ 26.695072070408006, 39.320699738288283 ], [ 26.695217907327219, 39.32070166601504 ] ] ] } },
{ "type": "Feature", "properties": { "fid": 920, "Layer": "Wall" }, "geometry": { "type": "MultiLineString", "coordinates": [ [ [ 26.69555617028379, 39.320631743448729 ], [ 26.695566942062396, 39.320598904934549 ] ] ] } },
{ "type": "Feature", "properties": { "fid": 921, "Layer": "Wall" }, "geometry": { "type": "MultiLineString", "coordinates": [ [ [ 26.695551721319816, 39.320630795218889 ], [ 26.695562558746705, 39.320597757715746 ] ] ] } },
{ "type": "Feature", "properties": { "fid": 922, "Layer": "Wall" }, "geometry": { "type": "MultiLineString", "coordinates": [ [ [ 26.695073238657692, 39.320696170003117 ], [ 26.69521887012354, 39.320698096118946 ] ] ] } },
{ "type": "Feature", "properties": { "fid": 923, "Layer": "Wall" }, "geometry": { "type": "MultiLineString", "coordinates": [ [ [ 26.695438251627909, 39.320533883197108 ], [ 26.695448437356841, 39.320507481137305 ], [ 26.695502909225887, 39.320520479140683 ] ] ] } },
{ "type": "Feature", "properties": { "fid": 924, "Layer": "Wall" }, "geometry": { "type": "MultiLineString", "coordinates": [ [ [ 26.695301981651333, 39.32046047020313 ], [ 26.695337229472415, 39.320477421318188 ] ] ] } },
{ "type": "Feature", "properties": { "fid": 925, "Layer": "Wall" }, "geometry": { "type": "MultiLineString", "coordinates": [ [ [ 26.695300722028666, 39.32046407817964 ], [ 26.695335918621801, 39.320481005038353 ] ] ] } },
{ "type": "Feature", "properties": { "fid": 938, "Layer": "Wall" }, "geometry": { "type": "MultiLineString", "coordinates": [ [ [ 26.696160851029475, 39.321970584099674 ], [ 26.696208903604344, 39.322062886138802 ], [ 26.696155061677047, 39.322076384733357 ], [ 26.696109564374101, 39.321984577193149 ], [ 26.696160851029475, 39.321970584099674 ] ] ] } },
{ "type": "Feature", "properties": { "fid": 943, "Layer": "Wall" }, "geometry": { "type": "MultiLineString", "coordinates": [ [ [ 26.696003403449613, 39.322192328808327 ], [ 26.69598212838746, 39.322142862342425 ] ] ] } },
{ "type": "Feature", "properties": { "fid": 944, "Layer": "Wall" }, "geometry": { "type": "MultiLineString", "coordinates": [ [ [ 26.696007767446851, 39.322191169010459 ], [ 26.695986515018721, 39.322141757431446 ] ] ] } },
{ "type": "Feature", "properties": { "fid": 945, "Layer": "Wall" }, "geometry": { "type": "MultiLineString", "coordinates": [ [ [ 26.696368128140218, 39.322015186963903 ], [ 26.696354937850938, 39.32198179104487 ] ] ] } },
{ "type": "Feature", "properties": { "fid": 946, "Layer": "Wall" }, "geometry": { "type": "MultiLineString", "coordinates": [ [ [ 26.696363779539539, 39.322016389955714 ], [ 26.696350505922421, 39.321982784384673 ] ] ] } },
{ "type": "Feature", "properties": { "fid": 947, "Layer": "Wall" }, "geometry": { "type": "MultiLineString", "coordinates": [ [ [ 26.696119297764763, 39.322225566664926 ], [ 26.696211294362023, 39.322205227813065 ] ] ] } },
{ "type": "Feature", "properties": { "fid": 948, "Layer": "Wall" }, "geometry": { "type": "MultiLineString", "coordinates": [ [ [ 26.696117951651821, 39.322222137537118 ], [ 26.696209889090728, 39.322201814042394 ] ] ] } },
{ "type": "Feature", "properties": { "fid": 956, "Layer": "Wall" }, "geometry": { "type": "MultiLineString", "coordinates": [ [ [ 26.69550216225754, 39.322339491012272 ], [ 26.695446367938771, 39.322350846323658 ], [ 26.695345475837478, 39.322359543793041 ] ] ] } },
{ "type": "Feature", "properties": { "fid": 957, "Layer": "Wall" }, "geometry": { "type": "MultiLineString", "coordinates": [ [ [ 26.695501154136593, 39.322335991359374 ], [ 26.695445523875723, 39.322347313214358 ], [ 26.695345463182345, 39.322355939705844 ] ] ] } },
{ "type": "Feature", "properties": { "fid": 965, "Layer": "Wall" }, "geometry": { "type": "MultiLineString", "coordinates": [ [ [ 26.695299195929316, 39.32203686195551 ], [ 26.695350147018591, 39.322021177041933 ] ] ] } },
{ "type": "Feature", "properties": { "fid": 966, "Layer": "Wall" }, "geometry": { "type": "MultiLineString", "coordinates": [ [ [ 26.695299800019111, 39.322040529409769 ], [ 26.695350369361044, 39.32202496276502 ] ] ] } },
{ "type": "Feature", "properties": { "fid": 982, "Layer": "Wall" }, "geometry": { "type": "MultiLineString", "coordinates": [ [ [ 26.696091338173414, 39.321952320072029 ], [ 26.69615330343829, 39.321939392749201 ], [ 26.696135545648684, 39.321888037235411 ], [ 26.696127532232662, 39.321888799854584 ], [ 26.696069430063208, 39.321902156559545 ], [ 26.696091338173414, 39.321952320072029 ] ] ] } },
{ "type": "Feature", "properties": { "fid": 983, "Layer": "Wall" }, "geometry": { "type": "MultiLineString", "coordinates": [ [ [ 26.696135545648684, 39.321888037235411 ], [ 26.69615330343829, 39.321939392749201 ], [ 26.696205646871764, 39.321928472602089 ], [ 26.696187939861481, 39.32187726646498 ], [ 26.696135545648684, 39.321888037235411 ] ] ] } },
{ "type": "Feature", "properties": { "fid": 992, "Layer": "Wall" }, "geometry": { "type": "MultiLineString", "coordinates": [ [ [ 26.696002846467227, 39.32189005115675 ], [ 26.695976997717096, 39.321818972350314 ], [ 26.696002388004615, 39.321814733580368 ] ] ] } },
{ "type": "Feature", "properties": { "fid": 994, "Layer": "Wall" }, "geometry": { "type": "MultiLineString", "coordinates": [ [ [ 26.696091338173414, 39.321952320072029 ], [ 26.696038946468338, 39.321966849755988 ] ] ] } },
{ "type": "Feature", "properties": { "fid": 995, "Layer": "Wall" }, "geometry": { "type": "MultiLineString", "coordinates": [ [ [ 26.696089855851387, 39.321948926171437 ], [ 26.696037119988194, 39.321963550686682 ] ] ] } },
{ "type": "Feature", "properties": { "fid": 999, "Layer": "Wall" }, "geometry": { "type": "MultiLineString", "coordinates": [ [ [ 26.695745429633792, 39.322186143240216 ], [ 26.695816246707839, 39.322172896325867 ], [ 26.69585108944597, 39.32228026786408 ], [ 26.695789821937495, 39.322289729934262 ], [ 26.695745930184547, 39.322188272472687 ], [ 26.695745429633792, 39.322186143240216 ] ] ] } },
{ "type": "Feature", "properties": { "fid": 1001, "Layer": "Wall" }, "geometry": { "type": "MultiLineString", "coordinates": [ [ [ 26.695665049837601, 39.322310147620605 ], [ 26.695723556569654, 39.322300204756203 ] ] ] } },
{ "type": "Feature", "properties": { "fid": 1002, "Layer": "Wall" }, "geometry": { "type": "MultiLineString", "coordinates": [ [ [ 26.695663986139689, 39.322306662421909 ], [ 26.695722308164004, 39.322296749432702 ] ] ] } },
{ "type": "Feature", "properties": { "fid": 1003, "Layer": "Wall" }, "geometry": { "type": "MultiLineString", "coordinates": [ [ [ 26.69585108944597, 39.32228026786408 ], [ 26.695923578467134, 39.322266394695397 ], [ 26.695907533510614, 39.322199888540219 ], [ 26.695828728345255, 39.322211357012208 ], [ 26.69585108944597, 39.32228026786408 ] ] ] } },
{ "type": "Feature", "properties": { "fid": 1010, "Layer": "Wall" }, "geometry": { "type": "MultiLineString", "coordinates": [ [ [ 26.695885598251625, 39.322014317478818 ], [ 26.695860073594691, 39.321956709662167 ] ] ] } },
{ "type": "Feature", "properties": { "fid": 1018, "Layer": "Wall" }, "geometry": { "type": "MultiLineString", "coordinates": [ [ [ 26.695566960594277, 39.321889428844919 ], [ 26.695568103644192, 39.321884658922414 ], [ 26.695631025741406, 39.321873212398685 ], [ 26.695634932644019, 39.321877687814769 ], [ 26.695651543580333, 39.321930279412953 ], [ 26.695655505884574, 39.321942824402676 ], [ 26.695591631477992, 39.321956326799395 ], [ 26.695566960594277, 39.321889428844919 ] ] ] } },
{ "type": "Feature", "properties": { "fid": 1019, "Layer": "Wall" }, "geometry": { "type": "MultiLineString", "coordinates": [ [ [ 26.69572199177815, 39.321860123320981 ], [ 26.695702692257662, 39.321864775004705 ] ] ] } },
{ "type": "Feature", "properties": { "fid": 1031, "Layer": "Wall" }, "geometry": { "type": "MultiLineString", "coordinates": [ [ [ 26.696386624345553, 39.321920637834197 ], [ 26.69641982277691, 39.321999897294326 ] ] ] } },
{ "type": "Feature", "properties": { "fid": 1039, "Layer": "Wall" }, "geometry": { "type": "MultiLineString", "coordinates": [ [ [ 26.696363926026557, 39.32188108755021 ], [ 26.696360596078371, 39.321874263183844 ] ] ] } },
{ "type": "Feature", "properties": { "fid": 1040, "Layer": "Wall" }, "geometry": { "type": "MultiLineString", "coordinates": [ [ [ 26.696382446846897, 39.321922249324381 ], [ 26.6964155701347, 39.322001328829224 ] ] ] } },
{ "type": "Feature", "properties": { "fid": 1041, "Layer": "Wall" }, "geometry": { "type": "MultiLineString", "coordinates": [ [ [ 26.69588123155631, 39.322015472777288 ], [ 26.695855748513136, 39.321957955834471 ] ] ] } },
{ "type": "Feature", "properties": { "fid": 1042, "Layer": "Wall" }, "geometry": { "type": "MultiLineString", "coordinates": [ [ [ 26.695543347322232, 39.322046371359072 ], [ 26.695528420382523, 39.322002889284768 ] ] ] } },
{ "type": "Feature", "properties": { "fid": 1043, "Layer": "Wall" }, "geometry": { "type": "MultiLineString", "coordinates": [ [ [ 26.695547896198008, 39.322045717266015 ], [ 26.695532919364656, 39.322002089417786 ] ] ] } },
{ "type": "Feature", "properties": { "fid": 1075, "Layer": "Wall" }, "geometry": { "type": "MultiLineString", "coordinates": [ [ [ 26.695596935528428, 39.321851055792592 ], [ 26.695550920819134, 39.321859214734907 ] ] ] } },
{ "type": "Feature", "properties": { "fid": 1076, "Layer": "Wall" }, "geometry": { "type": "MultiLineString", "coordinates": [ [ [ 26.695595782218014, 39.321847585072511 ], [ 26.695549912759752, 39.32185571957703 ] ] ] } },
{ "type": "Feature", "properties": { "fid": 1087, "Layer": "Wall" }, "geometry": { "type": "MultiLineString", "coordinates": [ [ [ 26.695424404980447, 39.321693397812929 ], [ 26.695430650745038, 39.321715603564257 ], [ 26.695550899001621, 39.321693203599295 ], [ 26.695542561272532, 39.321670824258092 ], [ 26.695424404980447, 39.321693397812929 ] ] ] } },
{ "type": "Feature", "properties": { "fid": 1091, "Layer": "Wall" }, "geometry": { "type": "MultiLineString", "coordinates": [ [ [ 26.695709358829166, 39.321751973168432 ], [ 26.695697582185151, 39.321718105105489 ] ] ] } },
{ "type": "Feature", "properties": { "fid": 1092, "Layer": "Wall" }, "geometry": { "type": "MultiLineString", "coordinates": [ [ [ 26.695704942372288, 39.321753012394382 ], [ 26.695693165723014, 39.321719142531066 ] ] ] } },
{ "type": "Feature", "properties": { "fid": 1093, "Layer": "Wall" }, "geometry": { "type": "MultiLineString", "coordinates": [ [ [ 26.695542561272532, 39.321670824258092 ], [ 26.695518526288755, 39.321608057235622 ], [ 26.695408447268296, 39.321631841195888 ], [ 26.695424404980447, 39.321693397812929 ], [ 26.695542561272532, 39.321670824258092 ] ] ] } },
{ "type": "Feature", "properties": { "fid": 1095, "Layer": "Wall" }, "geometry": { "type": "MultiLineString", "coordinates": [ [ [ 26.695397854601872, 39.321541973332572 ], [ 26.695394365902938, 39.321513772882064 ], [ 26.695394261575242, 39.321494517466441 ], [ 26.695402326165262, 39.321484925472674 ], [ 26.695413362976723, 39.321477231802959 ] ] ] } },
{ "type": "Feature", "properties": { "fid": 1116, "Layer": "Wall" }, "geometry": { "type": "MultiLineString", "coordinates": [ [ [ 26.69885228996781, 39.317909626927346 ], [ 26.698921135360589, 39.317911359958792 ], [ 26.698918996452441, 39.317962641355599 ], [ 26.698852542972567, 39.317960206716158 ], [ 26.69885228996781, 39.317909626927346 ] ] ] } },
{ "type": "Feature", "properties": { "fid": 1117, "Layer": "Wall" }, "geometry": { "type": "MultiLineString", "coordinates": [ [ [ 26.69885228996781, 39.317909626927346 ], [ 26.698850992328357, 39.317868589464823 ] ] ] } },
{ "type": "Feature", "properties": { "fid": 1118, "Layer": "Wall" }, "geometry": { "type": "MultiLineString", "coordinates": [ [ [ 26.698856907239481, 39.317909744177591 ], [ 26.698855616703778, 39.3178689281403 ] ] ] } },
{ "type": "Feature", "properties": { "fid": 1132, "Layer": "Wall" }, "geometry": { "type": "MultiLineString", "coordinates": [ [ [ 26.699560426728894, 39.318010655362066 ], [ 26.699567706531671, 39.318037878404972 ] ] ] } },
{ "type": "Feature", "properties": { "fid": 1133, "Layer": "Wall" }, "geometry": { "type": "MultiLineString", "coordinates": [ [ [ 26.699555829408123, 39.318011079972088 ], [ 26.699563091939122, 39.318038242722466 ] ] ] } },
{ "type": "Feature", "properties": { "fid": 1141, "Layer": "Wall" }, "geometry": { "type": "MultiLineString", "coordinates": [ [ [ 26.699265965149426, 39.318134604288922 ], [ 26.699298783561918, 39.318134807081847 ] ] ] } },
{ "type": "Feature", "properties": { "fid": 1142, "Layer": "Wall" }, "geometry": { "type": "MultiLineString", "coordinates": [ [ [ 26.69926613212585, 39.318131022524774 ], [ 26.699298821342015, 39.318131224537034 ] ] ] } },
{ "type": "Feature", "properties": { "fid": 1145, "Layer": "Wall" }, "geometry": { "type": "MultiLineString", "coordinates": [ [ [ 26.699063548751411, 39.318042144807947 ], [ 26.699066389388943, 39.318027030827892 ], [ 26.699141970834553, 39.318013596759549 ], [ 26.69914037013347, 39.318046533933092 ] ] ] } },
{ "type": "Feature", "properties": { "fid": 1146, "Layer": "Wall" }, "geometry": { "type": "MultiLineString", "coordinates": [ [ [ 26.699141970834553, 39.318013596759549 ], [ 26.699243255727048, 39.317996894868223 ] ] ] } },
{ "type": "Feature", "properties": { "fid": 1147, "Layer": "Wall" }, "geometry": { "type": "MultiLineString", "coordinates": [ [ [ 26.699298468877444, 39.317988078380964 ], [ 26.699313614427798, 39.317985057052105 ], [ 26.699317661872119, 39.318061423785977 ] ] ] } },
{ "type": "Feature", "properties": { "fid": 1152, "Layer": "Wall" }, "geometry": { "type": "MultiLineString", "coordinates": [ [ [ 26.698592148837587, 39.317670613086257 ], [ 26.698590272456723, 39.317638684547511 ], [ 26.698678565721579, 39.31763708445979 ], [ 26.698681768073254, 39.317712861546525 ] ] ] } },
{ "type": "Feature", "properties": { "fid": 1153, "Layer": "Wall" }, "geometry": { "type": "MultiLineString", "coordinates": [ [ [ 26.698678565721579, 39.31763708445979 ], [ 26.698761674304606, 39.317633320748108 ] ] ] } },
{ "type": "Feature", "properties": { "fid": 1156, "Layer": "Wall" }, "geometry": { "type": "MultiLineString", "coordinates": [ [ [ 26.698594818891376, 39.317715951910721 ], [ 26.698597908228976, 39.317769081861186 ], [ 26.69868116247703, 39.317772384921774 ], [ 26.698681340067001, 39.317750923887672 ] ] ] } },
{ "type": "Feature", "properties": { "fid": 1157, "Layer": "Wall" }, "geometry": { "type": "MultiLineString", "coordinates": [ [ [ 26.698598158867917, 39.317810382239259 ], [ 26.698597908228976, 39.317769081861186 ] ] ] } },
{ "type": "Feature", "properties": { "fid": 1159, "Layer": "Wall" }, "geometry": { "type": "MultiLineString", "coordinates": [ [ [ 26.698594965688098, 39.317909141015434 ], [ 26.698595925625014, 39.317860215431324 ] ] ] } },
{ "type": "Feature", "properties": { "fid": 1160, "Layer": "Wall" }, "geometry": { "type": "MultiLineString", "coordinates": [ [ [ 26.698599562299584, 39.317909975688039 ], [ 26.698600544930756, 39.317859916821035 ] ] ] } },
{ "type": "Feature", "properties": { "fid": 1169, "Layer": "Wall" }, "geometry": { "type": "MultiLineString", "coordinates": [ [ [ 26.698856920590455, 39.31791332847714 ], [ 26.698916375322849, 39.317914824452004 ], [ 26.698914537899963, 39.317958891040412 ], [ 26.698857139893875, 39.317956787380083 ], [ 26.698856920590455, 39.31791332847714 ] ] ] } },
{ "type": "Feature", "properties": { "fid": 1170, "Layer": "Wall" }, "geometry": { "type": "MultiLineString", "coordinates": [ [ [ 26.698599426142508, 39.317715790131572 ], [ 26.69860232574683, 39.317765670792134 ], [ 26.69867658006395, 39.317768615816036 ], [ 26.698676728534494, 39.317750900244548 ] ] ] } },
{ "type": "Feature", "properties": { "fid": 1171, "Layer": "Wall" }, "geometry": { "type": "MultiLineString", "coordinates": [ [ [ 26.69860277114681, 39.317810365375891 ], [ 26.698602518712512, 39.317769064999617 ] ] ] } },
{ "type": "Feature", "properties": { "fid": 1172, "Layer": "Wall" }, "geometry": { "type": "MultiLineString", "coordinates": [ [ [ 26.698596758775661, 39.317670450404648 ], [ 26.698595095185468, 39.31764218159352 ], [ 26.698674105184747, 39.317640748504679 ], [ 26.698677158858779, 39.317712978321232 ] ] ] } },
{ "type": "Feature", "properties": { "fid": 1173, "Layer": "Wall" }, "geometry": { "type": "MultiLineString", "coordinates": [ [ [ 26.698678834727925, 39.317640661323281 ], [ 26.698761943312682, 39.317636897611408 ] ] ] } },
{ "type": "Feature", "properties": { "fid": 1174, "Layer": "Wall" }, "geometry": { "type": "MultiLineString", "coordinates": [ [ [ 26.699068111008177, 39.318042664465565 ], [ 26.699070498637887, 39.318029974949873 ], [ 26.699137134037599, 39.31801813067608 ], [ 26.699135762655121, 39.31804639867223 ] ] ] } },
{ "type": "Feature", "properties": { "fid": 1175, "Layer": "Wall" }, "geometry": { "type": "MultiLineString", "coordinates": [ [ [ 26.699142928616414, 39.318017100973833 ], [ 26.699244213514039, 39.318000399982395 ] ] ] } },
{ "type": "Feature", "properties": { "fid": 1176, "Layer": "Wall" }, "geometry": { "type": "MultiLineString", "coordinates": [ [ [ 26.699299614939864, 39.31799154821595 ], [ 26.699309240715536, 39.317989629245837 ], [ 26.699313053650204, 39.318061571166446 ] ] ] } },
{ "type": "Feature", "properties": { "fid": 1177, "Layer": "Wall" }, "geometry": { "type": "MultiLineString", "coordinates": [ [ [ 26.695257865462128, 39.318624849880941 ], [ 26.695273566161173, 39.318635164409088 ] ] ] } },
{ "type": "Feature", "properties": { "fid": 1178, "Layer": "Wall" }, "geometry": { "type": "MultiLineString", "coordinates": [ [ [ 26.695167169239625, 39.318293456830283 ], [ 26.695314450827642, 39.318270083386977 ] ] ] } },
{ "type": "Feature", "properties": { "fid": 1179, "Layer": "Wall" }, "geometry": { "type": "MultiLineString", "coordinates": [ [ [ 26.695206181304354, 39.318190501775213 ], [ 26.695205597262667, 39.318205264453553 ], [ 26.695106565326473, 39.318203236761569 ], [ 26.695109265350833, 39.318163197367952 ] ] ] } },
{ "type": "Feature", "properties": { "fid": 1180, "Layer": "Wall" }, "geometry": { "type": "MultiLineString", "coordinates": [ [ [ 26.695100053853125, 39.318162822396097 ], [ 26.695097346997628, 39.318202955409674 ], [ 26.695080058168912, 39.318202252128209 ], [ 26.69500001669963, 39.318196234657499 ], [ 26.694999848101478, 39.318163333239433 ] ] ] } },
{ "type": "Feature", "properties": { "fid": 1181, "Layer": "Wall" }, "geometry": { "type": "MultiLineString", "coordinates": [ [ [ 26.694990624653972, 39.318163362435996 ], [ 26.694990789675057, 39.31819554105261 ], [ 26.694924185871866, 39.318190533748414 ], [ 26.69493139346686, 39.318138954127768 ] ] ] } },
{ "type": "Feature", "properties": { "fid": 1182, "Layer": "Wall" }, "geometry": { "type": "MultiLineString", "coordinates": [ [ [ 26.69492222357351, 39.318138181257794 ], [ 26.694914966154947, 39.318190115575916 ], [ 26.694771824584066, 39.318188323787552 ] ] ] } },
{ "type": "Feature", "properties": { "fid": 1183, "Layer": "Wall" }, "geometry": { "type": "MultiLineString", "coordinates": [ [ [ 26.69499542191539, 39.318199488360179 ], [ 26.694919097521829, 39.318193750099745 ] ] ] } },
{ "type": "Feature", "properties": { "fid": 1184, "Layer": "Wall" }, "geometry": { "type": "MultiLineString", "coordinates": [ [ [ 26.69521006523048, 39.318208940971644 ], [ 26.695101711221206, 39.318206721136946 ] ] ] } },
{ "type": "Feature", "properties": { "fid": 1185, "Layer": "Wall" }, "geometry": { "type": "MultiLineString", "coordinates": [ [ [ 26.695719949488844, 39.318180378083895 ], [ 26.695582282778378, 39.318192059034658 ], [ 26.695591493325047, 39.318102652297462 ] ] ] } },
{ "type": "Feature", "properties": { "fid": 1186, "Layer": "Wall" }, "geometry": { "type": "MultiLineString", "coordinates": [ [ [ 26.695931397175894, 39.318110610300906 ], [ 26.69596236163029, 39.318096610832697 ], [ 26.696054924144352, 39.318046677181215 ], [ 26.696002525665101, 39.317972370231416 ], [ 26.695996901176635, 39.317976418801891 ] ] ] } },
{ "type": "Feature", "properties": { "fid": 1187, "Layer": "Wall" }, "geometry": { "type": "MultiLineString", "coordinates": [ [ [ 26.696047845377141, 39.317970436375923 ], [ 26.696031908715749, 39.317950462775883 ] ] ] } },
{ "type": "Feature", "properties": { "fid": 1188, "Layer": "Wall" }, "geometry": { "type": "MultiLineString", "coordinates": [ [ [ 26.696020104705109, 39.317989842655948 ], [ 26.696047845377141, 39.317970436375923 ] ] ] } },
{ "type": "Feature", "properties": { "fid": 1189, "Layer": "Wall" }, "geometry": { "type": "MultiLineString", "coordinates": [ [ [ 26.696017827413471, 39.317986613287793 ], [ 26.696003728946966, 39.317966619089873 ], [ 26.695993765749421, 39.317973791511797 ] ] ] } },
{ "type": "Feature", "properties": { "fid": 1190, "Layer": "Wall" }, "geometry": { "type": "MultiLineString", "coordinates": [ [ [ 26.696069388990473, 39.317928423636644 ], [ 26.696124066384222, 39.318005421671359 ], [ 26.696058716772008, 39.31804459708399 ], [ 26.696020104705109, 39.317989842655948 ] ] ] } },
{ "type": "Feature", "properties": { "fid": 1191, "Layer": "Wall" }, "geometry": { "type": "MultiLineString", "coordinates": [ [ [ 26.696213025443591, 39.317938169228043 ], [ 26.696127559606076, 39.318002923289505 ], [ 26.696073426934696, 39.317926691663722 ] ] ] } },
{ "type": "Feature", "properties": { "fid": 1192, "Layer": "Wall" }, "geometry": { "type": "MultiLineString", "coordinates": [ [ [ 26.696611241122003, 39.317684436944411 ], [ 26.696641637751878, 39.317758669637726 ], [ 26.69657739186944, 39.317772562997646 ], [ 26.696552843569815, 39.317695841447282 ], [ 26.696611241122003, 39.317684436944411 ] ] ] } },
{ "type": "Feature", "properties": { "fid": 1213, "Layer": "Wall" }, "geometry": { "type": "MultiLineString", "coordinates": [ [ [ 26.698544464664625, 39.31786471861767 ], [ 26.69854623571997, 39.317845691859233 ] ] ] } },
{ "type": "Feature", "properties": { "fid": 1214, "Layer": "Wall" }, "geometry": { "type": "MultiLineString", "coordinates": [ [ [ 26.698539932918997, 39.317863714660618 ], [ 26.698541659121734, 39.317845171312676 ] ] ] } },
{ "type": "Feature", "properties": { "fid": 1220, "Layer": "Wall" }, "geometry": { "type": "MultiLineString", "coordinates": [ [ [ 26.697943640485196, 39.317799950377513 ], [ 26.697962157140104, 39.317774636044987 ] ] ] } },
{ "type": "Feature", "properties": { "fid": 1221, "Layer": "Wall" }, "geometry": { "type": "MultiLineString", "coordinates": [ [ [ 26.697939463830885, 39.31779840871301 ], [ 26.697957787673143, 39.317773356496104 ] ] ] } },
{ "type": "Feature", "properties": { "fid": 1224, "Layer": "Wall" }, "geometry": { "type": "MultiLineString", "coordinates": [ [ [ 26.698090630568206, 39.317692924280465 ], [ 26.698099164998165, 39.317672578879403 ] ] ] } },
{ "type": "Feature", "properties": { "fid": 1225, "Layer": "Wall" }, "geometry": { "type": "MultiLineString", "coordinates": [ [ [ 26.698086263369593, 39.317691772548017 ], [ 26.698094597709314, 39.317671903500049 ] ] ] } },
{ "type": "Feature", "properties": { "fid": 1236, "Layer": "Wall" }, "geometry": { "type": "MultiLineString", "coordinates": [ [ [ 26.697742284133312, 39.317823279551405 ], [ 26.697801945303059, 39.317846371282059 ], [ 26.697840833880239, 39.317770386060872 ], [ 26.697785830358892, 39.317755138254917 ], [ 26.697742284133312, 39.317823279551405 ] ] ] } },
{ "type": "Feature", "properties": { "fid": 1237, "Layer": "Wall" }, "geometry": { "type": "MultiLineString", "coordinates": [ [ [ 26.697748463192692, 39.317821668014751 ], [ 26.69779951174916, 39.317841426418909 ], [ 26.697834783233848, 39.317772512352995 ], [ 26.697788140033939, 39.317759582761106 ], [ 26.697748463192692, 39.317821668014751 ] ] ] } },
{ "type": "Feature", "properties": { "fid": 1238, "Layer": "Wall" }, "geometry": { "type": "MultiLineString", "coordinates": [ [ [ 26.697719791418084, 39.317652183923002 ], [ 26.697737934184143, 39.317620168470221 ] ] ] } },
{ "type": "Feature", "properties": { "fid": 1239, "Layer": "Wall" }, "geometry": { "type": "MultiLineString", "coordinates": [ [ [ 26.697723951951602, 39.31765373640544 ], [ 26.697742084908743, 39.317621737164089 ] ] ] } },
{ "type": "Feature", "properties": { "fid": 1254, "Layer": "Wall" }, "geometry": { "type": "MultiLineString", "coordinates": [ [ [ 26.698107622405857, 39.31730262422699 ], [ 26.698110559435797, 39.317260309131733 ] ] ] } },
{ "type": "Feature", "properties": { "fid": 1255, "Layer": "Wall" }, "geometry": { "type": "MultiLineString", "coordinates": [ [ [ 26.69811217974479, 39.317303521948816 ], [ 26.698115138014806, 39.3172608872881 ] ] ] } },
{ "type": "Feature", "properties": { "fid": 1262, "Layer": "Wall" }, "geometry": { "type": "MultiLineString", "coordinates": [ [ [ 26.698456143814607, 39.317435048941782 ], [ 26.698457266443867, 39.317415827447832 ], [ 26.698444057736168, 39.317355836137978 ] ] ] } },
{ "type": "Feature", "properties": { "fid": 1263, "Layer": "Wall" }, "geometry": { "type": "MultiLineString", "coordinates": [ [ [ 26.698451539656233, 39.317434833562764 ], [ 26.698452637005044, 39.317416051355089 ], [ 26.698439278653609, 39.317355385086401 ] ] ] } },
{ "type": "Feature", "properties": { "fid": 1271, "Layer": "Wall" }, "geometry": { "type": "MultiLineString", "coordinates": [ [ [ 26.698146543288903, 39.318065609769519 ], [ 26.698148904167958, 39.318046440243464 ] ] ] } },
{ "type": "Feature", "properties": { "fid": 1272, "Layer": "Wall" }, "geometry": { "type": "MultiLineString", "coordinates": [ [ [ 26.698141889399068, 39.318065775192217 ], [ 26.698144341710524, 39.318045861175051 ] ] ] } },
{ "type": "Feature", "properties": { "fid": 1277, "Layer": "Wall" }, "geometry": { "type": "MultiLineString", "coordinates": [ [ [ 26.697893645212719, 39.318090889486733 ], [ 26.697981357621604, 39.318135013795562 ], [ 26.69799800977048, 39.318123636084088 ], [ 26.698006599280419, 39.318111107355122 ], [ 26.698012950396375, 39.318076648151475 ], [ 26.698005549741783, 39.318056414687625 ], [ 26.697989334341553, 39.318035916626847 ], [ 26.697966183995931, 39.318025344393206 ] ] ] } },
{ "type": "Feature", "properties": { "fid": 1279, "Layer": "Wall" }, "geometry": { "type": "MultiLineString", "coordinates": [ [ [ 26.697896153266093, 39.318087881639066 ], [ 26.697980932728111, 39.318130530645753 ], [ 26.697994333742916, 39.318121376555894 ], [ 26.698002149615327, 39.318109978203424 ], [ 26.698008246569692, 39.31807689463156 ], [ 26.698001287329138, 39.318057868732986 ], [ 26.697986005788135, 39.318038551678889 ], [ 26.697963845801176, 39.318028431295296 ] ] ] } },
{ "type": "Feature", "properties": { "fid": 1287, "Layer": "Wall" }, "geometry": { "type": "MultiLineString", "coordinates": [ [ [ 26.698539351920086, 39.318151492637867 ], [ 26.698572906226847, 39.318148644225282 ] ] ] } },
{ "type": "Feature", "properties": { "fid": 1288, "Layer": "Wall" }, "geometry": { "type": "MultiLineString", "coordinates": [ [ [ 26.698539711606909, 39.318147858486412 ], [ 26.698573714352257, 39.318144970953909 ] ] ] } },
{ "type": "Feature", "properties": { "fid": 1290, "Layer": "Wall" }, "geometry": { "type": "MultiLineString", "coordinates": [ [ [ 26.698664904952857, 39.318006113856065 ], [ 26.698719691543065, 39.318012385728274 ] ] ] } },
{ "type": "Feature", "properties": { "fid": 1291, "Layer": "Wall" }, "geometry": { "type": "MultiLineString", "coordinates": [ [ [ 26.698665474865717, 39.318002556921279 ], [ 26.698719766901409, 39.31800877164244 ] ] ] } },
{ "type": "Feature", "properties": { "fid": 1292, "Layer": "Wall" }, "geometry": { "type": "MultiLineString", "coordinates": [ [ [ 26.698464446306097, 39.317968367670503 ], [ 26.698603998910162, 39.31800132024722 ], [ 26.698664904952857, 39.318006113856065 ] ] ] } },
{ "type": "Feature", "properties": { "fid": 1293, "Layer": "Wall" }, "geometry": { "type": "MultiLineString", "coordinates": [ [ [ 26.698465232433502, 39.317964808735134 ], [ 26.698604910748426, 39.317997790900307 ], [ 26.698665474865717, 39.318002556921279 ] ] ] } },
{ "type": "Feature", "properties": { "fid": 1300, "Layer": "Wall" }, "geometry": { "type": "MultiLineString", "coordinates": [ [ [ 26.6984570159246, 39.318061131001642 ], [ 26.698456283157704, 39.318005287693069 ] ] ] } },
{ "type": "Feature", "properties": { "fid": 1301, "Layer": "Wall" }, "geometry": { "type": "MultiLineString", "coordinates": [ [ [ 26.698259150003523, 39.317919422014938 ], [ 26.698305402190684, 39.317930648898283 ] ] ] } },
{ "type": "Feature", "properties": { "fid": 1302, "Layer": "Wall" }, "geometry": { "type": "MultiLineString", "coordinates": [ [ [ 26.69825777391905, 39.317922842875994 ], [ 26.698304026994087, 39.317934067058047 ] ] ] } },
{ "type": "Feature", "properties": { "fid": 1326, "Layer": "Wall" }, "geometry": { "type": "MultiLineString", "coordinates": [ [ [ 26.699089986276892, 39.317796473530592 ], [ 26.699095978823774, 39.317765259637348 ] ] ] } },
{ "type": "Feature", "properties": { "fid": 1327, "Layer": "Wall" }, "geometry": { "type": "MultiLineString", "coordinates": [ [ [ 26.699094571441037, 39.317796882452036 ], [ 26.699100557814269, 39.317765697368721 ] ] ] } },
{ "type": "Feature", "properties": { "fid": 1333, "Layer": "Wall" }, "geometry": { "type": "MultiLineString", "coordinates": [ [ [ 26.700056919033237, 39.318208141599179 ], [ 26.700000066108306, 39.318209126706016 ] ] ] } },
{ "type": "Feature", "properties": { "fid": 1335, "Layer": "Wall" }, "geometry": { "type": "MultiLineString", "coordinates": [ [ [ 26.699779737031783, 39.31831434294854 ], [ 26.69978450568847, 39.318263913385167 ], [ 26.699830390434254, 39.318267435459745 ], [ 26.699827781465601, 39.318315989858718 ], [ 26.699779737031783, 39.31831434294854 ] ] ] } },
{ "type": "Feature", "properties": { "fid": 1338, "Layer": "Wall" }, "geometry": { "type": "MultiLineString", "coordinates": [ [ [ 26.700057021234393, 39.318211725812816 ], [ 26.700000169195569, 39.318212708218581 ] ] ] } },
{ "type": "Feature", "properties": { "fid": 1347, "Layer": "Wall" }, "geometry": { "type": "MultiLineString", "coordinates": [ [ [ 26.699834089002746, 39.318127878934739 ], [ 26.699770144588399, 39.318130713154787 ], [ 26.69976257564911, 39.318105121417467 ] ] ] } },
{ "type": "Feature", "properties": { "fid": 1348, "Layer": "Wall" }, "geometry": { "type": "MultiLineString", "coordinates": [ [ [ 26.699834352661554, 39.318131455798799 ], [ 26.699766521436342, 39.318134461936808 ], [ 26.699758081112005, 39.318105923086478 ] ] ] } },
{ "type": "Feature", "properties": { "fid": 1350, "Layer": "Wall" }, "geometry": { "type": "MultiLineString", "coordinates": [ [ [ 26.699961496935291, 39.318124365842763 ], [ 26.699948321206087, 39.318124408630446 ] ] ] } },
{ "type": "Feature", "properties": { "fid": 1351, "Layer": "Wall" }, "geometry": { "type": "MultiLineString", "coordinates": [ [ [ 26.699960857343186, 39.318120784825929 ], [ 26.699948300658317, 39.318120826141033 ] ] ] } },
{ "type": "Feature", "properties": { "fid": 1353, "Layer": "Wall" }, "geometry": { "type": "MultiLineString", "coordinates": [ [ [ 26.700081055407264, 39.318121543202999 ], [ 26.700123024820396, 39.318120482748569 ], [ 26.700130764366843, 39.318072073927155 ], [ 26.70009410862253, 39.318037959677113 ], [ 26.700082019358714, 39.318037998759507 ] ] ] } },
{ "type": "Feature", "properties": { "fid": 1355, "Layer": "Wall" }, "geometry": { "type": "MultiLineString", "coordinates": [ [ [ 26.700080905668035, 39.318117961733456 ], [ 26.700118935063578, 39.318117000336045 ], [ 26.700125942579724, 39.318073174741308 ], [ 26.700091956244712, 39.318041549576435 ], [ 26.700082039009537, 39.318041581249716 ] ] ] } },
{ "type": "Feature", "properties": { "fid": 1357, "Layer": "Wall" }, "geometry": { "type": "MultiLineString", "coordinates": [ [ [ 26.69969825819846, 39.318020219611512 ], [ 26.699753778256515, 39.317989763758526 ] ] ] } },
{ "type": "Feature", "properties": { "fid": 1358, "Layer": "Wall" }, "geometry": { "type": "MultiLineString", "coordinates": [ [ [ 26.699800640592766, 39.317965560097981 ], [ 26.699848193334677, 39.31794340989142 ] ] ] } },
{ "type": "Feature", "properties": { "fid": 1359, "Layer": "Wall" }, "geometry": { "type": "MultiLineString", "coordinates": [ [ [ 26.699803011621587, 39.317968633643055 ], [ 26.699850566154787, 39.317946482534687 ] ] ] } },
{ "type": "Feature", "properties": { "fid": 1360, "Layer": "Wall" }, "geometry": { "type": "MultiLineString", "coordinates": [ [ [ 26.699700919362567, 39.318023146167477 ], [ 26.699756437623076, 39.317992689416016 ] ] ] } },
{ "type": "Feature", "properties": { "fid": 1376, "Layer": "Wall" }, "geometry": { "type": "MultiLineString", "coordinates": [ [ [ 26.699554530279002, 39.317576676599323 ], [ 26.69959613318931, 39.31756951723353 ] ] ] } },
{ "type": "Feature", "properties": { "fid": 1377, "Layer": "Wall" }, "geometry": { "type": "MultiLineString", "coordinates": [ [ [ 26.699553531254164, 39.317573178723691 ], [ 26.69959513685869, 39.317566020255626 ] ] ] } },
{ "type": "Feature", "properties": { "fid": 1383, "Layer": "Wall" }, "geometry": { "type": "MultiLineString", "coordinates": [ [ [ 26.699310299181104, 39.318188328852713 ], [ 26.699355677456083, 39.318189101514314 ] ] ] } },
{ "type": "Feature", "properties": { "fid": 1384, "Layer": "Wall" }, "geometry": { "type": "MultiLineString", "coordinates": [ [ [ 26.699315060410466, 39.318252300150242 ], [ 26.699361078729822, 39.318251000123368 ] ] ] } },
{ "type": "Feature", "properties": { "fid": 1387, "Layer": "Wall" }, "geometry": { "type": "MultiLineString", "coordinates": [ [ [ 26.699314891848335, 39.318248720496989 ], [ 26.699360912855013, 39.318247419567676 ] ] ] } },
{ "type": "Feature", "properties": { "fid": 1388, "Layer": "Wall" }, "geometry": { "type": "MultiLineString", "coordinates": [ [ [ 26.699310199491237, 39.318191909654253 ], [ 26.699355576873298, 39.318192683216743 ] ] ] } },
{ "type": "Feature", "properties": { "fid": 1404, "Layer": "Wall" }, "geometry": { "type": "MultiLineString", "coordinates": [ [ [ 26.698496663078323, 39.317368633296056 ], [ 26.698496056722139, 39.317337311162298 ] ] ] } },
{ "type": "Feature", "properties": { "fid": 1405, "Layer": "Wall" }, "geometry": { "type": "MultiLineString", "coordinates": [ [ [ 26.698501276106953, 39.317368580428528 ], [ 26.698500667051793, 39.317337256497112 ] ] ] } },
{ "type": "Feature", "properties": { "fid": 1409, "Layer": "Wall" }, "geometry": { "type": "MultiLineString", "coordinates": [ [ [ 26.69862784112518, 39.317212549468024 ], [ 26.69874765173585, 39.317215318324429 ] ] ] } },
{ "type": "Feature", "properties": { "fid": 1410, "Layer": "Wall" }, "geometry": { "type": "MultiLineString", "coordinates": [ [ [ 26.698627718075063, 39.3172161302954 ], [ 26.698661715181228, 39.317216832501785 ], [ 26.6986654223812, 39.317292833278032 ] ] ] } },
{ "type": "Feature", "properties": { "fid": 1411, "Layer": "Wall" }, "geometry": { "type": "MultiLineString", "coordinates": [ [ [ 26.698747508953826, 39.317218900069875 ], [ 26.69866633504536, 39.317216929049408 ], [ 26.698670037349732, 39.31729281911403 ] ] ] } },
{ "type": "Feature", "properties": { "fid": 1414, "Layer": "Wall" }, "geometry": { "type": "MultiLineString", "coordinates": [ [ [ 26.69878878056894, 39.317526825766848 ], [ 26.698799402416643, 39.31746398875913 ], [ 26.69880395179818, 39.317440323768288 ], [ 26.698809936886374, 39.317398401036222 ], [ 26.698813631166683, 39.317366269321695 ] ] ] } },
{ "type": "Feature", "properties": { "fid": 1415, "Layer": "Wall" }, "geometry": { "type": "MultiLineString", "coordinates": [ [ [ 26.698784206867053, 39.317526359224892 ], [ 26.698794827822471, 39.317463523117944 ], [ 26.698732889015378, 39.317457204724064 ] ] ] } },
{ "type": "Feature", "properties": { "fid": 1416, "Layer": "Wall" }, "geometry": { "type": "MultiLineString", "coordinates": [ [ [ 26.698733490357871, 39.317453653159944 ], [ 26.698795509038231, 39.317459978681185 ], [ 26.69879937631746, 39.317439860828223 ], [ 26.69880534744734, 39.317398044324179 ], [ 26.69880903918094, 39.317365951317456 ] ] ] } },
{ "type": "Feature", "properties": { "fid": 1438, "Layer": "Wall" }, "geometry": { "type": "MultiLineString", "coordinates": [ [ [ 26.699638235278975, 39.318054537576579 ], [ 26.699621891904766, 39.318027228401704 ] ] ] } },
{ "type": "Feature", "properties": { "fid": 1439, "Layer": "Wall" }, "geometry": { "type": "MultiLineString", "coordinates": [ [ [ 26.6995918325965, 39.317966967416567 ], [ 26.699590597182841, 39.31792967445228 ] ] ] } },
{ "type": "Feature", "properties": { "fid": 1440, "Layer": "Wall" }, "geometry": { "type": "MultiLineString", "coordinates": [ [ [ 26.699594600164538, 39.317966911750482 ], [ 26.699593364746988, 39.31792961788608 ] ] ] } },
{ "type": "Feature", "properties": { "fid": 1441, "Layer": "Wall" }, "geometry": { "type": "MultiLineString", "coordinates": [ [ [ 26.699640744879527, 39.318053631527825 ], [ 26.699624401505108, 39.318026322352978 ] ] ] } },
{ "type": "Feature", "properties": { "fid": 1448, "Layer": "Wall" }, "geometry": { "type": "MultiLineString", "coordinates": [ [ [ 26.69901824303561, 39.317532881358943 ], [ 26.699023876401778, 39.317506870535169 ] ] ] } },
{ "type": "Feature", "properties": { "fid": 1449, "Layer": "Wall" }, "geometry": { "type": "MultiLineString", "coordinates": [ [ [ 26.69903558979497, 39.317453848431079 ], [ 26.699038352410035, 39.317439452819841 ] ] ] } },
{ "type": "Feature", "properties": { "fid": 1450, "Layer": "Wall" }, "geometry": { "type": "MultiLineString", "coordinates": [ [ [ 26.699038326440384, 39.317454165448289 ], [ 26.69904108995576, 39.317439770736378 ] ] ] } },
{ "type": "Feature", "properties": { "fid": 1451, "Layer": "Wall" }, "geometry": { "type": "MultiLineString", "coordinates": [ [ [ 26.699020971751796, 39.317533237088902 ], [ 26.699026605117592, 39.317507226265171 ] ] ] } },
{ "type": "Feature", "properties": { "fid": 1453, "Layer": "Wall" }, "geometry": { "type": "MultiLineString", "coordinates": [ [ [ 26.698117978744179, 39.31710237546713 ], [ 26.698105985912481, 39.317103217358238 ], [ 26.698099552480102, 39.317101801092775 ], [ 26.698095844977473, 39.317096616168882 ], [ 26.698093301926029, 39.317087550611689 ], [ 26.698091549548092, 39.317064072350512 ] ] ] } },
{ "type": "Feature", "properties": { "fid": 1454, "Layer": "Wall" }, "geometry": { "type": "MultiLineString", "coordinates": [ [ [ 26.698117728553235, 39.317100234290038 ], [ 26.698106249660185, 39.31710103970147 ], [ 26.698101413592365, 39.317099976612404 ], [ 26.698098461842925, 39.317095849543129 ], [ 26.698096054230906, 39.317087258229165 ], [ 26.698094313244034, 39.317063948281763 ] ] ] } },
{ "type": "Feature", "properties": { "fid": 1462, "Layer": "Wall" }, "geometry": { "type": "MultiLineString", "coordinates": [ [ [ 26.69650570120551, 39.319962116326643 ], [ 26.696512450886896, 39.319966285785775 ] ] ] } },
{ "type": "Feature", "properties": { "fid": 1464, "Layer": "Wall" }, "geometry": { "type": "MultiLineString", "coordinates": [ [ [ 26.696423768751043, 39.319884224696047 ], [ 26.696465523898752, 39.319926872914195 ] ] ] } },
{ "type": "Feature", "properties": { "fid": 1465, "Layer": "Wall" }, "geometry": { "type": "MultiLineString", "coordinates": [ [ [ 26.696474588375096, 39.319854982984403 ], [ 26.696516057695732, 39.319897244409383 ] ] ] } },
{ "type": "Feature", "properties": { "fid": 1466, "Layer": "Wall" }, "geometry": { "type": "MultiLineString", "coordinates": [ [ [ 26.696472385300815, 39.319856285705164 ], [ 26.696513856418459, 39.319898548028689 ] ] ] } },
{ "type": "Feature", "properties": { "fid": 1467, "Layer": "Wall" }, "geometry": { "type": "MultiLineString", "coordinates": [ [ [ 26.696425970934179, 39.31988292377644 ], [ 26.69646772697638, 39.319925571093556 ] ] ] } },
{ "type": "Feature", "properties": { "fid": 1478, "Layer": "Wall" }, "geometry": { "type": "MultiLineString", "coordinates": [ [ [ 26.696904506435413, 39.319604449973717 ], [ 26.696972558186136, 39.319587506078371 ] ] ] } },
{ "type": "Feature", "properties": { "fid": 1480, "Layer": "Wall" }, "geometry": { "type": "MultiLineString", "coordinates": [ [ [ 26.697081575798389, 39.319745088884503 ], [ 26.697070511746791, 39.319647348791541 ] ] ] } },
{ "type": "Feature", "properties": { "fid": 1481, "Layer": "Wall" }, "geometry": { "type": "MultiLineString", "coordinates": [ [ [ 26.696975712184557, 39.319712561590556 ], [ 26.696941556168422, 39.319687809026533 ], [ 26.696915691284509, 39.319692522598842 ] ] ] } },
{ "type": "Feature", "properties": { "fid": 1482, "Layer": "Wall" }, "geometry": { "type": "MultiLineString", "coordinates": [ [ [ 26.69697944173689, 39.3197123250103 ], [ 26.696942363810543, 39.319685452644386 ], [ 26.696915417685272, 39.319690366144243 ] ] ] } },
{ "type": "Feature", "properties": { "fid": 1483, "Layer": "Wall" }, "geometry": { "type": "MultiLineString", "coordinates": [ [ [ 26.6969047837419, 39.319606638829768 ], [ 26.69697287044599, 39.319589685000594 ] ] ] } },
{ "type": "Feature", "properties": { "fid": 1487, "Layer": "Wall" }, "geometry": { "type": "MultiLineString", "coordinates": [ [ [ 26.696840414581427, 39.319857964631069 ], [ 26.696776123363989, 39.319868788682037 ], [ 26.696627569135291, 39.319978044006923 ] ] ] } },
{ "type": "Feature", "properties": { "fid": 1488, "Layer": "Wall" }, "geometry": { "type": "MultiLineString", "coordinates": [ [ [ 26.696839828966688, 39.319855862472885 ], [ 26.696774781021514, 39.319866815941396 ], [ 26.696625664900086, 39.319976481343794 ] ] ] } },
{ "type": "Feature", "properties": { "fid": 1489, "Layer": "Wall" }, "geometry": { "type": "MultiLineString", "coordinates": [ [ [ 26.696742160657152, 39.319965435327418 ], [ 26.696810069425819, 39.319921205977202 ], [ 26.696906780998773, 39.319890213389172 ], [ 26.696907909416247, 39.31989135640891 ], [ 26.696909837257053, 39.319948564065371 ], [ 26.696859742968005, 39.319974587165603 ], [ 26.696786044182939, 39.320010969152747 ], [ 26.696742160657152, 39.319965435327418 ] ] ] } },
{ "type": "Feature", "properties": { "fid": 1490, "Layer": "Wall" }, "geometry": { "type": "MultiLineString", "coordinates": [ [ [ 26.696667487361569, 39.320017634359914 ], [ 26.696740189944272, 39.319966978168125 ], [ 26.696817901214629, 39.320047608220399 ], [ 26.696755156175126, 39.320080429976862 ], [ 26.696731117555551, 39.320055940810292 ], [ 26.696710343776655, 39.320060806300113 ], [ 26.696667487361569, 39.320017634359914 ] ] ] } },
{ "type": "Feature", "properties": { "fid": 1491, "Layer": "Wall" }, "geometry": { "type": "MultiLineString", "coordinates": [ [ [ 26.696725598133398, 39.32016705230609 ], [ 26.696707624199099, 39.320145165207862 ], [ 26.696743156724512, 39.320125703102249 ], [ 26.69672528957463, 39.320099970557379 ], [ 26.696756041349865, 39.32008515123001 ], [ 26.696759127877428, 39.320083537147951 ], [ 26.696808799760245, 39.320126103287585 ], [ 26.696784051541925, 39.320143967600046 ], [ 26.696770709105731, 39.320133226106179 ], [ 26.696725598133398, 39.32016705230609 ] ] ] } },
{ "type": "Feature", "properties": { "fid": 1492, "Layer": "Wall" }, "geometry": { "type": "MultiLineString", "coordinates": [ [ [ 26.696838135778023, 39.320168018523717 ], [ 26.696815330068493, 39.32017942712428 ], [ 26.696763508440721, 39.320212584432824 ], [ 26.696739786087736, 39.320182465582398 ], [ 26.696799667433105, 39.320138362470111 ], [ 26.696838135778023, 39.320168018523717 ] ] ] } },
{ "type": "Feature", "properties": { "fid": 1493, "Layer": "Wall" }, "geometry": { "type": "MultiLineString", "coordinates": [ [ [ 26.696762809044579, 39.320215816538195 ], [ 26.696736257058397, 39.320182103392689 ] ] ] } },
{ "type": "Feature", "properties": { "fid": 1494, "Layer": "Wall" }, "geometry": { "type": "MultiLineString", "coordinates": [ [ [ 26.696842527880641, 39.320168378114793 ], [ 26.696816963132033, 39.320181166461687 ] ] ] } },
{ "type": "Feature", "properties": { "fid": 1495, "Layer": "Wall" }, "geometry": { "type": "MultiLineString", "coordinates": [ [ [ 26.696663726322836, 39.320017365997025 ], [ 26.696740592621502, 39.319963809344955 ], [ 26.696808618042567, 39.319919344953497 ], [ 26.696907684564838, 39.319887597681856 ], [ 26.696910652844302, 39.319890602266113 ], [ 26.696912643330066, 39.319949692032218 ], [ 26.696861251554896, 39.319976389627726 ], [ 26.696787577093993, 39.320012558262071 ], [ 26.696821860570605, 39.320048126634667 ], [ 26.696759568623623, 39.320080713939241 ], [ 26.696812685894376, 39.320126232914063 ] ] ] } },
{ "type": "Feature", "properties": { "fid": 1496, "Layer": "Wall" }, "geometry": { "type": "MultiLineString", "coordinates": [ [ [ 26.697002113221473, 39.319880991666459 ], [ 26.697101566683546, 39.319872374611897 ], [ 26.697122073721044, 39.319955677790212 ] ] ] } },
{ "type": "Feature", "properties": { "fid": 1497, "Layer": "Wall" }, "geometry": { "type": "MultiLineString", "coordinates": [ [ [ 26.696703083011474, 39.320226282629029 ], [ 26.696722343031738, 39.320245875009 ] ] ] } },
{ "type": "Feature", "properties": { "fid": 1498, "Layer": "Wall" }, "geometry": { "type": "MultiLineString", "coordinates": [ [ [ 26.696473395027937, 39.320237394568125 ], [ 26.696546155094882, 39.3201692191425 ], [ 26.696599002869398, 39.320207939713157 ], [ 26.6965268182099, 39.320275000249282 ], [ 26.696473395027937, 39.320237394568125 ] ] ] } },
{ "type": "Feature", "properties": { "fid": 1499, "Layer": "Wall" }, "geometry": { "type": "MultiLineString", "coordinates": [ [ [ 26.6966027981459, 39.320207765181053 ], [ 26.696527092628106, 39.320278095535535 ] ] ] } },
{ "type": "Feature", "properties": { "fid": 1500, "Layer": "Wall" }, "geometry": { "type": "MultiLineString", "coordinates": [ [ [ 26.696507536166095, 39.320136425359564 ], [ 26.696544342149817, 39.320100474436316 ], [ 26.696555826118232, 39.320062992390049 ], [ 26.696501412705082, 39.320013136859991 ], [ 26.696460884826013, 39.320039824402315 ], [ 26.696418803584507, 39.320078445478565 ] ] ] } },
{ "type": "Feature", "properties": { "fid": 1501, "Layer": "Wall" }, "geometry": { "type": "MultiLineString", "coordinates": [ [ [ 26.696399521979938, 39.320066015418583 ], [ 26.696442460451877, 39.320028474604712 ], [ 26.69648047773984, 39.319993278669486 ], [ 26.696479060855989, 39.319990802825444 ] ] ] } },
{ "type": "Feature", "properties": { "fid": 1502, "Layer": "Wall" }, "geometry": { "type": "MultiLineString", "coordinates": [ [ [ 26.696421884678994, 39.320080430115127 ], [ 26.696418803584507, 39.320078445478565 ] ] ] } },
{ "type": "Feature", "properties": { "fid": 1503, "Layer": "Wall" }, "geometry": { "type": "MultiLineString", "coordinates": [ [ [ 26.696417014464764, 39.320080085364928 ], [ 26.696416997479044, 39.320080101582931 ] ] ] } },
{ "type": "Feature", "properties": { "fid": 1504, "Layer": "Wall" }, "geometry": { "type": "MultiLineString", "coordinates": [ [ [ 26.696416673068054, 39.32007707025074 ], [ 26.696401654283097, 39.320067388844677 ] ] ] } },
{ "type": "Feature", "properties": { "fid": 1505, "Layer": "Wall" }, "geometry": { "type": "MultiLineString", "coordinates": [ [ [ 26.696399521979938, 39.320066015418583 ], [ 26.696391464900138, 39.320060821920862 ] ] ] } },
{ "type": "Feature", "properties": { "fid": 1506, "Layer": "Wall" }, "geometry": { "type": "MultiLineString", "coordinates": [ [ [ 26.696343571975927, 39.31985917798454 ], [ 26.696362135619186, 39.319875660194946 ] ] ] } },
{ "type": "Feature", "properties": { "fid": 1507, "Layer": "Wall" }, "geometry": { "type": "MultiLineString", "coordinates": [ [ [ 26.696069968910731, 39.320077845043109 ], [ 26.696094212826953, 39.320092735985142 ], [ 26.696135070397023, 39.320064508032075 ], [ 26.696115275546312, 39.320046977406399 ], [ 26.696069968910731, 39.320077845043109 ] ] ] } },
{ "type": "Feature", "properties": { "fid": 1508, "Layer": "Wall" }, "geometry": { "type": "MultiLineString", "coordinates": [ [ [ 26.696152968247024, 39.320123584935011 ], [ 26.696190632925259, 39.320146424210783 ] ] ] } },
{ "type": "Feature", "properties": { "fid": 1509, "Layer": "Wall" }, "geometry": { "type": "MultiLineString", "coordinates": [ [ [ 26.696439243153861, 39.320200283243324 ], [ 26.69646098167167, 39.320178181214217 ], [ 26.696399131812587, 39.320135838726024 ], [ 26.696368547363871, 39.320162791617314 ], [ 26.696439243153861, 39.320200283243324 ] ] ] } },
{ "type": "Feature", "properties": { "fid": 1510, "Layer": "Wall" }, "geometry": { "type": "MultiLineString", "coordinates": [ [ [ 26.696398885439912, 39.320132803721386 ], [ 26.69636440036814, 39.320163196005673 ] ] ] } },
{ "type": "Feature", "properties": { "fid": 1511, "Layer": "Wall" }, "geometry": { "type": "MultiLineString", "coordinates": [ [ [ 26.696138962997995, 39.320064696164799 ], [ 26.69611553160367, 39.320043944636978 ] ] ] } },
{ "type": "Feature", "properties": { "fid": 1512, "Layer": "Wall" }, "geometry": { "type": "MultiLineString", "coordinates": [ [ [ 26.696578238750504, 39.320390193383943 ], [ 26.696637872278359, 39.32042801202703 ], [ 26.696689050029704, 39.320394462862858 ], [ 26.696627757154079, 39.320352193723942 ], [ 26.696578238750504, 39.320390193383943 ] ] ] } },
{ "type": "Feature", "properties": { "fid": 1513, "Layer": "Wall" }, "geometry": { "type": "MultiLineString", "coordinates": [ [ [ 26.696370313500434, 39.323683872904141 ], [ 26.696409971588302, 39.323718987655631 ], [ 26.696302149169149, 39.32379245629717 ], [ 26.696264324377264, 39.323755309176988 ], [ 26.696370313500434, 39.323683872904141 ] ] ] } },
{ "type": "Feature", "properties": { "fid": 1514, "Layer": "Wall" }, "geometry": { "type": "MultiLineString", "coordinates": [ [ [ 26.696314072011003, 39.32380924689101 ], [ 26.696301784174047, 39.323795564748913 ], [ 26.696260512986537, 39.323755032769412 ], [ 26.696370579229367, 39.323680847354581 ] ] ] } },
{ "type": "Feature", "properties": { "fid": 1515, "Layer": "Wall" }, "geometry": { "type": "MultiLineString", "coordinates": [ [ [ 26.696413876891562, 39.323719185664984 ], [ 26.696303879062452, 39.323794139719318 ], [ 26.696316341692061, 39.32380801612539 ] ] ] } },
{ "type": "Feature", "properties": { "fid": 1516, "Layer": "Wall" }, "geometry": { "type": "MultiLineString", "coordinates": [ [ [ 26.696741654164583, 39.323502897232864 ], [ 26.696793579056067, 39.323520649896089 ], [ 26.696848629919977, 39.323537969402459 ], [ 26.696754985070751, 39.323614270270937 ], [ 26.696720300334668, 39.323588438356467 ], [ 26.696771231259042, 39.323544341072001 ], [ 26.696732280824506, 39.323517198031233 ], [ 26.696741654164583, 39.323502897232864 ] ] ] } },
{ "type": "Feature", "properties": { "fid": 1517, "Layer": "Wall" }, "geometry": { "type": "MultiLineString", "coordinates": [ [ [ 26.696628157049901, 39.323647140464679 ], [ 26.696692715075482, 39.323598742391177 ], [ 26.696733155396011, 39.323634051738587 ], [ 26.696674393819091, 39.323680484878217 ], [ 26.696628157049901, 39.323647140464679 ] ] ] } },
{ "type": "Feature", "properties": { "fid": 1518, "Layer": "Wall" }, "geometry": { "type": "MultiLineString", "coordinates": [ [ [ 26.69661963926621, 39.323573973084123 ], [ 26.696588052046497, 39.323595001256685 ], [ 26.696584364232823, 39.323591832649761 ], [ 26.696569794206034, 39.323602061613698 ], [ 26.696590046136684, 39.323619463776375 ], [ 26.696495347841374, 39.323685964174061 ], [ 26.696441601775732, 39.323635175181103 ], [ 26.696421830012408, 39.323646850952322 ] ] ] } },
{ "type": "Feature", "properties": { "fid": 1519, "Layer": "Wall" }, "geometry": { "type": "MultiLineString", "coordinates": [ [ [ 26.696443670639667, 39.323633746574167 ], [ 26.696495642873622, 39.323682858486549 ], [ 26.69658613740938, 39.323619310776984 ], [ 26.696565885479306, 39.323601908614236 ], [ 26.696580454605066, 39.323591678751072 ], [ 26.696546583804615, 39.323562577740056 ], [ 26.696443670639667, 39.323633746574167 ] ] ] } },
{ "type": "Feature", "properties": { "fid": 1520, "Layer": "Wall" }, "geometry": { "type": "MultiLineString", "coordinates": [ [ [ 26.696550665734534, 39.32355967287041 ], [ 26.696588297262739, 39.323592006329442 ], [ 26.696615736517273, 39.323573740868703 ], [ 26.696578060417391, 39.323539592808032 ], [ 26.696550665734534, 39.32355967287041 ] ] ] } },
{ "type": "Feature", "properties": { "fid": 1521, "Layer": "Wall" }, "geometry": { "type": "MultiLineString", "coordinates": [ [ [ 26.696432488872045, 39.323732365983155 ], [ 26.696510654650581, 39.323799914179432 ], [ 26.6965596395105, 39.323768847066724 ], [ 26.696481694957622, 39.323698838637306 ], [ 26.696432488872045, 39.323732365983155 ] ] ] } },
{ "type": "Feature", "properties": { "fid": 1522, "Layer": "Wall" }, "geometry": { "type": "MultiLineString", "coordinates": [ [ [ 26.696428558512011, 39.323732185099367 ], [ 26.696466567963157, 39.323765031270099 ] ] ] } },
{ "type": "Feature", "properties": { "fid": 1523, "Layer": "Wall" }, "geometry": { "type": "MultiLineString", "coordinates": [ [ [ 26.696820684062551, 39.323428745874757 ], [ 26.696849833659186, 39.323406748715279 ], [ 26.696861132148882, 39.323452414865407 ] ] ] } },
{ "type": "Feature", "properties": { "fid": 1524, "Layer": "Wall" }, "geometry": { "type": "MultiLineString", "coordinates": [ [ [ 26.696929902917351, 39.32342840072004 ], [ 26.696916460520612, 39.323404576183194 ], [ 26.696885230915047, 39.323319629224684 ] ] ] } },
{ "type": "Feature", "properties": { "fid": 1525, "Layer": "Wall" }, "geometry": { "type": "MultiLineString", "coordinates": [ [ [ 26.696907180534762, 39.323291693431905 ], [ 26.696952664382618, 39.323270155487236 ], [ 26.697033997351408, 39.323343254532332 ] ] ] } },
{ "type": "Feature", "properties": { "fid": 1526, "Layer": "Wall" }, "geometry": { "type": "MultiLineString", "coordinates": [ [ [ 26.697139900363762, 39.323461837288384 ], [ 26.697192943868298, 39.323422564464558 ], [ 26.697144174522379, 39.32337648928371 ], [ 26.697151640097161, 39.32337153980054 ] ] ] } },
{ "type": "Feature", "properties": { "fid": 1527, "Layer": "Wall" }, "geometry": { "type": "MultiLineString", "coordinates": [ [ [ 26.697034788552394, 39.319708812861222 ], [ 26.697077141284009, 39.319705921207088 ] ] ] } },
{ "type": "Feature", "properties": { "fid": 1528, "Layer": "Wall" }, "geometry": { "type": "MultiLineString", "coordinates": [ [ [ 26.697034999305483, 39.319710956771736 ], [ 26.69707462712277, 39.319708250362339 ], [ 26.697078819495221, 39.319745277758919 ] ] ] } },
{ "type": "Feature", "properties": { "fid": 1529, "Layer": "Wall" }, "geometry": { "type": "MultiLineString", "coordinates": [ [ [ 26.697074384081102, 39.319706109182057 ], [ 26.697067756339386, 39.319647536764762 ] ] ] } },
{ "type": "Feature", "properties": { "fid": 1531, "Layer": "Wall" }, "geometry": { "type": "MultiLineString", "coordinates": [ [ [ 26.696639303946714, 39.319708845278079 ], [ 26.696652651114885, 39.319699454508154 ] ] ] } },
{ "type": "Feature", "properties": { "fid": 1532, "Layer": "Wall" }, "geometry": { "type": "MultiLineString", "coordinates": [ [ [ 26.696641160738739, 39.319710438590377 ], [ 26.696654509697996, 39.319701046918667 ] ] ] } },
{ "type": "Feature", "properties": { "fid": 1549, "Layer": "Wall" }, "geometry": { "type": "MultiLineString", "coordinates": [ [ [ 26.697292011692273, 39.31970820782221 ], [ 26.697395431090513, 39.319710021371343 ], [ 26.697409006609664, 39.319632681527146 ] ] ] } },
{ "type": "Feature", "properties": { "fid": 1550, "Layer": "Wall" }, "geometry": { "type": "MultiLineString", "coordinates": [ [ [ 26.697335186450381, 39.319785677918496 ], [ 26.697296693343286, 39.319787150115289 ] ] ] } },
{ "type": "Feature", "properties": { "fid": 1551, "Layer": "Wall" }, "geometry": { "type": "MultiLineString", "coordinates": [ [ [ 26.697335223182929, 39.319787828289989 ], [ 26.697296787484071, 39.319789297733401 ] ] ] } },
{ "type": "Feature", "properties": { "fid": 1552, "Layer": "Wall" }, "geometry": { "type": "MultiLineString", "coordinates": [ [ [ 26.697291949737053, 39.319710359185372 ], [ 26.697395387974073, 39.319712171816775 ], [ 26.697393398771478, 39.31978378512882 ] ] ] } },
{ "type": "Feature", "properties": { "fid": 1553, "Layer": "Wall" }, "geometry": { "type": "MultiLineString", "coordinates": [ [ [ 26.697411749451518, 39.319632971532762 ], [ 26.697398215204228, 39.319710071004387 ], [ 26.697396164933188, 39.31978383207796 ] ] ] } },
{ "type": "Feature", "properties": { "fid": 1554, "Layer": "Wall" }, "geometry": { "type": "MultiLineString", "coordinates": [ [ [ 26.697238525869217, 39.319557825159215 ], [ 26.697234834255916, 39.319610593185615 ], [ 26.697304215614608, 39.319610212200715 ] ] ] } },
{ "type": "Feature", "properties": { "fid": 1555, "Layer": "Wall" }, "geometry": { "type": "MultiLineString", "coordinates": [ [ [ 26.697241289590039, 39.319557941421394 ], [ 26.697237757240693, 39.319608427475551 ], [ 26.697304196830025, 39.319608061812005 ] ] ] } },
{ "type": "Feature", "properties": { "fid": 1556, "Layer": "Wall" }, "geometry": { "type": "MultiLineString", "coordinates": [ [ [ 26.697189910256128, 39.319582934167975 ], [ 26.697183788396853, 39.319559464482289 ] ] ] } },
{ "type": "Feature", "properties": { "fid": 1557, "Layer": "Wall" }, "geometry": { "type": "MultiLineString", "coordinates": [ [ [ 26.697108962424725, 39.319580125878389 ], [ 26.69718651890545, 39.319580756292119 ], [ 26.697181539302839, 39.319561661073905 ], [ 26.697107638749046, 39.31956318218662 ], [ 26.697108962424725, 39.319580125878389 ] ] ] } },
{ "type": "Feature", "properties": { "fid": 1558, "Layer": "Wall" }, "geometry": { "type": "MultiLineString", "coordinates": [ [ [ 26.697104702595297, 39.31956109210207 ], [ 26.69710635600007, 39.319582253490346 ] ] ] } },
{ "type": "Feature", "properties": { "fid": 1559, "Layer": "Wall" }, "geometry": { "type": "MultiLineString", "coordinates": [ [ [ 26.697296787484071, 39.319789297733401 ], [ 26.697288243340981, 39.319825271143152 ], [ 26.697335129943141, 39.319825356506264 ] ] ] } },
{ "type": "Feature", "properties": { "fid": 1560, "Layer": "Wall" }, "geometry": { "type": "MultiLineString", "coordinates": [ [ [ 26.697293964214371, 39.3197893336486 ], [ 26.69728492013779, 39.319827415620175 ], [ 26.69733512360909, 39.319827506017333 ] ] ] } },
{ "type": "Feature", "properties": { "fid": 1561, "Layer": "Wall" }, "geometry": { "type": "MultiLineString", "coordinates": [ [ [ 26.697116224843462, 39.319675866705502 ], [ 26.697116176823034, 39.31966683666402 ] ] ] } },
{ "type": "Feature", "properties": { "fid": 1562, "Layer": "Wall" }, "geometry": { "type": "MultiLineString", "coordinates": [ [ [ 26.697118993477215, 39.319675856945288 ], [ 26.697118943665629, 39.319666827805598 ] ] ] } },
{ "type": "Feature", "properties": { "fid": 1574, "Layer": "Wall" }, "geometry": { "type": "MultiLineString", "coordinates": [ [ [ 26.696943697306658, 39.31884552869294 ], [ 26.696925894372285, 39.318718026532615 ] ] ] } },
{ "type": "Feature", "properties": { "fid": 1585, "Layer": "Wall" }, "geometry": { "type": "MultiLineString", "coordinates": [ [ [ 26.696940946561902, 39.318845759866058 ], [ 26.696923143636557, 39.318718259505687 ] ] ] } },
{ "type": "Feature", "properties": { "fid": 1587, "Layer": "Wall" }, "geometry": { "type": "MultiLineString", "coordinates": [ [ [ 26.696957405781621, 39.318937357102314 ], [ 26.696956245895844, 39.318928716034698 ] ] ] } },
{ "type": "Feature", "properties": { "fid": 1595, "Layer": "Wall" }, "geometry": { "type": "MultiLineString", "coordinates": [ [ [ 26.696504590077193, 39.319098020722528 ], [ 26.696445609344526, 39.319003576899419 ], [ 26.696456331269424, 39.318999942181406 ] ] ] } },
{ "type": "Feature", "properties": { "fid": 1603, "Layer": "Wall" }, "geometry": { "type": "MultiLineString", "coordinates": [ [ [ 26.696415149385611, 39.319200102333525 ], [ 26.69643519217599, 39.319190742289599 ] ] ] } },
{ "type": "Feature", "properties": { "fid": 1604, "Layer": "Wall" }, "geometry": { "type": "MultiLineString", "coordinates": [ [ [ 26.696237132973639, 39.319256378913813 ], [ 26.696278576934553, 39.319247342068117 ] ] ] } },
{ "type": "Feature", "properties": { "fid": 1605, "Layer": "Wall" }, "geometry": { "type": "MultiLineString", "coordinates": [ [ [ 26.696086830418526, 39.319173020727433 ], [ 26.696132442239662, 39.319137602652511 ] ] ] } },
{ "type": "Feature", "properties": { "fid": 1606, "Layer": "Wall" }, "geometry": { "type": "MultiLineString", "coordinates": [ [ [ 26.696088785593719, 39.319174540142015 ], [ 26.696134398325921, 39.319139125666702 ] ] ] } },
{ "type": "Feature", "properties": { "fid": 1607, "Layer": "Wall" }, "geometry": { "type": "MultiLineString", "coordinates": [ [ [ 26.696236385116322, 39.319254308406691 ], [ 26.696277829980399, 39.31924527336048 ] ] ] } },
{ "type": "Feature", "properties": { "fid": 1608, "Layer": "Wall" }, "geometry": { "type": "MultiLineString", "coordinates": [ [ [ 26.696413723219827, 39.319198259285464 ], [ 26.696433765119458, 39.319188901042651 ] ] ] } },
{ "type": "Feature", "properties": { "fid": 1610, "Layer": "Wall" }, "geometry": { "type": "MultiLineString", "coordinates": [ [ [ 26.696507080703167, 39.319097083188893 ], [ 26.696449356303201, 39.319004652695746 ], [ 26.696505810825791, 39.318985510639791 ], [ 26.696589529054993, 39.319119261860052 ], [ 26.696569231423233, 39.319128372805643 ] ] ] } },
{ "type": "Feature", "properties": { "fid": 1611, "Layer": "Wall" }, "geometry": { "type": "MultiLineString", "coordinates": [ [ [ 26.696507140793265, 39.318982715410698 ], [ 26.696593144234299, 39.319120121745883 ], [ 26.696570616388847, 39.319130233894043 ] ] ] } },
{ "type": "Feature", "properties": { "fid": 1619, "Layer": "Wall" }, "geometry": { "type": "MultiLineString", "coordinates": [ [ [ 26.697442728929612, 39.327271476382258 ], [ 26.697529690391399, 39.32739746234229 ] ] ] } },
{ "type": "Feature", "properties": { "fid": 1620, "Layer": "Wall" }, "geometry": { "type": "MultiLineString", "coordinates": [ [ [ 26.697339244191333, 39.327121548172002 ], [ 26.697295223944906, 39.327057772195516 ] ] ] } },
{ "type": "Feature", "properties": { "fid": 1621, "Layer": "Wall" }, "geometry": { "type": "MultiLineString", "coordinates": [ [ [ 26.697332739125915, 39.327124257258625 ], [ 26.697288720676159, 39.327060482180748 ] ] ] } },
{ "type": "Feature", "properties": { "fid": 1622, "Layer": "Wall" }, "geometry": { "type": "MultiLineString", "coordinates": [ [ [ 26.697436225657, 39.327274183666326 ], [ 26.697523185333921, 39.327400170527426 ] ] ] } },
{ "type": "Feature", "properties": { "fid": 1627, "Layer": "Wall" }, "geometry": { "type": "MultiLineString", "coordinates": [ [ [ 26.682204225348979, 39.319772283482685 ], [ 26.682231166864057, 39.31980788132055 ], [ 26.682260735889468, 39.319799833111205 ], [ 26.682276890883191, 39.31969924600331 ], [ 26.682230130313787, 39.319691679273397 ], [ 26.682230494213933, 39.319699538862061 ], [ 26.682227245579998, 39.319713235502846 ], [ 26.682245033299086, 39.319727294472671 ], [ 26.682220279457137, 39.319738552618198 ], [ 26.682236609513701, 39.319756271049599 ], [ 26.682204225348979, 39.319772283482685 ] ] ] } },
{ "type": "Feature", "properties": { "fid": 1629, "Layer": "Wall" }, "geometry": { "type": "MultiLineString", "coordinates": [ [ [ 26.682203954229973, 39.319687443012022 ], [ 26.682216465676248, 39.319629646861479 ], [ 26.682156769398791, 39.319626902303604 ], [ 26.682153054547673, 39.319673921233985 ], [ 26.682203954229973, 39.319687443012022 ] ] ] } },
{ "type": "Feature", "properties": { "fid": 1632, "Layer": "Wall" }, "geometry": { "type": "MultiLineString", "coordinates": [ [ [ 26.682320003789435, 39.319705627014699 ], [ 26.682324978449032, 39.319687339032306 ], [ 26.682333462866332, 39.3196871683148 ], [ 26.682336332364724, 39.319637429071427 ], [ 26.682336751183971, 39.319629682179624 ], [ 26.682294687551348, 39.319629466085566 ], [ 26.682284369049555, 39.319700367894661 ], [ 26.682320003789435, 39.319705627014699 ] ] ] } },
{ "type": "Feature", "properties": { "fid": 1633, "Layer": "Wall" }, "geometry": { "type": "MultiLineString", "coordinates": [ [ [ 26.681931498223506, 39.319762272568752 ], [ 26.681913007494231, 39.31965147832949 ], [ 26.68188034324989, 39.319649864704424 ], [ 26.681894713962944, 39.31976633263799 ], [ 26.681931498223506, 39.319762272568752 ] ] ] } },
{ "type": "Feature", "properties": { "fid": 1645, "Layer": "Wall" }, "geometry": { "type": "MultiLineString", "coordinates": [ [ [ 26.682058249361784, 39.319987008225418 ], [ 26.682060294976992, 39.319989940765019 ], [ 26.682130664580779, 39.319953239089607 ], [ 26.682106278025323, 39.319929670924964 ], [ 26.682039471509796, 39.319960270057251 ], [ 26.682058249361784, 39.319987008225418 ] ] ] } },
{ "type": "Feature", "properties": { "fid": 1647, "Layer": "Wall" }, "geometry": { "type": "MultiLineString", "coordinates": [ [ [ 26.682060294976992, 39.319989940765019 ], [ 26.682058249361784, 39.319987008225418 ], [ 26.682039471509796, 39.319960270057251 ], [ 26.681948121752292, 39.320006639484241 ], [ 26.68197312732865, 39.3200422444963 ], [ 26.682060294976992, 39.319989940765019 ] ] ] } },
{ "type": "Feature", "properties": { "fid": 1651, "Layer": "Wall" }, "geometry": { "type": "MultiLineString", "coordinates": [ [ [ 26.682442124234353, 39.319774407072806 ], [ 26.682480384531683, 39.319772109902978 ], [ 26.682496496175915, 39.319642287553314 ], [ 26.682460662187612, 39.319640857762515 ], [ 26.682440881844077, 39.319745295354814 ], [ 26.682442124234353, 39.319774407072806 ] ] ] } },
{ "type": "Feature", "properties": { "fid": 1655, "Layer": "Wall" }, "geometry": { "type": "MultiLineString", "coordinates": [ [ [ 26.682058106042959, 39.3197250277507 ], [ 26.682118785574946, 39.31973379326498 ], [ 26.682125478086778, 39.319623204518251 ], [ 26.682066887154278, 39.319620242915043 ], [ 26.682058106042959, 39.3197250277507 ] ] ] } },
{ "type": "Feature", "properties": { "fid": 1656, "Layer": "Wall" }, "geometry": { "type": "MultiLineString", "coordinates": [ [ [ 26.682000288125074, 39.3197130704526 ], [ 26.682114520004244, 39.319729533274639 ], [ 26.68212313964278, 39.319626677562525 ], [ 26.682012430871286, 39.3196210769567 ], [ 26.682000288125074, 39.3197130704526 ] ] ] } },
{ "type": "Feature", "properties": { "fid": 1659, "Layer": "Wall" }, "geometry": { "type": "MultiLineString", "coordinates": [ [ [ 26.681739376654345, 39.319783889237868 ], [ 26.681740683465264, 39.319797293651177 ] ] ] } },
{ "type": "Feature", "properties": { "fid": 1661, "Layer": "Wall" }, "geometry": { "type": "MultiLineString", "coordinates": [ [ [ 26.681955226990933, 39.319783621620751 ], [ 26.682002124048239, 39.319787603911095 ] ] ] } },
{ "type": "Feature", "properties": { "fid": 1664, "Layer": "Wall" }, "geometry": { "type": "MultiLineString", "coordinates": [ [ [ 26.680797034098202, 39.320648553283789 ], [ 26.680922624966591, 39.320584472083077 ], [ 26.681366851692918, 39.320406125694518 ], [ 26.681836742648908, 39.320307488203909 ], [ 26.682201025184316, 39.320031403719177 ], [ 26.682228159403977, 39.320010836960805 ], [ 26.682345195668965, 39.319990938323215 ], [ 26.682422958791744, 39.31998658857848 ], [ 26.682464365479102, 39.319987948441913 ], [ 26.682464755079458, 39.319980789361971 ], [ 26.682422820814569, 39.31997941198059 ], [ 26.682343871037784, 39.319983828524876 ], [ 26.682223607147908, 39.320004275605527 ], [ 26.682194584421715, 39.32002627440302 ], [ 26.681832018620568, 39.320301057526308 ], [ 26.681363492018658, 39.320399407523475 ], [ 26.680917962810991, 39.320578278084113 ], [ 26.680791969895104, 39.320642564883769 ] ] ] } },
{ "type": "Feature", "properties": { "fid": 1666, "Layer": "Wall" }, "geometry": { "type": "MultiLineString", "coordinates": [ [ [ 26.682591751311126, 39.319768450292443 ], [ 26.682589575788764, 39.319855655849018 ], [ 26.682582269681149, 39.319878087463422 ], [ 26.682501472432268, 39.319917350579978 ], [ 26.682460232113915, 39.319919229226194 ], [ 26.682283118832171, 39.319925923258381 ], [ 26.682204287621136, 39.319938090702756 ], [ 26.682069991417688, 39.319994104852832 ], [ 26.681988031421206, 39.320046357893233 ], [ 26.681875352073465, 39.320123455694379 ], [ 26.681749112694735, 39.320197443405768 ], [ 26.681734698347668, 39.320194752662609 ], [ 26.681719079075872, 39.32017952153798 ], [ 26.681722740221865, 39.320177343464316 ], [ 26.681738248751081, 39.320192468475597 ], [ 26.681746828525792, 39.320194293254687 ], [ 26.681872435912737, 39.32012067607652 ], [ 26.681985042778919, 39.320043627848847 ], [ 26.682067064523768, 39.319991333345705 ], [ 26.68220293186101, 39.319934666059112 ], [ 26.682282789725821, 39.319922348250238 ], [ 26.682460006164394, 39.31991565052266 ], [ 26.682501156787009, 39.319913776459479 ], [ 26.682578269914362, 39.319876303482232 ], [ 26.682584962802814, 39.319855669987881 ], [ 26.682587140707724, 39.319768381617322 ], [ 26.682591751311126, 39.319768450292443 ] ] ] } },
{ "type": "Feature", "properties": { "fid": 1671, "Layer": "Wall" }, "geometry": { "type": "MultiLineString", "coordinates": [ [ [ 26.697411860970899, 39.327811875711937 ], [ 26.697215820897704, 39.327699405165042 ], [ 26.697088096713202, 39.327620219132761 ], [ 26.696764766092645, 39.32739034504899 ], [ 26.696679414406315, 39.327243656752017 ], [ 26.696462660193319, 39.326838753113655 ], [ 26.696397260538369, 39.326686621473989 ], [ 26.696308961052935, 39.326502032977992 ], [ 26.696292691158952, 39.326468021741391 ], [ 26.696275328386811, 39.326424797897843 ], [ 26.696250976610422, 39.326364167725458 ], [ 26.696219617631911, 39.326290309596708 ], [ 26.6961989792736, 39.326256531044137 ], [ 26.696064400835429, 39.326140988610412 ], [ 26.696010108733926, 39.326110888511913 ], [ 26.69593744744698, 39.326060238605045 ], [ 26.69587973657331, 39.325991150313818 ], [ 26.695803494076216, 39.325886431771174 ], [ 26.695722893549114, 39.325797598956044 ], [ 26.695694380337269, 39.325774328477209 ], [ 26.69564695737953, 39.325734851760053 ], [ 26.695572582634483, 39.325671230894685 ], [ 26.695500485399222, 39.325609360443408 ], [ 26.695416263253314, 39.32553982048745 ], [ 26.69539880574964, 39.325525405934826 ], [ 26.695316592512214, 39.325441972566722 ], [ 26.695198224470246, 39.325320249156462 ], [ 26.69514702336825, 39.325247665005023 ], [ 26.695076358608272, 39.325189089391742 ], [ 26.694949095438215, 39.32508210636778 ], [ 26.694868521162405, 39.325008525880683 ], [ 26.694804917705852, 39.324950445047683 ], [ 26.694744431258187, 39.324919971582993 ], [ 26.694551077113431, 39.324587595572048 ], [ 26.694567066626959, 39.324506292793963 ], [ 26.694370208361484, 39.324165700685441 ], [ 26.694227187473508, 39.323980892896444 ], [ 26.69400381252575, 39.323828177195075 ], [ 26.693938034685168, 39.323802659043999 ], [ 26.693879360304592, 39.323787022172809 ], [ 26.693849444655388, 39.323783395232759 ], [ 26.693743683542682, 39.323778387141594 ], [ 26.693717172752343, 39.323763423627561 ], [ 26.693591165118796, 39.323557110164693 ], [ 26.693447667945861, 39.32354707804452 ], [ 26.693424872081824, 39.323535815086977 ], [ 26.693316226924416, 39.323371087292593 ], [ 26.693168734207084, 39.323157913574747 ], [ 26.693177001228772, 39.323126249533615 ], [ 26.693256773559064, 39.323006048399655 ], [ 26.693261641820335, 39.322783955468971 ], [ 26.693241598131277, 39.322721534982925 ], [ 26.693056551645164, 39.322407946819801 ], [ 26.693078536493449, 39.32236488443764 ], [ 26.692993727514637, 39.322192694588608 ], [ 26.692920702648792, 39.322171353096728 ], [ 26.692901442281165, 39.322157276625724 ], [ 26.69284628086076, 39.322068161751837 ], [ 26.692790464978881, 39.322035600567382 ], [ 26.692772134298718, 39.322016312406042 ], [ 26.692588349679419, 39.321532112396255 ], [ 26.692589123763966, 39.321488173791423 ], [ 26.692451014095742, 39.321124748222765 ], [ 26.692433836692143, 39.321110779613811 ], [ 26.692247350544736, 39.321089255965568 ], [ 26.692211105096955, 39.321069369418169 ], [ 26.692160151777735, 39.320963550373733 ], [ 26.692143900136635, 39.320950268605401 ], [ 26.692073342350056, 39.320910168774176 ], [ 26.692021689493572, 39.320820696664548 ], [ 26.692000322934057, 39.320801040379578 ], [ 26.691921783587677, 39.32077057382967 ], [ 26.691892044396468, 39.320744476709422 ], [ 26.691793061956755, 39.320544679676473 ], [ 26.691764251899677, 39.320529799993466 ], [ 26.69168912518689, 39.320526251332119 ], [ 26.691636133888139, 39.320500485184276 ], [ 26.691500043891882, 39.320262233518925 ], [ 26.691544062207765, 39.320092301892458 ], [ 26.691523972786737, 39.320023297535258 ], [ 26.691317774265347, 39.319581418861148 ], [ 26.691064192278162, 39.319655436088027 ], [ 26.691009658151106, 39.319638095629436 ], [ 26.690945971621339, 39.319520565648055 ], [ 26.690877691330222, 39.319497539979082 ], [ 26.690842463091293, 39.319508152428156 ], [ 26.690803727892611, 39.319496277456608 ], [ 26.690595182159871, 39.319144103114859 ], [ 26.690552633384872, 39.319159307545775 ], [ 26.690434918032736, 39.319123916233849 ], [ 26.69037644407523, 39.319053463607467 ], [ 26.690391620282913, 39.319045862486661 ], [ 26.690373034033932, 39.319023469904053 ], [ 26.69042978594959, 39.318999535580197 ], [ 26.690391572608547, 39.318935114129786 ], [ 26.690473273540732, 39.31890586864553 ], [ 26.690396646696009, 39.318780351895079 ] ] ] } },
{ "type": "Feature", "properties": { "fid": 1673, "Layer": "Wall" }, "geometry": { "type": "MultiLineString", "coordinates": [ [ [ 26.690396646696009, 39.318780351895079 ], [ 26.690556975136463, 39.31872355417719 ], [ 26.690556599508067, 39.318710080471377 ], [ 26.690593534255338, 39.3186973196362 ], [ 26.690605911617791, 39.318705480561349 ], [ 26.690758039407335, 39.318652027139237 ], [ 26.691118721630854, 39.31850253551054 ], [ 26.69132233524714, 39.318421616816416 ], [ 26.691429373574106, 39.318042573414054 ], [ 26.691388495969253, 39.317781842990826 ], [ 26.691302181965046, 39.317589690220849 ], [ 26.691242833323034, 39.317515443370375 ], [ 26.691150655584405, 39.317450475499491 ], [ 26.691149692321318, 39.317357201181885 ], [ 26.691048361774978, 39.317357834273608 ], [ 26.691048480121975, 39.317369452159333 ], [ 26.690926292834465, 39.317370214208594 ], [ 26.690935187933427, 39.31751763673617 ], [ 26.690870223382557, 39.317520001600187 ], [ 26.690858038597984, 39.317318049440914 ], [ 26.691043239287627, 39.317311306688609 ], [ 26.69104402002797, 39.31732422285608 ], [ 26.6910943966361, 39.317322387153745 ], [ 26.691085604909695, 39.317176676562568 ], [ 26.691016119862805, 39.317170595147665 ], [ 26.690991588752361, 39.317019462199568 ], [ 26.690859704685511, 39.317027814059607 ], [ 26.690822675144194, 39.316856125470842 ], [ 26.690815994777772, 39.316727204865593 ], [ 26.690799962180989, 39.316660219190254 ], [ 26.69072660777632, 39.316475292379273 ], [ 26.690671489914834, 39.316377652587661 ], [ 26.690593289493851, 39.316239115796201 ], [ 26.690495266806746, 39.316090053053706 ], [ 26.690408851793133, 39.315958641137009 ], [ 26.690285131703941, 39.315790105125068 ], [ 26.690303356569022, 39.315782032215125 ], [ 26.690221208625111, 39.315670125834089 ], [ 26.690126508195949, 39.315319358496915 ], [ 26.6901146816999, 39.315254377136021 ], [ 26.690122599265095, 39.315100324003964 ], [ 26.690157896131538, 39.314922450746984 ], [ 26.690162105085069, 39.314777646271239 ], [ 26.690138282261803, 39.314522325041374 ], [ 26.69012864615847, 39.314420093314226 ], [ 26.690125480437409, 39.314354607129744 ], [ 26.690120496424779, 39.314279946671647 ] ] ] } },
{ "type": "Feature", "properties": { "fid": 1851, "Layer": "Wall" }, "geometry": { "type": "MultiLineString", "coordinates": [ [ [ 26.690119494634793, 39.314280998945421 ], [ 26.690099668546669, 39.314204636464929 ], [ 26.690062525727374, 39.314117731340225 ] ] ] } },
{ "type": "Feature", "properties": { "fid": 1852, "Layer": "Wall" }, "geometry": { "type": "MultiLineString", "coordinates": [ [ [ 26.690062942829179, 39.314116015306077 ], [ 26.690027464306102, 39.314035703921135 ], [ 26.689960019947215, 39.313916234656077 ], [ 26.689930242393743, 39.313872998968669 ], [ 26.689882723226344, 39.313807429304262 ], [ 26.689848394260373, 39.313776742934763 ], [ 26.689806227087576, 39.313747513876642 ], [ 26.689776124059161, 39.313730063665211 ], [ 26.689702400049473, 39.313756800472973 ], [ 26.689681658948313, 39.31376372983253 ], [ 26.689675289215621, 39.313764424283299 ], [ 26.689668619546502, 39.313763097313796 ], [ 26.689663108887355, 39.313761991612417 ], [ 26.689654678406779, 39.313756849701939 ], [ 26.689312129689554, 39.313568853213511 ], [ 26.689220488008687, 39.313420187973215 ], [ 26.689219057561925, 39.313415465397505 ], [ 26.689219496272351, 39.313409647444743 ], [ 26.689221802790232, 39.313403096869145 ], [ 26.689228812440543, 39.313399073142229 ], [ 26.689298505255863, 39.313371215753016 ], [ 26.689265406641852, 39.313323946954391 ], [ 26.689055492381158, 39.313426064410379 ], [ 26.688978856822427, 39.313382680087081 ], [ 26.688971805013814, 39.313378704386025 ], [ 26.68897037501273, 39.313374346363801 ], [ 26.688969889676333, 39.313371439385428 ], [ 26.688824126017767, 39.313299094767075 ], [ 26.688778438862883, 39.313280972107712 ], [ 26.688691473195512, 39.313234350530585 ], [ 26.688695069130386, 39.313229077857173 ], [ 26.688694589171828, 39.313226898180545 ], [ 26.688570122337328, 39.313180033844134 ], [ 26.68848524033903, 39.313136746256674 ], [ 26.688537373919655, 39.312995763908695 ], [ 26.688529320266376, 39.312991866544287 ], [ 26.688432780478621, 39.312792009216039 ], [ 26.688413336381931, 39.312799630499278 ], [ 26.688326748310065, 39.312716529026773 ], [ 26.688276264292533, 39.312672840795358 ], [ 26.688246555366863, 39.312646863337889 ], [ 26.688181491194769, 39.312587481240165 ], [ 26.688086247596111, 39.31250736629125 ], [ 26.687995499392517, 39.312440058776552 ], [ 26.687940194799282, 39.312399010582517 ], [ 26.687875679950121, 39.312357419982689 ], [ 26.687796284216486, 39.312309530458805 ], [ 26.687665355640814, 39.312237371319085 ], [ 26.68752844393962, 39.312171010932119 ], [ 26.687393904014797, 39.312113066390992 ], [ 26.687291700795363, 39.312068500449527 ], [ 26.687170406249042, 39.312020745812291 ], [ 26.687022711902522, 39.31196946355486 ], [ 26.686837491659578, 39.311919072753206 ], [ 26.686864336431345, 39.31186121020049 ], [ 26.686791296529954, 39.31184158705603 ], [ 26.686766743576044, 39.311892820742209 ], [ 26.686766436681083, 39.311894251331147 ], [ 26.686564699266995, 39.311840766690565 ], [ 26.686417273964089, 39.311798215472365 ], [ 26.686261076109417, 39.311756558059166 ], [ 26.686115164640896, 39.311724032905211 ], [ 26.685915683657363, 39.311690457089746 ], [ 26.685663244094158, 39.311659940947109 ], [ 26.68566142228908, 39.311614118816728 ], [ 26.685584972116672, 39.31160703223523 ], [ 26.685588372457655, 39.311653461400212 ], [ 26.68547858013909, 39.311650750427113 ], [ 26.685413191845139, 39.311649739444377 ], [ 26.685369869001676, 39.311650491313756 ], [ 26.685254107620718, 39.311657585548183 ], [ 26.685093125663681, 39.311663669145624 ], [ 26.68506956580331, 39.311677186471378 ], [ 26.685055455850542, 39.311690065010097 ], [ 26.68503589228941, 39.311714568342154 ], [ 26.685029546764003, 39.311726391984834 ] ] ] } },
{ "type": "Feature", "properties": { "fid": 1853, "Layer": "Wall" }, "geometry": { "type": "MultiLineString", "coordinates": [ [ [ 26.685029667232556, 39.311725493544458 ], [ 26.685276792115193, 39.311707905329527 ], [ 26.685337589084284, 39.311813827062949 ], [ 26.685370786054762, 39.311866029247874 ], [ 26.685276291785584, 39.311908494313286 ], [ 26.685261070872645, 39.311914770522712 ], [ 26.685249887088691, 39.31192539424471 ], [ 26.685242696386315, 39.311931644162058 ], [ 26.685232305900357, 39.311940395784227 ], [ 26.685220333812314, 39.311953511791067 ], [ 26.68521555332719, 39.311960378779851 ], [ 26.684826326060186, 39.311988410538547 ], [ 26.684814517939287, 39.311890104730615 ], [ 26.68479068482182, 39.311795748059751 ], [ 26.684759925470633, 39.311749140645595 ], [ 26.684730935045881, 39.311732421311255 ], [ 26.684696325507343, 39.311716341739725 ], [ 26.684666577081856, 39.31170834085944 ], [ 26.684639258514895, 39.31170407058098 ], [ 26.684620793770382, 39.31170412987958 ], [ 26.684601534829358, 39.31170606037854 ], [ 26.684583080611336, 39.311707987436499 ], [ 26.684562233654979, 39.311713037446069 ], [ 26.684461211482478, 39.31173827283552 ] ] ] } },
{ "type": "Feature", "properties": { "fid": 1854, "Layer": "Wall" }, "geometry": { "type": "MultiLineString", "coordinates": [ [ [ 26.684687924512513, 39.311999147727398 ], [ 26.684791489484216, 39.311992116925367 ], [ 26.684884896161861, 39.312473663457979 ], [ 26.684896613129578, 39.312646067169695 ], [ 26.684944069674575, 39.312640891864852 ], [ 26.685015985324398, 39.313160409578416 ], [ 26.685114017485933, 39.313329187416095 ], [ 26.685296537324675, 39.313509041070027 ], [ 26.685463367481539, 39.313627368171993 ], [ 26.68658379367292, 39.313976104195646 ], [ 26.687823432234662, 39.314344797812666 ], [ 26.687841046046188, 39.314330117585733 ], [ 26.687852215053734, 39.314324703832582 ], [ 26.687865516787383, 39.314318870458372 ], [ 26.687880426002529, 39.314314685547387 ], [ 26.687891612636129, 39.314312580660648 ], [ 26.687899076056549, 39.314312142638386 ], [ 26.688065198995268, 39.314363314554733 ], [ 26.68797436788962, 39.31451315647886 ], [ 26.685419941619074, 39.313790928495223 ], [ 26.685307828532256, 39.313724998048642 ], [ 26.684991174207465, 39.313415308758302 ], [ 26.684893551352516, 39.313248040063023 ], [ 26.684684720729546, 39.312000330745711 ], [ 26.684687924512513, 39.311999147727398 ] ] ] } },
{ "type": "Feature", "properties": { "fid": 1855, "Layer": "Wall" }, "geometry": { "type": "MultiLineString", "coordinates": [ [ [ 26.685280333355166, 39.312434319484318 ], [ 26.685804639206964, 39.312388427318339 ], [ 26.685829107604967, 39.312591222123508 ], [ 26.687041875279366, 39.312481796444615 ], [ 26.688345382511933, 39.313137009852035 ], [ 26.688162935949645, 39.313696439859186 ], [ 26.687978683055615, 39.313668698866685 ], [ 26.688167459527584, 39.313164506811724 ], [ 26.687010882494075, 39.312594469969682 ], [ 26.685657779149992, 39.312709000655879 ], [ 26.685642998347205, 39.312585575808839 ], [ 26.685580310214927, 39.312589795686186 ], [ 26.68559766755719, 39.312715139038836 ], [ 26.685459983512388, 39.312728671348786 ], [ 26.685495976645754, 39.312992449283669 ], [ 26.685366261915881, 39.31300234583 ], [ 26.685280363402505, 39.312437580627666 ], [ 26.685280333355166, 39.312434319484318 ] ] ] } },
{ "type": "Feature", "properties": { "fid": 2495, "Layer": "Wall" }, "geometry": { "type": "MultiLineString", "coordinates": [ [ [ 26.692037964901996, 39.320063335150437 ], [ 26.692054051283456, 39.320094210111108 ] ] ] } },
{ "type": "Feature", "properties": { "fid": 2496, "Layer": "Wall" }, "geometry": { "type": "MultiLineString", "coordinates": [ [ [ 26.691673101866709, 39.320097870472992 ], [ 26.691530180376361, 39.320145895709807 ] ] ] } },
{ "type": "Feature", "properties": { "fid": 2497, "Layer": "Wall" }, "geometry": { "type": "MultiLineString", "coordinates": [ [ [ 26.691676031711783, 39.320103131738193 ], [ 26.691533108428821, 39.320151156976507 ] ] ] } },
{ "type": "Feature", "properties": { "fid": 2501, "Layer": "Wall" }, "geometry": { "type": "MultiLineString", "coordinates": [ [ [ 26.691605642178466, 39.319961243288162 ], [ 26.691647870689334, 39.320040835351804 ], [ 26.691784322953918, 39.319991553156207 ], [ 26.691965511896068, 39.319931077278483 ], [ 26.691927985407624, 39.319854659248506 ], [ 26.691605642178466, 39.319961243288162 ] ] ] } },
{ "type": "Feature", "properties": { "fid": 2503, "Layer": "Wall" }, "geometry": { "type": "MultiLineString", "coordinates": [ [ [ 26.691599639597317, 39.319959333322601 ], [ 26.691508870448608, 39.319990935552433 ] ] ] } },
{ "type": "Feature", "properties": { "fid": 2504, "Layer": "Wall" }, "geometry": { "type": "MultiLineString", "coordinates": [ [ [ 26.691597754243958, 39.319956063983646 ], [ 26.691506985097892, 39.319987667113686 ] ] ] } },
{ "type": "Feature", "properties": { "fid": 2505, "Layer": "Wall" }, "geometry": { "type": "MultiLineString", "coordinates": [ [ [ 26.69189578420735, 39.319787383437045 ], [ 26.691870316793235, 39.319742293229574 ] ] ] } },
{ "type": "Feature", "properties": { "fid": 2508, "Layer": "Wall" }, "geometry": { "type": "MultiLineString", "coordinates": [ [ [ 26.692126578120952, 39.319518027421438 ], [ 26.692178654421348, 39.319637548328537 ], [ 26.692482700522497, 39.319541899499981 ], [ 26.692458597928102, 39.319495665768294 ], [ 26.692387844045562, 39.319516402223101 ], [ 26.69234797825683, 39.319440025915789 ], [ 26.692126578120952, 39.319518027421438 ] ] ] } },
{ "type": "Feature", "properties": { "fid": 2527, "Layer": "Wall" }, "geometry": { "type": "MultiLineString", "coordinates": [ [ [ 26.691544472587587, 39.319500687005224 ], [ 26.691317774265347, 39.319581418861148 ] ] ] } },
{ "type": "Feature", "properties": { "fid": 2528, "Layer": "Wall" }, "geometry": { "type": "MultiLineString", "coordinates": [ [ [ 26.691588528404392, 39.31977346322607 ], [ 26.691426366345365, 39.319819124397398 ] ] ] } },
{ "type": "Feature", "properties": { "fid": 2529, "Layer": "Wall" }, "geometry": { "type": "MultiLineString", "coordinates": [ [ [ 26.691586958475568, 39.319770094582601 ], [ 26.69142479462797, 39.319815757555951 ] ] ] } },
{ "type": "Feature", "properties": { "fid": 2531, "Layer": "Wall" }, "geometry": { "type": "MultiLineString", "coordinates": [ [ [ 26.69155666814498, 39.319669000043049 ], [ 26.691386484878471, 39.319728663793128 ] ] ] } },
{ "type": "Feature", "properties": { "fid": 2534, "Layer": "Wall" }, "geometry": { "type": "MultiLineString", "coordinates": [ [ [ 26.69191421676501, 39.319477426705902 ], [ 26.692005011863326, 39.319447403236531 ], [ 26.691962810390553, 39.319370390868933 ], [ 26.691870059754088, 39.319396845319694 ], [ 26.69191421676501, 39.319477426705902 ] ] ] } },
{ "type": "Feature", "properties": { "fid": 2540, "Layer": "Wall" }, "geometry": { "type": "MultiLineString", "coordinates": [ [ [ 26.69226600543729, 39.319363288608251 ], [ 26.692227408515549, 39.319295668484919 ], [ 26.692263366674258, 39.319284907718348 ], [ 26.692253634860265, 39.319265148000227 ], [ 26.692320590971779, 39.319244105387227 ], [ 26.692365306136931, 39.319329085200678 ], [ 26.69226600543729, 39.319363288608251 ] ] ] } },
{ "type": "Feature", "properties": { "fid": 2546, "Layer": "Wall" }, "geometry": { "type": "MultiLineString", "coordinates": [ [ [ 26.691605588676065, 39.319341368251628 ], [ 26.691686934262716, 39.319317136799746 ], [ 26.691666756904073, 39.31927626332017 ], [ 26.691744906564104, 39.319250955541392 ], [ 26.691733310633559, 39.319225177462791 ], [ 26.691566733043253, 39.319274599877865 ], [ 26.691605588676065, 39.319341368251628 ] ] ] } },
{ "type": "Feature", "properties": { "fid": 2620, "Layer": "Wall" }, "geometry": { "type": "MultiLineString", "coordinates": [ [ [ 26.692503832739622, 39.319903161472361 ], [ 26.692619843675001, 39.319869067845509 ], [ 26.692597829625964, 39.319807921571986 ], [ 26.692561439825987, 39.319723783886779 ], [ 26.692498525208382, 39.319742387934852 ], [ 26.692515501826065, 39.319774325139939 ], [ 26.692468515980043, 39.31978744356978 ], [ 26.692493313505924, 39.319841031604234 ], [ 26.69247758334096, 39.319846841982866 ], [ 26.692503832739622, 39.319903161472361 ] ] ] } },
{ "type": "Feature", "properties": { "fid": 3148, "Layer": "Wall" }, "geometry": { "type": "MultiLineString", "coordinates": [ [ [ 26.69204488362357, 39.314009648179407 ], [ 26.692107534587983, 39.314070616887633 ] ] ] } },
{ "type": "Feature", "properties": { "fid": 3149, "Layer": "Wall" }, "geometry": { "type": "MultiLineString", "coordinates": [ [ [ 26.692107534587983, 39.314070616887633 ], [ 26.692235192655939, 39.314002591946121 ] ] ] } },
{ "type": "Feature", "properties": { "fid": 3150, "Layer": "Wall" }, "geometry": { "type": "MultiLineString", "coordinates": [ [ [ 26.692108091739772, 39.31406771435153 ], [ 26.692233627794977, 39.314000819223374 ] ] ] } },
{ "type": "Feature", "properties": { "fid": 3151, "Layer": "Wall" }, "geometry": { "type": "MultiLineString", "coordinates": [ [ [ 26.692047047021262, 39.314008307697371 ], [ 26.692108091739772, 39.31406771435153 ] ] ] } },
{ "type": "Feature", "properties": { "fid": 3153, "Layer": "Wall" }, "geometry": { "type": "MultiLineString", "coordinates": [ [ [ 26.692315877905024, 39.313852734158388 ], [ 26.692297830667126, 39.313831932484298 ] ] ] } },
{ "type": "Feature", "properties": { "fid": 3154, "Layer": "Wall" }, "geometry": { "type": "MultiLineString", "coordinates": [ [ [ 26.692227847663204, 39.313880222190676 ], [ 26.692247292804669, 39.313904471886453 ] ] ] } },
{ "type": "Feature", "properties": { "fid": 3164, "Layer": "Wall" }, "geometry": { "type": "MultiLineString", "coordinates": [ [ [ 26.692554310477494, 39.313671895729506 ], [ 26.692681930368309, 39.31360179241797 ] ] ] } },
{ "type": "Feature", "properties": { "fid": 3165, "Layer": "Wall" }, "geometry": { "type": "MultiLineString", "coordinates": [ [ [ 26.692552712489995, 39.313670141940271 ], [ 26.69268026701625, 39.313600072893912 ] ] ] } },
{ "type": "Feature", "properties": { "fid": 3168, "Layer": "Wall" }, "geometry": { "type": "MultiLineString", "coordinates": [ [ [ 26.692347959629661, 39.31363570728 ], [ 26.692284395996744, 39.313682165622048 ] ] ] } },
{ "type": "Feature", "properties": { "fid": 3169, "Layer": "Wall" }, "geometry": { "type": "MultiLineString", "coordinates": [ [ [ 26.692324258064836, 39.313655981101327 ], [ 26.692378801501494, 39.313707893817359 ] ] ] } },
{ "type": "Feature", "properties": { "fid": 3170, "Layer": "Wall" }, "geometry": { "type": "MultiLineString", "coordinates": [ [ [ 26.692322238713498, 39.313657458271031 ], [ 26.692376853297127, 39.313709202597188 ] ] ] } },
{ "type": "Feature", "properties": { "fid": 3171, "Layer": "Wall" }, "geometry": { "type": "MultiLineString", "coordinates": [ [ [ 26.692349855659259, 39.31363727176808 ], [ 26.692324258064836, 39.313655981101327 ] ] ] } },
{ "type": "Feature", "properties": { "fid": 3172, "Layer": "Wall" }, "geometry": { "type": "MultiLineString", "coordinates": [ [ [ 26.692322238713498, 39.313657458271031 ], [ 26.692286421755856, 39.313683634577117 ] ] ] } },
{ "type": "Feature", "properties": { "fid": 3173, "Layer": "Wall" }, "geometry": { "type": "MultiLineString", "coordinates": [ [ [ 26.692254245741609, 39.313705553518552 ], [ 26.692254268106467, 39.313705536395481 ] ] ] } },
{ "type": "Feature", "properties": { "fid": 3174, "Layer": "Wall" }, "geometry": { "type": "MultiLineString", "coordinates": [ [ [ 26.69225448206171, 39.313702500955394 ], [ 26.692254502758747, 39.313702518038873 ] ] ] } },
{ "type": "Feature", "properties": { "fid": 3179, "Layer": "Wall" }, "geometry": { "type": "MultiLineString", "coordinates": [ [ [ 26.692313583014673, 39.313853936140887 ], [ 26.69229553667407, 39.313833134466023 ] ] ] } },
{ "type": "Feature", "properties": { "fid": 3180, "Layer": "Wall" }, "geometry": { "type": "MultiLineString", "coordinates": [ [ [ 26.692225498702793, 39.313881358513207 ], [ 26.692244943837409, 39.313905606408767 ] ] ] } },
{ "type": "Feature", "properties": { "fid": 3181, "Layer": "Wall" }, "geometry": { "type": "MultiLineString", "coordinates": [ [ [ 26.692105840268578, 39.313812739722486 ], [ 26.692149672823898, 39.313775826488126 ] ] ] } },
{ "type": "Feature", "properties": { "fid": 3182, "Layer": "Wall" }, "geometry": { "type": "MultiLineString", "coordinates": [ [ [ 26.692107874950981, 39.313814196067682 ], [ 26.692151631500806, 39.313777350412948 ] ] ] } },
{ "type": "Feature", "properties": { "fid": 3184, "Layer": "Wall" }, "geometry": { "type": "MultiLineString", "coordinates": [ [ [ 26.692435904392681, 39.313743779140367 ], [ 26.692466691703153, 39.313778160202013 ] ] ] } },
{ "type": "Feature", "properties": { "fid": 3185, "Layer": "Wall" }, "geometry": { "type": "MultiLineString", "coordinates": [ [ [ 26.692408166167574, 39.313809783354714 ], [ 26.692380416055592, 39.313776485962258 ] ] ] } },
{ "type": "Feature", "properties": { "fid": 3186, "Layer": "Wall" }, "geometry": { "type": "MultiLineString", "coordinates": [ [ [ 26.692410489889241, 39.313808614650561 ], [ 26.692382737986044, 39.313775318159919 ] ] ] } },
{ "type": "Feature", "properties": { "fid": 3187, "Layer": "Wall" }, "geometry": { "type": "MultiLineString", "coordinates": [ [ [ 26.692433632920704, 39.313745006305069 ], [ 26.692464419333678, 39.313779387367582 ] ] ] } },
{ "type": "Feature", "properties": { "fid": 3189, "Layer": "Wall" }, "geometry": { "type": "MultiLineString", "coordinates": [ [ [ 26.692700501664461, 39.3135166103229 ], [ 26.692780761035994, 39.313602648603243 ] ] ] } },
{ "type": "Feature", "properties": { "fid": 3190, "Layer": "Wall" }, "geometry": { "type": "MultiLineString", "coordinates": [ [ [ 26.692698260817622, 39.31351787076435 ], [ 26.692742865169556, 39.313565687097167 ] ] ] } },
{ "type": "Feature", "properties": { "fid": 3191, "Layer": "Wall" }, "geometry": { "type": "MultiLineString", "coordinates": [ [ [ 26.692744488231433, 39.313567428261344 ], [ 26.692778518400605, 39.313603910846773 ] ] ] } },
{ "type": "Feature", "properties": { "fid": 3192, "Layer": "Wall" }, "geometry": { "type": "MultiLineString", "coordinates": [ [ [ 26.692569405113577, 39.313485712168195 ], [ 26.69251960628074, 39.313518880031893 ] ] ] } },
{ "type": "Feature", "properties": { "fid": 3193, "Layer": "Wall" }, "geometry": { "type": "MultiLineString", "coordinates": [ [ [ 26.692571207193346, 39.313487343352065 ], [ 26.692521408360086, 39.313520511215749 ] ] ] } },
{ "type": "Feature", "properties": { "fid": 3194, "Layer": "Wall" }, "geometry": { "type": "MultiLineString", "coordinates": [ [ [ 26.69263566112177, 39.31355401901827 ], [ 26.69268026701625, 39.313600072893912 ] ] ] } },
{ "type": "Feature", "properties": { "fid": 3195, "Layer": "Wall" }, "geometry": { "type": "MultiLineString", "coordinates": [ [ [ 26.6926378740445, 39.313552727998008 ], [ 26.692682527673412, 39.313598832237091 ] ] ] } },
{ "type": "Feature", "properties": { "fid": 3196, "Layer": "Wall" }, "geometry": { "type": "MultiLineString", "coordinates": [ [ [ 26.692682527673412, 39.313598832237091 ], [ 26.692742865169556, 39.313565687097167 ] ] ] } },
{ "type": "Feature", "properties": { "fid": 3197, "Layer": "Wall" }, "geometry": { "type": "MultiLineString", "coordinates": [ [ [ 26.692684191915895, 39.313600549960078 ], [ 26.692719005968222, 39.313636494448396 ] ] ] } },
{ "type": "Feature", "properties": { "fid": 3198, "Layer": "Wall" }, "geometry": { "type": "MultiLineString", "coordinates": [ [ [ 26.692684191915895, 39.313600549960078 ], [ 26.692744488231433, 39.313567428261344 ] ] ] } },
{ "type": "Feature", "properties": { "fid": 3199, "Layer": "Wall" }, "geometry": { "type": "MultiLineString", "coordinates": [ [ [ 26.692681930368309, 39.31360179241797 ], [ 26.692716793945056, 39.313637786368133 ] ] ] } },
{ "type": "Feature", "properties": { "fid": 3255, "Layer": "Wall" }, "geometry": { "type": "MultiLineString", "coordinates": [ [ [ 26.692295020490118, 39.313740837245369 ], [ 26.692309813290819, 39.313754206819986 ] ] ] } },
{ "type": "Feature", "properties": { "fid": 3256, "Layer": "Wall" }, "geometry": { "type": "MultiLineString", "coordinates": [ [ [ 26.692297119068176, 39.313739435613968 ], [ 26.692311912769512, 39.313752806087862 ] ] ] } },
{ "type": "Feature", "properties": { "fid": 3261, "Layer": "Wall" }, "geometry": { "type": "MultiLineString", "coordinates": [ [ [ 26.692514005694967, 39.313644836077593 ], [ 26.692489827544161, 39.313621869818384 ] ] ] } },
{ "type": "Feature", "properties": { "fid": 3262, "Layer": "Wall" }, "geometry": { "type": "MultiLineString", "coordinates": [ [ [ 26.69251614838225, 39.313643474911565 ], [ 26.692491969334139, 39.313620508653216 ] ] ] } },
{ "type": "Feature", "properties": { "fid": 3263, "Layer": "Wall" }, "geometry": { "type": "MultiLineString", "coordinates": [ [ [ 26.692546917253047, 39.313607845557136 ], [ 26.692533386974567, 39.313594309200909 ] ] ] } },
{ "type": "Feature", "properties": { "fid": 3264, "Layer": "Wall" }, "geometry": { "type": "MultiLineString", "coordinates": [ [ [ 26.692549103162037, 39.313606527557745 ], [ 26.692535571085795, 39.313592990303057 ] ] ] } },
{ "type": "Feature", "properties": { "fid": 3276, "Layer": "Wall" }, "geometry": { "type": "MultiLineString", "coordinates": [ [ [ 26.69238304438619, 39.313572615451733 ], [ 26.692483364942781, 39.313500894475744 ] ] ] } },
{ "type": "Feature", "properties": { "fid": 3277, "Layer": "Wall" }, "geometry": { "type": "MultiLineString", "coordinates": [ [ [ 26.692544420734261, 39.313457005612293 ], [ 26.692608012934937, 39.313411481581454 ] ] ] } },
{ "type": "Feature", "properties": { "fid": 3278, "Layer": "Wall" }, "geometry": { "type": "MultiLineString", "coordinates": [ [ [ 26.692608012934937, 39.313411481581454 ], [ 26.692521003327002, 39.313323674439268 ] ] ] } },
{ "type": "Feature", "properties": { "fid": 3279, "Layer": "Wall" }, "geometry": { "type": "MultiLineString", "coordinates": [ [ [ 26.692518885937343, 39.313325083288838 ], [ 26.692442507639623, 39.313375866822241 ] ] ] } },
{ "type": "Feature", "properties": { "fid": 3280, "Layer": "Wall" }, "geometry": { "type": "MultiLineString", "coordinates": [ [ [ 26.692520589580354, 39.313326781172734 ], [ 26.692444307044468, 39.313377502509233 ] ] ] } },
{ "type": "Feature", "properties": { "fid": 3281, "Layer": "Wall" }, "geometry": { "type": "MultiLineString", "coordinates": [ [ [ 26.692604273692695, 39.313411233878156 ], [ 26.692520589580354, 39.313326781172734 ] ] ] } },
{ "type": "Feature", "properties": { "fid": 3282, "Layer": "Wall" }, "geometry": { "type": "MultiLineString", "coordinates": [ [ [ 26.69254254527684, 39.313455424903246 ], [ 26.692604273692695, 39.313411233878156 ] ] ] } },
{ "type": "Feature", "properties": { "fid": 3284, "Layer": "Wall" }, "geometry": { "type": "MultiLineString", "coordinates": [ [ [ 26.692149672823898, 39.313775826488126 ], [ 26.692170372245229, 39.313761035424072 ] ] ] } },
{ "type": "Feature", "properties": { "fid": 3285, "Layer": "Wall" }, "geometry": { "type": "MultiLineString", "coordinates": [ [ [ 26.692252421289606, 39.313703936757008 ], [ 26.692212122489618, 39.313731865233557 ] ] ] } },
{ "type": "Feature", "properties": { "fid": 3286, "Layer": "Wall" }, "geometry": { "type": "MultiLineString", "coordinates": [ [ [ 26.692254263634187, 39.313705540000143 ], [ 26.692213963940105, 39.313733469377624 ] ] ] } },
{ "type": "Feature", "properties": { "fid": 3287, "Layer": "Wall" }, "geometry": { "type": "MultiLineString", "coordinates": [ [ [ 26.692151631500806, 39.313777350412948 ], [ 26.692172244114374, 39.313762617036993 ] ] ] } },
{ "type": "Feature", "properties": { "fid": 3288, "Layer": "Wall" }, "geometry": { "type": "MultiLineString", "coordinates": [ [ [ 26.692521003327002, 39.313323674439268 ], [ 26.69240181098375, 39.313239226431499 ] ] ] } },
{ "type": "Feature", "properties": { "fid": 3289, "Layer": "Wall" }, "geometry": { "type": "MultiLineString", "coordinates": [ [ [ 26.69240181098375, 39.313239226431499 ], [ 26.692377120784716, 39.313265070269971 ] ] ] } },
{ "type": "Feature", "properties": { "fid": 3290, "Layer": "Wall" }, "geometry": { "type": "MultiLineString", "coordinates": [ [ [ 26.692377629174487, 39.313268147352524 ], [ 26.69233757673085, 39.313243096563163 ] ] ] } },
{ "type": "Feature", "properties": { "fid": 3291, "Layer": "Wall" }, "geometry": { "type": "MultiLineString", "coordinates": [ [ [ 26.692518885937343, 39.313325083288838 ], [ 26.692402209447259, 39.313242417031496 ] ] ] } },
{ "type": "Feature", "properties": { "fid": 3292, "Layer": "Wall" }, "geometry": { "type": "MultiLineString", "coordinates": [ [ [ 26.692402209447259, 39.313242417031496 ], [ 26.692377692620475, 39.3132680797844 ] ] ] } },
{ "type": "Feature", "properties": { "fid": 3293, "Layer": "Wall" }, "geometry": { "type": "MultiLineString", "coordinates": [ [ [ 26.692377206211166, 39.31326512419944 ], [ 26.692338900015315, 39.313241162766055 ] ] ] } },
{ "type": "Feature", "properties": { "fid": 3298, "Layer": "Wall" }, "geometry": { "type": "MultiLineString", "coordinates": [ [ [ 26.692725399055711, 39.313273903922422 ], [ 26.692653455811097, 39.313215707178237 ] ] ] } },
{ "type": "Feature", "properties": { "fid": 3299, "Layer": "Wall" }, "geometry": { "type": "MultiLineString", "coordinates": [ [ [ 26.692653455811097, 39.313215707178237 ], [ 26.692566959887756, 39.313131455091138 ] ] ] } },
{ "type": "Feature", "properties": { "fid": 3300, "Layer": "Wall" }, "geometry": { "type": "MultiLineString", "coordinates": [ [ [ 26.692566959887756, 39.313131455091138 ], [ 26.692514266807599, 39.31309376816629 ] ] ] } },
{ "type": "Feature", "properties": { "fid": 3301, "Layer": "Wall" }, "geometry": { "type": "MultiLineString", "coordinates": [ [ [ 26.692565086258774, 39.313133036542013 ], [ 26.692512576678407, 39.313095480867787 ] ] ] } },
{ "type": "Feature", "properties": { "fid": 3302, "Layer": "Wall" }, "geometry": { "type": "MultiLineString", "coordinates": [ [ [ 26.6926512924184, 39.31321704856019 ], [ 26.692564797399761, 39.313132798272463 ] ] ] } },
{ "type": "Feature", "properties": { "fid": 3303, "Layer": "Wall" }, "geometry": { "type": "MultiLineString", "coordinates": [ [ [ 26.692723403080056, 39.313275394572585 ], [ 26.692651458935682, 39.313217196928953 ] ] ] } },
{ "type": "Feature", "properties": { "fid": 3304, "Layer": "Wall" }, "geometry": { "type": "MultiLineString", "coordinates": [ [ [ 26.692498403599597, 39.313197741602423 ], [ 26.692405978079073, 39.313142447680406 ] ] ] } },
{ "type": "Feature", "properties": { "fid": 3305, "Layer": "Wall" }, "geometry": { "type": "MultiLineString", "coordinates": [ [ [ 26.692500091968498, 39.313196037903744 ], [ 26.692445544396893, 39.313163403316572 ] ] ] } },
{ "type": "Feature", "properties": { "fid": 3308, "Layer": "Wall" }, "geometry": { "type": "MultiLineString", "coordinates": [ [ [ 26.692512576678407, 39.313095480867787 ], [ 26.69249843369672, 39.313082443749224 ] ] ] } },
{ "type": "Feature", "properties": { "fid": 3309, "Layer": "Wall" }, "geometry": { "type": "MultiLineString", "coordinates": [ [ [ 26.69249843369672, 39.313082443749224 ], [ 26.692456347481354, 39.313063708351621 ] ] ] } },
{ "type": "Feature", "properties": { "fid": 3310, "Layer": "Wall" }, "geometry": { "type": "MultiLineString", "coordinates": [ [ [ 26.692514693259426, 39.313094096322686 ], [ 26.692500550270996, 39.313081057403892 ] ] ] } },
{ "type": "Feature", "properties": { "fid": 3311, "Layer": "Wall" }, "geometry": { "type": "MultiLineString", "coordinates": [ [ [ 26.692499810163675, 39.313080578313446 ], [ 26.692460124123212, 39.313062910968277 ] ] ] } },
{ "type": "Feature", "properties": { "fid": 3312, "Layer": "Wall" }, "geometry": { "type": "MultiLineString", "coordinates": [ [ [ 26.692527648767744, 39.313103340477952 ], [ 26.69257463191428, 39.313057684984294 ] ] ] } },
{ "type": "Feature", "properties": { "fid": 3313, "Layer": "Wall" }, "geometry": { "type": "MultiLineString", "coordinates": [ [ [ 26.692529809519876, 39.313104680589838 ], [ 26.692576793570662, 39.313059026895544 ] ] ] } },
{ "type": "Feature", "properties": { "fid": 3317, "Layer": "Wall" }, "geometry": { "type": "MultiLineString", "coordinates": [ [ [ 26.692924709049642, 39.313180235056706 ], [ 26.69296654338558, 39.313154152239242 ], [ 26.69283484163488, 39.31309452696312 ], [ 26.692673928785428, 39.313206639358867 ], [ 26.692788265985133, 39.3132847827912 ], [ 26.692821589924673, 39.313254995647249 ] ] ] } },
{ "type": "Feature", "properties": { "fid": 3318, "Layer": "Wall" }, "geometry": { "type": "MultiLineString", "coordinates": [ [ [ 26.692922977669397, 39.313178557901715 ], [ 26.692961670338491, 39.31315443485483 ], [ 26.692835190538666, 39.313097173028844 ], [ 26.692678095880911, 39.313206623830844 ], [ 26.692788003532925, 39.313281739687909 ], [ 26.692819503369474, 39.313253584357021 ] ] ] } },
{ "type": "Feature", "properties": { "fid": 3319, "Layer": "Wall" }, "geometry": { "type": "MultiLineString", "coordinates": [ [ [ 26.69259816620934, 39.313332203444737 ], [ 26.692539461352766, 39.313249607280603 ] ] ] } },
{ "type": "Feature", "properties": { "fid": 3320, "Layer": "Wall" }, "geometry": { "type": "MultiLineString", "coordinates": [ [ [ 26.692600588198847, 39.313331165169593 ], [ 26.692541885132453, 39.313248568103766 ] ] ] } },
{ "type": "Feature", "properties": { "fid": 3322, "Layer": "Wall" }, "geometry": { "type": "MultiLineString", "coordinates": [ [ [ 26.691891686176966, 39.313852923779585 ], [ 26.691952001281347, 39.313798692183667 ], [ 26.692013502576806, 39.313840364923905 ], [ 26.691942349380042, 39.313891951983074 ], [ 26.691891686176966, 39.313852923779585 ] ] ] } },
{ "type": "Feature", "properties": { "fid": 3326, "Layer": "Wall" }, "geometry": { "type": "MultiLineString", "coordinates": [ [ [ 26.692828746793644, 39.313307512642368 ], [ 26.692847161718628, 39.313292852394575 ] ] ] } },
{ "type": "Feature", "properties": { "fid": 3327, "Layer": "Wall" }, "geometry": { "type": "MultiLineString", "coordinates": [ [ [ 26.692830466633296, 39.313309223112952 ], [ 26.692849140951992, 39.313294353796486 ] ] ] } },
{ "type": "Feature", "properties": { "fid": 3338, "Layer": "Wall" }, "geometry": { "type": "MultiLineString", "coordinates": [ [ [ 26.692789390768585, 39.313546440968459 ], [ 26.692746321609096, 39.313499653877699 ] ] ] } },
{ "type": "Feature", "properties": { "fid": 3339, "Layer": "Wall" }, "geometry": { "type": "MultiLineString", "coordinates": [ [ [ 26.692791641521094, 39.313545190419227 ], [ 26.692750361243085, 39.313500346869986 ] ] ] } },
{ "type": "Feature", "properties": { "fid": 3340, "Layer": "Wall" }, "geometry": { "type": "MultiLineString", "coordinates": [ [ [ 26.692748647121988, 39.313498484271676 ], [ 26.692874896374544, 39.313471357193421 ] ] ] } },
{ "type": "Feature", "properties": { "fid": 3341, "Layer": "Wall" }, "geometry": { "type": "MultiLineString", "coordinates": [ [ [ 26.692750361243085, 39.313500346869986 ], [ 26.692875635191157, 39.313473427717454 ] ] ] } },
{ "type": "Feature", "properties": { "fid": 3342, "Layer": "Wall" }, "geometry": { "type": "MultiLineString", "coordinates": [ [ [ 26.692827337620443, 39.313376693536497 ], [ 26.692897339362897, 39.313501557597405 ] ] ] } },
{ "type": "Feature", "properties": { "fid": 3343, "Layer": "Wall" }, "geometry": { "type": "MultiLineString", "coordinates": [ [ [ 26.692897339362897, 39.313501557597405 ], [ 26.692925130994851, 39.313494637068622 ] ] ] } },
{ "type": "Feature", "properties": { "fid": 3344, "Layer": "Wall" }, "geometry": { "type": "MultiLineString", "coordinates": [ [ [ 26.692911422142487, 39.313342841590519 ], [ 26.692976895687256, 39.313408891616525 ] ] ] } },
{ "type": "Feature", "properties": { "fid": 3345, "Layer": "Wall" }, "geometry": { "type": "MultiLineString", "coordinates": [ [ [ 26.692970688380477, 39.313442098665057 ], [ 26.692963668490037, 39.313483368937653 ] ] ] } },
{ "type": "Feature", "properties": { "fid": 3346, "Layer": "Wall" }, "geometry": { "type": "MultiLineString", "coordinates": [ [ [ 26.692909229929811, 39.313344153294871 ], [ 26.692973522945575, 39.313409015331509 ] ] ] } },
{ "type": "Feature", "properties": { "fid": 3347, "Layer": "Wall" }, "geometry": { "type": "MultiLineString", "coordinates": [ [ [ 26.692973522945575, 39.313409015331509 ], [ 26.692960925825759, 39.313483087014809 ] ] ] } },
{ "type": "Feature", "properties": { "fid": 3348, "Layer": "Wall" }, "geometry": { "type": "MultiLineString", "coordinates": [ [ [ 26.692911422142487, 39.313342841590519 ], [ 26.692909229929811, 39.313344153294871 ] ] ] } },
{ "type": "Feature", "properties": { "fid": 3349, "Layer": "Wall" }, "geometry": { "type": "MultiLineString", "coordinates": [ [ [ 26.69312272694642, 39.313256711994491 ], [ 26.693101892336443, 39.313297531383625 ] ] ] } },
{ "type": "Feature", "properties": { "fid": 3350, "Layer": "Wall" }, "geometry": { "type": "MultiLineString", "coordinates": [ [ [ 26.69312015375035, 39.313255921341963 ], [ 26.693099320037717, 39.313296740730244 ] ] ] } },
{ "type": "Feature", "properties": { "fid": 3360, "Layer": "Wall" }, "geometry": { "type": "MultiLineString", "coordinates": [ [ [ 26.692935537272614, 39.313627460815425 ], [ 26.69297014476896, 39.313611666830738 ] ] ] } },
{ "type": "Feature", "properties": { "fid": 3361, "Layer": "Wall" }, "geometry": { "type": "MultiLineString", "coordinates": [ [ [ 26.69297014476896, 39.313611666830738 ], [ 26.692955620946012, 39.313585407130752 ] ] ] } },
{ "type": "Feature", "properties": { "fid": 3362, "Layer": "Wall" }, "geometry": { "type": "MultiLineString", "coordinates": [ [ [ 26.692905156844695, 39.313566786547192 ], [ 26.692919595782197, 39.313559663148808 ] ] ] } },
{ "type": "Feature", "properties": { "fid": 3363, "Layer": "Wall" }, "geometry": { "type": "MultiLineString", "coordinates": [ [ [ 26.692919595782197, 39.313559663148808 ], [ 26.69294075941492, 39.313553463410656 ] ] ] } },
{ "type": "Feature", "properties": { "fid": 3364, "Layer": "Wall" }, "geometry": { "type": "MultiLineString", "coordinates": [ [ [ 26.692897339362897, 39.313501557597405 ], [ 26.692889135360893, 39.313505742641446 ] ] ] } },
{ "type": "Feature", "properties": { "fid": 3365, "Layer": "Wall" }, "geometry": { "type": "MultiLineString", "coordinates": [ [ [ 26.692889135360893, 39.313505742641446 ], [ 26.692919595782197, 39.313559663148808 ] ] ] } },
{ "type": "Feature", "properties": { "fid": 3367, "Layer": "Wall" }, "geometry": { "type": "MultiLineString", "coordinates": [ [ [ 26.693167012952543, 39.313169948167328 ], [ 26.693146592512253, 39.313209955256347 ], [ 26.693068561749381, 39.313179538569365 ], [ 26.693087249176234, 39.313134747974715 ], [ 26.693167012952543, 39.313169948167328 ] ] ] } },
{ "type": "Feature", "properties": { "fid": 3368, "Layer": "Wall" }, "geometry": { "type": "MultiLineString", "coordinates": [ [ [ 26.693163553537385, 39.313170893782001 ], [ 26.693145133546974, 39.31320698166212 ], [ 26.693071927313117, 39.313178444519352 ], [ 26.693088834478544, 39.313137921282049 ], [ 26.693163553537385, 39.313170893782001 ] ] ] } },
{ "type": "Feature", "properties": { "fid": 3369, "Layer": "Wall" }, "geometry": { "type": "MultiLineString", "coordinates": [ [ [ 26.6927452142607, 39.312893063567536 ], [ 26.69264889034093, 39.312859758044731 ] ] ] } },
{ "type": "Feature", "properties": { "fid": 3370, "Layer": "Wall" }, "geometry": { "type": "MultiLineString", "coordinates": [ [ [ 26.692744089355369, 39.312895027786752 ], [ 26.692647763641865, 39.312861722265467 ] ] ] } },
{ "type": "Feature", "properties": { "fid": 3373, "Layer": "Wall" }, "geometry": { "type": "MultiLineString", "coordinates": [ [ [ 26.692391428555979, 39.312883020693128 ], [ 26.692378816711507, 39.312897796225187 ] ] ] } },
{ "type": "Feature", "properties": { "fid": 3374, "Layer": "Wall" }, "geometry": { "type": "MultiLineString", "coordinates": [ [ [ 26.692393734973255, 39.312884207648963 ], [ 26.692381124032377, 39.312898984980393 ] ] ] } },
{ "type": "Feature", "properties": { "fid": 3375, "Layer": "Wall" }, "geometry": { "type": "MultiLineString", "coordinates": [ [ [ 26.692431540353944, 39.312962409647959 ], [ 26.69248795588398, 39.31298343892513 ] ] ] } },
{ "type": "Feature", "properties": { "fid": 3376, "Layer": "Wall" }, "geometry": { "type": "MultiLineString", "coordinates": [ [ [ 26.692432738022593, 39.312960471465843 ], [ 26.692486657894747, 39.312980570498347 ], [ 26.692505141011594, 39.312950647566197 ], [ 26.692456164840571, 39.312932391964772 ] ] ] } },
{ "type": "Feature", "properties": { "fid": 3378, "Layer": "Wall" }, "geometry": { "type": "MultiLineString", "coordinates": [ [ [ 26.692262733764494, 39.313054842492591 ], [ 26.692328518603883, 39.312966934680666 ] ] ] } },
{ "type": "Feature", "properties": { "fid": 3379, "Layer": "Wall" }, "geometry": { "type": "MultiLineString", "coordinates": [ [ [ 26.692265126808277, 39.313055923153534 ], [ 26.692321659580106, 39.312980378137887 ] ] ] } },
{ "type": "Feature", "properties": { "fid": 3380, "Layer": "Wall" }, "geometry": { "type": "MultiLineString", "coordinates": [ [ [ 26.692321659580106, 39.312980378137887 ], [ 26.692472647425127, 39.31303341476854 ] ] ] } },
{ "type": "Feature", "properties": { "fid": 3381, "Layer": "Wall" }, "geometry": { "type": "MultiLineString", "coordinates": [ [ [ 26.69248795588398, 39.31298343892513 ], [ 26.692523297285664, 39.313005507399858 ] ] ] } },
{ "type": "Feature", "properties": { "fid": 3382, "Layer": "Wall" }, "geometry": { "type": "MultiLineString", "coordinates": [ [ [ 26.692523297285664, 39.313005507399858 ], [ 26.692664826661566, 39.313023348570958 ] ] ] } },
{ "type": "Feature", "properties": { "fid": 3383, "Layer": "Wall" }, "geometry": { "type": "MultiLineString", "coordinates": [ [ [ 26.692664826661566, 39.313023348570958 ], [ 26.692684421711196, 39.313009773701062 ] ] ] } },
{ "type": "Feature", "properties": { "fid": 3384, "Layer": "Wall" }, "geometry": { "type": "MultiLineString", "coordinates": [ [ [ 26.692681972666758, 39.313008591377034 ], [ 26.692685622816985, 39.312998338230344 ] ] ] } },
{ "type": "Feature", "properties": { "fid": 3385, "Layer": "Wall" }, "geometry": { "type": "MultiLineString", "coordinates": [ [ [ 26.692477821664607, 39.313023612088507 ], [ 26.692498079115413, 39.312989759353719 ] ] ] } },
{ "type": "Feature", "properties": { "fid": 3386, "Layer": "Wall" }, "geometry": { "type": "MultiLineString", "coordinates": [ [ [ 26.692323057563453, 39.312978509081937 ], [ 26.692473787601958, 39.313031455936077 ] ] ] } },
{ "type": "Feature", "properties": { "fid": 3387, "Layer": "Wall" }, "geometry": { "type": "MultiLineString", "coordinates": [ [ [ 26.692323057563453, 39.312978509081937 ], [ 26.692330911648295, 39.312968015341518 ] ] ] } },
{ "type": "Feature", "properties": { "fid": 3388, "Layer": "Wall" }, "geometry": { "type": "MultiLineString", "coordinates": [ [ [ 26.692331529275513, 39.313078450985039 ], [ 26.692417664724559, 39.313124202089448 ] ] ] } },
{ "type": "Feature", "properties": { "fid": 3389, "Layer": "Wall" }, "geometry": { "type": "MultiLineString", "coordinates": [ [ [ 26.692456347481354, 39.313063708351621 ], [ 26.692458530007162, 39.313060749416351 ] ] ] } },
{ "type": "Feature", "properties": { "fid": 3390, "Layer": "Wall" }, "geometry": { "type": "MultiLineString", "coordinates": [ [ [ 26.692460124123212, 39.313062910968277 ], [ 26.692460932877022, 39.313061818366471 ] ] ] } },
{ "type": "Feature", "properties": { "fid": 3391, "Layer": "Wall" }, "geometry": { "type": "MultiLineString", "coordinates": [ [ [ 26.692301304975565, 39.31312254916493 ], [ 26.692317775919083, 39.313130717137007 ] ] ] } },
{ "type": "Feature", "properties": { "fid": 3392, "Layer": "Wall" }, "geometry": { "type": "MultiLineString", "coordinates": [ [ [ 26.692317775919083, 39.313130717137007 ], [ 26.692311984995907, 39.313140666204895 ] ] ] } },
{ "type": "Feature", "properties": { "fid": 3393, "Layer": "Wall" }, "geometry": { "type": "MultiLineString", "coordinates": [ [ [ 26.692311984995907, 39.313140666204895 ], [ 26.692386064332698, 39.31316760303244 ] ] ] } },
{ "type": "Feature", "properties": { "fid": 3394, "Layer": "Wall" }, "geometry": { "type": "MultiLineString", "coordinates": [ [ [ 26.692407593617162, 39.313140699942295 ], [ 26.692338900015315, 39.313241162766055 ] ] ] } },
{ "type": "Feature", "properties": { "fid": 3395, "Layer": "Wall" }, "geometry": { "type": "MultiLineString", "coordinates": [ [ [ 26.692315630625096, 39.31313961780527 ], [ 26.692387237750587, 39.313165656771197 ] ] ] } },
{ "type": "Feature", "properties": { "fid": 3396, "Layer": "Wall" }, "geometry": { "type": "MultiLineString", "coordinates": [ [ [ 26.692321284263802, 39.313129904697881 ], [ 26.692315630625096, 39.31313961780527 ] ] ] } },
{ "type": "Feature", "properties": { "fid": 3397, "Layer": "Wall" }, "geometry": { "type": "MultiLineString", "coordinates": [ [ [ 26.692302793779117, 39.313120736733751 ], [ 26.692321284263802, 39.313129904697881 ] ] ] } },
{ "type": "Feature", "properties": { "fid": 3398, "Layer": "Wall" }, "geometry": { "type": "MultiLineString", "coordinates": [ [ [ 26.692329967662062, 39.313080224777366 ], [ 26.692414946238895, 39.313125362154345 ] ] ] } },
{ "type": "Feature", "properties": { "fid": 3399, "Layer": "Wall" }, "geometry": { "type": "MultiLineString", "coordinates": [ [ [ 26.692414946238895, 39.313125362154345 ], [ 26.692387363517572, 39.313165702562422 ] ] ] } },
{ "type": "Feature", "properties": { "fid": 3400, "Layer": "Wall" }, "geometry": { "type": "MultiLineString", "coordinates": [ [ [ 26.692386064332698, 39.31316760303244 ], [ 26.692354439485918, 39.313213852914409 ] ] ] } },
{ "type": "Feature", "properties": { "fid": 3423, "Layer": "Wall" }, "geometry": { "type": "MultiLineString", "coordinates": [ [ [ 26.692253958267969, 39.31326005709883 ], [ 26.69231047583386, 39.313282731727824 ] ] ] } },
{ "type": "Feature", "properties": { "fid": 3424, "Layer": "Wall" }, "geometry": { "type": "MultiLineString", "coordinates": [ [ [ 26.692255227811582, 39.313258146754514 ], [ 26.692309314147746, 39.313279846072874 ] ] ] } },
{ "type": "Feature", "properties": { "fid": 3425, "Layer": "Wall" }, "geometry": { "type": "MultiLineString", "coordinates": [ [ [ 26.69233757673085, 39.313243096563163 ], [ 26.69231047583386, 39.313282731727824 ] ] ] } },
{ "type": "Feature", "properties": { "fid": 3426, "Layer": "Wall" }, "geometry": { "type": "MultiLineString", "coordinates": [ [ [ 26.69235314030076, 39.313215753384469 ], [ 26.692274322764252, 39.31318553182583 ] ] ] } },
{ "type": "Feature", "properties": { "fid": 3427, "Layer": "Wall" }, "geometry": { "type": "MultiLineString", "coordinates": [ [ [ 26.692354365818634, 39.313213825077966 ], [ 26.692275548288396, 39.313183605319637 ] ] ] } },
{ "type": "Feature", "properties": { "fid": 3428, "Layer": "Wall" }, "geometry": { "type": "MultiLineString", "coordinates": [ [ [ 26.69235314030076, 39.313215753384469 ], [ 26.692309314147746, 39.313279846072874 ] ] ] } },
{ "type": "Feature", "properties": { "fid": 3429, "Layer": "Wall" }, "geometry": { "type": "MultiLineString", "coordinates": [ [ [ 26.692253324413141, 39.313299217898383 ], [ 26.692285980930023, 39.313312866313595 ], [ 26.692237995886682, 39.313377014130211 ] ] ] } },
{ "type": "Feature", "properties": { "fid": 3430, "Layer": "Wall" }, "geometry": { "type": "MultiLineString", "coordinates": [ [ [ 26.692237995886682, 39.313377014130211 ], [ 26.692199855594097, 39.313411003005854 ], [ 26.692160450806639, 39.313398054786319 ], [ 26.692122887105654, 39.313379334133238 ] ] ] } },
{ "type": "Feature", "properties": { "fid": 3431, "Layer": "Wall" }, "geometry": { "type": "MultiLineString", "coordinates": [ [ [ 26.692189054613891, 39.313274796929541 ], [ 26.69228215151476, 39.313313706051517 ], [ 26.69223693745414, 39.313374150883639 ], [ 26.692146780659659, 39.313337239152588 ] ] ] } },
{ "type": "Feature", "properties": { "fid": 3432, "Layer": "Wall" }, "geometry": { "type": "MultiLineString", "coordinates": [ [ [ 26.692235481915674, 39.313375983087354 ], [ 26.692199087060814, 39.313408416733601 ], [ 26.692161747274778, 39.313396147117551 ], [ 26.692124381303412, 39.31337752439736 ] ] ] } },
{ "type": "Feature", "properties": { "fid": 3433, "Layer": "Wall" }, "geometry": { "type": "MultiLineString", "coordinates": [ [ [ 26.692235481915674, 39.313375983087354 ], [ 26.692153925438518, 39.313342594676193 ] ] ] } },
{ "type": "Feature", "properties": { "fid": 3434, "Layer": "Wall" }, "geometry": { "type": "MultiLineString", "coordinates": [ [ [ 26.692489185652843, 39.312981447605736 ], [ 26.692524462315358, 39.313003476534078 ] ] ] } },
{ "type": "Feature", "properties": { "fid": 3435, "Layer": "Wall" }, "geometry": { "type": "MultiLineString", "coordinates": [ [ [ 26.692489185652843, 39.312981447605736 ], [ 26.692508831650706, 39.312949640531272 ], [ 26.692457360714748, 39.312930453784269 ] ] ] } },
{ "type": "Feature", "properties": { "fid": 3436, "Layer": "Wall" }, "geometry": { "type": "MultiLineString", "coordinates": [ [ [ 26.692524462315358, 39.313003476534078 ], [ 26.692663967725935, 39.313021062126047 ] ] ] } },
{ "type": "Feature", "properties": { "fid": 3437, "Layer": "Wall" }, "geometry": { "type": "MultiLineString", "coordinates": [ [ [ 26.692663967725935, 39.313021062126047 ], [ 26.692681972666758, 39.313008591377034 ] ] ] } },
{ "type": "Feature", "properties": { "fid": 3438, "Layer": "Wall" }, "geometry": { "type": "MultiLineString", "coordinates": [ [ [ 26.692684421711196, 39.313009773701062 ], [ 26.692688290305739, 39.312998912765174 ] ] ] } },
{ "type": "Feature", "properties": { "fid": 3439, "Layer": "Wall" }, "geometry": { "type": "MultiLineString", "coordinates": [ [ [ 26.692381169827186, 39.313571034741678 ], [ 26.692455898437736, 39.313517609032928 ] ] ] } },
{ "type": "Feature", "properties": { "fid": 3440, "Layer": "Wall" }, "geometry": { "type": "MultiLineString", "coordinates": [ [ [ 26.692457934910749, 39.313516152550591 ], [ 26.692321097720779, 39.313401560929726 ], [ 26.692305779774767, 39.313400719868582 ], [ 26.692246654483739, 39.313443597007222 ] ] ] } },
{ "type": "Feature", "properties": { "fid": 3441, "Layer": "Wall" }, "geometry": { "type": "MultiLineString", "coordinates": [ [ [ 26.692455906538502, 39.313517616226505 ], [ 26.692319811776503, 39.313403645914761 ], [ 26.692306786451994, 39.313402930567385 ], [ 26.692248542466096, 39.313445168703744 ] ] ] } },
{ "type": "Feature", "properties": { "fid": 3442, "Layer": "Wall" }, "geometry": { "type": "MultiLineString", "coordinates": [ [ [ 26.692246654483739, 39.313443597007222 ], [ 26.692248542466096, 39.313445168703744 ] ] ] } },
{ "type": "Feature", "properties": { "fid": 3443, "Layer": "Wall" }, "geometry": { "type": "MultiLineString", "coordinates": [ [ [ 26.692457934910749, 39.313516152550591 ], [ 26.692481490379674, 39.313499312865616 ] ] ] } },
{ "type": "Feature", "properties": { "fid": 3444, "Layer": "Wall" }, "geometry": { "type": "MultiLineString", "coordinates": [ [ [ 26.692104159351498, 39.313399882425443 ], [ 26.692179401705335, 39.313436386589458 ] ] ] } },
{ "type": "Feature", "properties": { "fid": 3445, "Layer": "Wall" }, "geometry": { "type": "MultiLineString", "coordinates": [ [ [ 26.692102693007698, 39.313401703837485 ], [ 26.692177935367781, 39.313438209801852 ] ] ] } },
{ "type": "Feature", "properties": { "fid": 3446, "Layer": "Wall" }, "geometry": { "type": "MultiLineString", "coordinates": [ [ [ 26.692179401705335, 39.313436386589458 ], [ 26.692177935367781, 39.313438209801852 ] ] ] } },
{ "type": "Feature", "properties": { "fid": 3447, "Layer": "Wall" }, "geometry": { "type": "MultiLineString", "coordinates": [ [ [ 26.692089579415175, 39.313435338488112 ], [ 26.692154007841769, 39.313466028730119 ] ] ] } },
{ "type": "Feature", "properties": { "fid": 3448, "Layer": "Wall" }, "geometry": { "type": "MultiLineString", "coordinates": [ [ [ 26.692154007841769, 39.313466028730119 ], [ 26.692046047055317, 39.313561422970245 ] ] ] } },
{ "type": "Feature", "properties": { "fid": 3449, "Layer": "Wall" }, "geometry": { "type": "MultiLineString", "coordinates": [ [ [ 26.692046047055317, 39.313561422970245 ], [ 26.691990378672973, 39.313535717713037 ] ] ] } },
{ "type": "Feature", "properties": { "fid": 3450, "Layer": "Wall" }, "geometry": { "type": "MultiLineString", "coordinates": [ [ [ 26.692149759996543, 39.313466525902037 ], [ 26.692113063668483, 39.313498950824567 ] ] ] } },
{ "type": "Feature", "properties": { "fid": 3451, "Layer": "Wall" }, "geometry": { "type": "MultiLineString", "coordinates": [ [ [ 26.692088133751597, 39.313437172483034 ], [ 26.692149759996543, 39.313466525902037 ] ] ] } },
{ "type": "Feature", "properties": { "fid": 3452, "Layer": "Wall" }, "geometry": { "type": "MultiLineString", "coordinates": [ [ [ 26.692045486013747, 39.313558662781851 ], [ 26.691991791086977, 39.313533868446349 ] ] ] } },
{ "type": "Feature", "properties": { "fid": 3453, "Layer": "Wall" }, "geometry": { "type": "MultiLineString", "coordinates": [ [ [ 26.692026629432256, 39.313504830624417 ], [ 26.692077080911954, 39.313530745000229 ] ] ] } },
{ "type": "Feature", "properties": { "fid": 3454, "Layer": "Wall" }, "geometry": { "type": "MultiLineString", "coordinates": [ [ [ 26.692058327355362, 39.313469840415777 ], [ 26.692113063668483, 39.313498950824567 ] ] ] } },
{ "type": "Feature", "properties": { "fid": 3455, "Layer": "Wall" }, "geometry": { "type": "MultiLineString", "coordinates": [ [ [ 26.692056763041776, 39.313471612410595 ], [ 26.692111222501577, 39.313500577252299 ] ] ] } },
{ "type": "Feature", "properties": { "fid": 3456, "Layer": "Wall" }, "geometry": { "type": "MultiLineString", "coordinates": [ [ [ 26.692028155089847, 39.313503037061949 ], [ 26.692078925654123, 39.313529114968681 ] ] ] } },
{ "type": "Feature", "properties": { "fid": 3457, "Layer": "Wall" }, "geometry": { "type": "MultiLineString", "coordinates": [ [ [ 26.692111222501577, 39.313500577252299 ], [ 26.692045486013747, 39.313558662781851 ] ] ] } },
{ "type": "Feature", "properties": { "fid": 3458, "Layer": "Wall" }, "geometry": { "type": "MultiLineString", "coordinates": [ [ [ 26.69205987501504, 39.313549202691277 ], [ 26.692090179843724, 39.31356810733606 ] ] ] } },
{ "type": "Feature", "properties": { "fid": 3459, "Layer": "Wall" }, "geometry": { "type": "MultiLineString", "coordinates": [ [ [ 26.692061608347725, 39.313547527755439 ], [ 26.692091912272765, 39.313566430600723 ] ] ] } },
{ "type": "Feature", "properties": { "fid": 3460, "Layer": "Wall" }, "geometry": { "type": "MultiLineString", "coordinates": [ [ [ 26.692091912272765, 39.313566430600723 ], [ 26.692090179843724, 39.31356810733606 ] ] ] } },
{ "type": "Feature", "properties": { "fid": 3461, "Layer": "Wall" }, "geometry": { "type": "MultiLineString", "coordinates": [ [ [ 26.692191381102919, 39.313618843052772 ], [ 26.692171434053456, 39.313602248538146 ] ] ] } },
{ "type": "Feature", "properties": { "fid": 3462, "Layer": "Wall" }, "geometry": { "type": "MultiLineString", "coordinates": [ [ [ 26.692193404078662, 39.313617375781277 ], [ 26.692173456135247, 39.313600782167683 ] ] ] } },
{ "type": "Feature", "properties": { "fid": 3463, "Layer": "Wall" }, "geometry": { "type": "MultiLineString", "coordinates": [ [ [ 26.692171434053456, 39.313602248538146 ], [ 26.692173456135247, 39.313600782167683 ] ] ] } },
{ "type": "Feature", "properties": { "fid": 3468, "Layer": "Wall" }, "geometry": { "type": "MultiLineString", "coordinates": [ [ [ 26.691686994595489, 39.313831108875135 ], [ 26.691608837238945, 39.313914157463067 ] ] ] } },
{ "type": "Feature", "properties": { "fid": 3469, "Layer": "Wall" }, "geometry": { "type": "MultiLineString", "coordinates": [ [ [ 26.691647916815214, 39.313872632717896 ], [ 26.691602940493222, 39.313843064175288 ] ] ] } },
{ "type": "Feature", "properties": { "fid": 3470, "Layer": "Wall" }, "geometry": { "type": "MultiLineString", "coordinates": [ [ [ 26.691686994595489, 39.313831108875135 ], [ 26.691759266127455, 39.313878196825563 ] ] ] } },
{ "type": "Feature", "properties": { "fid": 3471, "Layer": "Wall" }, "geometry": { "type": "MultiLineString", "coordinates": [ [ [ 26.691740906948144, 39.313811106164117 ], [ 26.691848588592265, 39.313885043137581 ] ] ] } },
{ "type": "Feature", "properties": { "fid": 3472, "Layer": "Wall" }, "geometry": { "type": "MultiLineString", "coordinates": [ [ [ 26.691961212030385, 39.313585884517117 ], [ 26.691985164855527, 39.313593049177598 ] ] ] } },
{ "type": "Feature", "properties": { "fid": 3473, "Layer": "Wall" }, "geometry": { "type": "MultiLineString", "coordinates": [ [ [ 26.691985164855527, 39.313593049177598 ], [ 26.69202812020178, 39.313619760751983 ] ] ] } },
{ "type": "Feature", "properties": { "fid": 3474, "Layer": "Wall" }, "geometry": { "type": "MultiLineString", "coordinates": [ [ [ 26.69202812020178, 39.313619760751983 ], [ 26.691995295240829, 39.313643770392389 ] ] ] } },
{ "type": "Feature", "properties": { "fid": 3475, "Layer": "Wall" }, "geometry": { "type": "MultiLineString", "coordinates": [ [ [ 26.691890938195051, 39.313617609359 ], [ 26.691957267696715, 39.313666040354143 ] ] ] } },
{ "type": "Feature", "properties": { "fid": 3476, "Layer": "Wall" }, "geometry": { "type": "MultiLineString", "coordinates": [ [ [ 26.691983771410538, 39.313594933532087 ], [ 26.69202390240492, 39.31361989244288 ] ] ] } },
{ "type": "Feature", "properties": { "fid": 3477, "Layer": "Wall" }, "geometry": { "type": "MultiLineString", "coordinates": [ [ [ 26.69202390240492, 39.31361989244288 ], [ 26.691993399212937, 39.313642205904159 ] ] ] } },
{ "type": "Feature", "properties": { "fid": 3478, "Layer": "Wall" }, "geometry": { "type": "MultiLineString", "coordinates": [ [ [ 26.691928232665493, 39.31357832488434 ], [ 26.691983771410538, 39.313594933532087 ] ] ] } },
{ "type": "Feature", "properties": { "fid": 3479, "Layer": "Wall" }, "geometry": { "type": "MultiLineString", "coordinates": [ [ [ 26.691927424160212, 39.313694978178567 ], [ 26.691955503814814, 39.313667702716238 ] ] ] } },
{ "type": "Feature", "properties": { "fid": 3480, "Layer": "Wall" }, "geometry": { "type": "MultiLineString", "coordinates": [ [ [ 26.691929584920498, 39.313696321891598 ], [ 26.691959397875127, 39.313667362492097 ] ] ] } },
{ "type": "Feature", "properties": { "fid": 3481, "Layer": "Wall" }, "geometry": { "type": "MultiLineString", "coordinates": [ [ [ 26.691889043874749, 39.313619175526753 ], [ 26.691955503814814, 39.313667702716238 ] ] ] } },
{ "type": "Feature", "properties": { "fid": 3482, "Layer": "Wall" }, "geometry": { "type": "MultiLineString", "coordinates": [ [ [ 26.691983222454223, 39.313684487226503 ], [ 26.692039817434889, 39.313729085396361 ] ] ] } },
{ "type": "Feature", "properties": { "fid": 3483, "Layer": "Wall" }, "geometry": { "type": "MultiLineString", "coordinates": [ [ [ 26.691985194134027, 39.313682976795818 ], [ 26.692041788221253, 39.313727575866572 ] ] ] } },
{ "type": "Feature", "properties": { "fid": 3484, "Layer": "Wall" }, "geometry": { "type": "MultiLineString", "coordinates": [ [ [ 26.692015080687, 39.313660092316738 ], [ 26.692071398354337, 39.313703690694197 ] ] ] } },
{ "type": "Feature", "properties": { "fid": 3485, "Layer": "Wall" }, "geometry": { "type": "MultiLineString", "coordinates": [ [ [ 26.692017033483928, 39.313658570201675 ], [ 26.692073351148341, 39.313702167678969 ] ] ] } },
{ "type": "Feature", "properties": { "fid": 3486, "Layer": "Wall" }, "geometry": { "type": "MultiLineString", "coordinates": [ [ [ 26.692017033483928, 39.313658570201675 ], [ 26.692015080687, 39.313660092316738 ] ] ] } },
{ "type": "Feature", "properties": { "fid": 3487, "Layer": "Wall" }, "geometry": { "type": "MultiLineString", "coordinates": [ [ [ 26.691961783703061, 39.313743653656019 ], [ 26.691992854320496, 39.313763679163564 ] ] ] } },
{ "type": "Feature", "properties": { "fid": 3488, "Layer": "Wall" }, "geometry": { "type": "MultiLineString", "coordinates": [ [ [ 26.691963550303416, 39.313741998492439 ], [ 26.691994621818214, 39.313762023999089 ] ] ] } },
{ "type": "Feature", "properties": { "fid": 3489, "Layer": "Wall" }, "geometry": { "type": "MultiLineString", "coordinates": [ [ [ 26.691912086445292, 39.313712809464256 ], [ 26.691889015301946, 39.313747085153132 ] ] ] } },
{ "type": "Feature", "properties": { "fid": 3490, "Layer": "Wall" }, "geometry": { "type": "MultiLineString", "coordinates": [ [ [ 26.691891112652399, 39.313748506335784 ], [ 26.691958566035332, 39.313794213402772 ] ] ] } },
{ "type": "Feature", "properties": { "fid": 3491, "Layer": "Wall" }, "geometry": { "type": "MultiLineString", "coordinates": [ [ [ 26.691889015301946, 39.313747085153132 ], [ 26.691858328882923, 39.313780747642909 ] ] ] } },
{ "type": "Feature", "properties": { "fid": 3492, "Layer": "Wall" }, "geometry": { "type": "MultiLineString", "coordinates": [ [ [ 26.691784497434419, 39.313724009015829 ], [ 26.691747187025264, 39.313766266642006 ] ] ] } },
{ "type": "Feature", "properties": { "fid": 3493, "Layer": "Wall" }, "geometry": { "type": "MultiLineString", "coordinates": [ [ [ 26.691777096630698, 39.31373238883431 ], [ 26.691856725934784, 39.313782504371183 ] ] ] } },
{ "type": "Feature", "properties": { "fid": 3494, "Layer": "Wall" }, "geometry": { "type": "MultiLineString", "coordinates": [ [ [ 26.691778840749407, 39.313730719289268 ], [ 26.691858328882923, 39.313780747642909 ] ] ] } },
{ "type": "Feature", "properties": { "fid": 3495, "Layer": "Wall" }, "geometry": { "type": "MultiLineString", "coordinates": [ [ [ 26.691891112652399, 39.313748506335784 ], [ 26.691853679397262, 39.313789568700741 ] ] ] } },
{ "type": "Feature", "properties": { "fid": 3496, "Layer": "Wall" }, "geometry": { "type": "MultiLineString", "coordinates": [ [ [ 26.691892479028283, 39.313746579699831 ], [ 26.691960385699389, 39.313792594195696 ] ] ] } },
{ "type": "Feature", "properties": { "fid": 3497, "Layer": "Wall" }, "geometry": { "type": "MultiLineString", "coordinates": [ [ [ 26.691914538382694, 39.313713805459209 ], [ 26.691892479028283, 39.313746579699831 ] ] ] } },
{ "type": "Feature", "properties": { "fid": 3498, "Layer": "Wall" }, "geometry": { "type": "MultiLineString", "coordinates": [ [ [ 26.691856725934784, 39.313782504371183 ], [ 26.691851421223987, 39.31378832589175 ] ] ] } },
{ "type": "Feature", "properties": { "fid": 3499, "Layer": "Wall" }, "geometry": { "type": "MultiLineString", "coordinates": [ [ [ 26.69177126198182, 39.313781717803437 ], [ 26.691822726063958, 39.313813641433477 ], [ 26.691790398680691, 39.313845088406239 ] ] ] } },
{ "type": "Feature", "properties": { "fid": 3500, "Layer": "Wall" }, "geometry": { "type": "MultiLineString", "coordinates": [ [ [ 26.691769534044276, 39.313783396335005 ], [ 26.691818835585778, 39.313813979854032 ], [ 26.691790052567345, 39.313841981469494 ] ] ] } },
{ "type": "Feature", "properties": { "fid": 3501, "Layer": "Wall" }, "geometry": { "type": "MultiLineString", "coordinates": [ [ [ 26.691742739201537, 39.313809495046662 ], [ 26.691790052567345, 39.313841981469494 ] ] ] } },
{ "type": "Feature", "properties": { "fid": 3502, "Layer": "Wall" }, "geometry": { "type": "MultiLineString", "coordinates": [ [ [ 26.691790398680691, 39.313845088406239 ], [ 26.691760902329499, 39.313876456269135 ] ] ] } },
{ "type": "Feature", "properties": { "fid": 3503, "Layer": "Wall" }, "geometry": { "type": "MultiLineString", "coordinates": [ [ [ 26.69173310202936, 39.313922760260603 ], [ 26.691774976144458, 39.313942148460832 ] ] ] } },
{ "type": "Feature", "properties": { "fid": 3504, "Layer": "Wall" }, "geometry": { "type": "MultiLineString", "coordinates": [ [ [ 26.691688772888543, 39.313829461801966 ], [ 26.691814192525182, 39.313911176732915 ] ] ] } },
{ "type": "Feature", "properties": { "fid": 3505, "Layer": "Wall" }, "geometry": { "type": "MultiLineString", "coordinates": [ [ [ 26.691736780009283, 39.313977790035729 ], [ 26.691753340812454, 39.313961494150305 ] ] ] } },
{ "type": "Feature", "properties": { "fid": 3506, "Layer": "Wall" }, "geometry": { "type": "MultiLineString", "coordinates": [ [ [ 26.691791235407425, 39.314022905051957 ], [ 26.691812284501232, 39.314007571787144 ] ] ] } },
{ "type": "Feature", "properties": { "fid": 3507, "Layer": "Wall" }, "geometry": { "type": "MultiLineString", "coordinates": [ [ [ 26.691789342053031, 39.314021335160191 ], [ 26.691810392053821, 39.314006004594937 ] ] ] } },
{ "type": "Feature", "properties": { "fid": 3508, "Layer": "Wall" }, "geometry": { "type": "MultiLineString", "coordinates": [ [ [ 26.691738951486936, 39.313979121137315 ], [ 26.691755512290207, 39.313962825251821 ] ] ] } },
{ "type": "Feature", "properties": { "fid": 3509, "Layer": "Wall" }, "geometry": { "type": "MultiLineString", "coordinates": [ [ [ 26.691644160935862, 39.313872979116027 ], [ 26.691601152308575, 39.313844704956637 ] ] ] } },
{ "type": "Feature", "properties": { "fid": 3510, "Layer": "Wall" }, "geometry": { "type": "MultiLineString", "coordinates": [ [ [ 26.691644160935862, 39.313872979116027 ], [ 26.691606603192607, 39.313912888528009 ] ] ] } },
{ "type": "Feature", "properties": { "fid": 3514, "Layer": "Wall" }, "geometry": { "type": "MultiLineString", "coordinates": [ [ [ 26.691726162268193, 39.31391704359428 ], [ 26.691776393053075, 39.31394030098997 ] ] ] } },
{ "type": "Feature", "properties": { "fid": 3515, "Layer": "Wall" }, "geometry": { "type": "MultiLineString", "coordinates": [ [ [ 26.691761391151406, 39.313879581077536 ], [ 26.691726162268193, 39.31391704359428 ] ] ] } },
{ "type": "Feature", "properties": { "fid": 3516, "Layer": "Wall" }, "geometry": { "type": "MultiLineString", "coordinates": [ [ [ 26.691759266127455, 39.313878196825563 ], [ 26.691722224997946, 39.313917586387653 ] ] ] } },
{ "type": "Feature", "properties": { "fid": 3517, "Layer": "Wall" }, "geometry": { "type": "MultiLineString", "coordinates": [ [ [ 26.691761391151406, 39.313879581077536 ], [ 26.691812413331114, 39.313912822906858 ] ] ] } },
{ "type": "Feature", "properties": { "fid": 3530, "Layer": "Wall" }, "geometry": { "type": "MultiLineString", "coordinates": [ [ [ 26.692339366146101, 39.314171292592491 ], [ 26.692311601104258, 39.314188072237556 ] ] ] } },
{ "type": "Feature", "properties": { "fid": 3531, "Layer": "Wall" }, "geometry": { "type": "MultiLineString", "coordinates": [ [ [ 26.692337666102247, 39.314169596505053 ], [ 26.692309901057271, 39.31418637524996 ] ] ] } },
{ "type": "Feature", "properties": { "fid": 3533, "Layer": "Wall" }, "geometry": { "type": "MultiLineString", "coordinates": [ [ [ 26.692294950284428, 39.314102597517426 ], [ 26.692301587037772, 39.314113468615126 ] ] ] } },
{ "type": "Feature", "properties": { "fid": 3563, "Layer": "Wall" }, "geometry": { "type": "MultiLineString", "coordinates": [ [ [ 26.692565022175401, 39.313866974111413 ], [ 26.692637056945472, 39.313830571453437 ] ] ] } },
{ "type": "Feature", "properties": { "fid": 3564, "Layer": "Wall" }, "geometry": { "type": "MultiLineString", "coordinates": [ [ [ 26.692903223013843, 39.313693035367685 ], [ 26.692785796106872, 39.313755353994637 ] ] ] } },
{ "type": "Feature", "properties": { "fid": 3565, "Layer": "Wall" }, "geometry": { "type": "MultiLineString", "coordinates": [ [ [ 26.692997919884927, 39.313867627029147 ], [ 26.692878563383868, 39.31370872660311 ] ] ] } },
{ "type": "Feature", "properties": { "fid": 3566, "Layer": "Wall" }, "geometry": { "type": "MultiLineString", "coordinates": [ [ [ 26.692924058548957, 39.313889487947797 ], [ 26.692852169655506, 39.313722732584431 ] ] ] } },
{ "type": "Feature", "properties": { "fid": 3567, "Layer": "Wall" }, "geometry": { "type": "MultiLineString", "coordinates": [ [ [ 26.692904784301113, 39.3136948107935 ], [ 26.692878563383868, 39.31370872660311 ] ] ] } },
{ "type": "Feature", "properties": { "fid": 3568, "Layer": "Wall" }, "geometry": { "type": "MultiLineString", "coordinates": [ [ [ 26.692926681916596, 39.313888805039049 ], [ 26.692910151415795, 39.313850462013122 ] ] ] } },
{ "type": "Feature", "properties": { "fid": 3569, "Layer": "Wall" }, "geometry": { "type": "MultiLineString", "coordinates": [ [ [ 26.692995529456073, 39.31386871028252 ], [ 26.692964233406958, 39.313827047630767 ] ] ] } },
{ "type": "Feature", "properties": { "fid": 3570, "Layer": "Wall" }, "geometry": { "type": "MultiLineString", "coordinates": [ [ [ 26.692852169655506, 39.313722732584431 ], [ 26.692787355592291, 39.313757127622026 ] ] ] } },
{ "type": "Feature", "properties": { "fid": 3571, "Layer": "Wall" }, "geometry": { "type": "MultiLineString", "coordinates": [ [ [ 26.692876273923815, 39.313709942082902 ], [ 26.692854544175859, 39.313721472019921 ] ] ] } },
{ "type": "Feature", "properties": { "fid": 3572, "Layer": "Wall" }, "geometry": { "type": "MultiLineString", "coordinates": [ [ [ 26.692910151415795, 39.313850462013122 ], [ 26.692964233406958, 39.313827047630767 ] ] ] } },
{ "type": "Feature", "properties": { "fid": 3573, "Layer": "Wall" }, "geometry": { "type": "MultiLineString", "coordinates": [ [ [ 26.692909258282214, 39.313848388030067 ], [ 26.692962840472923, 39.313825189238216 ] ] ] } },
{ "type": "Feature", "properties": { "fid": 3574, "Layer": "Wall" }, "geometry": { "type": "MultiLineString", "coordinates": [ [ [ 26.692909258282214, 39.313848388030067 ], [ 26.692854544175859, 39.313721472019921 ] ] ] } },
{ "type": "Feature", "properties": { "fid": 3575, "Layer": "Wall" }, "geometry": { "type": "MultiLineString", "coordinates": [ [ [ 26.692962840472923, 39.313825189238216 ], [ 26.692876273923815, 39.313709942082902 ] ] ] } },
{ "type": "Feature", "properties": { "fid": 3576, "Layer": "Wall" }, "geometry": { "type": "MultiLineString", "coordinates": [ [ [ 26.692944175100141, 39.313671931981339 ], [ 26.6931014310587, 39.313587816993028 ], [ 26.69318811728651, 39.313731028409677 ], [ 26.693179859764562, 39.313761500044933 ], [ 26.693141043976574, 39.313799416830889 ], [ 26.693113706554833, 39.313823885010819 ] ] ] } },
{ "type": "Feature", "properties": { "fid": 3577, "Layer": "Wall" }, "geometry": { "type": "MultiLineString", "coordinates": [ [ [ 26.693139134401967, 39.31379782985254 ], [ 26.69297265080187, 39.31365931029012 ] ] ] } },
{ "type": "Feature", "properties": { "fid": 3578, "Layer": "Wall" }, "geometry": { "type": "MultiLineString", "coordinates": [ [ [ 26.693137321093378, 39.3137994706575 ], [ 26.692970346156933, 39.313660543786497 ] ] ] } },
{ "type": "Feature", "properties": { "fid": 3579, "Layer": "Wall" }, "geometry": { "type": "MultiLineString", "coordinates": [ [ [ 26.692945744438592, 39.313673701098828 ], [ 26.692970346156933, 39.313660543786497 ] ] ] } },
{ "type": "Feature", "properties": { "fid": 3580, "Layer": "Wall" }, "geometry": { "type": "MultiLineString", "coordinates": [ [ [ 26.69297265080187, 39.31365931029012 ], [ 26.693100314333556, 39.313591024286929 ], [ 26.693185216942013, 39.313731290311424 ], [ 26.693177286915937, 39.313760560870456 ], [ 26.693139134401967, 39.31379782985254 ] ] ] } },
{ "type": "Feature", "properties": { "fid": 3581, "Layer": "Wall" }, "geometry": { "type": "MultiLineString", "coordinates": [ [ [ 26.693137321093378, 39.3137994706575 ], [ 26.693111616423629, 39.313822477324472 ] ] ] } },
{ "type": "Feature", "properties": { "fid": 3582, "Layer": "Wall" }, "geometry": { "type": "MultiLineString", "coordinates": [ [ [ 26.69305114435674, 39.313883307046233 ], [ 26.693070229300456, 39.313864959238948 ] ] ] } },
{ "type": "Feature", "properties": { "fid": 3583, "Layer": "Wall" }, "geometry": { "type": "MultiLineString", "coordinates": [ [ [ 26.69304899073661, 39.313881955226286 ], [ 26.693068076573987, 39.313863606518076 ] ] ] } },
{ "type": "Feature", "properties": { "fid": 3584, "Layer": "Wall" }, "geometry": { "type": "MultiLineString", "coordinates": [ [ [ 26.692678302281298, 39.313899219921176 ], [ 26.692743850107949, 39.314004082670898 ] ] ] } },
{ "type": "Feature", "properties": { "fid": 3585, "Layer": "Wall" }, "geometry": { "type": "MultiLineString", "coordinates": [ [ [ 26.692750586435817, 39.313870327729063 ], [ 26.69277205677173, 39.313910684315651 ], [ 26.692701989280675, 39.313937115313806 ] ] ] } },
{ "type": "Feature", "properties": { "fid": 3586, "Layer": "Wall" }, "geometry": { "type": "MultiLineString", "coordinates": [ [ [ 26.692746970291029, 39.31386916177884 ], [ 26.692768505652232, 39.313909635322851 ], [ 26.692703269622783, 39.313934241818075 ] ] ] } },
{ "type": "Feature", "properties": { "fid": 3587, "Layer": "Wall" }, "geometry": { "type": "MultiLineString", "coordinates": [ [ [ 26.692680790130076, 39.313898280599645 ], [ 26.692703269622783, 39.313934241818075 ] ] ] } },
{ "type": "Feature", "properties": { "fid": 3588, "Layer": "Wall" }, "geometry": { "type": "MultiLineString", "coordinates": [ [ [ 26.692704478023508, 39.313936175091229 ], [ 26.6927463397518, 39.314003143347598 ] ] ] } },
{ "type": "Feature", "properties": { "fid": 3589, "Layer": "Wall" }, "geometry": { "type": "MultiLineString", "coordinates": [ [ [ 26.692805925843963, 39.313848521630021 ], [ 26.692832625314015, 39.313919631810286 ] ] ] } },
{ "type": "Feature", "properties": { "fid": 3590, "Layer": "Wall" }, "geometry": { "type": "MultiLineString", "coordinates": [ [ [ 26.692804162341869, 39.313851500884709 ], [ 26.692829969354328, 39.313920234637152 ] ] ] } },
{ "type": "Feature", "properties": { "fid": 3591, "Layer": "Wall" }, "geometry": { "type": "MultiLineString", "coordinates": [ [ [ 26.692804162341869, 39.313851500884709 ], [ 26.692750668861425, 39.31387029794903 ] ] ] } },
{ "type": "Feature", "properties": { "fid": 3592, "Layer": "Wall" }, "geometry": { "type": "MultiLineString", "coordinates": [ [ [ 26.692832625314015, 39.313919631810286 ], [ 26.692829969354328, 39.313920234637152 ] ] ] } },
{ "type": "Feature", "properties": { "fid": 3593, "Layer": "Wall" }, "geometry": { "type": "MultiLineString", "coordinates": [ [ [ 26.692678302281298, 39.313899219921176 ], [ 26.692601398358576, 39.313928227070349 ] ] ] } },
{ "type": "Feature", "properties": { "fid": 3594, "Layer": "Wall" }, "geometry": { "type": "MultiLineString", "coordinates": [ [ [ 26.692677092082942, 39.313897285749491 ], [ 26.692600191749197, 39.313926292895353 ] ] ] } },
{ "type": "Feature", "properties": { "fid": 3595, "Layer": "Wall" }, "geometry": { "type": "MultiLineString", "coordinates": [ [ [ 26.692566532420475, 39.313868775688249 ], [ 26.692638566300666, 39.313832374831279 ] ] ] } },
{ "type": "Feature", "properties": { "fid": 3596, "Layer": "Wall" }, "geometry": { "type": "MultiLineString", "coordinates": [ [ [ 26.692487302717872, 39.313908337212887 ], [ 26.692471436072758, 39.313914143228679 ] ] ] } },
{ "type": "Feature", "properties": { "fid": 3597, "Layer": "Wall" }, "geometry": { "type": "MultiLineString", "coordinates": [ [ [ 26.692488482446347, 39.313910280413957 ], [ 26.692472616701526, 39.313916087329062 ] ] ] } },
{ "type": "Feature", "properties": { "fid": 3598, "Layer": "Wall" }, "geometry": { "type": "MultiLineString", "coordinates": [ [ [ 26.692774425493063, 39.314053206280732 ], [ 26.692749695368839, 39.314063422081738 ] ] ] } },
{ "type": "Feature", "properties": { "fid": 3599, "Layer": "Wall" }, "geometry": { "type": "MultiLineString", "coordinates": [ [ [ 26.692773125718748, 39.314051309096719 ], [ 26.692748394694195, 39.314061523998397 ] ] ] } },
{ "type": "Feature", "properties": { "fid": 3600, "Layer": "Wall" }, "geometry": { "type": "MultiLineString", "coordinates": [ [ [ 26.692607439061341, 39.314104257568758 ], [ 26.692566960169831, 39.314114550839392 ] ] ] } },
{ "type": "Feature", "properties": { "fid": 3601, "Layer": "Wall" }, "geometry": { "type": "MultiLineString", "coordinates": [ [ [ 26.692521201897961, 39.313946774111344 ], [ 26.692502962406717, 39.313952837943624 ] ] ] } },
{ "type": "Feature", "properties": { "fid": 3602, "Layer": "Wall" }, "geometry": { "type": "MultiLineString", "coordinates": [ [ [ 26.6925622020395, 39.313950321687912 ], [ 26.692580957589055, 39.313983140367625 ] ] ] } },
{ "type": "Feature", "properties": { "fid": 3603, "Layer": "Wall" }, "geometry": { "type": "MultiLineString", "coordinates": [ [ [ 26.692580957589055, 39.313983140367625 ], [ 26.692535472460605, 39.313996270048094 ] ] ] } },
{ "type": "Feature", "properties": { "fid": 3604, "Layer": "Wall" }, "geometry": { "type": "MultiLineString", "coordinates": [ [ [ 26.692561687652894, 39.313950474282457 ], [ 26.692516638865882, 39.313965878194438 ] ] ] } },
{ "type": "Feature", "properties": { "fid": 3605, "Layer": "Wall" }, "geometry": { "type": "MultiLineString", "coordinates": [ [ [ 26.692586258578622, 39.314007856715342 ], [ 26.692639961794882, 39.313987797475306 ] ] ] } },
{ "type": "Feature", "properties": { "fid": 3606, "Layer": "Wall" }, "geometry": { "type": "MultiLineString", "coordinates": [ [ [ 26.692590042665419, 39.314008828983305 ], [ 26.692574007785311, 39.313985145941601 ] ] ] } },
{ "type": "Feature", "properties": { "fid": 3607, "Layer": "Wall" }, "geometry": { "type": "MultiLineString", "coordinates": [ [ [ 26.692644797146922, 39.314018086965376 ], [ 26.692628660147598, 39.31399201956917 ] ] ] } },
{ "type": "Feature", "properties": { "fid": 3608, "Layer": "Wall" }, "geometry": { "type": "MultiLineString", "coordinates": [ [ [ 26.692559674474861, 39.313951195336216 ], [ 26.692577234492109, 39.313981921407574 ] ] ] } },
{ "type": "Feature", "properties": { "fid": 3609, "Layer": "Wall" }, "geometry": { "type": "MultiLineString", "coordinates": [ [ [ 26.692577234492109, 39.313981921407574 ], [ 26.692534506878573, 39.31399425463983 ] ] ] } },
{ "type": "Feature", "properties": { "fid": 3610, "Layer": "Wall" }, "geometry": { "type": "MultiLineString", "coordinates": [ [ [ 26.692586258578622, 39.314007856715342 ], [ 26.692571558739463, 39.313986146436463 ] ] ] } },
{ "type": "Feature", "properties": { "fid": 3611, "Layer": "Wall" }, "geometry": { "type": "MultiLineString", "coordinates": [ [ [ 26.692590042665419, 39.314008828983305 ], [ 26.69264116124053, 39.313989735257387 ] ] ] } },
{ "type": "Feature", "properties": { "fid": 3625, "Layer": "Wall" }, "geometry": { "type": "MultiLineString", "coordinates": [ [ [ 26.693222990736441, 39.313457972102952 ], [ 26.693351276055786, 39.313375145701713 ] ] ] } },
{ "type": "Feature", "properties": { "fid": 3626, "Layer": "Wall" }, "geometry": { "type": "MultiLineString", "coordinates": [ [ [ 26.693464099289482, 39.31322148686283 ], [ 26.693538340080845, 39.313251495657035 ], [ 26.693396929698917, 39.313346195149023 ] ] ] } },
{ "type": "Feature", "properties": { "fid": 3627, "Layer": "Wall" }, "geometry": { "type": "MultiLineString", "coordinates": [ [ [ 26.693462821655388, 39.313223393614386 ], [ 26.693533440703018, 39.313251938521454 ], [ 26.693395122243579, 39.313344567571427 ] ] ] } },
{ "type": "Feature", "properties": { "fid": 3629, "Layer": "Wall" }, "geometry": { "type": "MultiLineString", "coordinates": [ [ [ 26.693237818020105, 39.313366657255592 ], [ 26.693300009604144, 39.31340544980614 ] ] ] } },
{ "type": "Feature", "properties": { "fid": 3630, "Layer": "Wall" }, "geometry": { "type": "MultiLineString", "coordinates": [ [ [ 26.693221219971683, 39.313456319287745 ], [ 26.693297837461685, 39.313406852405649 ] ] ] } },
{ "type": "Feature", "properties": { "fid": 3631, "Layer": "Wall" }, "geometry": { "type": "MultiLineString", "coordinates": [ [ [ 26.693236085588062, 39.313368333991306 ], [ 26.693297837461685, 39.313406852405649 ] ] ] } },
{ "type": "Feature", "properties": { "fid": 3632, "Layer": "Wall" }, "geometry": { "type": "MultiLineString", "coordinates": [ [ [ 26.693300009604144, 39.31340544980614 ], [ 26.693349507084026, 39.313373492885006 ] ] ] } },
{ "type": "Feature", "properties": { "fid": 3650, "Layer": "Wall" }, "geometry": { "type": "MultiLineString", "coordinates": [ [ [ 26.693516785643919, 39.313298535617157 ], [ 26.693558893090579, 39.313268653083675 ], [ 26.693563951944984, 39.313268637635097 ], [ 26.693663122356437, 39.313296748551082 ] ] ] } },
{ "type": "Feature", "properties": { "fid": 3651, "Layer": "Wall" }, "geometry": { "type": "MultiLineString", "coordinates": [ [ [ 26.69327499304228, 39.313475263572457 ], [ 26.693180022392781, 39.313537909033997 ], [ 26.693169108895038, 39.313553935996595 ], [ 26.693172999652958, 39.313573802825218 ], [ 26.693224659117252, 39.313649519444631 ] ] ] } },
{ "type": "Feature", "properties": { "fid": 3652, "Layer": "Wall" }, "geometry": { "type": "MultiLineString", "coordinates": [ [ [ 26.693276784384647, 39.313476901066494 ], [ 26.693182219153154, 39.313539281517166 ], [ 26.693171982897834, 39.313554314112594 ], [ 26.693175665182956, 39.31357311897758 ], [ 26.693227104554339, 39.313648512651817 ] ] ] } },
{ "type": "Feature", "properties": { "fid": 3653, "Layer": "Wall" }, "geometry": { "type": "MultiLineString", "coordinates": [ [ [ 26.693340741488257, 39.31364739382839 ], [ 26.693353493565883, 39.313638982088349 ] ] ] } },
{ "type": "Feature", "properties": { "fid": 3654, "Layer": "Wall" }, "geometry": { "type": "MultiLineString", "coordinates": [ [ [ 26.693303516280736, 39.313607923050327 ], [ 26.693318177169324, 39.313599921817605 ] ] ] } },
{ "type": "Feature", "properties": { "fid": 3655, "Layer": "Wall" }, "geometry": { "type": "MultiLineString", "coordinates": [ [ [ 26.693305106215796, 39.313609681346968 ], [ 26.693319768905479, 39.313601681912836 ] ] ] } },
{ "type": "Feature", "properties": { "fid": 3656, "Layer": "Wall" }, "geometry": { "type": "MultiLineString", "coordinates": [ [ [ 26.693338949242079, 39.313645754534924 ], [ 26.693351703113773, 39.313637342793257 ] ] ] } },
{ "type": "Feature", "properties": { "fid": 3659, "Layer": "Wall" }, "geometry": { "type": "MultiLineString", "coordinates": [ [ [ 26.693310707461297, 39.313507935244601 ], [ 26.693334385646207, 39.313529594962063 ] ] ] } },
{ "type": "Feature", "properties": { "fid": 3660, "Layer": "Wall" }, "geometry": { "type": "MultiLineString", "coordinates": [ [ [ 26.693274676801689, 39.31347829460541 ], [ 26.693332276264961, 39.313530987602647 ] ] ] } },
{ "type": "Feature", "properties": { "fid": 3661, "Layer": "Wall" }, "geometry": { "type": "MultiLineString", "coordinates": [ [ [ 26.693354232152359, 39.313412024970319 ], [ 26.693330978646156, 39.313431202925202 ] ] ] } },
{ "type": "Feature", "properties": { "fid": 3662, "Layer": "Wall" }, "geometry": { "type": "MultiLineString", "coordinates": [ [ [ 26.693356245379981, 39.313413499336633 ], [ 26.693334890684227, 39.313431111119137 ] ] ] } },
{ "type": "Feature", "properties": { "fid": 3663, "Layer": "Wall" }, "geometry": { "type": "MultiLineString", "coordinates": [ [ [ 26.693334890684227, 39.313431111119137 ], [ 26.693365348490129, 39.313457625318399 ] ] ] } },
{ "type": "Feature", "properties": { "fid": 3670, "Layer": "Wall" }, "geometry": { "type": "MultiLineString", "coordinates": [ [ [ 26.693399565949552, 39.313600018984978 ], [ 26.693444080125865, 39.313566905466779 ], [ 26.693377906738259, 39.313504257693445 ], [ 26.69333497514998, 39.313533985261763 ], [ 26.693349196909985, 39.313546969196764 ], [ 26.693399565949552, 39.313600018984978 ] ] ] } },
{ "type": "Feature", "properties": { "fid": 3710, "Layer": "Wall" }, "geometry": { "type": "MultiLineString", "coordinates": [ [ [ 26.693201421047302, 39.313938524414148 ], [ 26.693143409420191, 39.313887893988813 ], [ 26.693214318451883, 39.313826270664443 ], [ 26.693283618693478, 39.313887096409616 ], [ 26.693254187258319, 39.313909840062841 ], [ 26.693201421047302, 39.313938524414148 ] ] ] } },
{ "type": "Feature", "properties": { "fid": 3719, "Layer": "Wall" }, "geometry": { "type": "MultiLineString", "coordinates": [ [ [ 26.693129195094688, 39.31412634650119 ], [ 26.693100783513589, 39.314140549669688 ] ] ] } },
{ "type": "Feature", "properties": { "fid": 3720, "Layer": "Wall" }, "geometry": { "type": "MultiLineString", "coordinates": [ [ [ 26.693127697386409, 39.31412453951237 ], [ 26.693099285808874, 39.314138743581019 ] ] ] } },
{ "type": "Feature", "properties": { "fid": 3721, "Layer": "Wall" }, "geometry": { "type": "MultiLineString", "coordinates": [ [ [ 26.693075278498124, 39.314060081525859 ], [ 26.693049933231837, 39.314073535668001 ] ] ] } },
{ "type": "Feature", "properties": { "fid": 3722, "Layer": "Wall" }, "geometry": { "type": "MultiLineString", "coordinates": [ [ [ 26.69307684157646, 39.314061856049939 ], [ 26.693048186127715, 39.314077068488928 ] ] ] } },
{ "type": "Feature", "properties": { "fid": 3723, "Layer": "Wall" }, "geometry": { "type": "MultiLineString", "coordinates": [ [ [ 26.692825634313081, 39.314167232036993 ], [ 26.692813409885421, 39.314151412647959 ] ] ] } },
{ "type": "Feature", "properties": { "fid": 3724, "Layer": "Wall" }, "geometry": { "type": "MultiLineString", "coordinates": [ [ [ 26.692828006713139, 39.31416612539676 ], [ 26.692815784082839, 39.314150306906221 ] ] ] } },
{ "type": "Feature", "properties": { "fid": 3726, "Layer": "Wall" }, "geometry": { "type": "MultiLineString", "coordinates": [ [ [ 26.693214333504979, 39.313820879762815 ], [ 26.693282668261855, 39.313758902350898 ] ] ] } },
{ "type": "Feature", "properties": { "fid": 3727, "Layer": "Wall" }, "geometry": { "type": "MultiLineString", "coordinates": [ [ [ 26.693216436166892, 39.313822279336385 ], [ 26.693284769120233, 39.313760299225656 ] ] ] } },
{ "type": "Feature", "properties": { "fid": 3728, "Layer": "Wall" }, "geometry": { "type": "MultiLineString", "coordinates": [ [ [ 26.693319647781884, 39.313705014417152 ], [ 26.693334024847861, 39.313693769370758 ], [ 26.693387830773794, 39.313651487579477 ], [ 26.693459722293579, 39.313594994102118 ] ] ] } },
{ "type": "Feature", "properties": { "fid": 3729, "Layer": "Wall" }, "geometry": { "type": "MultiLineString", "coordinates": [ [ [ 26.69332161091938, 39.313706529335505 ], [ 26.693335991564066, 39.313695281585431 ], [ 26.693389797483835, 39.313652997993835 ], [ 26.693461689904815, 39.313596505415674 ] ] ] } },
{ "type": "Feature", "properties": { "fid": 3730, "Layer": "Wall" }, "geometry": { "type": "MultiLineString", "coordinates": [ [ [ 26.693665139626798, 39.313622832793456 ], [ 26.693677096378149, 39.313614533398848 ] ] ] } },
{ "type": "Feature", "properties": { "fid": 3731, "Layer": "Wall" }, "geometry": { "type": "MultiLineString", "coordinates": [ [ [ 26.693677096378149, 39.313614533398848 ], [ 26.693688602278375, 39.31362453409033 ] ] ] } },
{ "type": "Feature", "properties": { "fid": 3732, "Layer": "Wall" }, "geometry": { "type": "MultiLineString", "coordinates": [ [ [ 26.693688602278375, 39.31362453409033 ], [ 26.693703837522389, 39.31362652378639 ] ] ] } },
{ "type": "Feature", "properties": { "fid": 3733, "Layer": "Wall" }, "geometry": { "type": "MultiLineString", "coordinates": [ [ [ 26.693593003835009, 39.313623242011651 ], [ 26.693623906653649, 39.313651456146843 ] ] ] } },
{ "type": "Feature", "properties": { "fid": 3734, "Layer": "Wall" }, "geometry": { "type": "MultiLineString", "coordinates": [ [ [ 26.693593931122795, 39.313722839804669 ], [ 26.693582530942418, 39.313714497057468 ] ] ] } },
{ "type": "Feature", "properties": { "fid": 3735, "Layer": "Wall" }, "geometry": { "type": "MultiLineString", "coordinates": [ [ [ 26.693582530942418, 39.313714497057468 ], [ 26.693566339659967, 39.313699003566548 ] ] ] } },
{ "type": "Feature", "properties": { "fid": 3736, "Layer": "Wall" }, "geometry": { "type": "MultiLineString", "coordinates": [ [ [ 26.693566339659967, 39.313699003566548 ], [ 26.693505985492223, 39.313733264905316 ] ] ] } },
{ "type": "Feature", "properties": { "fid": 3737, "Layer": "Wall" }, "geometry": { "type": "MultiLineString", "coordinates": [ [ [ 26.693505985492223, 39.313733264905316 ], [ 26.693480102094099, 39.313751129287894 ] ] ] } },
{ "type": "Feature", "properties": { "fid": 3738, "Layer": "Wall" }, "geometry": { "type": "MultiLineString", "coordinates": [ [ [ 26.693507921804112, 39.313734803251556 ], [ 26.69355758047811, 39.313774305810391 ] ] ] } },
{ "type": "Feature", "properties": { "fid": 3739, "Layer": "Wall" }, "geometry": { "type": "MultiLineString", "coordinates": [ [ [ 26.693510195831152, 39.313733537377999 ], [ 26.693559559372662, 39.313772803473263 ] ] ] } },
{ "type": "Feature", "properties": { "fid": 3740, "Layer": "Wall" }, "geometry": { "type": "MultiLineString", "coordinates": [ [ [ 26.693567972572392, 39.313700738420046 ], [ 26.693510195831152, 39.313733537377999 ] ] ] } },
{ "type": "Feature", "properties": { "fid": 3741, "Layer": "Wall" }, "geometry": { "type": "MultiLineString", "coordinates": [ [ [ 26.693507921804112, 39.313734803251556 ], [ 26.693481940875337, 39.313752737033901 ] ] ] } },
{ "type": "Feature", "properties": { "fid": 3742, "Layer": "Wall" }, "geometry": { "type": "MultiLineString", "coordinates": [ [ [ 26.693566339659967, 39.313699003566548 ], [ 26.693552679185981, 39.313684481692775 ] ] ] } },
{ "type": "Feature", "properties": { "fid": 3743, "Layer": "Wall" }, "geometry": { "type": "MultiLineString", "coordinates": [ [ [ 26.693552679185981, 39.313684481692775 ], [ 26.693533848869002, 39.31366446566502 ] ] ] } },
{ "type": "Feature", "properties": { "fid": 3744, "Layer": "Wall" }, "geometry": { "type": "MultiLineString", "coordinates": [ [ [ 26.693337175022574, 39.313694350662601 ], [ 26.69343048028907, 39.31377277532544 ] ] ] } },
{ "type": "Feature", "properties": { "fid": 3745, "Layer": "Wall" }, "geometry": { "type": "MultiLineString", "coordinates": [ [ [ 26.693428568200375, 39.313774147982116 ], [ 26.693413734080366, 39.313784797562221 ] ] ] } },
{ "type": "Feature", "properties": { "fid": 3746, "Layer": "Wall" }, "geometry": { "type": "MultiLineString", "coordinates": [ [ [ 26.693675253129257, 39.313612931058024 ], [ 26.693677096378149, 39.313614533398848 ] ] ] } },
{ "type": "Feature", "properties": { "fid": 3748, "Layer": "Wall" }, "geometry": { "type": "MultiLineString", "coordinates": [ [ [ 26.693649414280536, 39.313453180570761 ], [ 26.693610891399086, 39.313481033619851 ] ] ] } },
{ "type": "Feature", "properties": { "fid": 3749, "Layer": "Wall" }, "geometry": { "type": "MultiLineString", "coordinates": [ [ [ 26.693651300481722, 39.313454753167832 ], [ 26.693612776706072, 39.313482607117876 ] ] ] } },
{ "type": "Feature", "properties": { "fid": 3750, "Layer": "Wall" }, "geometry": { "type": "MultiLineString", "coordinates": [ [ [ 26.693700042675719, 39.313507201352344 ], [ 26.693779715659151, 39.313580864220349 ] ] ] } },
{ "type": "Feature", "properties": { "fid": 3751, "Layer": "Wall" }, "geometry": { "type": "MultiLineString", "coordinates": [ [ [ 26.693751069443099, 39.313502299165847 ], [ 26.693720168839665, 39.313522467093875 ] ] ] } },
{ "type": "Feature", "properties": { "fid": 3752, "Layer": "Wall" }, "geometry": { "type": "MultiLineString", "coordinates": [ [ [ 26.693762831647341, 39.313497430350779 ], [ 26.69372194855292, 39.313524112699305 ] ] ] } },
{ "type": "Feature", "properties": { "fid": 3753, "Layer": "Wall" }, "geometry": { "type": "MultiLineString", "coordinates": [ [ [ 26.693695020607041, 39.313499215499668 ], [ 26.693720168839665, 39.313522467093875 ] ] ] } },
{ "type": "Feature", "properties": { "fid": 3754, "Layer": "Wall" }, "geometry": { "type": "MultiLineString", "coordinates": [ [ [ 26.69372194855292, 39.313524112699305 ], [ 26.693781834942051, 39.313579479671468 ] ] ] } },
{ "type": "Feature", "properties": { "fid": 3755, "Layer": "Wall" }, "geometry": { "type": "MultiLineString", "coordinates": [ [ [ 26.693613790464301, 39.313568221285365 ], [ 26.693678027437535, 39.313522326682133 ] ] ] } },
{ "type": "Feature", "properties": { "fid": 3756, "Layer": "Wall" }, "geometry": { "type": "MultiLineString", "coordinates": [ [ [ 26.693611916783517, 39.313566637875184 ], [ 26.693663486575662, 39.313529795828742 ] ] ] } },
{ "type": "Feature", "properties": { "fid": 3757, "Layer": "Wall" }, "geometry": { "type": "MultiLineString", "coordinates": [ [ [ 26.693652935479378, 39.313517439516374 ], [ 26.693665523052072, 39.313528338445437 ] ] ] } },
{ "type": "Feature", "properties": { "fid": 3758, "Layer": "Wall" }, "geometry": { "type": "MultiLineString", "coordinates": [ [ [ 26.69365087649501, 39.313518875317222 ], [ 26.693663464074213, 39.313529776046536 ] ] ] } },
{ "type": "Feature", "properties": { "fid": 3759, "Layer": "Wall" }, "geometry": { "type": "MultiLineString", "coordinates": [ [ [ 26.693665523052072, 39.313528338445437 ], [ 26.693676154659862, 39.313520745071457 ] ] ] } },
{ "type": "Feature", "properties": { "fid": 3760, "Layer": "Wall" }, "geometry": { "type": "MultiLineString", "coordinates": [ [ [ 26.693729932699934, 39.313607459332772 ], [ 26.693779715659151, 39.313580864220349 ] ] ] } },
{ "type": "Feature", "properties": { "fid": 3761, "Layer": "Wall" }, "geometry": { "type": "MultiLineString", "coordinates": [ [ [ 26.693731499356385, 39.31360922935211 ], [ 26.693781285010786, 39.31358263513728 ] ] ] } },
{ "type": "Feature", "properties": { "fid": 3762, "Layer": "Wall" }, "geometry": { "type": "MultiLineString", "coordinates": [ [ [ 26.693569885078791, 39.313598818379873 ], [ 26.693605463371519, 39.313631300244104 ] ] ] } },
{ "type": "Feature", "properties": { "fid": 3772, "Layer": "Wall" }, "geometry": { "type": "MultiLineString", "coordinates": [ [ [ 26.693403549080696, 39.313853237615724 ], [ 26.693375563388798, 39.313829288319603 ] ] ] } },
{ "type": "Feature", "properties": { "fid": 3773, "Layer": "Wall" }, "geometry": { "type": "MultiLineString", "coordinates": [ [ [ 26.693404873111536, 39.313857568732516 ], [ 26.693373514302856, 39.313830732212494 ] ] ] } },
{ "type": "Feature", "properties": { "fid": 3774, "Layer": "Wall" }, "geometry": { "type": "MultiLineString", "coordinates": [ [ [ 26.693404873111536, 39.313857568732516 ], [ 26.693406922194491, 39.313856123939452 ] ] ] } },
{ "type": "Feature", "properties": { "fid": 3796, "Layer": "Wall" }, "geometry": { "type": "MultiLineString", "coordinates": [ [ [ 26.692695776733768, 39.314346294769862 ], [ 26.692651728456507, 39.314372690176981 ] ] ] } },
{ "type": "Feature", "properties": { "fid": 3797, "Layer": "Wall" }, "geometry": { "type": "MultiLineString", "coordinates": [ [ [ 26.692694087430233, 39.314344592371896 ], [ 26.692650262938592, 39.314370853453852 ] ] ] } },
{ "type": "Feature", "properties": { "fid": 3798, "Layer": "Wall" }, "geometry": { "type": "MultiLineString", "coordinates": [ [ [ 26.692609149369876, 39.31431939197288 ], [ 26.69265190567431, 39.314296609981881 ] ] ] } },
{ "type": "Feature", "properties": { "fid": 3799, "Layer": "Wall" }, "geometry": { "type": "MultiLineString", "coordinates": [ [ [ 26.69247662648807, 39.314180268690073 ], [ 26.692460077959783, 39.314182903268723 ] ] ] } },
{ "type": "Feature", "properties": { "fid": 3800, "Layer": "Wall" }, "geometry": { "type": "MultiLineString", "coordinates": [ [ [ 26.692462789274455, 39.314182471416274 ], [ 26.692468351778615, 39.31418158687994 ] ] ] } },
{ "type": "Feature", "properties": { "fid": 3801, "Layer": "Wall" }, "geometry": { "type": "MultiLineString", "coordinates": [ [ [ 26.692477881995242, 39.31418208310285 ], [ 26.692461332563092, 39.314184715882078 ] ] ] } },
{ "type": "Feature", "properties": { "fid": 3802, "Layer": "Wall" }, "geometry": { "type": "MultiLineString", "coordinates": [ [ [ 26.69251598704566, 39.314314976863336 ], [ 26.692474657624775, 39.314253412499887 ] ] ] } },
{ "type": "Feature", "properties": { "fid": 3803, "Layer": "Wall" }, "geometry": { "type": "MultiLineString", "coordinates": [ [ [ 26.692478830542427, 39.314252059370681 ], [ 26.69252027306138, 39.314312911626004 ] ] ] } },
{ "type": "Feature", "properties": { "fid": 3804, "Layer": "Wall" }, "geometry": { "type": "MultiLineString", "coordinates": [ [ [ 26.692607744135191, 39.314268090256618 ], [ 26.692580699921908, 39.314283780082988 ] ] ] } },
{ "type": "Feature", "properties": { "fid": 3805, "Layer": "Wall" }, "geometry": { "type": "MultiLineString", "coordinates": [ [ [ 26.692606087949173, 39.314266367125121 ], [ 26.692579044636595, 39.314282057850825 ] ] ] } },
{ "type": "Feature", "properties": { "fid": 3806, "Layer": "Wall" }, "geometry": { "type": "MultiLineString", "coordinates": [ [ [ 26.692579044636595, 39.314282057850825 ], [ 26.692519181612742, 39.314311308593538 ] ] ] } },
{ "type": "Feature", "properties": { "fid": 3809, "Layer": "Wall" }, "geometry": { "type": "MultiLineString", "coordinates": [ [ [ 26.692302788270574, 39.31432608222503 ], [ 26.692292346617759, 39.314297440619143 ] ] ] } },
{ "type": "Feature", "properties": { "fid": 3810, "Layer": "Wall" }, "geometry": { "type": "MultiLineString", "coordinates": [ [ [ 26.692305251197844, 39.31432495389879 ], [ 26.69229500981525, 39.314296854888482 ] ] ] } },
{ "type": "Feature", "properties": { "fid": 3811, "Layer": "Wall" }, "geometry": { "type": "MultiLineString", "coordinates": [ [ [ 26.69229500981525, 39.314296854888482 ], [ 26.692292346617759, 39.314297440619143 ] ] ] } },
{ "type": "Feature", "properties": { "fid": 3848, "Layer": "Wall" }, "geometry": { "type": "MultiLineString", "coordinates": [ [ [ 26.694031537550572, 39.313205259184627 ], [ 26.694088449773311, 39.313186599379101 ] ] ] } },
{ "type": "Feature", "properties": { "fid": 3849, "Layer": "Wall" }, "geometry": { "type": "MultiLineString", "coordinates": [ [ [ 26.693941098070091, 39.313231757531582 ], [ 26.693766800000873, 39.313298674101475 ] ] ] } },
{ "type": "Feature", "properties": { "fid": 3850, "Layer": "Wall" }, "geometry": { "type": "MultiLineString", "coordinates": [ [ [ 26.693766800000873, 39.313298674101475 ], [ 26.693863116639019, 39.313428122614582 ] ] ] } },
{ "type": "Feature", "properties": { "fid": 3851, "Layer": "Wall" }, "geometry": { "type": "MultiLineString", "coordinates": [ [ [ 26.693884386658326, 39.313390523489183 ], [ 26.693849869485742, 39.313406021258487 ] ] ] } },
{ "type": "Feature", "properties": { "fid": 3852, "Layer": "Wall" }, "geometry": { "type": "MultiLineString", "coordinates": [ [ [ 26.693770652849363, 39.313299556291113 ], [ 26.693848484604953, 39.313404159258909 ] ] ] } },
{ "type": "Feature", "properties": { "fid": 3853, "Layer": "Wall" }, "geometry": { "type": "MultiLineString", "coordinates": [ [ [ 26.693883000890086, 39.313388664190896 ], [ 26.693848484604953, 39.313404159258909 ] ] ] } },
{ "type": "Feature", "properties": { "fid": 3854, "Layer": "Wall" }, "geometry": { "type": "MultiLineString", "coordinates": [ [ [ 26.693942605575565, 39.313233542907149 ], [ 26.693770652849363, 39.313299556291113 ] ] ] } },
{ "type": "Feature", "properties": { "fid": 3855, "Layer": "Wall" }, "geometry": { "type": "MultiLineString", "coordinates": [ [ [ 26.693849869485742, 39.313406021258487 ], [ 26.693865435846515, 39.313426944012114 ] ] ] } },
{ "type": "Feature", "properties": { "fid": 3856, "Layer": "Wall" }, "geometry": { "type": "MultiLineString", "coordinates": [ [ [ 26.694616808872599, 39.313009028327123 ], [ 26.694406789032911, 39.313101076128468 ] ] ] } },
{ "type": "Feature", "properties": { "fid": 3857, "Layer": "Wall" }, "geometry": { "type": "MultiLineString", "coordinates": [ [ [ 26.694406789032911, 39.313101076128468 ], [ 26.694333450377616, 39.313126554228425 ] ] ] } },
{ "type": "Feature", "properties": { "fid": 3858, "Layer": "Wall" }, "geometry": { "type": "MultiLineString", "coordinates": [ [ [ 26.694333450377616, 39.313126554228425 ], [ 26.694304849182615, 39.313134868019446 ] ] ] } },
{ "type": "Feature", "properties": { "fid": 3859, "Layer": "Wall" }, "geometry": { "type": "MultiLineString", "coordinates": [ [ [ 26.694571486543062, 39.313065482101351 ], [ 26.694558408922255, 39.313037091381936 ] ] ] } },
{ "type": "Feature", "properties": { "fid": 3860, "Layer": "Wall" }, "geometry": { "type": "MultiLineString", "coordinates": [ [ [ 26.69436066101364, 39.313166964017057 ], [ 26.694336736832213, 39.313125412542355 ] ] ] } },
{ "type": "Feature", "properties": { "fid": 3861, "Layer": "Wall" }, "geometry": { "type": "MultiLineString", "coordinates": [ [ [ 26.694429498609711, 39.313143624263013 ], [ 26.694419833848901, 39.313126425336797 ] ] ] } },
{ "type": "Feature", "properties": { "fid": 3862, "Layer": "Wall" }, "geometry": { "type": "MultiLineString", "coordinates": [ [ [ 26.694512924521661, 39.31305702698323 ], [ 26.694550429967787, 39.313122693988149 ] ] ] } },
{ "type": "Feature", "properties": { "fid": 3864, "Layer": "Wall" }, "geometry": { "type": "MultiLineString", "coordinates": [ [ [ 26.694334417757378, 39.313128566932981 ], [ 26.69430581925354, 39.313136880721551 ] ] ] } },
{ "type": "Feature", "properties": { "fid": 3865, "Layer": "Wall" }, "geometry": { "type": "MultiLineString", "coordinates": [ [ [ 26.694407917709924, 39.313103038277404 ], [ 26.694334579054008, 39.313128516377368 ] ] ] } },
{ "type": "Feature", "properties": { "fid": 3866, "Layer": "Wall" }, "geometry": { "type": "MultiLineString", "coordinates": [ [ [ 26.694617424365649, 39.313011225881645 ], [ 26.694560854131478, 39.313036020678972 ] ] ] } },
{ "type": "Feature", "properties": { "fid": 3867, "Layer": "Wall" }, "geometry": { "type": "MultiLineString", "coordinates": [ [ [ 26.694485570269887, 39.313135621873073 ], [ 26.6944672201321, 39.3131103603532 ] ] ] } },
{ "type": "Feature", "properties": { "fid": 3870, "Layer": "Wall" }, "geometry": { "type": "MultiLineString", "coordinates": [ [ [ 26.694574091827132, 39.313064757801662 ], [ 26.694560854131478, 39.313036020678972 ] ] ] } },
{ "type": "Feature", "properties": { "fid": 3871, "Layer": "Wall" }, "geometry": { "type": "MultiLineString", "coordinates": [ [ [ 26.694558408922255, 39.313037091381936 ], [ 26.694512924521661, 39.31305702698323 ] ] ] } },
{ "type": "Feature", "properties": { "fid": 3872, "Layer": "Wall" }, "geometry": { "type": "MultiLineString", "coordinates": [ [ [ 26.694480215200795, 39.313071362828815 ], [ 26.694408149733217, 39.313102948051068 ] ] ] } },
{ "type": "Feature", "properties": { "fid": 3873, "Layer": "Wall" }, "geometry": { "type": "MultiLineString", "coordinates": [ [ [ 26.694406933354074, 39.313103468544604 ], [ 26.694405827072014, 39.313101497373822 ] ] ] } },
{ "type": "Feature", "properties": { "fid": 3874, "Layer": "Wall" }, "geometry": { "type": "MultiLineString", "coordinates": [ [ [ 26.693766800000873, 39.313298674101475 ], [ 26.69375949152051, 39.313288850481435 ] ] ] } },
{ "type": "Feature", "properties": { "fid": 3875, "Layer": "Wall" }, "geometry": { "type": "MultiLineString", "coordinates": [ [ [ 26.69375949152051, 39.313288850481435 ], [ 26.693884283688377, 39.31323708899977 ] ] ] } },
{ "type": "Feature", "properties": { "fid": 3876, "Layer": "Wall" }, "geometry": { "type": "MultiLineString", "coordinates": [ [ [ 26.693884283688377, 39.31323708899977 ], [ 26.693892709204082, 39.313250334792109 ] ] ] } },
{ "type": "Feature", "properties": { "fid": 3878, "Layer": "Wall" }, "geometry": { "type": "MultiLineString", "coordinates": [ [ [ 26.694077952310931, 39.313318943624409 ], [ 26.694027605266996, 39.313344874060697 ] ] ] } },
{ "type": "Feature", "properties": { "fid": 3879, "Layer": "Wall" }, "geometry": { "type": "MultiLineString", "coordinates": [ [ [ 26.694079482265401, 39.31332073438 ], [ 26.69402913433057, 39.313346666617491 ] ] ] } },
{ "type": "Feature", "properties": { "fid": 3880, "Layer": "Wall" }, "geometry": { "type": "MultiLineString", "coordinates": [ [ [ 26.694027605266996, 39.313344874060697 ], [ 26.69402913433057, 39.313346666617491 ] ] ] } },
{ "type": "Feature", "properties": { "fid": 3881, "Layer": "Wall" }, "geometry": { "type": "MultiLineString", "coordinates": [ [ [ 26.694129973548982, 39.313266381265144 ], [ 26.694144117803599, 39.313293558533893 ] ] ] } },
{ "type": "Feature", "properties": { "fid": 3882, "Layer": "Wall" }, "geometry": { "type": "MultiLineString", "coordinates": [ [ [ 26.694085899628135, 39.313187434343682 ], [ 26.694141552299598, 39.313294364708462 ] ] ] } },
{ "type": "Feature", "properties": { "fid": 3888, "Layer": "Wall" }, "geometry": { "type": "MultiLineString", "coordinates": [ [ [ 26.694491014862297, 39.31313874482516 ], [ 26.694451282960461, 39.31308404256206 ] ] ] } },
{ "type": "Feature", "properties": { "fid": 3889, "Layer": "Wall" }, "geometry": { "type": "MultiLineString", "coordinates": [ [ [ 26.693949197402087, 39.31354821196242 ], [ 26.693937904092049, 39.31355494091936 ], [ 26.693890012657018, 39.313486820673127 ], [ 26.693901526381364, 39.31348098714485 ] ] ] } },
{ "type": "Feature", "properties": { "fid": 3907, "Layer": "Wall" }, "geometry": { "type": "MultiLineString", "coordinates": [ [ [ 26.693690601765557, 39.313195724072997 ], [ 26.693641115286944, 39.313221448478522 ], [ 26.693637001272972, 39.313238481842085 ], [ 26.693637030120755, 39.313243611663964 ], [ 26.693677056768308, 39.313256306351832 ], [ 26.693714095200516, 39.313256908719467 ] ] ] } },
{ "type": "Feature", "properties": { "fid": 3908, "Layer": "Wall" }, "geometry": { "type": "MultiLineString", "coordinates": [ [ [ 26.693691429722307, 39.313197880927085 ], [ 26.693643622128189, 39.313222731563201 ], [ 26.693639769637244, 39.313238676427794 ], [ 26.693639787924909, 39.313242164419847 ], [ 26.693677628395921, 39.313254166214598 ], [ 26.693713264529279, 39.313254745566887 ] ] ] } },
{ "type": "Feature", "properties": { "fid": 3909, "Layer": "Wall" }, "geometry": { "type": "MultiLineString", "coordinates": [ [ [ 26.694055404472543, 39.313146978960184 ], [ 26.693824698692701, 39.313227551942639 ] ] ] } },
{ "type": "Feature", "properties": { "fid": 3911, "Layer": "Wall" }, "geometry": { "type": "MultiLineString", "coordinates": [ [ [ 26.693838830082196, 39.313127604584949 ], [ 26.693789183285965, 39.313149526985377 ] ] ] } },
{ "type": "Feature", "properties": { "fid": 3912, "Layer": "Wall" }, "geometry": { "type": "MultiLineString", "coordinates": [ [ [ 26.693826296460678, 39.313224636749773 ], [ 26.693792526092434, 39.313150523960296 ] ] ] } },
{ "type": "Feature", "properties": { "fid": 3913, "Layer": "Wall" }, "geometry": { "type": "MultiLineString", "coordinates": [ [ [ 26.694054601032523, 39.313144902195482 ], [ 26.693826296460678, 39.313224636749773 ] ] ] } },
{ "type": "Feature", "properties": { "fid": 3914, "Layer": "Wall" }, "geometry": { "type": "MultiLineString", "coordinates": [ [ [ 26.693839510964548, 39.313129775976165 ], [ 26.693792526092434, 39.313150523960296 ] ] ] } },
{ "type": "Feature", "properties": { "fid": 3915, "Layer": "Wall" }, "geometry": { "type": "MultiLineString", "coordinates": [ [ [ 26.694155742189235, 39.313113978868465 ], [ 26.694114902173727, 39.313127577771425 ] ] ] } },
{ "type": "Feature", "properties": { "fid": 3916, "Layer": "Wall" }, "geometry": { "type": "MultiLineString", "coordinates": [ [ [ 26.69415478823748, 39.3131119580503 ], [ 26.694113948218945, 39.313125556053095 ] ] ] } },
{ "type": "Feature", "properties": { "fid": 3917, "Layer": "Wall" }, "geometry": { "type": "MultiLineString", "coordinates": [ [ [ 26.694230200993761, 39.313092778969512 ], [ 26.694270869303253, 39.313079080307922 ] ] ] } },
{ "type": "Feature", "properties": { "fid": 3918, "Layer": "Wall" }, "geometry": { "type": "MultiLineString", "coordinates": [ [ [ 26.694229373369957, 39.313090713028778 ], [ 26.694270043476799, 39.313077015265641 ] ] ] } },
{ "type": "Feature", "properties": { "fid": 3919, "Layer": "Wall" }, "geometry": { "type": "MultiLineString", "coordinates": [ [ [ 26.694244503353652, 39.312978684099697 ], [ 26.694231737973496, 39.312982293653931 ] ] ] } },
{ "type": "Feature", "properties": { "fid": 3922, "Layer": "Wall" }, "geometry": { "type": "MultiLineString", "coordinates": [ [ [ 26.694249815516972, 39.31302747352963 ], [ 26.694255479044205, 39.313041515772795 ] ] ] } },
{ "type": "Feature", "properties": { "fid": 3923, "Layer": "Wall" }, "geometry": { "type": "MultiLineString", "coordinates": [ [ [ 26.694368415796202, 39.31305496346674 ], [ 26.694512023736415, 39.313024287340269 ], [ 26.694607347383872, 39.312938410934187 ] ] ] } },
{ "type": "Feature", "properties": { "fid": 3924, "Layer": "Wall" }, "geometry": { "type": "MultiLineString", "coordinates": [ [ [ 26.69465189594322, 39.31289832315715 ], [ 26.694703401919199, 39.31285197487464 ], [ 26.694680215454067, 39.312815364450927 ], [ 26.694609064050265, 39.31284110608383 ] ] ] } },
{ "type": "Feature", "properties": { "fid": 3925, "Layer": "Wall" }, "geometry": { "type": "MultiLineString", "coordinates": [ [ [ 26.694649800426024, 39.312896919078312 ], [ 26.694700110023525, 39.312851647552151 ], [ 26.694678926910036, 39.312818201948261 ], [ 26.694610233950986, 39.312843055592666 ] ] ] } },
{ "type": "Feature", "properties": { "fid": 3927, "Layer": "Wall" }, "geometry": { "type": "MultiLineString", "coordinates": [ [ [ 26.694387752595237, 39.31304866548161 ], [ 26.694411284602626, 39.31304363822678 ] ] ] } },
{ "type": "Feature", "properties": { "fid": 3929, "Layer": "Wall" }, "geometry": { "type": "MultiLineString", "coordinates": [ [ [ 26.694429198301965, 39.312998490087665 ], [ 26.694449820055915, 39.313035407118647 ] ] ] } },
{ "type": "Feature", "properties": { "fid": 3930, "Layer": "Wall" }, "geometry": { "type": "MultiLineString", "coordinates": [ [ [ 26.694487142590443, 39.312981122814065 ], [ 26.694511484109594, 39.313021257094618 ] ] ] } },
{ "type": "Feature", "properties": { "fid": 3931, "Layer": "Wall" }, "geometry": { "type": "MultiLineString", "coordinates": [ [ [ 26.694518301121978, 39.312966883808279 ], [ 26.694536962045362, 39.312998303738439 ] ] ] } },
{ "type": "Feature", "properties": { "fid": 3932, "Layer": "Wall" }, "geometry": { "type": "MultiLineString", "coordinates": [ [ [ 26.694515905342307, 39.31296797786915 ], [ 26.694534976134186, 39.313000092323904 ] ] ] } },
{ "type": "Feature", "properties": { "fid": 3933, "Layer": "Wall" }, "geometry": { "type": "MultiLineString", "coordinates": [ [ [ 26.69447775225732, 39.31297068722219 ], [ 26.694509300444459, 39.313022699311333 ] ] ] } },
{ "type": "Feature", "properties": { "fid": 3934, "Layer": "Wall" }, "geometry": { "type": "MultiLineString", "coordinates": [ [ [ 26.694394629171317, 39.313010140749036 ], [ 26.694413987317891, 39.313043060559203 ] ] ] } },
{ "type": "Feature", "properties": { "fid": 3935, "Layer": "Wall" }, "geometry": { "type": "MultiLineString", "coordinates": [ [ [ 26.694426658993198, 39.312999344845451 ], [ 26.694447125404487, 39.313035982078418 ] ] ] } },
{ "type": "Feature", "properties": { "fid": 3936, "Layer": "Wall" }, "geometry": { "type": "MultiLineString", "coordinates": [ [ [ 26.694386349773289, 39.313001235258696 ], [ 26.694411284602626, 39.31304363822678 ] ] ] } },
{ "type": "Feature", "properties": { "fid": 3937, "Layer": "Wall" }, "geometry": { "type": "MultiLineString", "coordinates": [ [ [ 26.694552440772476, 39.312953114631235 ], [ 26.694565440749418, 39.312972646330799 ] ] ] } },
{ "type": "Feature", "properties": { "fid": 3939, "Layer": "Wall" }, "geometry": { "type": "MultiLineString", "coordinates": [ [ [ 26.694565440749418, 39.312972646330799 ], [ 26.694604836152124, 39.31293715665911 ] ] ] } },
{ "type": "Feature", "properties": { "fid": 3940, "Layer": "Wall" }, "geometry": { "type": "MultiLineString", "coordinates": [ [ [ 26.694511484109594, 39.313021257094618 ], [ 26.694534976134186, 39.313000092323904 ] ] ] } },
{ "type": "Feature", "properties": { "fid": 3941, "Layer": "Wall" }, "geometry": { "type": "MultiLineString", "coordinates": [ [ [ 26.694413987317891, 39.313043060559203 ], [ 26.694447125404487, 39.313035982078418 ] ] ] } },
{ "type": "Feature", "properties": { "fid": 3942, "Layer": "Wall" }, "geometry": { "type": "MultiLineString", "coordinates": [ [ [ 26.694449820055915, 39.313035407118647 ], [ 26.694509300444459, 39.313022699311333 ] ] ] } },
{ "type": "Feature", "properties": { "fid": 3945, "Layer": "Wall" }, "geometry": { "type": "MultiLineString", "coordinates": [ [ [ 26.694080600555353, 39.313044475869034 ], [ 26.69410614844217, 39.3130986141908 ], [ 26.694139146932642, 39.313089218005118 ], [ 26.6941125284287, 39.313032807836542 ], [ 26.694080600555353, 39.313044475869034 ] ] ] } },
{ "type": "Feature", "properties": { "fid": 3972, "Layer": "Wall" }, "geometry": { "type": "MultiLineString", "coordinates": [ [ [ 26.694266317867797, 39.313666479561448 ], [ 26.69429863571553, 39.313650111576827 ] ] ] } },
{ "type": "Feature", "properties": { "fid": 3973, "Layer": "Wall" }, "geometry": { "type": "MultiLineString", "coordinates": [ [ [ 26.694263550413694, 39.313663623287525 ], [ 26.694295654253228, 39.313647365315752 ] ] ] } },
{ "type": "Feature", "properties": { "fid": 3974, "Layer": "Wall" }, "geometry": { "type": "MultiLineString", "coordinates": [ [ [ 26.694594557666907, 39.313513836958457 ], [ 26.694567321706639, 39.313528656550126 ] ] ] } },
{ "type": "Feature", "properties": { "fid": 3975, "Layer": "Wall" }, "geometry": { "type": "MultiLineString", "coordinates": [ [ [ 26.694574873118064, 39.313471260840082 ], [ 26.694539425321857, 39.313488644351615 ] ] ] } },
{ "type": "Feature", "properties": { "fid": 3976, "Layer": "Wall" }, "geometry": { "type": "MultiLineString", "coordinates": [ [ [ 26.69459305280143, 39.313510584367137 ], [ 26.694565265321796, 39.313525705109534 ] ] ] } },
{ "type": "Feature", "properties": { "fid": 3977, "Layer": "Wall" }, "geometry": { "type": "MultiLineString", "coordinates": [ [ [ 26.694576468442598, 39.313474714977673 ], [ 26.694541626903852, 39.313491800888769 ] ] ] } },
{ "type": "Feature", "properties": { "fid": 3978, "Layer": "Wall" }, "geometry": { "type": "MultiLineString", "coordinates": [ [ [ 26.694611524490565, 39.31322322929703 ], [ 26.694572889429985, 39.313245766286784 ] ] ] } },
{ "type": "Feature", "properties": { "fid": 3979, "Layer": "Wall" }, "geometry": { "type": "MultiLineString", "coordinates": [ [ [ 26.694608057926885, 39.313359941711653 ], [ 26.694634371673082, 39.313346589282375 ] ] ] } },
{ "type": "Feature", "properties": { "fid": 3980, "Layer": "Wall" }, "geometry": { "type": "MultiLineString", "coordinates": [ [ [ 26.694607852282548, 39.31335576619194 ], [ 26.694631851293796, 39.313343590561502 ] ] ] } },
{ "type": "Feature", "properties": { "fid": 3984, "Layer": "Wall" }, "geometry": { "type": "MultiLineString", "coordinates": [ [ [ 26.694607852282548, 39.31335576619194 ], [ 26.694580965664862, 39.313323891153637 ] ] ] } },
{ "type": "Feature", "properties": { "fid": 3985, "Layer": "Wall" }, "geometry": { "type": "MultiLineString", "coordinates": [ [ [ 26.694569585815117, 39.313299482853132 ], [ 26.694580965664862, 39.313323891153637 ] ] ] } },
{ "type": "Feature", "properties": { "fid": 3986, "Layer": "Wall" }, "geometry": { "type": "MultiLineString", "coordinates": [ [ [ 26.69461221243559, 39.313227308059304 ], [ 26.694574066154765, 39.313249560158397 ] ] ] } },
{ "type": "Feature", "properties": { "fid": 3987, "Layer": "Wall" }, "geometry": { "type": "MultiLineString", "coordinates": [ [ [ 26.694583196545125, 39.313374965249693 ], [ 26.694474834848748, 39.313436385387021 ] ] ] } },
{ "type": "Feature", "properties": { "fid": 3988, "Layer": "Wall" }, "geometry": { "type": "MultiLineString", "coordinates": [ [ [ 26.694442624287969, 39.313451442682442 ], [ 26.694422340661724, 39.313461530192804 ] ] ] } },
{ "type": "Feature", "properties": { "fid": 3989, "Layer": "Wall" }, "geometry": { "type": "MultiLineString", "coordinates": [ [ [ 26.694202133491288, 39.313452855466672 ], [ 26.694134817804212, 39.313499085059867 ] ] ] } },
{ "type": "Feature", "properties": { "fid": 3990, "Layer": "Wall" }, "geometry": { "type": "MultiLineString", "coordinates": [ [ [ 26.694203611639548, 39.313454707478741 ], [ 26.694136649431648, 39.313500697312257 ] ] ] } },
{ "type": "Feature", "properties": { "fid": 3991, "Layer": "Wall" }, "geometry": { "type": "MultiLineString", "coordinates": [ [ [ 26.694581564513268, 39.313373228596291 ], [ 26.694473203711848, 39.313434647832537 ] ] ] } },
{ "type": "Feature", "properties": { "fid": 3992, "Layer": "Wall" }, "geometry": { "type": "MultiLineString", "coordinates": [ [ [ 26.694441131933345, 39.313449631189613 ], [ 26.694420848310699, 39.313459719600132 ] ] ] } },
{ "type": "Feature", "properties": { "fid": 3993, "Layer": "Wall" }, "geometry": { "type": "MultiLineString", "coordinates": [ [ [ 26.694409358190814, 39.313331316532938 ], [ 26.694453114372777, 39.313307891809792 ] ] ] } },
{ "type": "Feature", "properties": { "fid": 3994, "Layer": "Wall" }, "geometry": { "type": "MultiLineString", "coordinates": [ [ [ 26.694410930239979, 39.313333087446622 ], [ 26.694454684631481, 39.313309663625198 ] ] ] } },
{ "type": "Feature", "properties": { "fid": 3995, "Layer": "Wall" }, "geometry": { "type": "MultiLineString", "coordinates": [ [ [ 26.694453114372777, 39.313307891809792 ], [ 26.694454684631481, 39.313309663625198 ] ] ] } },
{ "type": "Feature", "properties": { "fid": 3996, "Layer": "Wall" }, "geometry": { "type": "MultiLineString", "coordinates": [ [ [ 26.694468749449509, 39.313483866603896 ], [ 26.694602963396107, 39.313412627475088 ] ] ] } },
{ "type": "Feature", "properties": { "fid": 3997, "Layer": "Wall" }, "geometry": { "type": "MultiLineString", "coordinates": [ [ [ 26.694470309856257, 39.313485642929059 ], [ 26.694603878235778, 39.313414745543163 ] ] ] } },
{ "type": "Feature", "properties": { "fid": 3999, "Layer": "Wall" }, "geometry": { "type": "MultiLineString", "coordinates": [ [ [ 26.694247368415066, 39.313509525771721 ], [ 26.694281972398436, 39.313552877600891 ] ] ] } },
{ "type": "Feature", "properties": { "fid": 4000, "Layer": "Wall" }, "geometry": { "type": "MultiLineString", "coordinates": [ [ [ 26.69424972009276, 39.313508393045652 ], [ 26.694284324970482, 39.31355174397379 ] ] ] } },
{ "type": "Feature", "properties": { "fid": 4001, "Layer": "Wall" }, "geometry": { "type": "MultiLineString", "coordinates": [ [ [ 26.6943019527553, 39.313491133634045 ], [ 26.69432256155482, 39.313528684375292 ] ] ] } },
{ "type": "Feature", "properties": { "fid": 4002, "Layer": "Wall" }, "geometry": { "type": "MultiLineString", "coordinates": [ [ [ 26.694295159262541, 39.313484234069804 ], [ 26.6943200159245, 39.313529528337497 ] ] ] } },
{ "type": "Feature", "properties": { "fid": 4005, "Layer": "Wall" }, "geometry": { "type": "MultiLineString", "coordinates": [ [ [ 26.694675801802159, 39.313260669682784 ], [ 26.694667195818774, 39.313207641863251 ] ] ] } },
{ "type": "Feature", "properties": { "fid": 4021, "Layer": "Wall" }, "geometry": { "type": "MultiLineString", "coordinates": [ [ [ 26.693745091415241, 39.313939499400007 ], [ 26.693776961550366, 39.3139735878027 ] ] ] } },
{ "type": "Feature", "properties": { "fid": 4022, "Layer": "Wall" }, "geometry": { "type": "MultiLineString", "coordinates": [ [ [ 26.693776961550366, 39.3139735878027 ], [ 26.693878594929494, 39.313912975881053 ] ] ] } },
{ "type": "Feature", "properties": { "fid": 4023, "Layer": "Wall" }, "geometry": { "type": "MultiLineString", "coordinates": [ [ [ 26.6938111099469, 39.313905669410772 ], [ 26.693838993945267, 39.313933882715702 ] ] ] } },
{ "type": "Feature", "properties": { "fid": 4024, "Layer": "Wall" }, "geometry": { "type": "MultiLineString", "coordinates": [ [ [ 26.69377753161082, 39.313970537633409 ], [ 26.693836799021618, 39.313935191723289 ] ] ] } },
{ "type": "Feature", "properties": { "fid": 4025, "Layer": "Wall" }, "geometry": { "type": "MultiLineString", "coordinates": [ [ [ 26.693747331361063, 39.313938235357647 ], [ 26.69377753161082, 39.313970537633409 ] ] ] } },
{ "type": "Feature", "properties": { "fid": 4026, "Layer": "Wall" }, "geometry": { "type": "MultiLineString", "coordinates": [ [ [ 26.69380891592407, 39.313906979317672 ], [ 26.693836799021618, 39.313935191723289 ] ] ] } },
{ "type": "Feature", "properties": { "fid": 4027, "Layer": "Wall" }, "geometry": { "type": "MultiLineString", "coordinates": [ [ [ 26.693838993945267, 39.313933882715702 ], [ 26.693876909190713, 39.313911269880592 ] ] ] } },
{ "type": "Feature", "properties": { "fid": 4028, "Layer": "Wall" }, "geometry": { "type": "MultiLineString", "coordinates": [ [ [ 26.693991256066607, 39.313598242225545 ], [ 26.693853790963534, 39.313697804245869 ] ] ] } },
{ "type": "Feature", "properties": { "fid": 4029, "Layer": "Wall" }, "geometry": { "type": "MultiLineString", "coordinates": [ [ [ 26.693853790963534, 39.313697804245869 ], [ 26.693802371982049, 39.313740992987505 ] ] ] } },
{ "type": "Feature", "properties": { "fid": 4030, "Layer": "Wall" }, "geometry": { "type": "MultiLineString", "coordinates": [ [ [ 26.693993143164587, 39.3135998139213 ], [ 26.693940978397599, 39.313637596259845 ] ] ] } },
{ "type": "Feature", "properties": { "fid": 4031, "Layer": "Wall" }, "geometry": { "type": "MultiLineString", "coordinates": [ [ [ 26.693855822084767, 39.313699264193112 ], [ 26.69380440489358, 39.313742452033097 ] ] ] } },
{ "type": "Feature", "properties": { "fid": 4032, "Layer": "Wall" }, "geometry": { "type": "MultiLineString", "coordinates": [ [ [ 26.69385567716623, 39.313699376842699 ], [ 26.693943970103071, 39.313771899418775 ] ] ] } },
{ "type": "Feature", "properties": { "fid": 4033, "Layer": "Wall" }, "geometry": { "type": "MultiLineString", "coordinates": [ [ [ 26.693853665880393, 39.313700854006015 ], [ 26.693941958812832, 39.313773375682089 ] ] ] } },
{ "type": "Feature", "properties": { "fid": 4035, "Layer": "Wall" }, "geometry": { "type": "MultiLineString", "coordinates": [ [ [ 26.693964824967427, 39.313660617712749 ], [ 26.693938952720863, 39.313639063534943 ] ] ] } },
{ "type": "Feature", "properties": { "fid": 4036, "Layer": "Wall" }, "geometry": { "type": "MultiLineString", "coordinates": [ [ [ 26.694019781870139, 39.313709242721025 ], [ 26.694055772497553, 39.313739184025579 ] ] ] } },
{ "type": "Feature", "properties": { "fid": 4037, "Layer": "Wall" }, "geometry": { "type": "MultiLineString", "coordinates": [ [ [ 26.694006602410415, 39.313827196350751 ], [ 26.694031075449569, 39.313810512429953 ] ] ] } },
{ "type": "Feature", "properties": { "fid": 4040, "Layer": "Wall" }, "geometry": { "type": "MultiLineString", "coordinates": [ [ [ 26.693966849750723, 39.313659151338513 ], [ 26.693940978397599, 39.313637596259845 ] ] ] } },
{ "type": "Feature", "properties": { "fid": 4041, "Layer": "Wall" }, "geometry": { "type": "MultiLineString", "coordinates": [ [ [ 26.693938952720863, 39.313639063534943 ], [ 26.69385567716623, 39.313699376842699 ] ] ] } },
{ "type": "Feature", "properties": { "fid": 4042, "Layer": "Wall" }, "geometry": { "type": "MultiLineString", "coordinates": [ [ [ 26.693943970103071, 39.313771899418775 ], [ 26.694026935178218, 39.313715193217675 ] ] ] } },
{ "type": "Feature", "properties": { "fid": 4045, "Layer": "Wall" }, "geometry": { "type": "MultiLineString", "coordinates": [ [ [ 26.694004777051202, 39.313825580491823 ], [ 26.694029250987274, 39.313808896570229 ] ] ] } },
{ "type": "Feature", "properties": { "fid": 4082, "Layer": "Wall" }, "geometry": { "type": "MultiLineString", "coordinates": [ [ [ 26.692044242860689, 39.313000396109317 ], [ 26.692095295351518, 39.31295184386569 ], [ 26.692068803581734, 39.31292914527242 ], [ 26.691999699107111, 39.31299053825817 ] ] ] } },
{ "type": "Feature", "properties": { "fid": 4083, "Layer": "Wall" }, "geometry": { "type": "MultiLineString", "coordinates": [ [ [ 26.692030830471772, 39.313009753585689 ], [ 26.692091644323579, 39.312951917427768 ], [ 26.692068841558712, 39.312932377608988 ], [ 26.69200178208747, 39.312991954052698 ] ] ] } },
{ "type": "Feature", "properties": { "fid": 4084, "Layer": "Wall" }, "geometry": { "type": "MultiLineString", "coordinates": [ [ [ 26.691821370044277, 39.31291552840279 ], [ 26.691849903817463, 39.312885900492184 ] ] ] } },
{ "type": "Feature", "properties": { "fid": 4085, "Layer": "Wall" }, "geometry": { "type": "MultiLineString", "coordinates": [ [ [ 26.691823192107424, 39.312917226177966 ], [ 26.691851877805437, 39.312887439704753 ] ] ] } },
{ "type": "Feature", "properties": { "fid": 4086, "Layer": "Wall" }, "geometry": { "type": "MultiLineString", "coordinates": [ [ [ 26.691999619133941, 39.312806004222764 ], [ 26.692049406717771, 39.312845471576161 ], [ 26.692073187107439, 39.312827367908653 ], [ 26.692019197458588, 39.312789375227872 ] ] ] } },
{ "type": "Feature", "properties": { "fid": 4087, "Layer": "Wall" }, "geometry": { "type": "MultiLineString", "coordinates": [ [ [ 26.692001595313734, 39.312804499189411 ], [ 26.692049447502068, 39.312842431795552 ], [ 26.692069152071369, 39.31282743102166 ], [ 26.692017339128295, 39.312790968365881 ] ] ] } },
{ "type": "Feature", "properties": { "fid": 4088, "Layer": "Wall" }, "geometry": { "type": "MultiLineString", "coordinates": [ [ [ 26.692091759188141, 39.312740286568292 ], [ 26.692110917334272, 39.312752900520991 ], [ 26.692140337571242, 39.312771540432131 ], [ 26.692106212802642, 39.312794350480765 ], [ 26.692059934641282, 39.312760426515645 ] ] ] } },
{ "type": "Feature", "properties": { "fid": 4089, "Layer": "Wall" }, "geometry": { "type": "MultiLineString", "coordinates": [ [ [ 26.692089969215825, 39.312741927350423 ], [ 26.692109147145111, 39.312754553886805 ], [ 26.692136028845763, 39.31277158579384 ], [ 26.692106298091574, 39.312791458280948 ], [ 26.69206183613997, 39.312758862142275 ] ] ] } },
{ "type": "Feature", "properties": { "fid": 4090, "Layer": "Wall" }, "geometry": { "type": "MultiLineString", "coordinates": [ [ [ 26.692194669073402, 39.312673799316059 ], [ 26.692206239545602, 39.312680894328764 ] ] ] } },
{ "type": "Feature", "properties": { "fid": 4091, "Layer": "Wall" }, "geometry": { "type": "MultiLineString", "coordinates": [ [ [ 26.692192411534698, 39.312675153385641 ], [ 26.692205065504854, 39.312682913500659 ] ] ] } },
{ "type": "Feature", "properties": { "fid": 4097, "Layer": "Wall" }, "geometry": { "type": "MultiLineString", "coordinates": [ [ [ 26.69216072027946, 39.312812997965239 ], [ 26.692117283756936, 39.312786951139969 ] ] ] } },
{ "type": "Feature", "properties": { "fid": 4098, "Layer": "Wall" }, "geometry": { "type": "MultiLineString", "coordinates": [ [ [ 26.692159030106843, 39.312814698064528 ], [ 26.692115593584649, 39.312788651239217 ] ] ] } },
{ "type": "Feature", "properties": { "fid": 4102, "Layer": "Wall" }, "geometry": { "type": "MultiLineString", "coordinates": [ [ [ 26.692361587431943, 39.312840830135499 ], [ 26.692353932356841, 39.312851281386401 ], [ 26.69233825275704, 39.312844349469309 ], [ 26.692329599234522, 39.312854815138842 ] ] ] } },
{ "type": "Feature", "properties": { "fid": 4103, "Layer": "Wall" }, "geometry": { "type": "MultiLineString", "coordinates": [ [ [ 26.692359182784191, 39.312839765687741 ], [ 26.692352895196088, 39.312848349711111 ], [ 26.692337341403228, 39.312841474386737 ], [ 26.692327270482668, 39.312853653407181 ] ] ] } },
{ "type": "Feature", "properties": { "fid": 4104, "Layer": "Wall" }, "geometry": { "type": "MultiLineString", "coordinates": [ [ [ 26.692149402979084, 39.312996026643511 ], [ 26.692095295351518, 39.31295184386569 ] ] ] } },
{ "type": "Feature", "properties": { "fid": 4128, "Layer": "Wall" }, "geometry": { "type": "MultiLineString", "coordinates": [ [ [ 26.691960705462584, 39.313221858307017 ], [ 26.692028915353955, 39.313262514032623 ], [ 26.692053414327106, 39.313239547191507 ] ] ] } },
{ "type": "Feature", "properties": { "fid": 4129, "Layer": "Wall" }, "geometry": { "type": "MultiLineString", "coordinates": [ [ [ 26.691962391135423, 39.313220153710901 ], [ 26.692028484530255, 39.313259548495083 ], [ 26.692051284860689, 39.313238175545941 ] ] ] } },
{ "type": "Feature", "properties": { "fid": 4130, "Layer": "Wall" }, "geometry": { "type": "MultiLineString", "coordinates": [ [ [ 26.692051284860689, 39.313238175545941 ], [ 26.692053414327106, 39.313239547191507 ] ] ] } },
{ "type": "Feature", "properties": { "fid": 4132, "Layer": "Wall" }, "geometry": { "type": "MultiLineString", "coordinates": [ [ [ 26.691822627938926, 39.312999453689045 ], [ 26.691917065317529, 39.313061452652569 ] ] ] } },
{ "type": "Feature", "properties": { "fid": 4134, "Layer": "Wall" }, "geometry": { "type": "MultiLineString", "coordinates": [ [ [ 26.691823863159492, 39.313056161728511 ], [ 26.691857551364599, 39.313025195089132 ] ] ] } },
{ "type": "Feature", "properties": { "fid": 4135, "Layer": "Wall" }, "geometry": { "type": "MultiLineString", "coordinates": [ [ [ 26.691872068976995, 39.313078875496018 ], [ 26.691897086808996, 39.313051151887549 ] ] ] } },
{ "type": "Feature", "properties": { "fid": 4136, "Layer": "Wall" }, "geometry": { "type": "MultiLineString", "coordinates": [ [ [ 26.691867662030671, 39.313080015507403 ], [ 26.691894968031068, 39.313049759529171 ] ] ] } },
{ "type": "Feature", "properties": { "fid": 4137, "Layer": "Wall" }, "geometry": { "type": "MultiLineString", "coordinates": [ [ [ 26.691813028875579, 39.313062788539881 ], [ 26.691855437989336, 39.313023808126623 ] ] ] } },
{ "type": "Feature", "properties": { "fid": 4138, "Layer": "Wall" }, "geometry": { "type": "MultiLineString", "coordinates": [ [ [ 26.691820842454373, 39.313001095367305 ], [ 26.691855437989336, 39.313023808126623 ] ] ] } },
{ "type": "Feature", "properties": { "fid": 4139, "Layer": "Wall" }, "geometry": { "type": "MultiLineString", "coordinates": [ [ [ 26.691897086808996, 39.313051151887549 ], [ 26.691915278938517, 39.313063095231925 ] ] ] } },
{ "type": "Feature", "properties": { "fid": 4140, "Layer": "Wall" }, "geometry": { "type": "MultiLineString", "coordinates": [ [ [ 26.691857551364599, 39.313025195089132 ], [ 26.691894968031068, 39.313049759529171 ] ] ] } },
{ "type": "Feature", "properties": { "fid": 4168, "Layer": "Wall" }, "geometry": { "type": "MultiLineString", "coordinates": [ [ [ 26.691802836930762, 39.312879079298675 ], [ 26.691900759328341, 39.312771042069031 ] ] ] } },
{ "type": "Feature", "properties": { "fid": 4169, "Layer": "Wall" }, "geometry": { "type": "MultiLineString", "coordinates": [ [ [ 26.691816863047816, 39.312794599008669 ], [ 26.691856415707978, 39.312816231557839 ] ] ] } },
{ "type": "Feature", "properties": { "fid": 4170, "Layer": "Wall" }, "geometry": { "type": "MultiLineString", "coordinates": [ [ [ 26.691800574285001, 39.312877840994936 ], [ 26.691854822638508, 39.312817989176288 ] ] ] } },
{ "type": "Feature", "properties": { "fid": 4171, "Layer": "Wall" }, "geometry": { "type": "MultiLineString", "coordinates": [ [ [ 26.691815270869121, 39.312796354826013 ], [ 26.691854822638508, 39.312817989176288 ] ] ] } },
{ "type": "Feature", "properties": { "fid": 4172, "Layer": "Wall" }, "geometry": { "type": "MultiLineString", "coordinates": [ [ [ 26.691856415707978, 39.312816231557839 ], [ 26.69189849578115, 39.312769802866093 ] ] ] } },
{ "type": "Feature", "properties": { "fid": 4173, "Layer": "Wall" }, "geometry": { "type": "MultiLineString", "coordinates": [ [ [ 26.691780150063185, 39.312659361899591 ], [ 26.691760968333142, 39.312684244730818 ] ] ] } },
{ "type": "Feature", "properties": { "fid": 4174, "Layer": "Wall" }, "geometry": { "type": "MultiLineString", "coordinates": [ [ [ 26.691782524354089, 39.312660465981168 ], [ 26.691764554197757, 39.312683775171102 ] ] ] } },
{ "type": "Feature", "properties": { "fid": 4175, "Layer": "Wall" }, "geometry": { "type": "MultiLineString", "coordinates": [ [ [ 26.69178870966962, 39.312702299298643 ], [ 26.691832631055405, 39.312730884949936 ] ] ] } },
{ "type": "Feature", "properties": { "fid": 4176, "Layer": "Wall" }, "geometry": { "type": "MultiLineString", "coordinates": [ [ [ 26.691764554197757, 39.312683775171102 ], [ 26.691834408443849, 39.312729237878521 ] ] ] } },
{ "type": "Feature", "properties": { "fid": 4177, "Layer": "Wall" }, "geometry": { "type": "MultiLineString", "coordinates": [ [ [ 26.691869423218979, 39.312552066230857 ], [ 26.691836698630198, 39.312592979326126 ] ] ] } },
{ "type": "Feature", "properties": { "fid": 4178, "Layer": "Wall" }, "geometry": { "type": "MultiLineString", "coordinates": [ [ [ 26.691871594800457, 39.312553423435205 ], [ 26.691839001488436, 39.312594174386433 ] ] ] } },
{ "type": "Feature", "properties": { "fid": 4198, "Layer": "Wall" }, "geometry": { "type": "MultiLineString", "coordinates": [ [ [ 26.691560892992054, 39.312790316226334 ], [ 26.691602572995578, 39.312813476146658 ] ] ] } },
{ "type": "Feature", "properties": { "fid": 4199, "Layer": "Wall" }, "geometry": { "type": "MultiLineString", "coordinates": [ [ [ 26.691602572995578, 39.312813476146658 ], [ 26.691630126777131, 39.312783764525996 ] ] ] } },
{ "type": "Feature", "properties": { "fid": 4200, "Layer": "Wall" }, "geometry": { "type": "MultiLineString", "coordinates": [ [ [ 26.691562504036465, 39.312788567592754 ], [ 26.691601939303613, 39.31281048019158 ] ] ] } },
{ "type": "Feature", "properties": { "fid": 4201, "Layer": "Wall" }, "geometry": { "type": "MultiLineString", "coordinates": [ [ [ 26.691601939303613, 39.31281048019158 ], [ 26.691627880216053, 39.312782509105027 ] ] ] } },
{ "type": "Feature", "properties": { "fid": 4202, "Layer": "Wall" }, "geometry": { "type": "MultiLineString", "coordinates": [ [ [ 26.691683838073178, 39.312719646583396 ], [ 26.691715678920062, 39.312679678534813 ] ] ] } },
{ "type": "Feature", "properties": { "fid": 4203, "Layer": "Wall" }, "geometry": { "type": "MultiLineString", "coordinates": [ [ [ 26.691681486114252, 39.312718516377437 ], [ 26.691713325163306, 39.312678547430473 ] ] ] } },
{ "type": "Feature", "properties": { "fid": 4204, "Layer": "Wall" }, "geometry": { "type": "MultiLineString", "coordinates": [ [ [ 26.691734726017987, 39.312502104791641 ], [ 26.691713586696643, 39.312526237808051 ] ] ] } },
{ "type": "Feature", "properties": { "fid": 4205, "Layer": "Wall" }, "geometry": { "type": "MultiLineString", "coordinates": [ [ [ 26.691737012775125, 39.312503312468515 ], [ 26.691715873453568, 39.31252744548496 ] ] ] } },
{ "type": "Feature", "properties": { "fid": 4227, "Layer": "Wall" }, "geometry": { "type": "MultiLineString", "coordinates": [ [ [ 26.691551113495009, 39.312415427806847 ], [ 26.691540344044633, 39.312428897351573 ] ] ] } },
{ "type": "Feature", "properties": { "fid": 4228, "Layer": "Wall" }, "geometry": { "type": "MultiLineString", "coordinates": [ [ [ 26.6915534645787, 39.312416563414139 ], [ 26.69154269512493, 39.312430032058742 ] ] ] } },
{ "type": "Feature", "properties": { "fid": 4229, "Layer": "Wall" }, "geometry": { "type": "MultiLineString", "coordinates": [ [ [ 26.691700197122376, 39.312394673448807 ], [ 26.691654241660363, 39.312372563412929 ] ] ] } },
{ "type": "Feature", "properties": { "fid": 4230, "Layer": "Wall" }, "geometry": { "type": "MultiLineString", "coordinates": [ [ [ 26.691698739778822, 39.312396500252284 ], [ 26.691652785217624, 39.312374391115675 ] ] ] } },
{ "type": "Feature", "properties": { "fid": 4233, "Layer": "Wall" }, "geometry": { "type": "MultiLineString", "coordinates": [ [ [ 26.691691112291466, 39.31248780934213 ], [ 26.691629843295402, 39.312568542532127 ] ] ] } },
{ "type": "Feature", "properties": { "fid": 4234, "Layer": "Wall" }, "geometry": { "type": "MultiLineString", "coordinates": [ [ [ 26.691688729081744, 39.31248671967095 ], [ 26.691627459179159, 39.312567450161332 ] ] ] } },
{ "type": "Feature", "properties": { "fid": 4235, "Layer": "Wall" }, "geometry": { "type": "MultiLineString", "coordinates": [ [ [ 26.69160783237691, 39.312483499453855 ], [ 26.69166192277714, 39.312522040217118 ] ] ] } },
{ "type": "Feature", "properties": { "fid": 4236, "Layer": "Wall" }, "geometry": { "type": "MultiLineString", "coordinates": [ [ [ 26.691606347338656, 39.312485357787395 ], [ 26.691660487206793, 39.312523932710334 ] ] ] } },
{ "type": "Feature", "properties": { "fid": 4237, "Layer": "Wall" }, "geometry": { "type": "MultiLineString", "coordinates": [ [ [ 26.691522104914895, 39.312545287533382 ], [ 26.691538505640882, 39.312568170911938 ] ] ] } },
{ "type": "Feature", "properties": { "fid": 4238, "Layer": "Wall" }, "geometry": { "type": "MultiLineString", "coordinates": [ [ [ 26.691523671992883, 39.312543052869707 ], [ 26.691540185445884, 39.312566094567821 ] ] ] } },
{ "type": "Feature", "properties": { "fid": 4240, "Layer": "Wall" }, "geometry": { "type": "MultiLineString", "coordinates": [ [ [ 26.691412130122121, 39.312590641676017 ], [ 26.691446334769786, 39.31254798457082 ] ] ] } },
{ "type": "Feature", "properties": { "fid": 4241, "Layer": "Wall" }, "geometry": { "type": "MultiLineString", "coordinates": [ [ [ 26.691414479413496, 39.312591778185258 ], [ 26.691448683161042, 39.312549120180719 ] ] ] } },
{ "type": "Feature", "properties": { "fid": 4243, "Layer": "Wall" }, "geometry": { "type": "MultiLineString", "coordinates": [ [ [ 26.691499998177541, 39.312599869271423 ], [ 26.691514571205534, 39.312607417895052 ] ] ] } },
{ "type": "Feature", "properties": { "fid": 4244, "Layer": "Wall" }, "geometry": { "type": "MultiLineString", "coordinates": [ [ [ 26.691501532821601, 39.312598082002594 ], [ 26.691516106743467, 39.312605629725269 ] ] ] } },
{ "type": "Feature", "properties": { "fid": 4245, "Layer": "Wall" }, "geometry": { "type": "MultiLineString", "coordinates": [ [ [ 26.69147562161363, 39.312565729873924 ], [ 26.691488274728918, 39.31257229101579 ] ] ] } },
{ "type": "Feature", "properties": { "fid": 4246, "Layer": "Wall" }, "geometry": { "type": "MultiLineString", "coordinates": [ [ [ 26.691466262148971, 39.312618866002083 ], [ 26.691492310969309, 39.312632654601792 ] ] ] } },
{ "type": "Feature", "properties": { "fid": 4247, "Layer": "Wall" }, "geometry": { "type": "MultiLineString", "coordinates": [ [ [ 26.691464704139673, 39.312620642490792 ], [ 26.691490752059394, 39.312634430191224 ] ] ] } },
{ "type": "Feature", "properties": { "fid": 4248, "Layer": "Wall" }, "geometry": { "type": "MultiLineString", "coordinates": [ [ [ 26.691383206767288, 39.312683447439532 ], [ 26.691411228969702, 39.312707096065289 ] ] ] } },
{ "type": "Feature", "properties": { "fid": 4249, "Layer": "Wall" }, "geometry": { "type": "MultiLineString", "coordinates": [ [ [ 26.691384968746821, 39.312681758076252 ], [ 26.691412821770903, 39.312705266436815 ] ] ] } },
{ "type": "Feature", "properties": { "fid": 4256, "Layer": "Wall" }, "geometry": { "type": "MultiLineString", "coordinates": [ [ [ 26.691577661298702, 39.313011463983479 ], [ 26.691506693427929, 39.312974629146716 ], [ 26.691548637488015, 39.312925865637098 ], [ 26.691556445814392, 39.312929435590981 ], [ 26.691581949413042, 39.312897954392099 ] ] ] } },
{ "type": "Feature", "properties": { "fid": 4257, "Layer": "Wall" }, "geometry": { "type": "MultiLineString", "coordinates": [ [ [ 26.69157919864108, 39.313009677611845 ], [ 26.691510531820946, 39.312974035137088 ], [ 26.691549486961591, 39.312928747077642 ], [ 26.691557357299214, 39.312932346678927 ], [ 26.691584291558918, 39.312899099909401 ] ] ] } },
{ "type": "Feature", "properties": { "fid": 4267, "Layer": "Wall" }, "geometry": { "type": "MultiLineString", "coordinates": [ [ [ 26.691537900411198, 39.312892330301594 ], [ 26.691556009999633, 39.312872027419743 ] ] ] } },
{ "type": "Feature", "properties": { "fid": 4268, "Layer": "Wall" }, "geometry": { "type": "MultiLineString", "coordinates": [ [ [ 26.691535626153453, 39.312891105510388 ], [ 26.691553733947494, 39.312870802630208 ] ] ] } },
{ "type": "Feature", "properties": { "fid": 4278, "Layer": "Wall" }, "geometry": { "type": "MultiLineString", "coordinates": [ [ [ 26.691325733020339, 39.312821272474302 ], [ 26.691248149720057, 39.312785891124705 ], [ 26.691279310961761, 39.312751367693238 ] ] ] } },
{ "type": "Feature", "properties": { "fid": 4279, "Layer": "Wall" }, "geometry": { "type": "MultiLineString", "coordinates": [ [ [ 26.691339048804362, 39.312890542451647 ], [ 26.691285722749502, 39.312868219540441 ], [ 26.691288719305057, 39.312863898860201 ], [ 26.691220933972478, 39.312829126905669 ], [ 26.691254668807943, 39.312789441558813 ] ] ] } },
{ "type": "Feature", "properties": { "fid": 4280, "Layer": "Wall" }, "geometry": { "type": "MultiLineString", "coordinates": [ [ [ 26.691340363256316, 39.312888647368865 ], [ 26.691289470397059, 39.312867346573533 ], [ 26.691292354514857, 39.312863188020124 ], [ 26.691224767825823, 39.312828518498208 ], [ 26.691256976116392, 39.312790627614014 ] ] ] } },
{ "type": "Feature", "properties": { "fid": 4281, "Layer": "Wall" }, "geometry": { "type": "MultiLineString", "coordinates": [ [ [ 26.691292354514857, 39.312863188020124 ], [ 26.69130576967358, 39.312848280334094 ] ] ] } },
{ "type": "Feature", "properties": { "fid": 4282, "Layer": "Wall" }, "geometry": { "type": "MultiLineString", "coordinates": [ [ [ 26.691327134645636, 39.312819418717631 ], [ 26.691252137638308, 39.312785217766411 ], [ 26.691281576279053, 39.312752600593747 ] ] ] } },
{ "type": "Feature", "properties": { "fid": 4288, "Layer": "Wall" }, "geometry": { "type": "MultiLineString", "coordinates": [ [ [ 26.691432055381394, 39.313024588339367 ], [ 26.691405613183619, 39.313057230671248 ] ] ] } },
{ "type": "Feature", "properties": { "fid": 4289, "Layer": "Wall" }, "geometry": { "type": "MultiLineString", "coordinates": [ [ [ 26.691429712339271, 39.313023442822725 ], [ 26.691403271038816, 39.313056085153747 ] ] ] } },
{ "type": "Feature", "properties": { "fid": 4323, "Layer": "Wall" }, "geometry": { "type": "MultiLineString", "coordinates": [ [ [ 26.693225403346066, 39.315619985280215 ], [ 26.6933076686981, 39.315594087617988 ] ] ] } },
{ "type": "Feature", "properties": { "fid": 4324, "Layer": "Wall" }, "geometry": { "type": "MultiLineString", "coordinates": [ [ [ 26.693224160928324, 39.315618072741643 ], [ 26.693306170000653, 39.315592256326838 ] ] ] } },
{ "type": "Feature", "properties": { "fid": 4325, "Layer": "Wall" }, "geometry": { "type": "MultiLineString", "coordinates": [ [ [ 26.69376006017627, 39.315367008849215 ], [ 26.693721248584716, 39.31539277298095 ] ] ] } },
{ "type": "Feature", "properties": { "fid": 4326, "Layer": "Wall" }, "geometry": { "type": "MultiLineString", "coordinates": [ [ [ 26.693758260771521, 39.315365375863827 ], [ 26.693719450967937, 39.315391138193625 ] ] ] } },
{ "type": "Feature", "properties": { "fid": 4327, "Layer": "Wall" }, "geometry": { "type": "MultiLineString", "coordinates": [ [ [ 26.693651491136936, 39.315243754580585 ], [ 26.693704557616162, 39.315306184853128 ] ] ] } },
{ "type": "Feature", "properties": { "fid": 4328, "Layer": "Wall" }, "geometry": { "type": "MultiLineString", "coordinates": [ [ [ 26.693653799562522, 39.315242569686269 ], [ 26.693706866045808, 39.315305000858842 ] ] ] } },
{ "type": "Feature", "properties": { "fid": 4329, "Layer": "Wall" }, "geometry": { "type": "MultiLineString", "coordinates": [ [ [ 26.693582921832377, 39.315184851764464 ], [ 26.693486296579778, 39.315247540208425 ] ] ] } },
{ "type": "Feature", "properties": { "fid": 4330, "Layer": "Wall" }, "geometry": { "type": "MultiLineString", "coordinates": [ [ [ 26.69358469617492, 39.315186500975557 ], [ 26.693488070030956, 39.315249191220694 ] ] ] } },
{ "type": "Feature", "properties": { "fid": 4334, "Layer": "Wall" }, "geometry": { "type": "MultiLineString", "coordinates": [ [ [ 26.692899208717474, 39.315595947181883 ], [ 26.692920334258204, 39.315586464691094 ] ] ] } },
{ "type": "Feature", "properties": { "fid": 4335, "Layer": "Wall" }, "geometry": { "type": "MultiLineString", "coordinates": [ [ [ 26.692900294441696, 39.315597942676831 ], [ 26.692921719123692, 39.315588324891444 ] ] ] } },
{ "type": "Feature", "properties": { "fid": 4336, "Layer": "Wall" }, "geometry": { "type": "MultiLineString", "coordinates": [ [ [ 26.693050961878473, 39.315520248919562 ], [ 26.693022818260872, 39.315534148504092 ] ] ] } },
{ "type": "Feature", "properties": { "fid": 4337, "Layer": "Wall" }, "geometry": { "type": "MultiLineString", "coordinates": [ [ [ 26.693077030227833, 39.315554353466936 ], [ 26.693096579145291, 39.315579964058934 ] ] ] } },
{ "type": "Feature", "properties": { "fid": 4338, "Layer": "Wall" }, "geometry": { "type": "MultiLineString", "coordinates": [ [ [ 26.693050064144206, 39.31552324088203 ], [ 26.693094198627641, 39.315581060806075 ] ] ] } },
{ "type": "Feature", "properties": { "fid": 4339, "Layer": "Wall" }, "geometry": { "type": "MultiLineString", "coordinates": [ [ [ 26.693050064144206, 39.31552324088203 ], [ 26.693024302538412, 39.315535962706335 ] ] ] } },
{ "type": "Feature", "properties": { "fid": 4340, "Layer": "Wall" }, "geometry": { "type": "MultiLineString", "coordinates": [ [ [ 26.693163421723085, 39.315531934630641 ], [ 26.693152139414259, 39.315537031640204 ], [ 26.693147458415332, 39.315530781825345 ], [ 26.693110483051278, 39.315547488934534 ], [ 26.693104334278303, 39.315539278180708 ], [ 26.693075618493975, 39.315552505893258 ] ] ] } },
{ "type": "Feature", "properties": { "fid": 4341, "Layer": "Wall" }, "geometry": { "type": "MultiLineString", "coordinates": [ [ [ 26.693164813757445, 39.315533792123802 ], [ 26.69315114010837, 39.315539970588262 ], [ 26.693146458208933, 39.315533719874104 ], [ 26.693109481951179, 39.315550427884226 ], [ 26.693103346694997, 39.31554223332035 ], [ 26.693077030227833, 39.315554353466936 ] ] ] } },
{ "type": "Feature", "properties": { "fid": 4342, "Layer": "Wall" }, "geometry": { "type": "MultiLineString", "coordinates": [ [ [ 26.693163421723085, 39.315531934630641 ], [ 26.693164813757445, 39.315533792123802 ] ] ] } },
{ "type": "Feature", "properties": { "fid": 4343, "Layer": "Wall" }, "geometry": { "type": "MultiLineString", "coordinates": [ [ [ 26.693164813757445, 39.315533792123802 ], [ 26.693170806044371, 39.315542140741243 ] ] ] } },
{ "type": "Feature", "properties": { "fid": 4344, "Layer": "Wall" }, "geometry": { "type": "MultiLineString", "coordinates": [ [ [ 26.693123753095477, 39.315478957815159 ], [ 26.693085285973986, 39.315502748530712 ] ] ] } },
{ "type": "Feature", "properties": { "fid": 4345, "Layer": "Wall" }, "geometry": { "type": "MultiLineString", "coordinates": [ [ [ 26.693125158656159, 39.315480834198752 ], [ 26.693119263642611, 39.315484482447488 ] ] ] } },
{ "type": "Feature", "properties": { "fid": 4346, "Layer": "Wall" }, "geometry": { "type": "MultiLineString", "coordinates": [ [ [ 26.693117019665742, 39.315485869811781 ], [ 26.693135109711594, 39.315518724203685 ] ] ] } },
{ "type": "Feature", "properties": { "fid": 4347, "Layer": "Wall" }, "geometry": { "type": "MultiLineString", "coordinates": [ [ [ 26.693135109711594, 39.315518724203685 ], [ 26.693148874716805, 39.315512505149499 ] ] ] } },
{ "type": "Feature", "properties": { "fid": 4348, "Layer": "Wall" }, "geometry": { "type": "MultiLineString", "coordinates": [ [ [ 26.693119263642611, 39.315484482447488 ], [ 26.693136425181009, 39.315515643644481 ] ] ] } },
{ "type": "Feature", "properties": { "fid": 4349, "Layer": "Wall" }, "geometry": { "type": "MultiLineString", "coordinates": [ [ [ 26.693136425181009, 39.315515643644481 ], [ 26.693147482682622, 39.315510647656318 ] ] ] } },
{ "type": "Feature", "properties": { "fid": 4350, "Layer": "Wall" }, "geometry": { "type": "MultiLineString", "coordinates": [ [ [ 26.693117019665742, 39.315485869811781 ], [ 26.693086799853827, 39.315504561805568 ] ] ] } },
{ "type": "Feature", "properties": { "fid": 4351, "Layer": "Wall" }, "geometry": { "type": "MultiLineString", "coordinates": [ [ [ 26.693287911824488, 39.315371689523303 ], [ 26.693200077172648, 39.315432797350915 ] ] ] } },
{ "type": "Feature", "properties": { "fid": 4352, "Layer": "Wall" }, "geometry": { "type": "MultiLineString", "coordinates": [ [ [ 26.693289758655411, 39.315373290961098 ], [ 26.693201505215253, 39.315434688115836 ] ] ] } },
{ "type": "Feature", "properties": { "fid": 4354, "Layer": "Wall" }, "geometry": { "type": "MultiLineString", "coordinates": [ [ [ 26.693194164317649, 39.31553016463198 ], [ 26.693173830907199, 39.315540614039222 ] ] ] } },
{ "type": "Feature", "properties": { "fid": 4355, "Layer": "Wall" }, "geometry": { "type": "MultiLineString", "coordinates": [ [ [ 26.693195048662577, 39.31553228813042 ], [ 26.693175356377381, 39.315542407500445 ] ] ] } },
{ "type": "Feature", "properties": { "fid": 4356, "Layer": "Wall" }, "geometry": { "type": "MultiLineString", "coordinates": [ [ [ 26.693214926448608, 39.315563132684645 ], [ 26.693240849669529, 39.315612819542189 ] ] ] } },
{ "type": "Feature", "properties": { "fid": 4357, "Layer": "Wall" }, "geometry": { "type": "MultiLineString", "coordinates": [ [ [ 26.693439100297912, 39.315279573354388 ], [ 26.693355828782643, 39.315331557759798 ] ] ] } },
{ "type": "Feature", "properties": { "fid": 4358, "Layer": "Wall" }, "geometry": { "type": "MultiLineString", "coordinates": [ [ [ 26.693440834368189, 39.315281249606606 ], [ 26.69335756194846, 39.31533323221268 ] ] ] } },
{ "type": "Feature", "properties": { "fid": 4360, "Layer": "Wall" }, "geometry": { "type": "MultiLineString", "coordinates": [ [ [ 26.693474812584643, 39.315399276958999 ], [ 26.69345247610298, 39.31536561995572 ] ] ] } },
{ "type": "Feature", "properties": { "fid": 4361, "Layer": "Wall" }, "geometry": { "type": "MultiLineString", "coordinates": [ [ [ 26.693472352703989, 39.315400262163088 ], [ 26.693450294085267, 39.315367023465697 ] ] ] } },
{ "type": "Feature", "properties": { "fid": 4401, "Layer": "Wall" }, "geometry": { "type": "MultiLineString", "coordinates": [ [ [ 26.693524326046123, 39.315797987095216 ], [ 26.693479914793084, 39.315829877265962 ], [ 26.693435234859422, 39.315849027219024 ], [ 26.693376743221435, 39.315870260165326 ], [ 26.693372603058915, 39.3158642195854 ] ] ] } },
{ "type": "Feature", "properties": { "fid": 4402, "Layer": "Wall" }, "geometry": { "type": "MultiLineString", "coordinates": [ [ [ 26.693522446991118, 39.315796406390525 ], [ 26.693478283597589, 39.315828121707931 ], [ 26.693433980756559, 39.315847109290658 ], [ 26.693377950229756, 39.315867447044866 ], [ 26.693358286723104, 39.315838759913852 ] ] ] } },
{ "type": "Feature", "properties": { "fid": 4403, "Layer": "Wall" }, "geometry": { "type": "MultiLineString", "coordinates": [ [ [ 26.693408761221967, 39.315812331574158 ], [ 26.693433584847995, 39.315847277979117 ] ] ] } },
{ "type": "Feature", "properties": { "fid": 4404, "Layer": "Wall" }, "geometry": { "type": "MultiLineString", "coordinates": [ [ [ 26.693406457359259, 39.315813537167195 ], [ 26.693431057339108, 39.315848170531922 ] ] ] } },
{ "type": "Feature", "properties": { "fid": 4405, "Layer": "Wall" }, "geometry": { "type": "MultiLineString", "coordinates": [ [ [ 26.693105443233843, 39.315892466349879 ], [ 26.693080924078672, 39.315851774118187 ] ] ] } },
{ "type": "Feature", "properties": { "fid": 4406, "Layer": "Wall" }, "geometry": { "type": "MultiLineString", "coordinates": [ [ [ 26.693107950035376, 39.31589155491379 ], [ 26.693084602553899, 39.315852810390872 ], [ 26.693112414788114, 39.315842697963191 ] ] ] } },
{ "type": "Feature", "properties": { "fid": 4407, "Layer": "Wall" }, "geometry": { "type": "MultiLineString", "coordinates": [ [ [ 26.693077157257758, 39.315845525263867 ], [ 26.693029696675431, 39.315864534640973 ] ] ] } },
{ "type": "Feature", "properties": { "fid": 4408, "Layer": "Wall" }, "geometry": { "type": "MultiLineString", "coordinates": [ [ [ 26.693078330729293, 39.315847473871081 ], [ 26.693030965105681, 39.315866446255619 ] ] ] } },
{ "type": "Feature", "properties": { "fid": 4409, "Layer": "Wall" }, "geometry": { "type": "MultiLineString", "coordinates": [ [ [ 26.693083429088894, 39.315850863583911 ], [ 26.693079618926419, 39.315844539158299 ] ] ] } },
{ "type": "Feature", "properties": { "fid": 4410, "Layer": "Wall" }, "geometry": { "type": "MultiLineString", "coordinates": [ [ [ 26.693079618926419, 39.315844539158299 ], [ 26.693077157257758, 39.315845525263867 ] ] ] } },
{ "type": "Feature", "properties": { "fid": 4411, "Layer": "Wall" }, "geometry": { "type": "MultiLineString", "coordinates": [ [ [ 26.693080924078672, 39.315851774118187 ], [ 26.693078330729293, 39.315847473871081 ] ] ] } },
{ "type": "Feature", "properties": { "fid": 4412, "Layer": "Wall" }, "geometry": { "type": "MultiLineString", "coordinates": [ [ [ 26.693083429088894, 39.315850863583911 ], [ 26.693111240425871, 39.315840751157083 ] ] ] } },
{ "type": "Feature", "properties": { "fid": 4413, "Layer": "Wall" }, "geometry": { "type": "MultiLineString", "coordinates": [ [ [ 26.693112414788114, 39.315842697963191 ], [ 26.693111240425871, 39.315840751157083 ] ] ] } },
{ "type": "Feature", "properties": { "fid": 4414, "Layer": "Wall" }, "geometry": { "type": "MultiLineString", "coordinates": [ [ [ 26.693131704969421, 39.315835682616793 ], [ 26.69313053329504, 39.315833734908047 ] ] ] } },
{ "type": "Feature", "properties": { "fid": 4415, "Layer": "Wall" }, "geometry": { "type": "MultiLineString", "coordinates": [ [ [ 26.69313053329504, 39.315833734908047 ], [ 26.693149395229728, 39.315826876577802 ], [ 26.693175482867296, 39.315865948030364 ] ] ] } },
{ "type": "Feature", "properties": { "fid": 4416, "Layer": "Wall" }, "geometry": { "type": "MultiLineString", "coordinates": [ [ [ 26.693131704969421, 39.315835682616793 ], [ 26.693148161344666, 39.315829699624359 ], [ 26.693173026596995, 39.315866938631672 ] ] ] } },
{ "type": "Feature", "properties": { "fid": 4417, "Layer": "Wall" }, "geometry": { "type": "MultiLineString", "coordinates": [ [ [ 26.693262051403707, 39.315800878983268 ], [ 26.693242927140261, 39.315771719685458 ] ] ] } },
{ "type": "Feature", "properties": { "fid": 4418, "Layer": "Wall" }, "geometry": { "type": "MultiLineString", "coordinates": [ [ [ 26.693211102384744, 39.315782171550559 ], [ 26.693242927140261, 39.315771719685458 ] ] ] } },
{ "type": "Feature", "properties": { "fid": 4419, "Layer": "Wall" }, "geometry": { "type": "MultiLineString", "coordinates": [ [ [ 26.693259546404992, 39.315801793118332 ], [ 26.693241632013962, 39.315774478879 ] ] ] } },
{ "type": "Feature", "properties": { "fid": 4420, "Layer": "Wall" }, "geometry": { "type": "MultiLineString", "coordinates": [ [ [ 26.693187023570005, 39.315792411068479 ], [ 26.693241632013962, 39.315774478879 ] ] ] } },
{ "type": "Feature", "properties": { "fid": 4421, "Layer": "Wall" }, "geometry": { "type": "MultiLineString", "coordinates": [ [ [ 26.693203297706791, 39.315822315594282 ], [ 26.693185946874408, 39.315790431767901 ] ] ] } },
{ "type": "Feature", "properties": { "fid": 4422, "Layer": "Wall" }, "geometry": { "type": "MultiLineString", "coordinates": [ [ [ 26.693315910369929, 39.315775317063803 ], [ 26.693304803506301, 39.315757981731281 ], [ 26.693347707167195, 39.315737638939233 ], [ 26.693359722061178, 39.315754524271377 ] ] ] } },
{ "type": "Feature", "properties": { "fid": 4423, "Layer": "Wall" }, "geometry": { "type": "MultiLineString", "coordinates": [ [ [ 26.693313434238437, 39.315776274378671 ], [ 26.69330119495481, 39.315757174928322 ], [ 26.693348731353232, 39.31573463515879 ], [ 26.693369452383692, 39.315763756982676 ] ] ] } },
{ "type": "Feature", "properties": { "fid": 4424, "Layer": "Wall" }, "geometry": { "type": "MultiLineString", "coordinates": [ [ [ 26.693475446060013, 39.315733254937648 ], [ 26.693446550646307, 39.315694989888229 ], [ 26.693500938254896, 39.315670208792703 ], [ 26.69352333860699, 39.315711430441226 ] ] ] } },
{ "type": "Feature", "properties": { "fid": 4425, "Layer": "Wall" }, "geometry": { "type": "MultiLineString", "coordinates": [ [ [ 26.69352081227569, 39.315797581664498 ], [ 26.69344276281652, 39.315694223756239 ], [ 26.693502259057976, 39.315667114726516 ], [ 26.693525886066329, 39.315710595478421 ] ] ] } },
{ "type": "Feature", "properties": { "fid": 4426, "Layer": "Wall" }, "geometry": { "type": "MultiLineString", "coordinates": [ [ [ 26.693502259057976, 39.315667114726516 ], [ 26.693554023618386, 39.3156421326103 ], [ 26.693593629140082, 39.315694022109312 ] ] ] } },
{ "type": "Feature", "properties": { "fid": 4427, "Layer": "Wall" }, "geometry": { "type": "MultiLineString", "coordinates": [ [ [ 26.69350372095203, 39.315668939750331 ], [ 26.693553083692358, 39.315645117410533 ], [ 26.69359124862055, 39.315695119757216 ] ] ] } },
{ "type": "Feature", "properties": { "fid": 4428, "Layer": "Wall" }, "geometry": { "type": "MultiLineString", "coordinates": [ [ [ 26.69344499971788, 39.315666166396319 ], [ 26.693460191639048, 39.31568628208138 ] ] ] } },
{ "type": "Feature", "properties": { "fid": 4429, "Layer": "Wall" }, "geometry": { "type": "MultiLineString", "coordinates": [ [ [ 26.692979938924196, 39.315753543701149 ], [ 26.692998909130065, 39.315746855397876 ] ] ] } },
{ "type": "Feature", "properties": { "fid": 4430, "Layer": "Wall" }, "geometry": { "type": "MultiLineString", "coordinates": [ [ [ 26.692981081925716, 39.315755501337819 ], [ 26.693000053028825, 39.315748813033707 ] ] ] } },
{ "type": "Feature", "properties": { "fid": 4431, "Layer": "Wall" }, "geometry": { "type": "MultiLineString", "coordinates": [ [ [ 26.693369787300135, 39.315700246983077 ], [ 26.693292159714598, 39.315728714764688 ], [ 26.69324282862927, 39.315658420197202 ], [ 26.69331646761206, 39.31562924137851 ], [ 26.693369787300135, 39.315700246983077 ] ] ] } },
{ "type": "Feature", "properties": { "fid": 4432, "Layer": "Wall" }, "geometry": { "type": "MultiLineString", "coordinates": [ [ [ 26.693365876806961, 39.315699303637693 ], [ 26.693293338928573, 39.315725906170421 ], [ 26.693246618778279, 39.315659329448458 ], [ 26.693315396166437, 39.315632080478245 ], [ 26.693365876806961, 39.315699303637693 ] ] ] } },
{ "type": "Feature", "properties": { "fid": 4433, "Layer": "Wall" }, "geometry": { "type": "MultiLineString", "coordinates": [ [ [ 26.693211456434259, 39.315668738426531 ], [ 26.693155167144688, 39.315687254543903 ] ] ] } },
{ "type": "Feature", "properties": { "fid": 4434, "Layer": "Wall" }, "geometry": { "type": "MultiLineString", "coordinates": [ [ [ 26.693212535821015, 39.315670717724643 ], [ 26.693156245634011, 39.315689233842896 ] ] ] } },
{ "type": "Feature", "properties": { "fid": 4435, "Layer": "Wall" }, "geometry": { "type": "MultiLineString", "coordinates": [ [ [ 26.693369787300135, 39.315700246983077 ], [ 26.693382661711389, 39.315717392563542 ] ] ] } },
{ "type": "Feature", "properties": { "fid": 4436, "Layer": "Wall" }, "geometry": { "type": "MultiLineString", "coordinates": [ [ [ 26.693382661711389, 39.315717392563542 ], [ 26.69344276281652, 39.315694223756239 ] ] ] } },
{ "type": "Feature", "properties": { "fid": 4438, "Layer": "Wall" }, "geometry": { "type": "MultiLineString", "coordinates": [ [ [ 26.693782886970041, 39.315674024572537 ], [ 26.693739197417315, 39.315693174522053 ] ] ] } },
{ "type": "Feature", "properties": { "fid": 4439, "Layer": "Wall" }, "geometry": { "type": "MultiLineString", "coordinates": [ [ [ 26.693707744797848, 39.31570529669802 ], [ 26.693682587792328, 39.315716807298884 ] ] ] } },
{ "type": "Feature", "properties": { "fid": 4440, "Layer": "Wall" }, "geometry": { "type": "MultiLineString", "coordinates": [ [ [ 26.693781527176228, 39.315672153548533 ], [ 26.69373784120906, 39.315691302594594 ] ] ] } },
{ "type": "Feature", "properties": { "fid": 4441, "Layer": "Wall" }, "geometry": { "type": "MultiLineString", "coordinates": [ [ [ 26.693706340218043, 39.315703444617853 ], [ 26.693681181418548, 39.315714955220344 ] ] ] } },
{ "type": "Feature", "properties": { "fid": 4442, "Layer": "Wall" }, "geometry": { "type": "MultiLineString", "coordinates": [ [ [ 26.693681356039487, 39.315640125315632 ], [ 26.693666383057366, 39.315646477803391 ], [ 26.693640886129749, 39.315656797841633 ], [ 26.693622904315546, 39.315630670943143 ], [ 26.693661515014643, 39.31561244829939 ], [ 26.693681356039487, 39.315640125315632 ] ] ] } },
{ "type": "Feature", "properties": { "fid": 4443, "Layer": "Wall" }, "geometry": { "type": "MultiLineString", "coordinates": [ [ [ 26.693677580458921, 39.315639276360862 ], [ 26.693665078797, 39.315644582424689 ], [ 26.693642034545817, 39.315653909163892 ], [ 26.69362657826305, 39.315631450681302 ], [ 26.693660497081556, 39.315615444873046 ], [ 26.693677580458921, 39.315639276360862 ] ] ] } },
{ "type": "Feature", "properties": { "fid": 4444, "Layer": "Wall" }, "geometry": { "type": "MultiLineString", "coordinates": [ [ [ 26.693626447415877, 39.315568632413118 ], [ 26.693661515014643, 39.31561244829939 ] ] ] } },
{ "type": "Feature", "properties": { "fid": 4445, "Layer": "Wall" }, "geometry": { "type": "MultiLineString", "coordinates": [ [ [ 26.693661515014643, 39.31561244829939 ], [ 26.693723939029532, 39.315591265739648 ] ] ] } },
{ "type": "Feature", "properties": { "fid": 4446, "Layer": "Wall" }, "geometry": { "type": "MultiLineString", "coordinates": [ [ [ 26.693628798190385, 39.315567496987001 ], [ 26.693663865789656, 39.315611312873266 ] ] ] } },
{ "type": "Feature", "properties": { "fid": 4447, "Layer": "Wall" }, "geometry": { "type": "MultiLineString", "coordinates": [ [ [ 26.693795101443076, 39.315481107935796 ], [ 26.69382058472819, 39.31550470756904 ], [ 26.69373020992996, 39.315551209518908 ] ] ] } },
{ "type": "Feature", "properties": { "fid": 4448, "Layer": "Wall" }, "geometry": { "type": "MultiLineString", "coordinates": [ [ [ 26.693792981240822, 39.315482488886111 ], [ 26.693816473248987, 39.315504244179557 ], [ 26.693728682663334, 39.315549416960145 ] ] ] } },
{ "type": "Feature", "properties": { "fid": 4449, "Layer": "Wall" }, "geometry": { "type": "MultiLineString", "coordinates": [ [ [ 26.693728682663334, 39.315549416960145 ], [ 26.69373020992996, 39.315551209518908 ] ] ] } },
{ "type": "Feature", "properties": { "fid": 4450, "Layer": "Wall" }, "geometry": { "type": "MultiLineString", "coordinates": [ [ [ 26.69373020992996, 39.315551209518908 ], [ 26.693751017221473, 39.315579627354623 ] ] ] } },
{ "type": "Feature", "properties": { "fid": 4451, "Layer": "Wall" }, "geometry": { "type": "MultiLineString", "coordinates": [ [ [ 26.693732614802762, 39.315550146953598 ], [ 26.69376109273184, 39.315589040672478 ] ] ] } },
{ "type": "Feature", "properties": { "fid": 4452, "Layer": "Wall" }, "geometry": { "type": "MultiLineString", "coordinates": [ [ [ 26.693816000631614, 39.3155654418632 ], [ 26.69378364736485, 39.315523713592299 ] ] ] } },
{ "type": "Feature", "properties": { "fid": 4453, "Layer": "Wall" }, "geometry": { "type": "MultiLineString", "coordinates": [ [ [ 26.693813629121298, 39.315566550304666 ], [ 26.693781276752212, 39.315524822032877 ] ] ] } },
{ "type": "Feature", "properties": { "fid": 4455, "Layer": "Wall" }, "geometry": { "type": "MultiLineString", "coordinates": [ [ [ 26.694145447213813, 39.315540749064184 ], [ 26.694181770483763, 39.315529367712166 ], [ 26.694203523251218, 39.315502178142701 ], [ 26.694044964229459, 39.315331984804573 ] ] ] } },
{ "type": "Feature", "properties": { "fid": 4456, "Layer": "Wall" }, "geometry": { "type": "MultiLineString", "coordinates": [ [ [ 26.694144411725514, 39.315538755324553 ], [ 26.694179898045991, 39.315527637580487 ], [ 26.694200191630035, 39.315502269418538 ], [ 26.694086063664145, 39.315379767415486 ] ] ] } },
{ "type": "Feature", "properties": { "fid": 4457, "Layer": "Wall" }, "geometry": { "type": "MultiLineString", "coordinates": [ [ [ 26.694026093080268, 39.315409403566854 ], [ 26.694086718375591, 39.315376802680376 ] ] ] } },
{ "type": "Feature", "properties": { "fid": 4458, "Layer": "Wall" }, "geometry": { "type": "MultiLineString", "coordinates": [ [ [ 26.694027668701683, 39.315411170877113 ], [ 26.694086063664145, 39.315379767415486 ] ] ] } },
{ "type": "Feature", "properties": { "fid": 4459, "Layer": "Wall" }, "geometry": { "type": "MultiLineString", "coordinates": [ [ [ 26.69408444058741, 39.315378025352615 ], [ 26.694042722470193, 39.315333246149294 ] ] ] } },
{ "type": "Feature", "properties": { "fid": 4461, "Layer": "Wall" }, "geometry": { "type": "MultiLineString", "coordinates": [ [ [ 26.693817682431774, 39.315384083596108 ], [ 26.693874023229984, 39.31535568036788 ] ] ] } },
{ "type": "Feature", "properties": { "fid": 4462, "Layer": "Wall" }, "geometry": { "type": "MultiLineString", "coordinates": [ [ [ 26.693900607113004, 39.315384081190757 ], [ 26.693957527153373, 39.31544488497078 ] ] ] } },
{ "type": "Feature", "properties": { "fid": 4463, "Layer": "Wall" }, "geometry": { "type": "MultiLineString", "coordinates": [ [ [ 26.69381918910479, 39.315385886975285 ], [ 26.69387552900973, 39.315357484647983 ] ] ] } },
{ "type": "Feature", "properties": { "fid": 4464, "Layer": "Wall" }, "geometry": { "type": "MultiLineString", "coordinates": [ [ [ 26.693980498975751, 39.31543440252586 ], [ 26.693876462574167, 39.315481873879271 ] ] ] } },
{ "type": "Feature", "properties": { "fid": 4465, "Layer": "Wall" }, "geometry": { "type": "MultiLineString", "coordinates": [ [ [ 26.693835110522297, 39.315445097403099 ], [ 26.693876462574167, 39.315481873879271 ] ] ] } },
{ "type": "Feature", "properties": { "fid": 4466, "Layer": "Wall" }, "geometry": { "type": "MultiLineString", "coordinates": [ [ [ 26.693816644718197, 39.315425409593246 ], [ 26.693877039110667, 39.315479118046426 ] ] ] } },
{ "type": "Feature", "properties": { "fid": 4467, "Layer": "Wall" }, "geometry": { "type": "MultiLineString", "coordinates": [ [ [ 26.693873327057183, 39.315358592933585 ], [ 26.693953493920187, 39.315444232482058 ] ] ] } },
{ "type": "Feature", "properties": { "fid": 4468, "Layer": "Wall" }, "geometry": { "type": "MultiLineString", "coordinates": [ [ [ 26.693953493920187, 39.315444232482058 ], [ 26.693877039110667, 39.315479118046426 ] ] ] } },
{ "type": "Feature", "properties": { "fid": 4471, "Layer": "Wall" }, "geometry": { "type": "MultiLineString", "coordinates": [ [ [ 26.693382661711389, 39.315717392563542 ], [ 26.693348731353232, 39.31573463515879 ] ] ] } },
{ "type": "Feature", "properties": { "fid": 4509, "Layer": "Wall" }, "geometry": { "type": "MultiLineString", "coordinates": [ [ [ 26.694657100088932, 39.315020492285996 ], [ 26.694647768853741, 39.315007118612172 ] ] ] } },
{ "type": "Feature", "properties": { "fid": 4510, "Layer": "Wall" }, "geometry": { "type": "MultiLineString", "coordinates": [ [ [ 26.694647768853741, 39.315007118612172 ], [ 26.69490950953714, 39.314900685806663 ] ] ] } },
{ "type": "Feature", "properties": { "fid": 4511, "Layer": "Wall" }, "geometry": { "type": "MultiLineString", "coordinates": [ [ [ 26.69490950953714, 39.314900685806663 ], [ 26.694930851491929, 39.315008108560598 ] ] ] } },
{ "type": "Feature", "properties": { "fid": 4513, "Layer": "Wall" }, "geometry": { "type": "MultiLineString", "coordinates": [ [ [ 26.694906774486551, 39.314901015069779 ], [ 26.694927107150416, 39.315003342208222 ] ] ] } },
{ "type": "Feature", "properties": { "fid": 4515, "Layer": "Wall" }, "geometry": { "type": "MultiLineString", "coordinates": [ [ [ 26.694880927734609, 39.31502585286011 ], [ 26.694808481487584, 39.315052847819196 ] ] ] } },
{ "type": "Feature", "properties": { "fid": 4516, "Layer": "Wall" }, "geometry": { "type": "MultiLineString", "coordinates": [ [ [ 26.694710180201117, 39.315094508990462 ], [ 26.694624158379746, 39.31513771339268 ] ] ] } },
{ "type": "Feature", "properties": { "fid": 4517, "Layer": "Wall" }, "geometry": { "type": "MultiLineString", "coordinates": [ [ [ 26.694708676206531, 39.315092704709897 ], [ 26.694622655279897, 39.315135908210983 ] ] ] } },
{ "type": "Feature", "properties": { "fid": 4518, "Layer": "Wall" }, "geometry": { "type": "MultiLineString", "coordinates": [ [ [ 26.694879730958984, 39.315023914177672 ], [ 26.694807284716042, 39.315050910036739 ] ] ] } },
{ "type": "Feature", "properties": { "fid": 4519, "Layer": "Wall" }, "geometry": { "type": "MultiLineString", "coordinates": [ [ [ 26.694649052522138, 39.315009023010063 ], [ 26.694649088354168, 39.315009008575011 ] ] ] } },
{ "type": "Feature", "properties": { "fid": 4520, "Layer": "Wall" }, "geometry": { "type": "MultiLineString", "coordinates": [ [ [ 26.694659532927258, 39.315019469299799 ], [ 26.694651540125331, 39.315008010775117 ] ] ] } },
{ "type": "Feature", "properties": { "fid": 4521, "Layer": "Wall" }, "geometry": { "type": "MultiLineString", "coordinates": [ [ [ 26.694650220624883, 39.315006120812228 ], [ 26.694650201685175, 39.315006093825758 ] ] ] } },
{ "type": "Feature", "properties": { "fid": 4522, "Layer": "Wall" }, "geometry": { "type": "MultiLineString", "coordinates": [ [ [ 26.694651540125331, 39.315008010775117 ], [ 26.694910793211573, 39.314902591104385 ] ] ] } },
{ "type": "Feature", "properties": { "fid": 4523, "Layer": "Wall" }, "geometry": { "type": "MultiLineString", "coordinates": [ [ [ 26.694534846511559, 39.315182298918224 ], [ 26.694490060947913, 39.315200345428558 ], [ 26.694585592135578, 39.315289277888368 ], [ 26.694622172716862, 39.315265948847106 ], [ 26.694601614120071, 39.315239800930691 ] ] ] } },
{ "type": "Feature", "properties": { "fid": 4524, "Layer": "Wall" }, "geometry": { "type": "MultiLineString", "coordinates": [ [ [ 26.694533571798672, 39.315180390011307 ], [ 26.69448863126793, 39.315198500573445 ] ] ] } },
{ "type": "Feature", "properties": { "fid": 4525, "Layer": "Wall" }, "geometry": { "type": "MultiLineString", "coordinates": [ [ [ 26.69448774988928, 39.315201548328936 ], [ 26.694585223790693, 39.315292290967108 ], [ 26.694625788141661, 39.315266424392298 ], [ 26.694603975729198, 39.315238681695838 ] ] ] } },
{ "type": "Feature", "properties": { "fid": 4526, "Layer": "Wall" }, "geometry": { "type": "MultiLineString", "coordinates": [ [ [ 26.694481266231406, 39.315457215939119 ], [ 26.694384214262211, 39.315486137291934 ], [ 26.694370890815367, 39.315450209991411 ], [ 26.694442876614811, 39.315408626135742 ] ] ] } },
{ "type": "Feature", "properties": { "fid": 4527, "Layer": "Wall" }, "geometry": { "type": "MultiLineString", "coordinates": [ [ [ 26.694480275546713, 39.315455208656758 ], [ 26.694386037482548, 39.315483291199953 ], [ 26.694374081429707, 39.315451045980318 ], [ 26.694444528341162, 39.315410351069211 ] ] ] } },
{ "type": "Feature", "properties": { "fid": 4528, "Layer": "Wall" }, "geometry": { "type": "MultiLineString", "coordinates": [ [ [ 26.694348777045761, 39.315472454571378 ], [ 26.694376813551951, 39.315466180079831 ] ] ] } },
{ "type": "Feature", "properties": { "fid": 4529, "Layer": "Wall" }, "geometry": { "type": "MultiLineString", "coordinates": [ [ [ 26.694348009528596, 39.315470387674942 ], [ 26.694376047835476, 39.315464114982007 ] ] ] } },
{ "type": "Feature", "properties": { "fid": 4530, "Layer": "Wall" }, "geometry": { "type": "MultiLineString", "coordinates": [ [ [ 26.694139028988459, 39.315376941820325 ], [ 26.69418655938194, 39.315430133706428 ] ] ] } },
{ "type": "Feature", "properties": { "fid": 4531, "Layer": "Wall" }, "geometry": { "type": "MultiLineString", "coordinates": [ [ [ 26.694141301384434, 39.315375716452543 ], [ 26.694188831775289, 39.315428907438438 ] ] ] } },
{ "type": "Feature", "properties": { "fid": 4532, "Layer": "Wall" }, "geometry": { "type": "MultiLineString", "coordinates": [ [ [ 26.694202542373461, 39.315189356323707 ], [ 26.694181737347236, 39.315197960004006 ], [ 26.694214714160474, 39.315244287364372 ] ] ] } },
{ "type": "Feature", "properties": { "fid": 4533, "Layer": "Wall" }, "geometry": { "type": "MultiLineString", "coordinates": [ [ [ 26.694203843960086, 39.315191255304903 ], [ 26.694185519298777, 39.315198831455263 ], [ 26.694217136159438, 39.315243245485817 ] ] ] } },
{ "type": "Feature", "properties": { "fid": 4534, "Layer": "Wall" }, "geometry": { "type": "MultiLineString", "coordinates": [ [ [ 26.694181737347236, 39.315197960004006 ], [ 26.694038233899107, 39.315268889066004 ], [ 26.694092126067726, 39.315326514558826 ] ] ] } },
{ "type": "Feature", "properties": { "fid": 4535, "Layer": "Wall" }, "geometry": { "type": "MultiLineString", "coordinates": [ [ [ 26.694183224323563, 39.315199773302304 ], [ 26.694042201399483, 39.315269475905431 ], [ 26.694094364232228, 39.315325251417086 ] ] ] } },
{ "type": "Feature", "properties": { "fid": 4536, "Layer": "Wall" }, "geometry": { "type": "MultiLineString", "coordinates": [ [ [ 26.694237909201728, 39.315336138867941 ], [ 26.69428274952589, 39.315394778118979 ], [ 26.694354628660598, 39.315365359643451 ], [ 26.694282836327201, 39.31525521714417 ] ] ] } },
{ "type": "Feature", "properties": { "fid": 4537, "Layer": "Wall" }, "geometry": { "type": "MultiLineString", "coordinates": [ [ [ 26.694235529566942, 39.315337234715479 ], [ 26.694281713124322, 39.315397632488803 ], [ 26.694358329138083, 39.315366274375293 ], [ 26.694285304343641, 39.315254246333652 ] ] ] } },
{ "type": "Feature", "properties": { "fid": 4538, "Layer": "Wall" }, "geometry": { "type": "MultiLineString", "coordinates": [ [ [ 26.694120834118859, 39.31523061065392 ], [ 26.694168054157373, 39.315289645581892 ] ] ] } },
{ "type": "Feature", "properties": { "fid": 4539, "Layer": "Wall" }, "geometry": { "type": "MultiLineString", "coordinates": [ [ [ 26.69412318669481, 39.315229476125793 ], [ 26.694170404039376, 39.315288510156016 ] ] ] } },
{ "type": "Feature", "properties": { "fid": 4540, "Layer": "Wall" }, "geometry": { "type": "MultiLineString", "coordinates": [ [ [ 26.694549342317504, 39.315351827153897 ], [ 26.694440857065821, 39.315225930101079 ] ] ] } },
{ "type": "Feature", "properties": { "fid": 4541, "Layer": "Wall" }, "geometry": { "type": "MultiLineString", "coordinates": [ [ [ 26.694358329138083, 39.315366274375293 ], [ 26.694498835689295, 39.31529321562823 ] ] ] } },
{ "type": "Feature", "properties": { "fid": 4543, "Layer": "Wall" }, "geometry": { "type": "MultiLineString", "coordinates": [ [ [ 26.694831084418091, 39.315076739922894 ], [ 26.694732524729396, 39.315115487608402 ], [ 26.694697671392053, 39.315133065922375 ] ] ] } },
{ "type": "Feature", "properties": { "fid": 4544, "Layer": "Wall" }, "geometry": { "type": "MultiLineString", "coordinates": [ [ [ 26.694832334944724, 39.315078657853007 ], [ 26.694733906943931, 39.315117354109965 ], [ 26.694699178071364, 39.315134868400222 ] ] ] } },
{ "type": "Feature", "properties": { "fid": 4545, "Layer": "Wall" }, "geometry": { "type": "MultiLineString", "coordinates": [ [ [ 26.694733906943931, 39.315117354109965 ], [ 26.694777717737331, 39.31520733956382 ] ] ] } },
{ "type": "Feature", "properties": { "fid": 4546, "Layer": "Wall" }, "geometry": { "type": "MultiLineString", "coordinates": [ [ [ 26.694736389299141, 39.315116377884927 ], [ 26.69478018741717, 39.315206331845665 ] ] ] } },
{ "type": "Feature", "properties": { "fid": 4547, "Layer": "Wall" }, "geometry": { "type": "MultiLineString", "coordinates": [ [ [ 26.694710490891481, 39.315234779787879 ], [ 26.694683857688243, 39.31520084862214 ] ] ] } },
{ "type": "Feature", "properties": { "fid": 4548, "Layer": "Wall" }, "geometry": { "type": "MultiLineString", "coordinates": [ [ [ 26.694712854299382, 39.315233661451408 ], [ 26.694686221986139, 39.315199728484664 ] ] ] } },
{ "type": "Feature", "properties": { "fid": 4549, "Layer": "Wall" }, "geometry": { "type": "MultiLineString", "coordinates": [ [ [ 26.694483192216172, 39.31545280442392 ], [ 26.694554553428905, 39.315431538005612 ], [ 26.694598146713997, 39.315411060432019 ], [ 26.694548222135136, 39.31535677080592 ], [ 26.694449098460712, 39.315409652865569 ], [ 26.694483192216172, 39.31545280442392 ] ] ] } },
{ "type": "Feature", "properties": { "fid": 4550, "Layer": "Wall" }, "geometry": { "type": "MultiLineString", "coordinates": [ [ [ 26.694722529473498, 39.315338321637441 ], [ 26.694705776959033, 39.315348192583578 ] ] ] } },
{ "type": "Feature", "properties": { "fid": 4551, "Layer": "Wall" }, "geometry": { "type": "MultiLineString", "coordinates": [ [ [ 26.69472204290652, 39.31533411217022 ], [ 26.694702988864574, 39.315345338130498 ] ] ] } },
{ "type": "Feature", "properties": { "fid": 4552, "Layer": "Wall" }, "geometry": { "type": "MultiLineString", "coordinates": [ [ [ 26.694710490891481, 39.315234779787879 ], [ 26.694650596202802, 39.315265815593087 ] ] ] } },
{ "type": "Feature", "properties": { "fid": 4553, "Layer": "Wall" }, "geometry": { "type": "MultiLineString", "coordinates": [ [ [ 26.694650596202802, 39.315265815593087 ], [ 26.694664005012346, 39.315286488282872 ] ] ] } },
{ "type": "Feature", "properties": { "fid": 4554, "Layer": "Wall" }, "geometry": { "type": "MultiLineString", "coordinates": [ [ [ 26.694836142976349, 39.31511155685417 ], [ 26.69485192203592, 39.315188737611372 ] ] ] } },
{ "type": "Feature", "properties": { "fid": 4555, "Layer": "Wall" }, "geometry": { "type": "MultiLineString", "coordinates": [ [ [ 26.694838876203015, 39.315111219491541 ], [ 26.694854654369518, 39.315188401149598 ] ] ] } },
{ "type": "Feature", "properties": { "fid": 4556, "Layer": "Wall" }, "geometry": { "type": "MultiLineString", "coordinates": [ [ [ 26.694590500318558, 39.315154395874949 ], [ 26.69461845423336, 39.315136701489394 ], [ 26.694572200699959, 39.315060079823589 ], [ 26.694541378851255, 39.315072976443723 ], [ 26.694590500318558, 39.315154395874949 ] ] ] } },
{ "type": "Feature", "properties": { "fid": 4557, "Layer": "Wall" }, "geometry": { "type": "MultiLineString", "coordinates": [ [ [ 26.694537124712404, 39.315177305594297 ], [ 26.694487789942098, 39.315087205488332 ], [ 26.694515997448931, 39.315081321496884 ], [ 26.694533024301226, 39.315076015768391 ], [ 26.694582792967747, 39.315158504861294 ], [ 26.694537124712404, 39.315177305594297 ] ] ] } },
{ "type": "Feature", "properties": { "fid": 4590, "Layer": "Wall" }, "geometry": { "type": "MultiLineString", "coordinates": [ [ [ 26.694780800155616, 39.315360100733102 ], [ 26.694840026796758, 39.315348055608574 ] ] ] } },
{ "type": "Feature", "properties": { "fid": 4591, "Layer": "Wall" }, "geometry": { "type": "MultiLineString", "coordinates": [ [ [ 26.694783017348474, 39.315363352668953 ], [ 26.694841196029266, 39.315351521839276 ] ] ] } },
{ "type": "Feature", "properties": { "fid": 4592, "Layer": "Wall" }, "geometry": { "type": "MultiLineString", "coordinates": [ [ [ 26.694782092932556, 39.315363981810933 ], [ 26.694787397570281, 39.315381650112322 ], [ 26.694791005452299, 39.315410402392196 ], [ 26.694821504581636, 39.315492629248162 ], [ 26.694872699016798, 39.315484906737936 ] ] ] } },
{ "type": "Feature", "properties": { "fid": 4593, "Layer": "Wall" }, "geometry": { "type": "MultiLineString", "coordinates": [ [ [ 26.694786460137571, 39.315362752715387 ], [ 26.694791957358731, 39.31538106713397 ], [ 26.694795555033149, 39.315409727609804 ], [ 26.694824767399854, 39.315488486542648 ], [ 26.694871820268531, 39.315481389832783 ] ] ] } },
{ "type": "Feature", "properties": { "fid": 4594, "Layer": "Wall" }, "geometry": { "type": "MultiLineString", "coordinates": [ [ [ 26.694907262743751, 39.315433405431889 ], [ 26.694862025441839, 39.315439468021594 ], [ 26.694871820268531, 39.315481389832783 ], [ 26.694872642530569, 39.315484915791174 ], [ 26.694877166898916, 39.31549876645181 ], [ 26.694908971404153, 39.31549392959446 ] ] ] } },
{ "type": "Feature", "properties": { "fid": 4595, "Layer": "Wall" }, "geometry": { "type": "MultiLineString", "coordinates": [ [ [ 26.694907732606833, 39.315435523908953 ], [ 26.694865248154198, 39.315441217613113 ], [ 26.694874541662241, 39.315481005673796 ], [ 26.69487534929705, 39.31548445783492 ], [ 26.694879203120678, 39.315496264913953 ], [ 26.694908439671899, 39.315491820175595 ] ] ] } },
{ "type": "Feature", "properties": { "fid": 4596, "Layer": "Wall" }, "geometry": { "type": "MultiLineString", "coordinates": [ [ [ 26.694958921289437, 39.315539977572996 ], [ 26.694922522419819, 39.315544786253618 ], [ 26.694908971404153, 39.31549392959446 ], [ 26.694908439671899, 39.315491820175595 ], [ 26.694904072392305, 39.31547193128938 ], [ 26.694926167379542, 39.315469333888757 ] ] ] } },
{ "type": "Feature", "properties": { "fid": 4597, "Layer": "Wall" }, "geometry": { "type": "MultiLineString", "coordinates": [ [ [ 26.694958456808497, 39.315537859091059 ], [ 26.694924689750373, 39.31554231880007 ], [ 26.694911684574436, 39.315493504937031 ], [ 26.694911161953332, 39.315491433315337 ], [ 26.694907275548744, 39.315473729505811 ], [ 26.694926581647142, 39.315471459618017 ] ] ] } },
{ "type": "Feature", "properties": { "fid": 4598, "Layer": "Wall" }, "geometry": { "type": "MultiLineString", "coordinates": [ [ [ 26.694874365930055, 39.315642794550641 ], [ 26.695012623651483, 39.31561383525429 ] ] ] } },
{ "type": "Feature", "properties": { "fid": 4599, "Layer": "Wall" }, "geometry": { "type": "MultiLineString", "coordinates": [ [ [ 26.694873643237656, 39.315640720412603 ], [ 26.695011903645945, 39.315611760213812 ] ] ] } },
{ "type": "Feature", "properties": { "fid": 4601, "Layer": "Wall" }, "geometry": { "type": "MultiLineString", "coordinates": [ [ [ 26.695059057822082, 39.315527273711133 ], [ 26.695074524886021, 39.31556932621897 ] ] ] } },
{ "type": "Feature", "properties": { "fid": 4602, "Layer": "Wall" }, "geometry": { "type": "MultiLineString", "coordinates": [ [ [ 26.695056395498376, 39.3155278630461 ], [ 26.695071864359399, 39.315569916452482 ] ] ] } },
{ "type": "Feature", "properties": { "fid": 4604, "Layer": "Wall" }, "geometry": { "type": "MultiLineString", "coordinates": [ [ [ 26.694994821738174, 39.315560491845261 ], [ 26.695004893279066, 39.315582143340613 ] ] ] } },
{ "type": "Feature", "properties": { "fid": 4605, "Layer": "Wall" }, "geometry": { "type": "MultiLineString", "coordinates": [ [ [ 26.694997425224511, 39.315559761243883 ], [ 26.695007495871874, 39.315581413640146 ] ] ] } },
{ "type": "Feature", "properties": { "fid": 4606, "Layer": "Wall" }, "geometry": { "type": "MultiLineString", "coordinates": [ [ [ 26.694790062370828, 39.315662828011149 ], [ 26.694836081512719, 39.315651787875154 ] ] ] } },
{ "type": "Feature", "properties": { "fid": 4607, "Layer": "Wall" }, "geometry": { "type": "MultiLineString", "coordinates": [ [ [ 26.694789244656079, 39.315660773763362 ], [ 26.694835265591799, 39.315649733625712 ] ] ] } },
{ "type": "Feature", "properties": { "fid": 4608, "Layer": "Wall" }, "geometry": { "type": "MultiLineString", "coordinates": [ [ [ 26.694657799995934, 39.315595634234107 ], [ 26.694648857036032, 39.315563537470766 ] ] ] } },
{ "type": "Feature", "properties": { "fid": 4609, "Layer": "Wall" }, "geometry": { "type": "MultiLineString", "coordinates": [ [ [ 26.694618056326714, 39.315621941122672 ], [ 26.694599890618058, 39.315580334850686 ] ] ] } },
{ "type": "Feature", "properties": { "fid": 4610, "Layer": "Wall" }, "geometry": { "type": "MultiLineString", "coordinates": [ [ [ 26.69454736352959, 39.315574588110607 ], [ 26.694571847889716, 39.315617441555993 ] ] ] } },
{ "type": "Feature", "properties": { "fid": 4611, "Layer": "Wall" }, "geometry": { "type": "MultiLineString", "coordinates": [ [ [ 26.694571847889716, 39.315617441555993 ], [ 26.694514174947127, 39.315635255988234 ] ] ] } },
{ "type": "Feature", "properties": { "fid": 4612, "Layer": "Wall" }, "geometry": { "type": "MultiLineString", "coordinates": [ [ [ 26.694583803406577, 39.315645651482527 ], [ 26.694567678150843, 39.315589588122151 ] ] ] } },
{ "type": "Feature", "properties": { "fid": 4613, "Layer": "Wall" }, "geometry": { "type": "MultiLineString", "coordinates": [ [ [ 26.694599188904611, 39.315580536225355 ], [ 26.694567678150843, 39.315589588122151 ] ] ] } },
{ "type": "Feature", "properties": { "fid": 4614, "Layer": "Wall" }, "geometry": { "type": "MultiLineString", "coordinates": [ [ [ 26.694567678150843, 39.315589588122151 ], [ 26.694557588904907, 39.315592486822602 ] ] ] } },
{ "type": "Feature", "properties": { "fid": 4615, "Layer": "Wall" }, "geometry": { "type": "MultiLineString", "coordinates": [ [ [ 26.694544833243256, 39.315575460864622 ], [ 26.694568151835806, 39.315616269383369 ] ] ] } },
{ "type": "Feature", "properties": { "fid": 4616, "Layer": "Wall" }, "geometry": { "type": "MultiLineString", "coordinates": [ [ [ 26.694568151835806, 39.315616269383369 ], [ 26.694513152895109, 39.315633257736167 ] ] ] } },
{ "type": "Feature", "properties": { "fid": 4617, "Layer": "Wall" }, "geometry": { "type": "MultiLineString", "coordinates": [ [ [ 26.694620676106371, 39.3156212510129 ], [ 26.694602511294359, 39.315579644740154 ] ] ] } },
{ "type": "Feature", "properties": { "fid": 4618, "Layer": "Wall" }, "geometry": { "type": "MultiLineString", "coordinates": [ [ [ 26.69459822959131, 39.315578521713256 ], [ 26.69456671793743, 39.315587572710719 ] ] ] } },
{ "type": "Feature", "properties": { "fid": 4619, "Layer": "Wall" }, "geometry": { "type": "MultiLineString", "coordinates": [ [ [ 26.69456671793743, 39.315587572710719 ], [ 26.694556631379655, 39.31559047050856 ] ] ] } },
{ "type": "Feature", "properties": { "fid": 4620, "Layer": "Wall" }, "geometry": { "type": "MultiLineString", "coordinates": [ [ [ 26.694586504746898, 39.315645182730044 ], [ 26.694570379493921, 39.315589120269934 ] ] ] } },
{ "type": "Feature", "properties": { "fid": 4621, "Layer": "Wall" }, "geometry": { "type": "MultiLineString", "coordinates": [ [ [ 26.694660504978884, 39.315595179880333 ], [ 26.694651279267774, 39.315562071629351 ] ] ] } },
{ "type": "Feature", "properties": { "fid": 4622, "Layer": "Wall" }, "geometry": { "type": "MultiLineString", "coordinates": [ [ [ 26.694847555881982, 39.315571989673828 ], [ 26.69480841609743, 39.315489681654853 ], [ 26.694739226310567, 39.315500642284476 ], [ 26.694722750457274, 39.315504544205503 ], [ 26.694730735778101, 39.315524890632929 ], [ 26.694752412607592, 39.315584606117 ], [ 26.69480828556728, 39.31558730102585 ] ] ] } },
{ "type": "Feature", "properties": { "fid": 4623, "Layer": "Wall" }, "geometry": { "type": "MultiLineString", "coordinates": [ [ [ 26.694844960525156, 39.315572734669516 ], [ 26.694806642633484, 39.315492155046947 ], [ 26.694739906885896, 39.315502729963434 ], [ 26.69472620523991, 39.315505974037222 ], [ 26.694733391763783, 39.315524286902281 ], [ 26.69475454290518, 39.315582556358635 ], [ 26.694808457059683, 39.315585155854976 ] ] ] } },
{ "type": "Feature", "properties": { "fid": 4627, "Layer": "Wall" }, "geometry": { "type": "MultiLineString", "coordinates": [ [ [ 26.694780800155616, 39.315360100733102 ], [ 26.694663129311156, 39.315440001106431 ] ] ] } },
{ "type": "Feature", "properties": { "fid": 4628, "Layer": "Wall" }, "geometry": { "type": "MultiLineString", "coordinates": [ [ [ 26.694783017348474, 39.315363352668953 ], [ 26.694666163537942, 39.315442698710307 ] ] ] } },
{ "type": "Feature", "properties": { "fid": 4629, "Layer": "Wall" }, "geometry": { "type": "MultiLineString", "coordinates": [ [ [ 26.694658903882274, 39.315559361522247 ], [ 26.694702996475026, 39.315535129037023 ], [ 26.694694019346311, 39.31550737814014 ], [ 26.694736280556043, 39.315494456590244 ] ] ] } },
{ "type": "Feature", "properties": { "fid": 4630, "Layer": "Wall" }, "geometry": { "type": "MultiLineString", "coordinates": [ [ [ 26.694657304976776, 39.315557607736444 ], [ 26.694699850457027, 39.315534224598004 ], [ 26.69469074264649, 39.315506069662263 ], [ 26.694735266566365, 39.315492455630555 ] ] ] } },
{ "type": "Feature", "properties": { "fid": 4656, "Layer": "Wall" }, "geometry": { "type": "MultiLineString", "coordinates": [ [ [ 26.695695370542115, 39.314557764474543 ], [ 26.695707238243767, 39.314590574136567 ], [ 26.695651967421345, 39.314602749760162 ], [ 26.695635613197915, 39.31457432156305 ] ] ] } },
{ "type": "Feature", "properties": { "fid": 4657, "Layer": "Wall" }, "geometry": { "type": "MultiLineString", "coordinates": [ [ [ 26.69569270549486, 39.31455834571107 ], [ 26.695703827205676, 39.314589090258607 ], [ 26.695653514429619, 39.31460017486171 ], [ 26.695638140786951, 39.31457344521003 ] ] ] } },
{ "type": "Feature", "properties": { "fid": 4658, "Layer": "Wall" }, "geometry": { "type": "MultiLineString", "coordinates": [ [ [ 26.695707238243767, 39.314590574136567 ], [ 26.695725418991987, 39.314654129169504 ], [ 26.695742152181648, 39.314706405990272 ] ] ] } },
{ "type": "Feature", "properties": { "fid": 4659, "Layer": "Wall" }, "geometry": { "type": "MultiLineString", "coordinates": [ [ [ 26.69570453688085, 39.314591039289652 ], [ 26.695722724902026, 39.314654620419795 ], [ 26.695739465371478, 39.314706925138019 ] ] ] } },
{ "type": "Feature", "properties": { "fid": 4661, "Layer": "Wall" }, "geometry": { "type": "MultiLineString", "coordinates": [ [ [ 26.695490220125997, 39.314532411103229 ], [ 26.695473616679518, 39.314537477914499 ], [ 26.695464083953951, 39.314541188924046 ], [ 26.695415228873028, 39.314557789082201 ], [ 26.695343811325181, 39.314582057509661 ], [ 26.695327630022739, 39.314587011414993 ] ] ] } },
{ "type": "Feature", "properties": { "fid": 4662, "Layer": "Wall" }, "geometry": { "type": "MultiLineString", "coordinates": [ [ [ 26.695491232323985, 39.314534411163706 ], [ 26.695474743584196, 39.314539443664493 ], [ 26.695465259230627, 39.31454313482665 ], [ 26.695416337851029, 39.314559759349407 ], [ 26.695344872810825, 39.314584043122878 ], [ 26.695328646708067, 39.31458901237167 ] ] ] } },
{ "type": "Feature", "properties": { "fid": 4663, "Layer": "Wall" }, "geometry": { "type": "MultiLineString", "coordinates": [ [ [ 26.695416306491246, 39.314559770179784 ], [ 26.695441955135792, 39.314606890957322 ] ] ] } },
{ "type": "Feature", "properties": { "fid": 4664, "Layer": "Wall" }, "geometry": { "type": "MultiLineString", "coordinates": [ [ [ 26.695441955135792, 39.314606890957322 ], [ 26.695451242914004, 39.31462499035262 ] ] ] } },
{ "type": "Feature", "properties": { "fid": 4665, "Layer": "Wall" }, "geometry": { "type": "MultiLineString", "coordinates": [ [ [ 26.695451242914004, 39.31462499035262 ], [ 26.695461356622143, 39.314644695722173 ] ] ] } },
{ "type": "Feature", "properties": { "fid": 4666, "Layer": "Wall" }, "geometry": { "type": "MultiLineString", "coordinates": [ [ [ 26.695420091243754, 39.314558483110893 ], [ 26.695464017945117, 39.3146440784841 ] ] ] } },
{ "type": "Feature", "properties": { "fid": 4667, "Layer": "Wall" }, "geometry": { "type": "MultiLineString", "coordinates": [ [ [ 26.695368287828657, 39.31466857181168 ], [ 26.695651908740949, 39.314602650799721 ] ] ] } },
{ "type": "Feature", "properties": { "fid": 4668, "Layer": "Wall" }, "geometry": { "type": "MultiLineString", "coordinates": [ [ [ 26.695367495210242, 39.314666512140413 ], [ 26.695461356622143, 39.314644695722173 ] ] ] } },
{ "type": "Feature", "properties": { "fid": 4669, "Layer": "Wall" }, "geometry": { "type": "MultiLineString", "coordinates": [ [ [ 26.695464017945117, 39.3146440784841 ], [ 26.695651114332215, 39.314600592930695 ] ] ] } },
{ "type": "Feature", "properties": { "fid": 4671, "Layer": "Wall" }, "geometry": { "type": "MultiLineString", "coordinates": [ [ [ 26.695372111604978, 39.314745228872326 ], [ 26.695424273362516, 39.31473584922346 ], [ 26.695411649387683, 39.314698911350135 ], [ 26.695338944880945, 39.314712636827153 ] ] ] } },
{ "type": "Feature", "properties": { "fid": 4672, "Layer": "Wall" }, "geometry": { "type": "MultiLineString", "coordinates": [ [ [ 26.695372734791359, 39.314747322904424 ], [ 26.695427682106999, 39.314737442020082 ], [ 26.695413628775622, 39.314696325252356 ], [ 26.695338292109394, 39.314710548223005 ] ] ] } },
{ "type": "Feature", "properties": { "fid": 4673, "Layer": "Wall" }, "geometry": { "type": "MultiLineString", "coordinates": [ [ [ 26.695413628775622, 39.314696325252356 ], [ 26.695401504544879, 39.314660851432521 ] ] ] } },
{ "type": "Feature", "properties": { "fid": 4674, "Layer": "Wall" }, "geometry": { "type": "MultiLineString", "coordinates": [ [ [ 26.695410953752805, 39.314696876793384 ], [ 26.695398830419553, 39.314661402972682 ] ] ] } },
{ "type": "Feature", "properties": { "fid": 4675, "Layer": "Wall" }, "geometry": { "type": "MultiLineString", "coordinates": [ [ [ 26.695607355331891, 39.314863331079046 ], [ 26.695568111912866, 39.314872598034896 ] ] ] } },
{ "type": "Feature", "properties": { "fid": 4676, "Layer": "Wall" }, "geometry": { "type": "MultiLineString", "coordinates": [ [ [ 26.695606551058013, 39.314861274119217 ], [ 26.69556730853645, 39.3148705410742 ] ] ] } },
{ "type": "Feature", "properties": { "fid": 4677, "Layer": "Wall" }, "geometry": { "type": "MultiLineString", "coordinates": [ [ [ 26.695585623452565, 39.314795581098693 ], [ 26.695567058765938, 39.314745844328826 ], [ 26.695689850302166, 39.314718186428088 ] ] ] } },
{ "type": "Feature", "properties": { "fid": 4678, "Layer": "Wall" }, "geometry": { "type": "MultiLineString", "coordinates": [ [ [ 26.69558828215682, 39.314794982765427 ], [ 26.695570487678367, 39.314747310187954 ], [ 26.695633360694266, 39.314733148180871 ] ] ] } },
{ "type": "Feature", "properties": { "fid": 4679, "Layer": "Wall" }, "geometry": { "type": "MultiLineString", "coordinates": [ [ [ 26.695654021799374, 39.314782342040871 ], [ 26.695633360694266, 39.314733148180871 ] ] ] } },
{ "type": "Feature", "properties": { "fid": 4680, "Layer": "Wall" }, "geometry": { "type": "MultiLineString", "coordinates": [ [ [ 26.695656652436714, 39.314781674423216 ], [ 26.695635990437168, 39.314732481464247 ] ] ] } },
{ "type": "Feature", "properties": { "fid": 4681, "Layer": "Wall" }, "geometry": { "type": "MultiLineString", "coordinates": [ [ [ 26.695635990437168, 39.314732481464247 ], [ 26.695690622306333, 39.31472025061862 ] ] ] } },
{ "type": "Feature", "properties": { "fid": 4683, "Layer": "Wall" }, "geometry": { "type": "MultiLineString", "coordinates": [ [ [ 26.695447856649789, 39.314650078325037 ], [ 26.695477998076221, 39.314726988410833 ], [ 26.695481342649668, 39.314773785856389 ] ] ] } },
{ "type": "Feature", "properties": { "fid": 4684, "Layer": "Wall" }, "geometry": { "type": "MultiLineString", "coordinates": [ [ [ 26.695450503585072, 39.314649452098948 ], [ 26.695480743716427, 39.314726609629886 ], [ 26.695484105398087, 39.314773666297391 ] ] ] } },
{ "type": "Feature", "properties": { "fid": 4701, "Layer": "Wall" }, "geometry": { "type": "MultiLineString", "coordinates": [ [ [ 26.695227243096529, 39.314946392063341 ], [ 26.695267954687043, 39.314937506320263 ], [ 26.695233809461683, 39.31487200997379 ] ] ] } },
{ "type": "Feature", "properties": { "fid": 4702, "Layer": "Wall" }, "geometry": { "type": "MultiLineString", "coordinates": [ [ [ 26.695226494398774, 39.314944321549959 ], [ 26.695264228100818, 39.314936086640991 ], [ 26.695231244833195, 39.314872816150285 ] ] ] } },
{ "type": "Feature", "properties": { "fid": 4705, "Layer": "Wall" }, "geometry": { "type": "MultiLineString", "coordinates": [ [ [ 26.694882455376288, 39.314668569503446 ], [ 26.694873129215825, 39.314670879715742 ], [ 26.694921452867145, 39.314798759247068 ] ] ] } },
{ "type": "Feature", "properties": { "fid": 4706, "Layer": "Wall" }, "geometry": { "type": "MultiLineString", "coordinates": [ [ [ 26.694881614357154, 39.314666520677662 ], [ 26.694869712185881, 39.31466946875166 ], [ 26.694918796886668, 39.314799363877597 ] ] ] } },
{ "type": "Feature", "properties": { "fid": 4707, "Layer": "Wall" }, "geometry": { "type": "MultiLineString", "coordinates": [ [ [ 26.694960649965626, 39.314682915897016 ], [ 26.69488620378927, 39.314705479544187 ] ] ] } },
{ "type": "Feature", "properties": { "fid": 4708, "Layer": "Wall" }, "geometry": { "type": "MultiLineString", "coordinates": [ [ [ 26.694937313569728, 39.314726306588057 ], [ 26.694897922056363, 39.314736485494841 ] ] ] } },
{ "type": "Feature", "properties": { "fid": 4709, "Layer": "Wall" }, "geometry": { "type": "MultiLineString", "coordinates": [ [ [ 26.69493818685299, 39.314728346382772 ], [ 26.69489879354494, 39.314738525291247 ] ] ] } },
{ "type": "Feature", "properties": { "fid": 4710, "Layer": "Wall" }, "geometry": { "type": "MultiLineString", "coordinates": [ [ [ 26.694961655885027, 39.31468491776419 ], [ 26.694887210608407, 39.314707482310737 ] ] ] } },
{ "type": "Feature", "properties": { "fid": 4711, "Layer": "Wall" }, "geometry": { "type": "MultiLineString", "coordinates": [ [ [ 26.695037115188196, 39.314990758904145 ], [ 26.695092701985786, 39.314975754791888 ] ] ] } },
{ "type": "Feature", "properties": { "fid": 4712, "Layer": "Wall" }, "geometry": { "type": "MultiLineString", "coordinates": [ [ [ 26.695036206048204, 39.31498872724373 ], [ 26.695091791954841, 39.314973724932678 ] ] ] } },
{ "type": "Feature", "properties": { "fid": 4714, "Layer": "Wall" }, "geometry": { "type": "MultiLineString", "coordinates": [ [ [ 26.69494864319558, 39.314883852463566 ], [ 26.694979402598928, 39.314972407901585 ] ] ] } },
{ "type": "Feature", "properties": { "fid": 4715, "Layer": "Wall" }, "geometry": { "type": "MultiLineString", "coordinates": [ [ [ 26.694951314591449, 39.314883291925163 ], [ 26.694982074899642, 39.31497184916249 ] ] ] } },
{ "type": "Feature", "properties": { "fid": 4716, "Layer": "Wall" }, "geometry": { "type": "MultiLineString", "coordinates": [ [ [ 26.695107008076004, 39.314905277551325 ], [ 26.695029788478127, 39.314922432171407 ], [ 26.694968924134237, 39.314933149308125 ] ] ] } },
{ "type": "Feature", "properties": { "fid": 4717, "Layer": "Wall" }, "geometry": { "type": "MultiLineString", "coordinates": [ [ [ 26.695106247726731, 39.314903209748898 ], [ 26.695029101637996, 39.314920348999038 ], [ 26.694968312603972, 39.314931052564461 ] ] ] } },
{ "type": "Feature", "properties": { "fid": 4718, "Layer": "Wall" }, "geometry": { "type": "MultiLineString", "coordinates": [ [ [ 26.69511963302331, 39.314678425643102 ], [ 26.695160028348589, 39.314736348843262 ] ] ] } },
{ "type": "Feature", "properties": { "fid": 4719, "Layer": "Wall" }, "geometry": { "type": "MultiLineString", "coordinates": [ [ [ 26.695117200185198, 39.31467944952982 ], [ 26.695157596403398, 39.314737371829075 ] ] ] } },
{ "type": "Feature", "properties": { "fid": 4737, "Layer": "Wall" }, "geometry": { "type": "MultiLineString", "coordinates": [ [ [ 26.695261819440599, 39.315288912418644 ], [ 26.695217030653026, 39.31528891852161 ] ] ] } },
{ "type": "Feature", "properties": { "fid": 4738, "Layer": "Wall" }, "geometry": { "type": "MultiLineString", "coordinates": [ [ [ 26.695261818660903, 39.315286762005726 ], [ 26.695217029880247, 39.315286769908852 ] ] ] } },
{ "type": "Feature", "properties": { "fid": 4739, "Layer": "Wall" }, "geometry": { "type": "MultiLineString", "coordinates": [ [ [ 26.695112582485994, 39.315006527297299 ], [ 26.69507993078302, 39.315015162587876 ] ] ] } },
{ "type": "Feature", "properties": { "fid": 4740, "Layer": "Wall" }, "geometry": { "type": "MultiLineString", "coordinates": [ [ [ 26.695113240671944, 39.315008624898006 ], [ 26.695080589855831, 39.315017257487369 ] ] ] } },
{ "type": "Feature", "properties": { "fid": 4741, "Layer": "Wall" }, "geometry": { "type": "MultiLineString", "coordinates": [ [ [ 26.695017091197773, 39.31519231493364 ], [ 26.695021618315891, 39.31522388287673 ] ] ] } },
{ "type": "Feature", "properties": { "fid": 4742, "Layer": "Wall" }, "geometry": { "type": "MultiLineString", "coordinates": [ [ [ 26.695019840939111, 39.315192075669749 ], [ 26.695024368060849, 39.315223644512926 ] ] ] } },
{ "type": "Feature", "properties": { "fid": 4743, "Layer": "Wall" }, "geometry": { "type": "MultiLineString", "coordinates": [ [ [ 26.695120005443787, 39.315154453453069 ], [ 26.695197819767269, 39.315154228845486 ], [ 26.695198101098022, 39.315189044765603 ] ] ] } },
{ "type": "Feature", "properties": { "fid": 4744, "Layer": "Wall" }, "geometry": { "type": "MultiLineString", "coordinates": [ [ [ 26.695120016087809, 39.315156602956883 ], [ 26.69519507174439, 39.315156388088241 ], [ 26.69519533436619, 39.315189057212372 ] ] ] } },
{ "type": "Feature", "properties": { "fid": 4745, "Layer": "Wall" }, "geometry": { "type": "MultiLineString", "coordinates": [ [ [ 26.695126014129031, 39.315072398254372 ], [ 26.695099508833636, 39.315077428266662 ] ] ] } },
{ "type": "Feature", "properties": { "fid": 4746, "Layer": "Wall" }, "geometry": { "type": "MultiLineString", "coordinates": [ [ [ 26.695125358667561, 39.315070309652519 ], [ 26.695098853369068, 39.31507533876465 ] ] ] } },
{ "type": "Feature", "properties": { "fid": 4747, "Layer": "Wall" }, "geometry": { "type": "MultiLineString", "coordinates": [ [ [ 26.695330118846986, 39.315142749270493 ], [ 26.69532204591302, 39.315111588752629 ] ] ] } },
{ "type": "Feature", "properties": { "fid": 4748, "Layer": "Wall" }, "geometry": { "type": "MultiLineString", "coordinates": [ [ [ 26.695327405669431, 39.315143173028225 ], [ 26.69531933273915, 39.315112013410513 ] ] ] } },
{ "type": "Feature", "properties": { "fid": 4773, "Layer": "Wall" }, "geometry": { "type": "MultiLineString", "coordinates": [ [ [ 26.694006007187145, 39.314463132597318 ], [ 26.694076410284623, 39.314418907442416 ], [ 26.694278657520595, 39.314671275954737 ] ] ] } },
{ "type": "Feature", "properties": { "fid": 4774, "Layer": "Wall" }, "geometry": { "type": "MultiLineString", "coordinates": [ [ [ 26.694007747525475, 39.314464804342535 ], [ 26.69407571607708, 39.314422108047985 ], [ 26.694276308534274, 39.314672410479425 ] ] ] } },
{ "type": "Feature", "properties": { "fid": 4775, "Layer": "Wall" }, "geometry": { "type": "MultiLineString", "coordinates": [ [ [ 26.694113701339216, 39.31468673161266 ], [ 26.694135409395493, 39.314676576179139 ], [ 26.694145130735361, 39.314655712996384 ], [ 26.694232076695549, 39.314617216366457 ] ] ] } },
{ "type": "Feature", "properties": { "fid": 4776, "Layer": "Wall" }, "geometry": { "type": "MultiLineString", "coordinates": [ [ [ 26.694115127412207, 39.314688572871226 ], [ 26.694137677316384, 39.314678023306435 ], [ 26.694147386206403, 39.314657189839458 ], [ 26.694233445446564, 39.314619082881265 ] ] ] } },
{ "type": "Feature", "properties": { "fid": 4777, "Layer": "Wall" }, "geometry": { "type": "MultiLineString", "coordinates": [ [ [ 26.69422450422071, 39.314692727259455 ], [ 26.694187598950588, 39.314639383381717 ] ] ] } },
{ "type": "Feature", "properties": { "fid": 4778, "Layer": "Wall" }, "geometry": { "type": "MultiLineString", "coordinates": [ [ [ 26.694226940657671, 39.314691708771399 ], [ 26.694190037187791, 39.31463836669235 ] ] ] } },
{ "type": "Feature", "properties": { "fid": 4779, "Layer": "Wall" }, "geometry": { "type": "MultiLineString", "coordinates": [ [ [ 26.693779995922803, 39.314604956190621 ], [ 26.693723114318068, 39.314640171199478 ], [ 26.693780035823529, 39.314699219736248 ] ] ] } },
{ "type": "Feature", "properties": { "fid": 4780, "Layer": "Wall" }, "geometry": { "type": "MultiLineString", "coordinates": [ [ [ 26.693781721044243, 39.314606637851526 ], [ 26.693726938402538, 39.314640552041851 ], [ 26.693782250563981, 39.314697931413036 ] ] ] } },
{ "type": "Feature", "properties": { "fid": 4781, "Layer": "Wall" }, "geometry": { "type": "MultiLineString", "coordinates": [ [ [ 26.693866794290678, 39.3145510863664 ], [ 26.693848061603919, 39.314562819693215 ] ] ] } },
{ "type": "Feature", "properties": { "fid": 4782, "Layer": "Wall" }, "geometry": { "type": "MultiLineString", "coordinates": [ [ [ 26.69386853104573, 39.314552759915344 ], [ 26.693849798355505, 39.314564492342001 ] ] ] } },
{ "type": "Feature", "properties": { "fid": 4783, "Layer": "Wall" }, "geometry": { "type": "MultiLineString", "coordinates": [ [ [ 26.693935925694483, 39.314606220705933 ], [ 26.693971998956822, 39.314671858453828 ], [ 26.694004733941018, 39.314714430696498 ], [ 26.69403464058087, 39.314700553786146 ], [ 26.694010138217639, 39.3146632226454 ] ] ] } },
{ "type": "Feature", "properties": { "fid": 4784, "Layer": "Wall" }, "geometry": { "type": "MultiLineString", "coordinates": [ [ [ 26.693933380062692, 39.314607064668394 ], [ 26.693969527388091, 39.314672837368036 ], [ 26.694003778629224, 39.31471737860528 ], [ 26.694038283261399, 39.314701368657879 ], [ 26.694012604410592, 39.314662245536347 ] ] ] } },
{ "type": "Feature", "properties": { "fid": 4785, "Layer": "Wall" }, "geometry": { "type": "MultiLineString", "coordinates": [ [ [ 26.693920015621138, 39.314629908787609 ], [ 26.693939771162366, 39.314618692095493 ] ] ] } },
{ "type": "Feature", "properties": { "fid": 4786, "Layer": "Wall" }, "geometry": { "type": "MultiLineString", "coordinates": [ [ [ 26.693918382706087, 39.314628173934388 ], [ 26.693938136449542, 39.314616956343883 ] ] ] } },
{ "type": "Feature", "properties": { "fid": 4787, "Layer": "Wall" }, "geometry": { "type": "MultiLineString", "coordinates": [ [ [ 26.693904806527197, 39.31470585066419 ], [ 26.693969527388091, 39.314672837368036 ] ] ] } },
{ "type": "Feature", "properties": { "fid": 4788, "Layer": "Wall" }, "geometry": { "type": "MultiLineString", "coordinates": [ [ [ 26.693906323945498, 39.314707648632755 ], [ 26.693971046598008, 39.314674634434745 ] ] ] } },
{ "type": "Feature", "properties": { "fid": 4789, "Layer": "Wall" }, "geometry": { "type": "MultiLineString", "coordinates": [ [ [ 26.694003778629224, 39.31471737860528 ], [ 26.693934112376503, 39.314751258774265 ] ] ] } },
{ "type": "Feature", "properties": { "fid": 4790, "Layer": "Wall" }, "geometry": { "type": "MultiLineString", "coordinates": [ [ [ 26.694002308667894, 39.314715556289663 ], [ 26.693932643316309, 39.314749437357854 ] ] ] } },
{ "type": "Feature", "properties": { "fid": 4820, "Layer": "Wall" }, "geometry": { "type": "MultiLineString", "coordinates": [ [ [ 26.693253567120799, 39.315078521169582 ], [ 26.693287219686709, 39.315111374765245 ], [ 26.693334749330731, 39.315085562127891 ] ] ] } },
{ "type": "Feature", "properties": { "fid": 4821, "Layer": "Wall" }, "geometry": { "type": "MultiLineString", "coordinates": [ [ [ 26.693255733227318, 39.315077182484046 ], [ 26.693287766910071, 39.315108455135309 ], [ 26.693333162971822, 39.315083800227328 ] ] ] } },
{ "type": "Feature", "properties": { "fid": 4822, "Layer": "Wall" }, "geometry": { "type": "MultiLineString", "coordinates": [ [ [ 26.693567524399498, 39.314949209640126 ], [ 26.693650596268267, 39.314901458735541 ] ] ] } },
{ "type": "Feature", "properties": { "fid": 4823, "Layer": "Wall" }, "geometry": { "type": "MultiLineString", "coordinates": [ [ [ 26.693565878957873, 39.314947482899214 ], [ 26.693648949024904, 39.314899730196075 ] ] ] } },
{ "type": "Feature", "properties": { "fid": 4824, "Layer": "Wall" }, "geometry": { "type": "MultiLineString", "coordinates": [ [ [ 26.693766661263297, 39.314829493673827 ], [ 26.693744583515937, 39.314844232914076 ] ] ] } },
{ "type": "Feature", "properties": { "fid": 4825, "Layer": "Wall" }, "geometry": { "type": "MultiLineString", "coordinates": [ [ [ 26.693764858284542, 39.314827864292141 ], [ 26.693742779636953, 39.314842602633078 ] ] ] } },
{ "type": "Feature", "properties": { "fid": 4827, "Layer": "Wall" }, "geometry": { "type": "MultiLineString", "coordinates": [ [ [ 26.693651939763136, 39.314754531712722 ], [ 26.693686943159943, 39.314790696542907 ] ] ] } },
{ "type": "Feature", "properties": { "fid": 4828, "Layer": "Wall" }, "geometry": { "type": "MultiLineString", "coordinates": [ [ [ 26.693706221342374, 39.314778489245924 ], [ 26.693686943159943, 39.314790696542907 ] ] ] } },
{ "type": "Feature", "properties": { "fid": 4829, "Layer": "Wall" }, "geometry": { "type": "MultiLineString", "coordinates": [ [ [ 26.693707969738714, 39.314780157383531 ], [ 26.693688692449896, 39.314792363779588 ] ] ] } },
{ "type": "Feature", "properties": { "fid": 4830, "Layer": "Wall" }, "geometry": { "type": "MultiLineString", "coordinates": [ [ [ 26.693642775317713, 39.314748639770535 ], [ 26.693684732025076, 39.314791989363457 ] ] ] } },
{ "type": "Feature", "properties": { "fid": 4831, "Layer": "Wall" }, "geometry": { "type": "MultiLineString", "coordinates": [ [ [ 26.693453223539567, 39.314903066794642 ], [ 26.693369997430587, 39.31494523701685 ] ] ] } },
{ "type": "Feature", "properties": { "fid": 4832, "Layer": "Wall" }, "geometry": { "type": "MultiLineString", "coordinates": [ [ [ 26.69335122922261, 39.314923084915982 ], [ 26.693369995626359, 39.314945234318131 ] ] ] } },
{ "type": "Feature", "properties": { "fid": 4833, "Layer": "Wall" }, "geometry": { "type": "MultiLineString", "coordinates": [ [ [ 26.693454735577561, 39.314904866568924 ], [ 26.693371509474513, 39.314947038591541 ] ] ] } },
{ "type": "Feature", "properties": { "fid": 4834, "Layer": "Wall" }, "geometry": { "type": "MultiLineString", "coordinates": [ [ [ 26.693342809800708, 39.314917056367825 ], [ 26.693367684503013, 39.31494641651409 ] ] ] } },
{ "type": "Feature", "properties": { "fid": 4835, "Layer": "Wall" }, "geometry": { "type": "MultiLineString", "coordinates": [ [ [ 26.693293497852672, 39.314939547354825 ], [ 26.69331588373138, 39.314974198962396 ] ] ] } },
{ "type": "Feature", "properties": { "fid": 4836, "Layer": "Wall" }, "geometry": { "type": "MultiLineString", "coordinates": [ [ [ 26.693295971266636, 39.314938583741899 ], [ 26.693318357139034, 39.314973233549125 ] ] ] } },
{ "type": "Feature", "properties": { "fid": 4837, "Layer": "Wall" }, "geometry": { "type": "MultiLineString", "coordinates": [ [ [ 26.693391318523272, 39.314902735713119 ], [ 26.693410012546771, 39.314924961692412 ] ] ] } },
{ "type": "Feature", "properties": { "fid": 4838, "Layer": "Wall" }, "geometry": { "type": "MultiLineString", "coordinates": [ [ [ 26.693389606288935, 39.314896773013601 ], [ 26.693412329076427, 39.314923785792409 ] ] ] } },
{ "type": "Feature", "properties": { "fid": 4867, "Layer": "Wall" }, "geometry": { "type": "MultiLineString", "coordinates": [ [ [ 26.693548554835704, 39.314504943689322 ], [ 26.693569241920077, 39.314529493775666 ] ] ] } },
{ "type": "Feature", "properties": { "fid": 4868, "Layer": "Wall" }, "geometry": { "type": "MultiLineString", "coordinates": [ [ [ 26.693593623165118, 39.314555681407512 ], [ 26.693609080964272, 39.314571518523024 ] ] ] } },
{ "type": "Feature", "properties": { "fid": 4869, "Layer": "Wall" }, "geometry": { "type": "MultiLineString", "coordinates": [ [ [ 26.693591418335281, 39.314556980522944 ], [ 26.693606875237059, 39.314572817639302 ] ] ] } },
{ "type": "Feature", "properties": { "fid": 4870, "Layer": "Wall" }, "geometry": { "type": "MultiLineString", "coordinates": [ [ [ 26.693546238310002, 39.314506120489426 ], [ 26.693566926291211, 39.314530670574975 ] ] ] } },
{ "type": "Feature", "properties": { "fid": 4871, "Layer": "Wall" }, "geometry": { "type": "MultiLineString", "coordinates": [ [ [ 26.693319784911207, 39.314724823792417 ], [ 26.693274885664977, 39.314672967946606 ] ] ] } },
{ "type": "Feature", "properties": { "fid": 4872, "Layer": "Wall" }, "geometry": { "type": "MultiLineString", "coordinates": [ [ [ 26.693317488209725, 39.314726023977585 ], [ 26.693259530206909, 39.314659083119182 ] ] ] } },
{ "type": "Feature", "properties": { "fid": 4873, "Layer": "Wall" }, "geometry": { "type": "MultiLineString", "coordinates": [ [ [ 26.693382965370422, 39.314659805946953 ], [ 26.693301843771977, 39.314704103040384 ] ] ] } },
{ "type": "Feature", "properties": { "fid": 4874, "Layer": "Wall" }, "geometry": { "type": "MultiLineString", "coordinates": [ [ [ 26.693384557995987, 39.314661564241284 ], [ 26.693303435499704, 39.314705861335568 ] ] ] } },
{ "type": "Feature", "properties": { "fid": 4875, "Layer": "Wall" }, "geometry": { "type": "MultiLineString", "coordinates": [ [ [ 26.693182909001479, 39.314734300999227 ], [ 26.693205361078444, 39.314759439955992 ] ] ] } },
{ "type": "Feature", "properties": { "fid": 4876, "Layer": "Wall" }, "geometry": { "type": "MultiLineString", "coordinates": [ [ [ 26.693185183177263, 39.314733074731059 ], [ 26.693207634364033, 39.314758215488858 ] ] ] } },
{ "type": "Feature", "properties": { "fid": 4877, "Layer": "Wall" }, "geometry": { "type": "MultiLineString", "coordinates": [ [ [ 26.693209782842288, 39.314721041676336 ], [ 26.693280972538552, 39.314683848547631 ] ] ] } },
{ "type": "Feature", "properties": { "fid": 4878, "Layer": "Wall" }, "geometry": { "type": "MultiLineString", "coordinates": [ [ [ 26.693230288402695, 39.314710328374936 ], [ 26.693263651683278, 39.314751083593841 ] ] ] } },
{ "type": "Feature", "properties": { "fid": 4879, "Layer": "Wall" }, "geometry": { "type": "MultiLineString", "coordinates": [ [ [ 26.693232623852836, 39.314709174961088 ], [ 26.693265988030976, 39.314749930179119 ] ] ] } },
{ "type": "Feature", "properties": { "fid": 4880, "Layer": "Wall" }, "geometry": { "type": "MultiLineString", "coordinates": [ [ [ 26.693208237672764, 39.314719258134573 ], [ 26.69327942647131, 39.314682065006764 ] ] ] } },
{ "type": "Feature", "properties": { "fid": 4915, "Layer": "Wall" }, "geometry": { "type": "MultiLineString", "coordinates": [ [ [ 26.694790321432492, 39.314754471855963 ], [ 26.694854718598386, 39.314728712985463 ], [ 26.694819844370613, 39.314619135155297 ], [ 26.694756269583465, 39.314638743568487 ] ] ] } },
{ "type": "Feature", "properties": { "fid": 4916, "Layer": "Wall" }, "geometry": { "type": "MultiLineString", "coordinates": [ [ [ 26.694789054781911, 39.314752560241537 ], [ 26.694851506246593, 39.314727579973727 ], [ 26.694817919102316, 39.314622041649706 ], [ 26.694757291635867, 39.314640741820504 ] ] ] } },
{ "type": "Feature", "properties": { "fid": 4918, "Layer": "Wall" }, "geometry": { "type": "MultiLineString", "coordinates": [ [ [ 26.694358129271059, 39.314927463141274 ], [ 26.694507186263863, 39.314869680781833 ] ] ] } },
{ "type": "Feature", "properties": { "fid": 4919, "Layer": "Wall" }, "geometry": { "type": "MultiLineString", "coordinates": [ [ [ 26.69435689398124, 39.314925539795759 ], [ 26.694505950969248, 39.314867756536323 ] ] ] } },
{ "type": "Feature", "properties": { "fid": 4920, "Layer": "Wall" }, "geometry": { "type": "MultiLineString", "coordinates": [ [ [ 26.69441990700388, 39.314843565397702 ], [ 26.694404657658325, 39.314849185436017 ], [ 26.694431421567643, 39.314896648168137 ] ] ] } },
{ "type": "Feature", "properties": { "fid": 4921, "Layer": "Wall" }, "geometry": { "type": "MultiLineString", "coordinates": [ [ [ 26.694420815290549, 39.314845610561569 ], [ 26.694408107661964, 39.314850296627093 ], [ 26.694433958172105, 39.314895787110657 ] ] ] } },
{ "type": "Feature", "properties": { "fid": 4924, "Layer": "Wall" }, "geometry": { "type": "MultiLineString", "coordinates": [ [ [ 26.694227577456104, 39.314838683463499 ], [ 26.694183618458364, 39.314860911213358 ] ] ] } },
{ "type": "Feature", "properties": { "fid": 4925, "Layer": "Wall" }, "geometry": { "type": "MultiLineString", "coordinates": [ [ [ 26.69416426889201, 39.315000124443493 ], [ 26.694282510522537, 39.31495458431062 ] ] ] } },
{ "type": "Feature", "properties": { "fid": 4927, "Layer": "Wall" }, "geometry": { "type": "MultiLineString", "coordinates": [ [ [ 26.694105441882066, 39.315024828620224 ], [ 26.693961049026889, 39.315099520137885 ] ] ] } },
{ "type": "Feature", "properties": { "fid": 4928, "Layer": "Wall" }, "geometry": { "type": "MultiLineString", "coordinates": [ [ [ 26.694103908339457, 39.315023037867824 ], [ 26.693959515488991, 39.31509773028543 ] ] ] } },
{ "type": "Feature", "properties": { "fid": 4929, "Layer": "Wall" }, "geometry": { "type": "MultiLineString", "coordinates": [ [ [ 26.694163039870634, 39.314998197491406 ], [ 26.69428128060957, 39.314952659159758 ] ] ] } },
{ "type": "Feature", "properties": { "fid": 4930, "Layer": "Wall" }, "geometry": { "type": "MultiLineString", "coordinates": [ [ [ 26.694229086820528, 39.314840485939662 ], [ 26.694185128719408, 39.314862713688747 ] ] ] } },
{ "type": "Feature", "properties": { "fid": 4931, "Layer": "Wall" }, "geometry": { "type": "MultiLineString", "coordinates": [ [ [ 26.693967169122395, 39.315041730564431 ], [ 26.693998075876141, 39.315077783032855 ] ] ] } },
{ "type": "Feature", "properties": { "fid": 4932, "Layer": "Wall" }, "geometry": { "type": "MultiLineString", "coordinates": [ [ [ 26.694013833665817, 39.315017026769212 ], [ 26.694044847280153, 39.315053589512843 ] ] ] } },
{ "type": "Feature", "properties": { "fid": 4933, "Layer": "Wall" }, "geometry": { "type": "MultiLineString", "coordinates": [ [ [ 26.694047424484523, 39.314994073143801 ], [ 26.694078129175459, 39.31503637360931 ] ] ] } },
{ "type": "Feature", "properties": { "fid": 4934, "Layer": "Wall" }, "geometry": { "type": "MultiLineString", "coordinates": [ [ [ 26.694049834764531, 39.314993016874347 ], [ 26.69408054035317, 39.315035317338911 ] ] ] } },
{ "type": "Feature", "properties": { "fid": 4935, "Layer": "Wall" }, "geometry": { "type": "MultiLineString", "coordinates": [ [ [ 26.694016143891549, 39.315015842773057 ], [ 26.694047157513069, 39.315052407316884 ] ] ] } },
{ "type": "Feature", "properties": { "fid": 4936, "Layer": "Wall" }, "geometry": { "type": "MultiLineString", "coordinates": [ [ [ 26.693969473938395, 39.315040539372262 ], [ 26.694000379795476, 39.315076591841397 ] ] ] } },
{ "type": "Feature", "properties": { "fid": 4937, "Layer": "Wall" }, "geometry": { "type": "MultiLineString", "coordinates": [ [ [ 26.693795065946372, 39.315146573144133 ], [ 26.693816126976351, 39.315167671776948 ] ] ] } },
{ "type": "Feature", "properties": { "fid": 4938, "Layer": "Wall" }, "geometry": { "type": "MultiLineString", "coordinates": [ [ [ 26.694571389414683, 39.314845574739323 ], [ 26.694646801999053, 39.314820176600747 ] ] ] } },
{ "type": "Feature", "properties": { "fid": 4939, "Layer": "Wall" }, "geometry": { "type": "MultiLineString", "coordinates": [ [ [ 26.694745301065307, 39.314768949562428 ], [ 26.694748600523965, 39.314777624695424 ] ] ] } },
{ "type": "Feature", "properties": { "fid": 4940, "Layer": "Wall" }, "geometry": { "type": "MultiLineString", "coordinates": [ [ [ 26.694751877091328, 39.314778655933473 ], [ 26.694676516051565, 39.314811691643669 ] ] ] } },
{ "type": "Feature", "properties": { "fid": 4941, "Layer": "Wall" }, "geometry": { "type": "MultiLineString", "coordinates": [ [ [ 26.694570289409949, 39.314843602662542 ], [ 26.694645701096455, 39.31481820452489 ] ] ] } },
{ "type": "Feature", "properties": { "fid": 4942, "Layer": "Wall" }, "geometry": { "type": "MultiLineString", "coordinates": [ [ [ 26.694748600523965, 39.314777624695424 ], [ 26.69467515534966, 39.314809819721319 ] ] ] } },
{ "type": "Feature", "properties": { "fid": 4943, "Layer": "Wall" }, "geometry": { "type": "MultiLineString", "coordinates": [ [ [ 26.694747955232373, 39.31476834043324 ], [ 26.694751877091328, 39.314778655933473 ] ] ] } },
{ "type": "Feature", "properties": { "fid": 4944, "Layer": "Wall" }, "geometry": { "type": "MultiLineString", "coordinates": [ [ [ 26.694683569067831, 39.314768203409159 ], [ 26.694700891925766, 39.314798538112278 ] ] ] } },
{ "type": "Feature", "properties": { "fid": 4945, "Layer": "Wall" }, "geometry": { "type": "MultiLineString", "coordinates": [ [ [ 26.69468609935473, 39.314767331555601 ], [ 26.694703419521659, 39.314797666261157 ] ] ] } },
{ "type": "Feature", "properties": { "fid": 4946, "Layer": "Wall" }, "geometry": { "type": "MultiLineString", "coordinates": [ [ [ 26.694516875125057, 39.314727965075612 ], [ 26.694455950249061, 39.314748220038084 ] ] ] } },
{ "type": "Feature", "properties": { "fid": 4947, "Layer": "Wall" }, "geometry": { "type": "MultiLineString", "coordinates": [ [ [ 26.694517964383515, 39.314729942563176 ], [ 26.694457038606487, 39.314750196626356 ] ] ] } },
{ "type": "Feature", "properties": { "fid": 4948, "Layer": "Wall" }, "geometry": { "type": "MultiLineString", "coordinates": [ [ [ 26.693797252771351, 39.315145256042108 ], [ 26.693818312904469, 39.315166354675718 ] ] ] } },
{ "type": "Feature", "properties": { "fid": 4954, "Layer": "Wall" }, "geometry": { "type": "MultiLineString", "coordinates": [ [ [ 26.693898730609444, 39.314881380109803 ], [ 26.693845880558431, 39.314824844605674 ], [ 26.693810099500904, 39.314845026933625 ], [ 26.693865043659066, 39.314903803642679 ] ] ] } },
{ "type": "Feature", "properties": { "fid": 4955, "Layer": "Wall" }, "geometry": { "type": "MultiLineString", "coordinates": [ [ [ 26.693896491554863, 39.314882644152078 ], [ 26.693845267252026, 39.314827846208125 ], [ 26.693813964311694, 39.314845503152206 ], [ 26.693867283617244, 39.31490254139991 ] ] ] } },
{ "type": "Feature", "properties": { "fid": 4956, "Layer": "Wall" }, "geometry": { "type": "MultiLineString", "coordinates": [ [ [ 26.693810099500904, 39.314845026933625 ], [ 26.693736293749659, 39.314889295720583 ] ] ] } },
{ "type": "Feature", "properties": { "fid": 4957, "Layer": "Wall" }, "geometry": { "type": "MultiLineString", "coordinates": [ [ [ 26.6938117897115, 39.314846729329588 ], [ 26.693737983062402, 39.314890998117463 ] ] ] } },
{ "type": "Feature", "properties": { "fid": 4958, "Layer": "Wall" }, "geometry": { "type": "MultiLineString", "coordinates": [ [ [ 26.693900366188792, 39.314959057264247 ], [ 26.693850249603472, 39.314988640241616 ] ] ] } },
{ "type": "Feature", "properties": { "fid": 4959, "Layer": "Wall" }, "geometry": { "type": "MultiLineString", "coordinates": [ [ [ 26.693849270527313, 39.314914304671554 ], [ 26.693803201888723, 39.314942693953128 ] ] ] } },
{ "type": "Feature", "properties": { "fid": 4960, "Layer": "Wall" }, "geometry": { "type": "MultiLineString", "coordinates": [ [ [ 26.693850990277202, 39.314915989037623 ], [ 26.693804921638158, 39.314944378319261 ] ] ] } },
{ "type": "Feature", "properties": { "fid": 4961, "Layer": "Wall" }, "geometry": { "type": "MultiLineString", "coordinates": [ [ [ 26.693898692985869, 39.314957344951395 ], [ 26.693848572812541, 39.314986927931997 ] ] ] } },
{ "type": "Feature", "properties": { "fid": 4984, "Layer": "Wall" }, "geometry": { "type": "MultiLineString", "coordinates": [ [ [ 26.692406985711305, 39.314544243296318 ], [ 26.692325723348233, 39.314591410108875 ], [ 26.69235983631939, 39.314642315442732 ], [ 26.692396802881802, 39.314631514121736 ], [ 26.692426320302932, 39.314662627976233 ] ] ] } },
{ "type": "Feature", "properties": { "fid": 4985, "Layer": "Wall" }, "geometry": { "type": "MultiLineString", "coordinates": [ [ [ 26.692408642786191, 39.314545964626937 ], [ 26.692329263935523, 39.314592037850197 ], [ 26.692361158638452, 39.314639632735933 ], [ 26.692397789138738, 39.314628928937765 ], [ 26.692428548537194, 39.314661352243668 ] ] ] } },
{ "type": "Feature", "properties": { "fid": 4986, "Layer": "Wall" }, "geometry": { "type": "MultiLineString", "coordinates": [ [ [ 26.692462091592102, 39.314695439136933 ], [ 26.692484518232149, 39.314715171934814 ], [ 26.692478922717552, 39.314718534564761 ] ] ] } },
{ "type": "Feature", "properties": { "fid": 4987, "Layer": "Wall" }, "geometry": { "type": "MultiLineString", "coordinates": [ [ [ 26.69246416497915, 39.314694016825001 ], [ 26.692488547430258, 39.314715468878838 ], [ 26.692480615601252, 39.314720235159399 ] ] ] } },
{ "type": "Feature", "properties": { "fid": 4988, "Layer": "Wall" }, "geometry": { "type": "MultiLineString", "coordinates": [ [ [ 26.692617952311387, 39.314594731486871 ], [ 26.692665012216537, 39.314622211598532 ], [ 26.692682401245069, 39.314631194246381 ], [ 26.692706105741792, 39.314672133872691 ], [ 26.692712654144405, 39.314689197957513 ], [ 26.692696959229682, 39.314730554523145 ] ] ] } },
{ "type": "Feature", "properties": { "fid": 4989, "Layer": "Wall" }, "geometry": { "type": "MultiLineString", "coordinates": [ [ [ 26.692406171971999, 39.314737705767563 ], [ 26.69242301573334, 39.314753782856634 ] ] ] } },
{ "type": "Feature", "properties": { "fid": 4990, "Layer": "Wall" }, "geometry": { "type": "MultiLineString", "coordinates": [ [ [ 26.692404023880975, 39.314739062438441 ], [ 26.692420868535979, 39.314755138626573 ] ] ] } },
{ "type": "Feature", "properties": { "fid": 4992, "Layer": "Wall" }, "geometry": { "type": "MultiLineString", "coordinates": [ [ [ 26.692528835019829, 39.314915825523236 ], [ 26.692563211501056, 39.314884847422761 ] ] ] } },
{ "type": "Feature", "properties": { "fid": 4993, "Layer": "Wall" }, "geometry": { "type": "MultiLineString", "coordinates": [ [ [ 26.692526740428072, 39.314914423241142 ], [ 26.692561115111495, 39.314883444242199 ] ] ] } },
{ "type": "Feature", "properties": { "fid": 4994, "Layer": "Wall" }, "geometry": { "type": "MultiLineString", "coordinates": [ [ [ 26.692421891815634, 39.314802384704983 ], [ 26.69237802078489, 39.314747593461831 ] ] ] } },
{ "type": "Feature", "properties": { "fid": 4995, "Layer": "Wall" }, "geometry": { "type": "MultiLineString", "coordinates": [ [ [ 26.692419542844071, 39.31480351922783 ], [ 26.692375672710856, 39.314748727983748 ] ] ] } },
{ "type": "Feature", "properties": { "fid": 4996, "Layer": "Wall" }, "geometry": { "type": "MultiLineString", "coordinates": [ [ [ 26.692324566239513, 39.314863841462234 ], [ 26.692343738625677, 39.314855557046442 ] ] ] } },
{ "type": "Feature", "properties": { "fid": 4997, "Layer": "Wall" }, "geometry": { "type": "MultiLineString", "coordinates": [ [ [ 26.692323221682699, 39.314861963221666 ], [ 26.692342393168314, 39.314853677906548 ] ] ] } },
{ "type": "Feature", "properties": { "fid": 5014, "Layer": "Wall" }, "geometry": { "type": "MultiLineString", "coordinates": [ [ [ 26.692751656370941, 39.314785456433917 ], [ 26.692856128563815, 39.314726912228444 ], [ 26.692890098246703, 39.314731260169843 ], [ 26.692970403196501, 39.314828915514795 ] ] ] } },
{ "type": "Feature", "properties": { "fid": 5015, "Layer": "Wall" }, "geometry": { "type": "MultiLineString", "coordinates": [ [ [ 26.692702770631563, 39.315058216957169 ], [ 26.692644862828011, 39.315094876700179 ] ] ] } },
{ "type": "Feature", "properties": { "fid": 5016, "Layer": "Wall" }, "geometry": { "type": "MultiLineString", "coordinates": [ [ [ 26.692531091312379, 39.314953215826407 ], [ 26.69246836767649, 39.315000533947789 ] ] ] } },
{ "type": "Feature", "properties": { "fid": 5017, "Layer": "Wall" }, "geometry": { "type": "MultiLineString", "coordinates": [ [ [ 26.692554271440901, 39.315043322036253 ], [ 26.692601367165516, 39.315012764317025 ] ] ] } },
{ "type": "Feature", "properties": { "fid": 5018, "Layer": "Wall" }, "geometry": { "type": "MultiLineString", "coordinates": [ [ [ 26.692533019558024, 39.314954758681786 ], [ 26.692491553296239, 39.314986038536361 ] ] ] } },
{ "type": "Feature", "properties": { "fid": 5019, "Layer": "Wall" }, "geometry": { "type": "MultiLineString", "coordinates": [ [ [ 26.692701023141378, 39.31505654881768 ], [ 26.692643114444376, 39.315093209461523 ] ] ] } },
{ "type": "Feature", "properties": { "fid": 5020, "Layer": "Wall" }, "geometry": { "type": "MultiLineString", "coordinates": [ [ [ 26.692531122259783, 39.315055540981518 ], [ 26.692599592832181, 39.315011115104781 ] ] ] } },
{ "type": "Feature", "properties": { "fid": 5021, "Layer": "Wall" }, "geometry": { "type": "MultiLineString", "coordinates": [ [ [ 26.692753274057726, 39.314787200303712 ], [ 26.692856812479359, 39.314729179032213 ], [ 26.692888429672589, 39.314733224889736 ], [ 26.692968071353118, 39.314830073425753 ] ] ] } },
{ "type": "Feature", "properties": { "fid": 5022, "Layer": "Wall" }, "geometry": { "type": "MultiLineString", "coordinates": [ [ [ 26.692631151926538, 39.315057222376936 ], [ 26.692590753575104, 39.315019650171045 ] ] ] } },
{ "type": "Feature", "properties": { "fid": 5023, "Layer": "Wall" }, "geometry": { "type": "MultiLineString", "coordinates": [ [ [ 26.692629029032744, 39.315058600628078 ], [ 26.692588629784513, 39.315021028423018 ] ] ] } },
{ "type": "Feature", "properties": { "fid": 5042, "Layer": "Wall" }, "geometry": { "type": "MultiLineString", "coordinates": [ [ [ 26.692785483546501, 39.315338218796079 ], [ 26.692741080185272, 39.315355700533303 ] ] ] } },
{ "type": "Feature", "properties": { "fid": 5043, "Layer": "Wall" }, "geometry": { "type": "MultiLineString", "coordinates": [ [ [ 26.69271576309821, 39.315316582455289 ], [ 26.692741080185272, 39.315355700533303 ], [ 26.69268694126233, 39.315376842146065 ], [ 26.692660953220436, 39.315335806502581 ] ] ] } },
{ "type": "Feature", "properties": { "fid": 5044, "Layer": "Wall" }, "geometry": { "type": "MultiLineString", "coordinates": [ [ [ 26.692713291485699, 39.315317546966263 ], [ 26.692737364341188, 39.315354746206012 ], [ 26.692688191932429, 39.315373948873926 ], [ 26.692663436558405, 39.315334859083393 ] ] ] } },
{ "type": "Feature", "properties": { "fid": 5045, "Layer": "Wall" }, "geometry": { "type": "MultiLineString", "coordinates": [ [ [ 26.692784231244168, 39.315336300865347 ], [ 26.692739826989406, 39.315353783503497 ] ] ] } },
{ "type": "Feature", "properties": { "fid": 5046, "Layer": "Wall" }, "geometry": { "type": "MultiLineString", "coordinates": [ [ [ 26.692925771811833, 39.315285476335752 ], [ 26.692945420341587, 39.315278574079699 ] ] ] } },
{ "type": "Feature", "properties": { "fid": 5047, "Layer": "Wall" }, "geometry": { "type": "MultiLineString", "coordinates": [ [ [ 26.692924630595897, 39.315283515996889 ], [ 26.692944280029302, 39.315276615540284 ] ] ] } },
{ "type": "Feature", "properties": { "fid": 5049, "Layer": "Wall" }, "geometry": { "type": "MultiLineString", "coordinates": [ [ [ 26.692838342965516, 39.315268711575627 ], [ 26.692808865314912, 39.315229439797228 ], [ 26.692874631020938, 39.315205380077764 ], [ 26.692899142872147, 39.315245811285259 ] ] ] } },
{ "type": "Feature", "properties": { "fid": 5050, "Layer": "Wall" }, "geometry": { "type": "MultiLineString", "coordinates": [ [ [ 26.692840732501431, 39.315267628322552 ], [ 26.692812777593439, 39.315230384042621 ], [ 26.692873306666584, 39.315208241012833 ], [ 26.692896638778766, 39.315246726319003 ] ] ] } },
{ "type": "Feature", "properties": { "fid": 5051, "Layer": "Wall" }, "geometry": { "type": "MultiLineString", "coordinates": [ [ [ 26.692958429168772, 39.315072366246234 ], [ 26.692985905180262, 39.315125429879387 ], [ 26.693019515296015, 39.315165015605203 ] ] ] } },
{ "type": "Feature", "properties": { "fid": 5052, "Layer": "Wall" }, "geometry": { "type": "MultiLineString", "coordinates": [ [ [ 26.692956079621656, 39.315073588983068 ], [ 26.692983441779838, 39.315126432188592 ], [ 26.693017204184848, 39.315166200501267 ] ] ] } },
{ "type": "Feature", "properties": { "fid": 5053, "Layer": "Wall" }, "geometry": { "type": "MultiLineString", "coordinates": [ [ [ 26.692874631020938, 39.315205380077764 ], [ 26.692822822359801, 39.315146531141536 ] ] ] } },
{ "type": "Feature", "properties": { "fid": 5054, "Layer": "Wall" }, "geometry": { "type": "MultiLineString", "coordinates": [ [ [ 26.692872346931011, 39.315206593753111 ], [ 26.692820538267085, 39.315147743916683 ] ] ] } },
{ "type": "Feature", "properties": { "fid": 5055, "Layer": "Wall" }, "geometry": { "type": "MultiLineString", "coordinates": [ [ [ 26.692808865314912, 39.315229439797228 ], [ 26.692736027053538, 39.315255547509885 ] ] ] } },
{ "type": "Feature", "properties": { "fid": 5056, "Layer": "Wall" }, "geometry": { "type": "MultiLineString", "coordinates": [ [ [ 26.692802178009103, 39.315231837589586 ], [ 26.692763136094264, 39.315182131265829 ] ] ] } },
{ "type": "Feature", "properties": { "fid": 5057, "Layer": "Wall" }, "geometry": { "type": "MultiLineString", "coordinates": [ [ [ 26.69279964697288, 39.315232744546762 ], [ 26.692760928636726, 39.315183446585564 ] ] ] } },
{ "type": "Feature", "properties": { "fid": 5083, "Layer": "Wall" }, "geometry": { "type": "MultiLineString", "coordinates": [ [ [ 26.693231092242037, 39.315371006317903 ], [ 26.693180863659247, 39.315400601988024 ], [ 26.693123317448162, 39.315340941014853 ] ] ] } },
{ "type": "Feature", "properties": { "fid": 5084, "Layer": "Wall" }, "geometry": { "type": "MultiLineString", "coordinates": [ [ [ 26.693180863659247, 39.315400601988024 ], [ 26.693085811806849, 39.315463214261257 ] ] ] } },
{ "type": "Feature", "properties": { "fid": 5085, "Layer": "Wall" }, "geometry": { "type": "MultiLineString", "coordinates": [ [ [ 26.693229420836143, 39.31536929310252 ], [ 26.693181408722801, 39.315397583345586 ], [ 26.693125531281737, 39.315339650892597 ] ] ] } },
{ "type": "Feature", "properties": { "fid": 5086, "Layer": "Wall" }, "geometry": { "type": "MultiLineString", "coordinates": [ [ [ 26.693179074105824, 39.315398962691916 ], [ 26.693084023144667, 39.315461573163994 ] ] ] } },
{ "type": "Feature", "properties": { "fid": 5087, "Layer": "Wall" }, "geometry": { "type": "MultiLineString", "coordinates": [ [ [ 26.693402329247419, 39.315271469949487 ], [ 26.69336625718363, 39.31529519275859 ], [ 26.693286902439308, 39.315222387401874 ] ] ] } },
{ "type": "Feature", "properties": { "fid": 5088, "Layer": "Wall" }, "geometry": { "type": "MultiLineString", "coordinates": [ [ [ 26.69336625718363, 39.31529519275859 ], [ 26.693300742722677, 39.315329736997327 ] ] ] } },
{ "type": "Feature", "properties": { "fid": 5089, "Layer": "Wall" }, "geometry": { "type": "MultiLineString", "coordinates": [ [ [ 26.693400542370117, 39.315269827050656 ], [ 26.693366580613123, 39.3152921626181 ], [ 26.693289014529185, 39.315220997458283 ] ] ] } },
{ "type": "Feature", "properties": { "fid": 5090, "Layer": "Wall" }, "geometry": { "type": "MultiLineString", "coordinates": [ [ [ 26.693364703961194, 39.315293415525424 ], [ 26.693299187706536, 39.315327959765753 ] ] ] } },
{ "type": "Feature", "properties": { "fid": 5091, "Layer": "Wall" }, "geometry": { "type": "MultiLineString", "coordinates": [ [ [ 26.693536975413192, 39.315178342825234 ], [ 26.693484556060039, 39.315214024503959 ] ] ] } },
{ "type": "Feature", "properties": { "fid": 5092, "Layer": "Wall" }, "geometry": { "type": "MultiLineString", "coordinates": [ [ [ 26.693535151845566, 39.315176725163916 ], [ 26.693482732502876, 39.315212409542951 ] ] ] } },
{ "type": "Feature", "properties": { "fid": 5093, "Layer": "Wall" }, "geometry": { "type": "MultiLineString", "coordinates": [ [ [ 26.693553755812701, 39.314993535773453 ], [ 26.693521274882162, 39.315015538732318 ] ] ] } },
{ "type": "Feature", "properties": { "fid": 5094, "Layer": "Wall" }, "geometry": { "type": "MultiLineString", "coordinates": [ [ [ 26.693555445143716, 39.314995243571246 ], [ 26.693523094867409, 39.315017158197243 ] ] ] } },
{ "type": "Feature", "properties": { "fid": 5095, "Layer": "Wall" }, "geometry": { "type": "MultiLineString", "coordinates": [ [ [ 26.692875104831, 39.31533698430917 ], [ 26.69284808310703, 39.31534833818796 ] ] ] } },
{ "type": "Feature", "properties": { "fid": 5096, "Layer": "Wall" }, "geometry": { "type": "MultiLineString", "coordinates": [ [ [ 26.692876421627176, 39.315338875176685 ], [ 26.692849401700599, 39.315350229953971 ] ] ] } },
{ "type": "Feature", "properties": { "fid": 5113, "Layer": "Wall" }, "geometry": { "type": "MultiLineString", "coordinates": [ [ [ 26.694831077446302, 39.314895381453127 ], [ 26.694871582684105, 39.314879726022554 ], [ 26.694803380350052, 39.31478459984735 ], [ 26.694757970892663, 39.314804244666668 ] ] ] } },
{ "type": "Feature", "properties": { "fid": 5114, "Layer": "Wall" }, "geometry": { "type": "MultiLineString", "coordinates": [ [ [ 26.694783192347906, 39.314833176901139 ], [ 26.694757970892663, 39.314804244666668 ], [ 26.694711585328335, 39.314820728220951 ], [ 26.694733303874848, 39.314848317981102 ] ] ] } },
{ "type": "Feature", "properties": { "fid": 5117, "Layer": "Wall" }, "geometry": { "type": "MultiLineString", "coordinates": [ [ [ 26.694829843938965, 39.314893456306272 ], [ 26.694867754785744, 39.31487880600811 ], [ 26.6948023092217, 39.314787524459163 ], [ 26.694759316370888, 39.314806123803969 ] ] ] } },
{ "type": "Feature", "properties": { "fid": 5118, "Layer": "Wall" }, "geometry": { "type": "MultiLineString", "coordinates": [ [ [ 26.694780901928898, 39.314834381582919 ], [ 26.694756991383208, 39.314806956763213 ], [ 26.694715575700144, 39.31482167419032 ], [ 26.694735664576164, 39.314847196046799 ] ] ] } },
{ "type": "Feature", "properties": { "fid": 5119, "Layer": "Wall" }, "geometry": { "type": "MultiLineString", "coordinates": [ [ [ 26.694711585328335, 39.314820728220951 ], [ 26.694659005475316, 39.314842178094253 ] ] ] } },
{ "type": "Feature", "properties": { "fid": 5120, "Layer": "Wall" }, "geometry": { "type": "MultiLineString", "coordinates": [ [ [ 26.694683970229324, 39.314779884045926 ], [ 26.694631392185645, 39.314801334816245 ] ] ] } },
{ "type": "Feature", "properties": { "fid": 5121, "Layer": "Wall" }, "geometry": { "type": "MultiLineString", "coordinates": [ [ [ 26.694712871681794, 39.314822630816067 ], [ 26.694660292732014, 39.314844082488861 ] ] ] } },
{ "type": "Feature", "properties": { "fid": 5122, "Layer": "Wall" }, "geometry": { "type": "MultiLineString", "coordinates": [ [ [ 26.694659219226228, 39.314944114183689 ], [ 26.6946706523918, 39.314959412206015 ], [ 26.694728265438037, 39.314935116887341 ] ] ] } },
{ "type": "Feature", "properties": { "fid": 5123, "Layer": "Wall" }, "geometry": { "type": "MultiLineString", "coordinates": [ [ [ 26.6946706523918, 39.314959412206015 ], [ 26.694618291183776, 39.314979096721295 ] ] ] } },
{ "type": "Feature", "properties": { "fid": 5124, "Layer": "Wall" }, "geometry": { "type": "MultiLineString", "coordinates": [ [ [ 26.694661612383868, 39.314943035425863 ], [ 26.694671694949058, 39.314956524525748 ], [ 26.694726944142612, 39.314933226926243 ] ] ] } },
{ "type": "Feature", "properties": { "fid": 5125, "Layer": "Wall" }, "geometry": { "type": "MultiLineString", "coordinates": [ [ [ 26.694669447554485, 39.314957476231008 ], [ 26.694617084552732, 39.314977160747922 ] ] ] } },
{ "type": "Feature", "properties": { "fid": 5126, "Layer": "Wall" }, "geometry": { "type": "MultiLineString", "coordinates": [ [ [ 26.694545673972613, 39.314885854062823 ], [ 26.694495515749406, 39.314904697625231 ] ] ] } },
{ "type": "Feature", "properties": { "fid": 5127, "Layer": "Wall" }, "geometry": { "type": "MultiLineString", "coordinates": [ [ [ 26.694546877914721, 39.314887790938961 ], [ 26.694496719687688, 39.314906633601304 ] ] ] } },
{ "type": "Feature", "properties": { "fid": 5128, "Layer": "Wall" }, "geometry": { "type": "MultiLineString", "coordinates": [ [ [ 26.694378145754122, 39.314953559355061 ], [ 26.694319176208467, 39.314974182472746 ], [ 26.694337065370167, 39.314998523586041 ] ] ] } },
{ "type": "Feature", "properties": { "fid": 5129, "Layer": "Wall" }, "geometry": { "type": "MultiLineString", "coordinates": [ [ [ 26.694319176208467, 39.314974182472746 ], [ 26.694272503648325, 39.314991881458724 ] ] ] } },
{ "type": "Feature", "properties": { "fid": 5130, "Layer": "Wall" }, "geometry": { "type": "MultiLineString", "coordinates": [ [ [ 26.694379280705263, 39.314955520598339 ], [ 26.694323089578749, 39.314975171720228 ], [ 26.694339468439662, 39.314997457421356 ] ] ] } },
{ "type": "Feature", "properties": { "fid": 5131, "Layer": "Wall" }, "geometry": { "type": "MultiLineString", "coordinates": [ [ [ 26.694320390000133, 39.314976114839403 ], [ 26.694273717436214, 39.314993812925309 ] ] ] } },
{ "type": "Feature", "properties": { "fid": 5132, "Layer": "Wall" }, "geometry": { "type": "MultiLineString", "coordinates": [ [ [ 26.69422891776826, 39.315009481292122 ], [ 26.694181342082484, 39.31502507029775 ], [ 26.694198152107958, 39.315047991997737 ] ] ] } },
{ "type": "Feature", "properties": { "fid": 5133, "Layer": "Wall" }, "geometry": { "type": "MultiLineString", "coordinates": [ [ [ 26.694229992680192, 39.315011461493505 ], [ 26.694185289727344, 39.315026109921462 ], [ 26.694211897405946, 39.315062389568375 ] ] ] } },
{ "type": "Feature", "properties": { "fid": 5134, "Layer": "Wall" }, "geometry": { "type": "MultiLineString", "coordinates": [ [ [ 26.694141612353636, 39.315068215019025 ], [ 26.694128685317366, 39.315053593462721 ], [ 26.694070161417518, 39.315084815213282 ], [ 26.694111895980669, 39.315132589140418 ] ] ] } },
{ "type": "Feature", "properties": { "fid": 5135, "Layer": "Wall" }, "geometry": { "type": "MultiLineString", "coordinates": [ [ [ 26.694128685317366, 39.315053593462721 ], [ 26.694181342082484, 39.31502507029775 ] ] ] } },
{ "type": "Feature", "properties": { "fid": 5136, "Layer": "Wall" }, "geometry": { "type": "MultiLineString", "coordinates": [ [ [ 26.694130268996496, 39.315055356264914 ], [ 26.694182924868354, 39.315026834000825 ] ] ] } },
{ "type": "Feature", "properties": { "fid": 5137, "Layer": "Wall" }, "geometry": { "type": "MultiLineString", "coordinates": [ [ [ 26.694168695854817, 39.3151026480597 ], [ 26.694127972379526, 39.315056581654787 ], [ 26.694073995148361, 39.315085376071913 ], [ 26.694114185490704, 39.315131382659857 ] ] ] } },
{ "type": "Feature", "properties": { "fid": 5139, "Layer": "Wall" }, "geometry": { "type": "MultiLineString", "coordinates": [ [ [ 26.694085295507602, 39.315198946988453 ], [ 26.694125700759088, 39.31518054446255 ] ] ] } },
{ "type": "Feature", "properties": { "fid": 5140, "Layer": "Wall" }, "geometry": { "type": "MultiLineString", "coordinates": [ [ [ 26.69408389630474, 39.315197094003537 ], [ 26.694124300652046, 39.315178689678248 ] ] ] } },
{ "type": "Feature", "properties": { "fid": 5142, "Layer": "Wall" }, "geometry": { "type": "MultiLineString", "coordinates": [ [ [ 26.693914561048111, 39.315122478415255 ], [ 26.693895340085238, 39.315131970866211 ], [ 26.693933049733669, 39.315185237501439 ] ] ] } },
{ "type": "Feature", "properties": { "fid": 5143, "Layer": "Wall" }, "geometry": { "type": "MultiLineString", "coordinates": [ [ [ 26.693913074972055, 39.315120665115735 ], [ 26.693891663620313, 39.315131238837608 ], [ 26.693930624126278, 39.315186273081871 ] ] ] } },
{ "type": "Feature", "properties": { "fid": 5144, "Layer": "Wall" }, "geometry": { "type": "MultiLineString", "coordinates": [ [ [ 26.693843802203123, 39.315195708846147 ], [ 26.693863485133797, 39.315219689165701 ] ] ] } },
{ "type": "Feature", "properties": { "fid": 5145, "Layer": "Wall" }, "geometry": { "type": "MultiLineString", "coordinates": [ [ [ 26.693846135853178, 39.315194551832526 ], [ 26.693865818787476, 39.315218533052182 ] ] ] } },
{ "type": "Feature", "properties": { "fid": 5146, "Layer": "Wall" }, "geometry": { "type": "MultiLineString", "coordinates": [ [ [ 26.693891663620313, 39.315131238837608 ], [ 26.693872186529266, 39.315103726212513 ] ] ] } },
{ "type": "Feature", "properties": { "fid": 5147, "Layer": "Wall" }, "geometry": { "type": "MultiLineString", "coordinates": [ [ [ 26.693894088329923, 39.315130203258022 ], [ 26.693874610341421, 39.315102690633786 ] ] ] } },
{ "type": "Feature", "properties": { "fid": 5159, "Layer": "Wall" }, "geometry": { "type": "MultiLineString", "coordinates": [ [ [ 26.692780557340779, 39.316738397101574 ], [ 26.692603979744806, 39.316755098319369 ] ] ] } },
{ "type": "Feature", "properties": { "fid": 5162, "Layer": "Wall" }, "geometry": { "type": "MultiLineString", "coordinates": [ [ [ 26.692780891786249, 39.316740531006275 ], [ 26.692604313292797, 39.316757232224937 ] ] ] } },
{ "type": "Feature", "properties": { "fid": 5171, "Layer": "Wall" }, "geometry": { "type": "MultiLineString", "coordinates": [ [ [ 26.693063485179994, 39.316600074992088 ], [ 26.692976765555475, 39.316614067100652 ] ] ] } },
{ "type": "Feature", "properties": { "fid": 5172, "Layer": "Wall" }, "geometry": { "type": "MultiLineString", "coordinates": [ [ [ 26.693064048289962, 39.31660218078266 ], [ 26.692977327767998, 39.31661617289209 ] ] ] } },
{ "type": "Feature", "properties": { "fid": 5181, "Layer": "Wall" }, "geometry": { "type": "MultiLineString", "coordinates": [ [ [ 26.692064738545664, 39.316529642514304 ], [ 26.692048720048792, 39.316472774303008 ], [ 26.692301143202037, 39.316414600124354 ], [ 26.692326996477487, 39.316474746583431 ] ] ] } },
{ "type": "Feature", "properties": { "fid": 5182, "Layer": "Wall" }, "geometry": { "type": "MultiLineString", "coordinates": [ [ [ 26.692067443484529, 39.316529184563862 ], [ 26.692051974064238, 39.316474267333774 ], [ 26.692299365922416, 39.316417250844083 ], [ 26.692324371308331, 39.316475427693589 ] ] ] } },
{ "type": "Feature", "properties": { "fid": 5184, "Layer": "Wall" }, "geometry": { "type": "MultiLineString", "coordinates": [ [ [ 26.6921028255687, 39.316682142946583 ], [ 26.692408087086115, 39.316624021052178 ] ] ] } },
{ "type": "Feature", "properties": { "fid": 5201, "Layer": "Wall" }, "geometry": { "type": "MultiLineString", "coordinates": [ [ [ 26.691574668344295, 39.316842968327855 ], [ 26.691741082007923, 39.316821003553741 ] ] ] } },
{ "type": "Feature", "properties": { "fid": 5202, "Layer": "Wall" }, "geometry": { "type": "MultiLineString", "coordinates": [ [ [ 26.691574205667987, 39.316840849842983 ], [ 26.691740619324953, 39.316818883268603 ] ] ] } },
{ "type": "Feature", "properties": { "fid": 5209, "Layer": "Wall" }, "geometry": { "type": "MultiLineString", "coordinates": [ [ [ 26.691521630129213, 39.316384543979609 ], [ 26.691389490309511, 39.316425204523775 ] ] ] } },
{ "type": "Feature", "properties": { "fid": 5210, "Layer": "Wall" }, "geometry": { "type": "MultiLineString", "coordinates": [ [ [ 26.691448161512362, 39.31658103186048 ], [ 26.691608511071898, 39.316543910839151 ] ] ] } },
{ "type": "Feature", "properties": { "fid": 5211, "Layer": "Wall" }, "geometry": { "type": "MultiLineString", "coordinates": [ [ [ 26.69144737070398, 39.316578971285054 ], [ 26.691607721160711, 39.316541850262901 ] ] ] } },
{ "type": "Feature", "properties": { "fid": 5212, "Layer": "Wall" }, "geometry": { "type": "MultiLineString", "coordinates": [ [ [ 26.691522649473225, 39.316386542236273 ], [ 26.69139051055069, 39.316427202779565 ] ] ] } },
{ "type": "Feature", "properties": { "fid": 5223, "Layer": "Wall" }, "geometry": { "type": "MultiLineString", "coordinates": [ [ [ 26.691627196208174, 39.316141930868142 ], [ 26.691651639468049, 39.316190038471284 ] ] ] } },
{ "type": "Feature", "properties": { "fid": 5224, "Layer": "Wall" }, "geometry": { "type": "MultiLineString", "coordinates": [ [ [ 26.691624622582523, 39.31614272084628 ], [ 26.691649066736129, 39.316190827548482 ] ] ] } },
{ "type": "Feature", "properties": { "fid": 5228, "Layer": "Wall" }, "geometry": { "type": "MultiLineString", "coordinates": [ [ [ 26.691569438674819, 39.316023314123285 ], [ 26.691549229493088, 39.315986757622269 ], [ 26.691463575266283, 39.316015331732373 ], [ 26.691486059941685, 39.316058789255038 ] ] ] } },
{ "type": "Feature", "properties": { "fid": 5229, "Layer": "Wall" }, "geometry": { "type": "MultiLineString", "coordinates": [ [ [ 26.691486059941685, 39.316058789255038 ], [ 26.691463575266283, 39.316015331732373 ], [ 26.691162226556081, 39.316111504823262 ], [ 26.691187433574051, 39.316157515320704 ] ] ] } },
{ "type": "Feature", "properties": { "fid": 5230, "Layer": "Wall" }, "geometry": { "type": "MultiLineString", "coordinates": [ [ [ 26.691203765624739, 39.316192438041064 ], [ 26.691162226556081, 39.316111504823262 ], [ 26.691097920012769, 39.316130756466798 ], [ 26.691139218691255, 39.316212428013124 ] ] ] } },
{ "type": "Feature", "properties": { "fid": 5231, "Layer": "Wall" }, "geometry": { "type": "MultiLineString", "coordinates": [ [ [ 26.69120119471248, 39.316193233417266 ], [ 26.691160667719355, 39.316114274159446 ], [ 26.691101513948926, 39.316131984547809 ], [ 26.691141794125482, 39.316211642534213 ] ] ] } },
{ "type": "Feature", "properties": { "fid": 5232, "Layer": "Wall" }, "geometry": { "type": "MultiLineString", "coordinates": [ [ [ 26.691566895767671, 39.316024162581819 ], [ 26.691547779405926, 39.31598958086677 ], [ 26.691467151859325, 39.316016478817218 ], [ 26.691488629041309, 39.316057988479486 ] ] ] } },
{ "type": "Feature", "properties": { "fid": 5253, "Layer": "Wall" }, "geometry": { "type": "MultiLineString", "coordinates": [ [ [ 26.692613735231959, 39.316493549818226 ], [ 26.692712282339745, 39.316462295840587 ] ] ] } },
{ "type": "Feature", "properties": { "fid": 5254, "Layer": "Wall" }, "geometry": { "type": "MultiLineString", "coordinates": [ [ [ 26.692933577233262, 39.316476356037974 ], [ 26.692927139166489, 39.316458570850877 ] ] ] } },
{ "type": "Feature", "properties": { "fid": 5255, "Layer": "Wall" }, "geometry": { "type": "MultiLineString", "coordinates": [ [ [ 26.693034056170461, 39.316457280849527 ], [ 26.69302853865295, 39.316436124724341 ] ] ] } },
{ "type": "Feature", "properties": { "fid": 5256, "Layer": "Wall" }, "geometry": { "type": "MultiLineString", "coordinates": [ [ [ 26.693036769307238, 39.316456853494657 ], [ 26.693031249995371, 39.31643569737119 ] ] ] } },
{ "type": "Feature", "properties": { "fid": 5257, "Layer": "Wall" }, "geometry": { "type": "MultiLineString", "coordinates": [ [ [ 26.692936242245342, 39.316475773004697 ], [ 26.69292980328801, 39.316457989618748 ] ] ] } },
{ "type": "Feature", "properties": { "fid": 5258, "Layer": "Wall" }, "geometry": { "type": "MultiLineString", "coordinates": [ [ [ 26.692628472636329, 39.31664382945894 ], [ 26.692607627271443, 39.316576943623296 ] ] ] } },
{ "type": "Feature", "properties": { "fid": 5259, "Layer": "Wall" }, "geometry": { "type": "MultiLineString", "coordinates": [ [ [ 26.693112813547803, 39.316412166802685 ], [ 26.693098849027891, 39.316360538181343 ], [ 26.693001426925616, 39.31638431555271 ], [ 26.693017998233742, 39.316434902128144 ], [ 26.693112813547803, 39.316412166802685 ] ] ] } },
{ "type": "Feature", "properties": { "fid": 5260, "Layer": "Wall" }, "geometry": { "type": "MultiLineString", "coordinates": [ [ [ 26.692614780567148, 39.316495539949258 ], [ 26.692713327675389, 39.31646428597162 ] ] ] } },
{ "type": "Feature", "properties": { "fid": 5272, "Layer": "Wall" }, "geometry": { "type": "MultiLineString", "coordinates": [ [ [ 26.692616987549215, 39.316349942525484 ], [ 26.69251763255523, 39.316364313470665 ] ] ] } },
{ "type": "Feature", "properties": { "fid": 5273, "Layer": "Wall" }, "geometry": { "type": "MultiLineString", "coordinates": [ [ [ 26.69261749237279, 39.316352056471139 ], [ 26.692518138272401, 39.316366426515337 ] ] ] } },
{ "type": "Feature", "properties": { "fid": 5292, "Layer": "Wall" }, "geometry": { "type": "MultiLineString", "coordinates": [ [ [ 26.692824547116128, 39.316284116067145 ], [ 26.692720523455669, 39.316302390681479 ] ] ] } },
{ "type": "Feature", "properties": { "fid": 5293, "Layer": "Wall" }, "geometry": { "type": "MultiLineString", "coordinates": [ [ [ 26.69277169397964, 39.316066985340711 ], [ 26.692555155682992, 39.316118647465366 ] ] ] } },
{ "type": "Feature", "properties": { "fid": 5294, "Layer": "Wall" }, "geometry": { "type": "MultiLineString", "coordinates": [ [ [ 26.692823935597257, 39.31628201932206 ], [ 26.692719912834278, 39.316300293935512 ] ] ] } },
{ "type": "Feature", "properties": { "fid": 5295, "Layer": "Wall" }, "geometry": { "type": "MultiLineString", "coordinates": [ [ [ 26.69277250719442, 39.31606903959446 ], [ 26.692555968903644, 39.316120703519474 ] ] ] } },
{ "type": "Feature", "properties": { "fid": 5296, "Layer": "Wall" }, "geometry": { "type": "MultiLineString", "coordinates": [ [ [ 26.69263145042132, 39.316102693665641 ], [ 26.692642954225626, 39.316142721858718 ] ] ] } },
{ "type": "Feature", "properties": { "fid": 5297, "Layer": "Wall" }, "geometry": { "type": "MultiLineString", "coordinates": [ [ [ 26.692680902301714, 39.316090896123747 ], [ 26.692693172996893, 39.316133308961135 ] ] ] } },
{ "type": "Feature", "properties": { "fid": 5298, "Layer": "Wall" }, "geometry": { "type": "MultiLineString", "coordinates": [ [ [ 26.69268360270765, 39.316090423774632 ], [ 26.692695874303457, 39.31613283751129 ] ] ] } },
{ "type": "Feature", "properties": { "fid": 5299, "Layer": "Wall" }, "geometry": { "type": "MultiLineString", "coordinates": [ [ [ 26.692634150840057, 39.316102224917088 ], [ 26.692645654644519, 39.316142253110144 ] ] ] } },
{ "type": "Feature", "properties": { "fid": 5300, "Layer": "Wall" }, "geometry": { "type": "MultiLineString", "coordinates": [ [ [ 26.692573730455642, 39.316175856279656 ], [ 26.692588524148899, 39.316221741308297 ], [ 26.69260003369676, 39.316219634330125 ] ] ] } },
{ "type": "Feature", "properties": { "fid": 5301, "Layer": "Wall" }, "geometry": { "type": "MultiLineString", "coordinates": [ [ [ 26.692558598760289, 39.316120076412645 ], [ 26.692590543924386, 39.316219163276202 ], [ 26.692599397969982, 39.316217541207699 ] ] ] } },
{ "type": "Feature", "properties": { "fid": 5303, "Layer": "Wall" }, "geometry": { "type": "MultiLineString", "coordinates": [ [ [ 26.692854080819917, 39.316152385268296 ], [ 26.692812514116024, 39.316165003692461 ], [ 26.692830745862434, 39.316201243349504 ] ] ] } },
{ "type": "Feature", "properties": { "fid": 5304, "Layer": "Wall" }, "geometry": { "type": "MultiLineString", "coordinates": [ [ [ 26.692855087621801, 39.316154387136464 ], [ 26.692816099065247, 39.3161662227782 ], [ 26.692832316311168, 39.316198458699688 ] ] ] } },
{ "type": "Feature", "properties": { "fid": 5305, "Layer": "Wall" }, "geometry": { "type": "MultiLineString", "coordinates": [ [ [ 26.692868306436022, 39.316187532244591 ], [ 26.692832316311168, 39.316198458699688 ] ] ] } },
{ "type": "Feature", "properties": { "fid": 5306, "Layer": "Wall" }, "geometry": { "type": "MultiLineString", "coordinates": [ [ [ 26.692912153341791, 39.316176528360984 ], [ 26.692830745862434, 39.316201243349504 ] ] ] } },
{ "type": "Feature", "properties": { "fid": 5307, "Layer": "Wall" }, "geometry": { "type": "MultiLineString", "coordinates": [ [ [ 26.692497617858585, 39.316129918652713 ], [ 26.692442482704365, 39.316142929386864 ] ] ] } },
{ "type": "Feature", "properties": { "fid": 5308, "Layer": "Wall" }, "geometry": { "type": "MultiLineString", "coordinates": [ [ [ 26.692519400613886, 39.316339994789196 ], [ 26.692564160329162, 39.316333249497895 ] ] ] } },
{ "type": "Feature", "properties": { "fid": 5309, "Layer": "Wall" }, "geometry": { "type": "MultiLineString", "coordinates": [ [ [ 26.692515461255752, 39.316184885911206 ], [ 26.692551307127875, 39.316281785471944 ] ] ] } },
{ "type": "Feature", "properties": { "fid": 5310, "Layer": "Wall" }, "geometry": { "type": "MultiLineString", "coordinates": [ [ [ 26.692498421217287, 39.316131976516168 ], [ 26.69244328785042, 39.316144985448439 ] ] ] } },
{ "type": "Feature", "properties": { "fid": 5311, "Layer": "Wall" }, "geometry": { "type": "MultiLineString", "coordinates": [ [ [ 26.692518873375782, 39.316337884464659 ], [ 26.692563633087616, 39.316331138273192 ] ] ] } },
{ "type": "Feature", "properties": { "fid": 5312, "Layer": "Wall" }, "geometry": { "type": "MultiLineString", "coordinates": [ [ [ 26.692512802565059, 39.316185478839479 ], [ 26.692548647542985, 39.316282379301221 ] ] ] } },
{ "type": "Feature", "properties": { "fid": 5313, "Layer": "Wall" }, "geometry": { "type": "MultiLineString", "coordinates": [ [ [ 26.692512802565059, 39.316185478839479 ], [ 26.69249559951615, 39.316132641604675 ] ] ] } },
{ "type": "Feature", "properties": { "fid": 5314, "Layer": "Wall" }, "geometry": { "type": "MultiLineString", "coordinates": [ [ [ 26.692548647542985, 39.316282379301221 ], [ 26.692560927063774, 39.316331546717997 ] ] ] } },
{ "type": "Feature", "properties": { "fid": 5315, "Layer": "Wall" }, "geometry": { "type": "MultiLineString", "coordinates": [ [ [ 26.692470264598118, 39.316221228833776 ], [ 26.692483544974294, 39.316258657615286 ] ] ] } },
{ "type": "Feature", "properties": { "fid": 5316, "Layer": "Wall" }, "geometry": { "type": "MultiLineString", "coordinates": [ [ [ 26.692467597753854, 39.316221800166304 ], [ 26.692480877236093, 39.316259229848832 ] ] ] } },
{ "type": "Feature", "properties": { "fid": 5343, "Layer": "Wall" }, "geometry": { "type": "MultiLineString", "coordinates": [ [ [ 26.692854580402859, 39.31585963406792 ], [ 26.692880051066219, 39.315914319777804 ] ] ] } },
{ "type": "Feature", "properties": { "fid": 5344, "Layer": "Wall" }, "geometry": { "type": "MultiLineString", "coordinates": [ [ [ 26.692670304455362, 39.315975340644435 ], [ 26.692774268748916, 39.315946596657064 ] ] ] } },
{ "type": "Feature", "properties": { "fid": 5345, "Layer": "Wall" }, "geometry": { "type": "MultiLineString", "coordinates": [ [ [ 26.69272645342247, 39.315930050249207 ], [ 26.692739287758819, 39.315956268299544 ] ] ] } },
{ "type": "Feature", "properties": { "fid": 5346, "Layer": "Wall" }, "geometry": { "type": "MultiLineString", "coordinates": [ [ [ 26.692682596014251, 39.315971942158789 ], [ 26.692670221781398, 39.315946660722567 ] ] ] } },
{ "type": "Feature", "properties": { "fid": 5347, "Layer": "Wall" }, "geometry": { "type": "MultiLineString", "coordinates": [ [ [ 26.692630425189883, 39.315960262261015 ], [ 26.692641874003982, 39.315983715479767 ] ] ] } },
{ "type": "Feature", "properties": { "fid": 5348, "Layer": "Wall" }, "geometry": { "type": "MultiLineString", "coordinates": [ [ [ 26.692461246353087, 39.316006572798699 ], [ 26.692429394816642, 39.31593498846798 ] ] ] } },
{ "type": "Feature", "properties": { "fid": 5364, "Layer": "Wall" }, "geometry": { "type": "MultiLineString", "coordinates": [ [ [ 26.6926517321427, 39.315833350216316 ], [ 26.692687345978829, 39.315820869583149 ] ] ] } },
{ "type": "Feature", "properties": { "fid": 5366, "Layer": "Wall" }, "geometry": { "type": "MultiLineString", "coordinates": [ [ [ 26.692637629260755, 39.315707357322609 ], [ 26.692582260093282, 39.315729392095093 ] ] ] } },
{ "type": "Feature", "properties": { "fid": 5367, "Layer": "Wall" }, "geometry": { "type": "MultiLineString", "coordinates": [ [ [ 26.692564049675347, 39.315735322686066 ], [ 26.692466133869019, 39.315769640124515 ] ] ] } },
{ "type": "Feature", "properties": { "fid": 5368, "Layer": "Wall" }, "geometry": { "type": "MultiLineString", "coordinates": [ [ [ 26.69256518909237, 39.315737282126612 ], [ 26.692467273285594, 39.31577159956511 ] ] ] } },
{ "type": "Feature", "properties": { "fid": 5369, "Layer": "Wall" }, "geometry": { "type": "MultiLineString", "coordinates": [ [ [ 26.692638890517483, 39.315709270744492 ], [ 26.692583521349725, 39.315731305517012 ] ] ] } },
{ "type": "Feature", "properties": { "fid": 5370, "Layer": "Wall" }, "geometry": { "type": "MultiLineString", "coordinates": [ [ [ 26.692389279344518, 39.315793110532027 ], [ 26.692310157747013, 39.315820208750175 ] ] ] } },
{ "type": "Feature", "properties": { "fid": 5371, "Layer": "Wall" }, "geometry": { "type": "MultiLineString", "coordinates": [ [ [ 26.692196758201213, 39.315859543330362 ], [ 26.692157522651925, 39.315872005679203 ] ] ] } },
{ "type": "Feature", "properties": { "fid": 5372, "Layer": "Wall" }, "geometry": { "type": "MultiLineString", "coordinates": [ [ [ 26.692197804422253, 39.315861531660893 ], [ 26.692158571570918, 39.315873995807536 ] ] ] } },
{ "type": "Feature", "properties": { "fid": 5373, "Layer": "Wall" }, "geometry": { "type": "MultiLineString", "coordinates": [ [ [ 26.69239039635929, 39.315795077194323 ], [ 26.692311274761423, 39.315822175412457 ] ] ] } },
{ "type": "Feature", "properties": { "fid": 5374, "Layer": "Wall" }, "geometry": { "type": "MultiLineString", "coordinates": [ [ [ 26.692617113334141, 39.315761869243644 ], [ 26.692655583507122, 39.31575202787441 ] ] ] } },
{ "type": "Feature", "properties": { "fid": 5375, "Layer": "Wall" }, "geometry": { "type": "MultiLineString", "coordinates": [ [ [ 26.69260081506555, 39.315763773589481 ], [ 26.69266111685755, 39.315748349354372 ] ] ] } },
{ "type": "Feature", "properties": { "fid": 5384, "Layer": "Wall" }, "geometry": { "type": "MultiLineString", "coordinates": [ [ [ 26.692303475653446, 39.315800466895048 ], [ 26.692269744124083, 39.315811029413489 ] ] ] } },
{ "type": "Feature", "properties": { "fid": 5385, "Layer": "Wall" }, "geometry": { "type": "MultiLineString", "coordinates": [ [ [ 26.692279644553071, 39.315752693581189 ], [ 26.692243662558795, 39.315766041373422 ] ] ] } },
{ "type": "Feature", "properties": { "fid": 5386, "Layer": "Wall" }, "geometry": { "type": "MultiLineString", "coordinates": [ [ [ 26.692302441074737, 39.315798473153038 ], [ 26.692268708648371, 39.315809035672281 ] ] ] } },
{ "type": "Feature", "properties": { "fid": 5387, "Layer": "Wall" }, "geometry": { "type": "MultiLineString", "coordinates": [ [ [ 26.692280838616696, 39.315754632268714 ], [ 26.692244855731811, 39.315767981862052 ] ] ] } },
{ "type": "Feature", "properties": { "fid": 5406, "Layer": "Wall" }, "geometry": { "type": "MultiLineString", "coordinates": [ [ [ 26.69197931540517, 39.315695942409967 ], [ 26.691946486529599, 39.315712848225047 ] ] ] } },
{ "type": "Feature", "properties": { "fid": 5407, "Layer": "Wall" }, "geometry": { "type": "MultiLineString", "coordinates": [ [ [ 26.69203170005094, 39.315667923613184 ], [ 26.692082062508117, 39.3156444982449 ] ] ] } },
{ "type": "Feature", "properties": { "fid": 5408, "Layer": "Wall" }, "geometry": { "type": "MultiLineString", "coordinates": [ [ [ 26.692672682879831, 39.315469974776235 ], [ 26.692702763598806, 39.315533336229237 ] ] ] } },
{ "type": "Feature", "properties": { "fid": 5409, "Layer": "Wall" }, "geometry": { "type": "MultiLineString", "coordinates": [ [ [ 26.692615320543101, 39.315607873643692 ], [ 26.692582167643163, 39.315621109926091 ] ] ] } },
{ "type": "Feature", "properties": { "fid": 5410, "Layer": "Wall" }, "geometry": { "type": "MultiLineString", "coordinates": [ [ [ 26.692614056598728, 39.315605961124355 ], [ 26.692580901901394, 39.315619196508251 ] ] ] } },
{ "type": "Feature", "properties": { "fid": 5411, "Layer": "Wall" }, "geometry": { "type": "MultiLineString", "coordinates": [ [ [ 26.692670085748627, 39.315470717970022 ], [ 26.692700165573356, 39.315534080324085 ] ] ] } },
{ "type": "Feature", "properties": { "fid": 5412, "Layer": "Wall" }, "geometry": { "type": "MultiLineString", "coordinates": [ [ [ 26.692033122527249, 39.315669766677154 ], [ 26.692083484090759, 39.315646342209796 ] ] ] } },
{ "type": "Feature", "properties": { "fid": 5413, "Layer": "Wall" }, "geometry": { "type": "MultiLineString", "coordinates": [ [ [ 26.69198084444939, 39.315697734068621 ], [ 26.691948013776141, 39.315714638985234 ] ] ] } },
{ "type": "Feature", "properties": { "fid": 5414, "Layer": "Wall" }, "geometry": { "type": "MultiLineString", "coordinates": [ [ [ 26.692284637202011, 39.315723355500992 ], [ 26.692257910212561, 39.315732641500851 ] ] ] } },
{ "type": "Feature", "properties": { "fid": 5415, "Layer": "Wall" }, "geometry": { "type": "MultiLineString", "coordinates": [ [ [ 26.692283507644881, 39.315721393350827 ], [ 26.692256781549325, 39.315730678449725 ] ] ] } },
{ "type": "Feature", "properties": { "fid": 5418, "Layer": "Wall" }, "geometry": { "type": "MultiLineString", "coordinates": [ [ [ 26.692484769342723, 39.315535949694393 ], [ 26.692516442345386, 39.315587148007516 ] ] ] } },
{ "type": "Feature", "properties": { "fid": 5419, "Layer": "Wall" }, "geometry": { "type": "MultiLineString", "coordinates": [ [ [ 26.692358263731471, 39.315596922883408 ], [ 26.692383192727924, 39.315630564919935 ] ] ] } },
{ "type": "Feature", "properties": { "fid": 5420, "Layer": "Wall" }, "geometry": { "type": "MultiLineString", "coordinates": [ [ [ 26.692182497022674, 39.315671276755623 ], [ 26.692198806208623, 39.315694910942554 ] ] ] } },
{ "type": "Feature", "properties": { "fid": 5421, "Layer": "Wall" }, "geometry": { "type": "MultiLineString", "coordinates": [ [ [ 26.692184936145722, 39.315670260967387 ], [ 26.692201245331788, 39.31569389515429 ] ] ] } },
{ "type": "Feature", "properties": { "fid": 5422, "Layer": "Wall" }, "geometry": { "type": "MultiLineString", "coordinates": [ [ [ 26.69235586518413, 39.315597994442648 ], [ 26.692380794187034, 39.31563163827947 ] ] ] } },
{ "type": "Feature", "properties": { "fid": 5423, "Layer": "Wall" }, "geometry": { "type": "MultiLineString", "coordinates": [ [ [ 26.692482275177078, 39.315536880020858 ], [ 26.69251394818275, 39.315588079234146 ] ] ] } },
{ "type": "Feature", "properties": { "fid": 5424, "Layer": "Wall" }, "geometry": { "type": "MultiLineString", "coordinates": [ [ [ 26.691999924423072, 39.315832685914678 ], [ 26.691967540182656, 39.315782252460522 ] ] ] } },
{ "type": "Feature", "properties": { "fid": 5427, "Layer": "Wall" }, "geometry": { "type": "MultiLineString", "coordinates": [ [ [ 26.691245924735156, 39.315684962639189 ], [ 26.691362984580287, 39.315784326041125 ], [ 26.691068341018592, 39.315984413193782 ], [ 26.6909571745385, 39.315892130218998 ], [ 26.691245924735156, 39.315684962639189 ] ] ] } },
{ "type": "Feature", "properties": { "fid": 5428, "Layer": "Wall" }, "geometry": { "type": "MultiLineString", "coordinates": [ [ [ 26.691797425287536, 39.315761126840137 ], [ 26.691857149659349, 39.31583517085479 ], [ 26.691886525438633, 39.315877973054249 ], [ 26.691097920012769, 39.316130756466798 ], [ 26.691066899412011, 39.316119884348403 ], [ 26.691045789685617, 39.316124637520112 ], [ 26.691034650572249, 39.316137148775567 ], [ 26.691023740177869, 39.316149404183541 ], [ 26.691017592613612, 39.316165784123491 ], [ 26.691017646915881, 39.316175621613404 ], [ 26.691038251265496, 39.316205255738367 ], [ 26.691074201425955, 39.31624448738215 ], [ 26.691115689447781, 39.31628976102656 ], [ 26.691255700250817, 39.31671567650649 ], [ 26.691238109029936, 39.316885155920545 ] ] ] } },
{ "type": "Feature", "properties": { "fid": 5441, "Layer": "Wall" }, "geometry": { "type": "MultiLineString", "coordinates": [ [ [ 26.691409976918944, 39.315555136335433 ], [ 26.691280281670487, 39.315656725466646 ], [ 26.691397836886082, 39.31575127540868 ], [ 26.691536695143551, 39.31565544770892 ], [ 26.691409976918944, 39.315555136335433 ] ] ] } },
{ "type": "Feature", "properties": { "fid": 5442, "Layer": "Wall" }, "geometry": { "type": "MultiLineString", "coordinates": [ [ [ 26.691795080830317, 39.315762268559595 ], [ 26.691854752032111, 39.315836247813579 ], [ 26.691882644954092, 39.31587689015813 ], [ 26.691652471935917, 39.315950671064591 ] ] ] } },
{ "type": "Feature", "properties": { "fid": 5443, "Layer": "Wall" }, "geometry": { "type": "MultiLineString", "coordinates": [ [ [ 26.69165352712341, 39.31595265848695 ], [ 26.691652471935917, 39.315950671064591 ] ] ] } },
{ "type": "Feature", "properties": { "fid": 5444, "Layer": "Wall" }, "geometry": { "type": "MultiLineString", "coordinates": [ [ [ 26.69109796967269, 39.316128415178561 ], [ 26.691067108068804, 39.316117598722379 ], [ 26.691044073818425, 39.316122785723991 ], [ 26.69103237542884, 39.316135925784835 ], [ 26.691021209515519, 39.316148467669287 ], [ 26.691014824761837, 39.316165481519725 ], [ 26.691014880417146, 39.316176170533005 ], [ 26.691035898728241, 39.316206394764357 ], [ 26.691071947971349, 39.316245734333023 ], [ 26.691113135146789, 39.31629068150572 ], [ 26.691252904597267, 39.316715861799587 ], [ 26.691235350624872, 39.316884982026977 ] ] ] } },
{ "type": "Feature", "properties": { "fid": 5455, "Layer": "Wall" }, "geometry": { "type": "MultiLineString", "coordinates": [ [ [ 26.691094280059662, 39.319253093719169 ], [ 26.691146899882863, 39.319362535421732 ] ] ] } },
{ "type": "Feature", "properties": { "fid": 5456, "Layer": "Wall" }, "geometry": { "type": "MultiLineString", "coordinates": [ [ [ 26.691146899882863, 39.319362535421732 ], [ 26.691502200928184, 39.319248690361206 ] ] ] } },
{ "type": "Feature", "properties": { "fid": 5457, "Layer": "Wall" }, "geometry": { "type": "MultiLineString", "coordinates": [ [ [ 26.691502200928184, 39.319248690361206 ], [ 26.691580144666926, 39.319418011554411 ] ] ] } },
{ "type": "Feature", "properties": { "fid": 5458, "Layer": "Wall" }, "geometry": { "type": "MultiLineString", "coordinates": [ [ [ 26.691580144666926, 39.319418011554411 ], [ 26.691057704722166, 39.319585542484873 ] ] ] } },
{ "type": "Feature", "properties": { "fid": 5459, "Layer": "Wall" }, "geometry": { "type": "MultiLineString", "coordinates": [ [ [ 26.691057704722166, 39.319585542484873 ], [ 26.691003109933334, 39.31948281128669 ] ] ] } },
{ "type": "Feature", "properties": { "fid": 5460, "Layer": "Wall" }, "geometry": { "type": "MultiLineString", "coordinates": [ [ [ 26.691003109933334, 39.31948281128669 ], [ 26.690842557135554, 39.31943662894107 ] ] ] } },
{ "type": "Feature", "properties": { "fid": 5461, "Layer": "Wall" }, "geometry": { "type": "MultiLineString", "coordinates": [ [ [ 26.690842557135554, 39.31943662894107 ], [ 26.690825484564861, 39.319407797250818 ] ] ] } },
{ "type": "Feature", "properties": { "fid": 5462, "Layer": "Wall" }, "geometry": { "type": "MultiLineString", "coordinates": [ [ [ 26.690825484564861, 39.319407797250818 ], [ 26.69105334171654, 39.319326559379462 ] ] ] } },
{ "type": "Feature", "properties": { "fid": 5463, "Layer": "Wall" }, "geometry": { "type": "MultiLineString", "coordinates": [ [ [ 26.69105334171654, 39.319326559379462 ], [ 26.691094280059662, 39.319253093719169 ] ] ] } },
{ "type": "Feature", "properties": { "fid": 5466, "Layer": "Wall" }, "geometry": { "type": "MultiLineString", "coordinates": [ [ [ 26.69110214629012, 39.319154806714614 ], [ 26.691383640365405, 39.319055489959801 ] ] ] } },
{ "type": "Feature", "properties": { "fid": 5481, "Layer": "Wall" }, "geometry": { "type": "MultiLineString", "coordinates": [ [ [ 26.697413503437033, 39.327810145958175 ], [ 26.697217508311546, 39.327697698772845 ], [ 26.697089896543584, 39.327618583746045 ], [ 26.696767054411929, 39.327389057556864 ], [ 26.696681954675704, 39.327242800184401 ], [ 26.696465251989608, 39.3268379991123 ], [ 26.696399870424031, 39.326685906161181 ], [ 26.69631155466017, 39.326501284376157 ], [ 26.696295310989694, 39.326467327122494 ], [ 26.6962779708625, 39.326424159965555 ], [ 26.696253611835829, 39.32636351089743 ], [ 26.696222246514299, 39.326289636572611 ], [ 26.696201312034532, 39.326255374030289 ], [ 26.696066115212613, 39.32613930289979 ], [ 26.696011606429828, 39.326109082386118 ], [ 26.695939598227294, 39.326058886434652 ], [ 26.695882202799066, 39.325990174101271 ], [ 26.695805840350172, 39.325885291848344 ], [ 26.695725063232484, 39.325796264771299 ], [ 26.695696202624919, 39.325772710176643 ], [ 26.695649160386957, 39.325733551749252 ], [ 26.695574461595971, 39.325669653047292 ], [ 26.695502602831247, 39.325607971400544 ], [ 26.695418278075802, 39.325538345128386 ], [ 26.69540091777877, 39.325524012396713 ], [ 26.695318793709028, 39.325440670758525 ], [ 26.695200554463085, 39.325319079547093 ], [ 26.695149282098399, 39.325246394648481 ], [ 26.695078385122155, 39.325187623924378 ], [ 26.694951166050569, 39.325080677764937 ], [ 26.69487062959054, 39.325007133247908 ], [ 26.694806763241399, 39.32494881142604 ], [ 26.694746617482711, 39.32491851226996 ], [ 26.694553937007782, 39.324587291391751 ], [ 26.694569924732637, 39.324505990415709 ], [ 26.694372665475502, 39.324164703786117 ], [ 26.694229338941323, 39.323979499326349 ], [ 26.694005371235555, 39.323826379117051 ], [ 26.693939107320222, 39.323800671488051 ], [ 26.693880027028843, 39.32378492877632 ], [ 26.693849743377307, 39.323781256268958 ], [ 26.693743851263445, 39.323776242897395 ], [ 26.693719714720693, 39.323762569771816 ], [ 26.693592988507255, 39.323555079611033 ], [ 26.693447916435609, 39.323544937324868 ], [ 26.693427299432589, 39.323534783113395 ], [ 26.693318678625175, 39.323370089501488 ], [ 26.693171172367439, 39.323156894193396 ], [ 26.693179185652838, 39.323127649917296 ], [ 26.693259529795547, 39.323006586839618 ], [ 26.693264414839515, 39.322783710786261 ], [ 26.693244221357897, 39.322720821473347 ], [ 26.693059559501464, 39.322407886447749 ], [ 26.693081504259542, 39.322364898812808 ], [ 26.692995866292158, 39.322191025591124 ], [ 26.692921679253505, 39.322169341318983 ], [ 26.69290395175102, 39.32215637239441 ], [ 26.692848481636943, 39.322066757334127 ], [ 26.692792127195521, 39.322033881600277 ], [ 26.692774765761019, 39.322015642995531 ], [ 26.692591122491276, 39.321531816408452 ], [ 26.692591896569141, 39.321487876003374 ], [ 26.692453670014967, 39.321124140898249 ], [ 26.692434491839993, 39.321108682615119 ], [ 26.692247756181736, 39.321087129491673 ], [ 26.692213630786281, 39.321068483173946 ], [ 26.692162744348504, 39.320962796386858 ], [ 26.692145289964056, 39.320948393263308 ], [ 26.692075567387491, 39.32090877063316 ], [ 26.692024214313442, 39.320819817622059 ], [ 26.692001713708478, 39.320799177638044 ], [ 26.691923020729682, 39.320768650920492 ], [ 26.691894640581765, 39.320743729920324 ], [ 26.69179564459224, 39.320543907696148 ], [ 26.691764297712091, 39.32052764864445 ], [ 26.69168929213081, 39.320524105272661 ], [ 26.691638609938021, 39.320499518874122 ], [ 26.691502930810444, 39.320261986034382 ], [ 26.691546891635049, 39.320092274992149 ], [ 26.691526633199953, 39.320022692907266 ], [ 26.691319421832223, 39.319578642249645 ], [ 26.691064237521427, 39.319653126314272 ], [ 26.69101176563256, 39.319636443758235 ], [ 26.690948090853865, 39.319518937169192 ], [ 26.690877749983201, 39.319495216690683 ], [ 26.690842471558792, 39.319505843587983 ], [ 26.690805778746448, 39.319494595932937 ], [ 26.690596539690443, 39.319141252957955 ], [ 26.690552540397523, 39.319156975394485 ], [ 26.690436756009714, 39.319122163794646 ], [ 26.690380268196652, 39.319054105491809 ], [ 26.690395445304784, 39.319046505270251 ], [ 26.690376976202348, 39.319024253000464 ], [ 26.690433385066171, 39.319000465712598 ], [ 26.690395243048009, 39.318936165714334 ], [ 26.690476973551931, 39.318906911201658 ], [ 26.690399145355133, 39.318779431469522 ] ] ] } },
{ "type": "Feature", "properties": { "fid": 5486, "Layer": "Wall" }, "geometry": { "type": "MultiLineString", "coordinates": [ [ [ 26.690736852773668, 39.318928178641322 ], [ 26.690696009152514, 39.318854338837511 ] ] ] } },
{ "type": "Feature", "properties": { "fid": 5516, "Layer": "Wall" }, "geometry": { "type": "MultiLineString", "coordinates": [ [ [ 26.691384663345957, 39.318394370260698 ], [ 26.690797707516158, 39.318635584959942 ], [ 26.690810128534842, 39.318653825505152 ], [ 26.691384895772924, 39.31843772123873 ] ] ] } },
{ "type": "Feature", "properties": { "fid": 5558, "Layer": "Wall" }, "geometry": { "type": "MultiLineString", "coordinates": [ [ [ 26.692908423140928, 39.318444112856781 ], [ 26.69297391804951, 39.318438511475776 ] ] ] } },
{ "type": "Feature", "properties": { "fid": 5559, "Layer": "Wall" }, "geometry": { "type": "MultiLineString", "coordinates": [ [ [ 26.692908875550383, 39.318445876697275 ], [ 26.692974425167222, 39.318440270765358 ] ] ] } },
{ "type": "Feature", "properties": { "fid": 5560, "Layer": "Wall" }, "geometry": { "type": "MultiLineString", "coordinates": [ [ [ 26.692909326162273, 39.318447639639345 ], [ 26.69297493048736, 39.318442029156458 ] ] ] } },
{ "type": "Feature", "properties": { "fid": 5561, "Layer": "Wall" }, "geometry": { "type": "MultiLineString", "coordinates": [ [ [ 26.692909777677976, 39.318449404380793 ], [ 26.692975435814194, 39.318443789347867 ] ] ] } },
{ "type": "Feature", "properties": { "fid": 5562, "Layer": "Wall" }, "geometry": { "type": "MultiLineString", "coordinates": [ [ [ 26.692910229187039, 39.318451167322038 ], [ 26.692975942028117, 39.318445546838007 ] ] ] } },
{ "type": "Feature", "properties": { "fid": 5564, "Layer": "Wall" }, "geometry": { "type": "MultiLineString", "coordinates": [ [ [ 26.692874834496614, 39.318998018313295 ], [ 26.692888870275699, 39.31903289266652 ], [ 26.69297629314983, 39.319011661984796 ], [ 26.6929635756373, 39.318980277125775 ] ] ] } },
{ "type": "Feature", "properties": { "fid": 5565, "Layer": "Wall" }, "geometry": { "type": "MultiLineString", "coordinates": [ [ [ 26.692915117956417, 39.318495313340442 ], [ 26.693060971868203, 39.318927812651935 ] ] ] } },
{ "type": "Feature", "properties": { "fid": 5566, "Layer": "Wall" }, "geometry": { "type": "MultiLineString", "coordinates": [ [ [ 26.693008586081092, 39.318559129536048 ], [ 26.693105216343064, 39.318851296019339 ] ] ] } },
{ "type": "Feature", "properties": { "fid": 5620, "Layer": "Wall" }, "geometry": { "type": "MultiLineString", "coordinates": [ [ [ 26.693196219834519, 39.319456297868598 ], [ 26.693229280724402, 39.319520742883995 ] ] ] } },
{ "type": "Feature", "properties": { "fid": 5621, "Layer": "Wall" }, "geometry": { "type": "MultiLineString", "coordinates": [ [ [ 26.693193648919028, 39.319457094145754 ], [ 26.693226708914921, 39.319521540062119 ] ] ] } },
{ "type": "Feature", "properties": { "fid": 5650, "Layer": "Wall" }, "geometry": { "type": "MultiLineString", "coordinates": [ [ [ 26.694149421866936, 39.31987032353225 ], [ 26.694123883598461, 39.319722507061897 ], [ 26.694019175207504, 39.3197228464307 ], [ 26.693789837181569, 39.319723585751177 ] ] ] } },
{ "type": "Feature", "properties": { "fid": 5651, "Layer": "Wall" }, "geometry": { "type": "MultiLineString", "coordinates": [ [ [ 26.69414667857421, 39.319870608697116 ], [ 26.694121463955511, 39.319724665098526 ], [ 26.694019187676332, 39.319724995028515 ], [ 26.693790105336753, 39.319725735013982 ] ] ] } },
{ "type": "Feature", "properties": { "fid": 5652, "Layer": "Wall" }, "geometry": { "type": "MultiLineString", "coordinates": [ [ [ 26.69414667857421, 39.319870608697116 ], [ 26.694149421866936, 39.31987032353225 ] ] ] } },
{ "type": "Feature", "properties": { "fid": 5653, "Layer": "Wall" }, "geometry": { "type": "MultiLineString", "coordinates": [ [ [ 26.693665916463925, 39.319769174250268 ], [ 26.693701275529556, 39.319960887306756 ] ] ] } },
{ "type": "Feature", "properties": { "fid": 5655, "Layer": "Wall" }, "geometry": { "type": "MultiLineString", "coordinates": [ [ [ 26.693859853947412, 39.319560723005416 ], [ 26.693821695039684, 39.319570609120539 ] ] ] } },
{ "type": "Feature", "properties": { "fid": 5656, "Layer": "Wall" }, "geometry": { "type": "MultiLineString", "coordinates": [ [ [ 26.69386072905176, 39.319562761894531 ], [ 26.693822570143872, 39.319572648009675 ] ] ] } },
{ "type": "Feature", "properties": { "fid": 5665, "Layer": "Wall" }, "geometry": { "type": "MultiLineString", "coordinates": [ [ [ 26.694300058903959, 39.319463626966545 ], [ 26.694335220757786, 39.319493871371684 ] ] ] } },
{ "type": "Feature", "properties": { "fid": 5666, "Layer": "Wall" }, "geometry": { "type": "MultiLineString", "coordinates": [ [ [ 26.694298004411529, 39.319465066364643 ], [ 26.694333167172122, 39.319495313469382 ] ] ] } },
{ "type": "Feature", "properties": { "fid": 5669, "Layer": "Wall" }, "geometry": { "type": "MultiLineString", "coordinates": [ [ [ 26.690072048360445, 39.313603804993178 ], [ 26.690020542238006, 39.313658329155352 ], [ 26.68997942524387, 39.313560566708368 ], [ 26.689987961923766, 39.313549301823365 ] ] ] } },
{ "type": "Feature", "properties": { "fid": 5670, "Layer": "Wall" }, "geometry": { "type": "MultiLineString", "coordinates": [ [ [ 26.690069818785368, 39.313602533354114 ], [ 26.690021498440355, 39.313653681797746 ], [ 26.689982442326038, 39.313560821375475 ], [ 26.689990114806434, 39.313550697750856 ] ] ] } },
{ "type": "Feature", "properties": { "fid": 5680, "Layer": "Wall" }, "geometry": { "type": "MultiLineString", "coordinates": [ [ [ 26.690400108117291, 39.313830123635555 ], [ 26.69017861355012, 39.31396495700087 ], [ 26.690227225914519, 39.314052287257148 ] ] ] } },
{ "type": "Feature", "properties": { "fid": 5681, "Layer": "Wall" }, "geometry": { "type": "MultiLineString", "coordinates": [ [ [ 26.690401814422984, 39.313831815216716 ], [ 26.690181999980432, 39.313965625389805 ], [ 26.690229764317078, 39.31405143340185 ] ] ] } },
{ "type": "Feature", "properties": { "fid": 5682, "Layer": "Wall" }, "geometry": { "type": "MultiLineString", "coordinates": [ [ [ 26.690322613986176, 39.314001380038263 ], [ 26.690256115276028, 39.313920509346843 ] ] ] } },
{ "type": "Feature", "properties": { "fid": 5683, "Layer": "Wall" }, "geometry": { "type": "MultiLineString", "coordinates": [ [ [ 26.690303956938781, 39.313978692244248 ], [ 26.690428586411464, 39.313910689883983 ] ] ] } },
{ "type": "Feature", "properties": { "fid": 5684, "Layer": "Wall" }, "geometry": { "type": "MultiLineString", "coordinates": [ [ [ 26.690428586411464, 39.313910689883983 ], [ 26.690372953340706, 39.313849385281472 ] ] ] } },
{ "type": "Feature", "properties": { "fid": 5685, "Layer": "Wall" }, "geometry": { "type": "MultiLineString", "coordinates": [ [ [ 26.690320282149809, 39.314002537948348 ], [ 26.690253783436194, 39.313921666356826 ] ] ] } },
{ "type": "Feature", "properties": { "fid": 5690, "Layer": "Wall" }, "geometry": { "type": "MultiLineString", "coordinates": [ [ [ 26.69055746003227, 39.314006986480408 ], [ 26.690262718004572, 39.314157640299605 ], [ 26.690307614718094, 39.3142795228324 ], [ 26.690479664334749, 39.314202495416581 ] ] ] } },
{ "type": "Feature", "properties": { "fid": 5691, "Layer": "Wall" }, "geometry": { "type": "MultiLineString", "coordinates": [ [ [ 26.690558979217332, 39.314008780848589 ], [ 26.690265936732661, 39.314158568080671 ], [ 26.690309300119914, 39.314276286211204 ], [ 26.690478282153759, 39.314200631612458 ] ] ] } },
{ "type": "Feature", "properties": { "fid": 5692, "Layer": "Wall" }, "geometry": { "type": "MultiLineString", "coordinates": [ [ [ 26.690456314136778, 39.314109810479614 ], [ 26.690278423487946, 39.314192462780845 ] ] ] } },
{ "type": "Feature", "properties": { "fid": 5693, "Layer": "Wall" }, "geometry": { "type": "MultiLineString", "coordinates": [ [ [ 26.690346299215683, 39.314160925553757 ], [ 26.690393790699371, 39.314238459811392 ] ] ] } },
{ "type": "Feature", "properties": { "fid": 5702, "Layer": "Wall" }, "geometry": { "type": "MultiLineString", "coordinates": [ [ [ 26.690637576996423, 39.314406117785062 ], [ 26.690749611426003, 39.314355032365242 ] ] ] } },
{ "type": "Feature", "properties": { "fid": 5703, "Layer": "Wall" }, "geometry": { "type": "MultiLineString", "coordinates": [ [ [ 26.690636176910434, 39.314404263898666 ], [ 26.690748211343436, 39.314353179378983 ] ] ] } },
{ "type": "Feature", "properties": { "fid": 5704, "Layer": "Wall" }, "geometry": { "type": "MultiLineString", "coordinates": [ [ [ 26.690702274519438, 39.314321260569784 ], [ 26.690647866437757, 39.314347447646938 ] ] ] } },
{ "type": "Feature", "properties": { "fid": 5705, "Layer": "Wall" }, "geometry": { "type": "MultiLineString", "coordinates": [ [ [ 26.690700817114028, 39.314319432839859 ], [ 26.690646408138541, 39.314345620817974 ] ] ] } },
{ "type": "Feature", "properties": { "fid": 5706, "Layer": "Wall" }, "geometry": { "type": "MultiLineString", "coordinates": [ [ [ 26.690675077771715, 39.314223315190034 ], [ 26.690690338579465, 39.314245841380725 ] ] ] } },
{ "type": "Feature", "properties": { "fid": 5707, "Layer": "Wall" }, "geometry": { "type": "MultiLineString", "coordinates": [ [ [ 26.690690338579465, 39.314245841380725 ], [ 26.690560156895035, 39.31429905697027 ] ] ] } },
{ "type": "Feature", "properties": { "fid": 5708, "Layer": "Wall" }, "geometry": { "type": "MultiLineString", "coordinates": [ [ [ 26.690691627602188, 39.314247743976189 ], [ 26.690561446811657, 39.314300958664724 ] ] ] } },
{ "type": "Feature", "properties": { "fid": 5713, "Layer": "Wall" }, "geometry": { "type": "MultiLineString", "coordinates": [ [ [ 26.690417360126769, 39.314364742870033 ], [ 26.69040450737501, 39.314347847493806 ], [ 26.690317457348669, 39.314363109938618 ], [ 26.690320655394643, 39.314381990868199 ] ] ] } },
{ "type": "Feature", "properties": { "fid": 5714, "Layer": "Wall" }, "geometry": { "type": "MultiLineString", "coordinates": [ [ [ 26.690414979609479, 39.314365836915499 ], [ 26.690403151871983, 39.314350289895799 ], [ 26.690320530768123, 39.314364773260905 ], [ 26.69032339955918, 39.314381709307895 ] ] ] } },
{ "type": "Feature", "properties": { "fid": 5734, "Layer": "Wall" }, "geometry": { "type": "MultiLineString", "coordinates": [ [ [ 26.690912982396341, 39.315089757247144 ], [ 26.690930939117418, 39.315116672708456 ] ] ] } },
{ "type": "Feature", "properties": { "fid": 5735, "Layer": "Wall" }, "geometry": { "type": "MultiLineString", "coordinates": [ [ [ 26.690910525235349, 39.315090746047474 ], [ 26.690928481956433, 39.315117661508772 ] ] ] } },
{ "type": "Feature", "properties": { "fid": 5736, "Layer": "Wall" }, "geometry": { "type": "MultiLineString", "coordinates": [ [ [ 26.69079631301943, 39.315134180546011 ], [ 26.690837897876452, 39.31519378150805 ] ] ] } },
{ "type": "Feature", "properties": { "fid": 5737, "Layer": "Wall" }, "geometry": { "type": "MultiLineString", "coordinates": [ [ [ 26.690793881110849, 39.315135205328403 ], [ 26.69083546417037, 39.315194805391947 ] ] ] } },
{ "type": "Feature", "properties": { "fid": 5739, "Layer": "Wall" }, "geometry": { "type": "MultiLineString", "coordinates": [ [ [ 26.690766855194873, 39.315145398028726 ], [ 26.690721596455127, 39.315162726610431 ] ] ] } },
{ "type": "Feature", "properties": { "fid": 5740, "Layer": "Wall" }, "geometry": { "type": "MultiLineString", "coordinates": [ [ [ 26.690814670848031, 39.315165005811913 ], [ 26.69074177615207, 39.315194956209616 ] ] ] } },
{ "type": "Feature", "properties": { "fid": 5741, "Layer": "Wall" }, "geometry": { "type": "MultiLineString", "coordinates": [ [ [ 26.690744225823355, 39.315154061869542 ], [ 26.690765448540297, 39.315185229255754 ] ] ] } },
{ "type": "Feature", "properties": { "fid": 5746, "Layer": "Wall" }, "geometry": { "type": "MultiLineString", "coordinates": [ [ [ 26.690801508131933, 39.315805713746357 ], [ 26.690837710256911, 39.31585802767794 ], [ 26.690840147573507, 39.315857010091776 ], [ 26.690803223424119, 39.315804496993785 ] ] ] } },
{ "type": "Feature", "properties": { "fid": 5747, "Layer": "Wall" }, "geometry": { "type": "MultiLineString", "coordinates": [ [ [ 26.691115525826657, 39.315583243232908 ], [ 26.691179652125179, 39.315630045227138 ], [ 26.691177345508827, 39.315631230117937 ], [ 26.691112610625837, 39.31558530901134 ] ] ] } },
{ "type": "Feature", "properties": { "fid": 5748, "Layer": "Wall" }, "geometry": { "type": "MultiLineString", "coordinates": [ [ [ 26.690837710256911, 39.31585802767794 ], [ 26.690872585898937, 39.315898786934781 ], [ 26.691000030148867, 39.316041895309631 ], [ 26.69100545610906, 39.316048004023543 ], [ 26.691007177426162, 39.316051573266087 ], [ 26.691007197561625, 39.31605532229645 ], [ 26.691005015251729, 39.316058827612629 ], [ 26.690996614304396, 39.316063609623548 ], [ 26.690989808555475, 39.31606526581276 ], [ 26.690981259454777, 39.316067343063764 ], [ 26.690971079902322, 39.316067376712084 ], [ 26.690962845059794, 39.316064185203366 ], [ 26.690922467884977, 39.316034254182583 ], [ 26.690914512048387, 39.316025236764922 ], [ 26.690901200433466, 39.316006282308372 ], [ 26.690878836685897, 39.315973452529029 ], [ 26.690845837963323, 39.315922292327208 ], [ 26.690569075126948, 39.315573006310416 ], [ 26.690565934252568, 39.315562555962849 ], [ 26.690563739959643, 39.315548980388613 ], [ 26.69056367257264, 39.315536813368418 ], [ 26.690563616032374, 39.315525882219262 ], [ 26.690565897942946, 39.315515583516301 ], [ 26.690569754414113, 39.315502157209949 ], [ 26.69057407857164, 39.315492206783439 ], [ 26.690580261635507, 39.315480331068564 ], [ 26.690587777198878, 39.315469499183543 ], [ 26.690593019181001, 39.31546539337058 ], [ 26.690598231647872, 39.315461311888278 ], [ 26.690604906282555, 39.315457676429205 ], [ 26.690679768070762, 39.315424247917846 ], [ 26.690793256697589, 39.315370968443013 ], [ 26.690868687416256, 39.315336608672339 ], [ 26.690982617324224, 39.315282569980162 ], [ 26.691136497520695, 39.315211885377899 ] ] ] } },
{ "type": "Feature", "properties": { "fid": 5750, "Layer": "Wall" }, "geometry": { "type": "MultiLineString", "coordinates": [ [ [ 26.691100030891402, 39.315610007576069 ], [ 26.690844224215965, 39.315788093158389 ], [ 26.690863901915076, 39.315820181895837 ], [ 26.690866028501997, 39.315827330590679 ], [ 26.690866061834459, 39.31583368008986 ], [ 26.69086213400675, 39.315839691175263 ], [ 26.69085715164535, 39.315844862505649 ], [ 26.690840147573507, 39.315857010091776 ] ] ] } },
{ "type": "Feature", "properties": { "fid": 5751, "Layer": "Wall" }, "geometry": { "type": "MultiLineString", "coordinates": [ [ [ 26.690871622707544, 39.315897659953869 ], [ 26.691210487194109, 39.315656503299031 ], [ 26.691177345508827, 39.315631230117937 ] ] ] } },
{ "type": "Feature", "properties": { "fid": 5752, "Layer": "Wall" }, "geometry": { "type": "MultiLineString", "coordinates": [ [ [ 26.691177345508827, 39.315631230117937 ], [ 26.69116830927485, 39.315632824445814 ], [ 26.691159062460901, 39.315640069094663 ], [ 26.691100030891402, 39.315610007576069 ] ] ] } },
{ "type": "Feature", "properties": { "fid": 5764, "Layer": "Wall" }, "geometry": { "type": "MultiLineString", "coordinates": [ [ [ 26.691172642133733, 39.315578126656469 ], [ 26.691254636558941, 39.315635875852571 ], [ 26.691356015873662, 39.315557605429497 ] ] ] } },
{ "type": "Feature", "properties": { "fid": 5765, "Layer": "Wall" }, "geometry": { "type": "MultiLineString", "coordinates": [ [ [ 26.691174501367126, 39.315576532616404 ], [ 26.691254549350962, 39.315632911798495 ], [ 26.691354063477355, 39.315556080598277 ] ] ] } },
{ "type": "Feature", "properties": { "fid": 5766, "Layer": "Wall" }, "geometry": { "type": "MultiLineString", "coordinates": [ [ [ 26.691032467483804, 39.315269108650796 ], [ 26.690978240734587, 39.315300183277905 ] ] ] } },
{ "type": "Feature", "properties": { "fid": 5767, "Layer": "Wall" }, "geometry": { "type": "MultiLineString", "coordinates": [ [ [ 26.69103411202423, 39.315270838094655 ], [ 26.690979883484104, 39.3153019136236 ] ] ] } },
{ "type": "Feature", "properties": { "fid": 5768, "Layer": "Wall" }, "geometry": { "type": "MultiLineString", "coordinates": [ [ [ 26.691083804099588, 39.315315842276249 ], [ 26.691123771257608, 39.315351597529002 ] ] ] } },
{ "type": "Feature", "properties": { "fid": 5769, "Layer": "Wall" }, "geometry": { "type": "MultiLineString", "coordinates": [ [ [ 26.691123771257608, 39.315351597529002 ], [ 26.691145741656815, 39.315335275971186 ] ] ] } },
{ "type": "Feature", "properties": { "fid": 5770, "Layer": "Wall" }, "geometry": { "type": "MultiLineString", "coordinates": [ [ [ 26.691031504221566, 39.315272332907377 ], [ 26.691121680781773, 39.315353007254394 ] ] ] } },
{ "type": "Feature", "properties": { "fid": 5776, "Layer": "Wall" }, "geometry": { "type": "MultiLineString", "coordinates": [ [ [ 26.691696723673029, 39.315616880457831 ], [ 26.691664644439886, 39.315592167986338 ] ] ] } },
{ "type": "Feature", "properties": { "fid": 5777, "Layer": "Wall" }, "geometry": { "type": "MultiLineString", "coordinates": [ [ [ 26.69169867197898, 39.315615355645946 ], [ 26.691666594533284, 39.315590641372559 ] ] ] } },
{ "type": "Feature", "properties": { "fid": 5778, "Layer": "Wall" }, "geometry": { "type": "MultiLineString", "coordinates": [ [ [ 26.691666594533284, 39.315590641372559 ], [ 26.691664644439886, 39.315592167986338 ] ] ] } },
{ "type": "Feature", "properties": { "fid": 5779, "Layer": "Wall" }, "geometry": { "type": "MultiLineString", "coordinates": [ [ [ 26.691594020961947, 39.315535854867939 ], [ 26.691633320176624, 39.315566129827268 ] ] ] } },
{ "type": "Feature", "properties": { "fid": 5780, "Layer": "Wall" }, "geometry": { "type": "MultiLineString", "coordinates": [ [ [ 26.69159207266296, 39.315537381480048 ], [ 26.69163137188087, 39.315567657339507 ] ] ] } },
{ "type": "Feature", "properties": { "fid": 5781, "Layer": "Wall" }, "geometry": { "type": "MultiLineString", "coordinates": [ [ [ 26.691633320176624, 39.315566129827268 ], [ 26.69163137188087, 39.315567657339507 ] ] ] } },
{ "type": "Feature", "properties": { "fid": 5793, "Layer": "Wall" }, "geometry": { "type": "MultiLineString", "coordinates": [ [ [ 26.691774925283621, 39.315265563705076 ], [ 26.691759000521945, 39.315275793922652 ] ] ] } },
{ "type": "Feature", "properties": { "fid": 5794, "Layer": "Wall" }, "geometry": { "type": "MultiLineString", "coordinates": [ [ [ 26.692027155942895, 39.315318993476993 ], [ 26.69207832358774, 39.315365619230981 ] ] ] } },
{ "type": "Feature", "properties": { "fid": 5795, "Layer": "Wall" }, "geometry": { "type": "MultiLineString", "coordinates": [ [ [ 26.691964904984687, 39.315377922859071 ], [ 26.691980189350282, 39.315389583535307 ], [ 26.692047453594331, 39.315337490551819 ] ] ] } },
{ "type": "Feature", "properties": { "fid": 5796, "Layer": "Wall" }, "geometry": { "type": "MultiLineString", "coordinates": [ [ [ 26.691922996385529, 39.315348964491065 ], [ 26.69197824014952, 39.315391109248225 ] ] ] } },
{ "type": "Feature", "properties": { "fid": 5797, "Layer": "Wall" }, "geometry": { "type": "MultiLineString", "coordinates": [ [ [ 26.69202505016025, 39.315320388814634 ], [ 26.692045487334635, 39.315339012679914 ] ] ] } },
{ "type": "Feature", "properties": { "fid": 5798, "Layer": "Wall" }, "geometry": { "type": "MultiLineString", "coordinates": [ [ [ 26.69204728764813, 39.315340652867356 ], [ 26.692076216907704, 39.315367014569482 ] ] ] } },
{ "type": "Feature", "properties": { "fid": 5799, "Layer": "Wall" }, "geometry": { "type": "MultiLineString", "coordinates": [ [ [ 26.691982154265265, 39.315391096653038 ], [ 26.69204728764813, 39.315340652867356 ] ] ] } },
{ "type": "Feature", "properties": { "fid": 5800, "Layer": "Wall" }, "geometry": { "type": "MultiLineString", "coordinates": [ [ [ 26.691739375388249, 39.315366465121372 ], [ 26.691828717361656, 39.315430776726153 ] ] ] } },
{ "type": "Feature", "properties": { "fid": 5801, "Layer": "Wall" }, "geometry": { "type": "MultiLineString", "coordinates": [ [ [ 26.691741255323524, 39.315364889064739 ], [ 26.69183059819094, 39.315429199768531 ] ] ] } },
{ "type": "Feature", "properties": { "fid": 5802, "Layer": "Wall" }, "geometry": { "type": "MultiLineString", "coordinates": [ [ [ 26.691835351729285, 39.315348986454325 ], [ 26.691882296382026, 39.315386819100162 ] ] ] } },
{ "type": "Feature", "properties": { "fid": 5803, "Layer": "Wall" }, "geometry": { "type": "MultiLineString", "coordinates": [ [ [ 26.691837344121147, 39.315347495806883 ], [ 26.691884289667854, 39.315385327551795 ] ] ] } },
{ "type": "Feature", "properties": { "fid": 5804, "Layer": "Wall" }, "geometry": { "type": "MultiLineString", "coordinates": [ [ [ 26.691884289667854, 39.315385327551795 ], [ 26.69193537570991, 39.315424683918025 ] ] ] } },
{ "type": "Feature", "properties": { "fid": 5805, "Layer": "Wall" }, "geometry": { "type": "MultiLineString", "coordinates": [ [ [ 26.691909712511364, 39.315359370510443 ], [ 26.69187983922977, 39.315381741012068 ] ] ] } },
{ "type": "Feature", "properties": { "fid": 5806, "Layer": "Wall" }, "geometry": { "type": "MultiLineString", "coordinates": [ [ [ 26.691907793223749, 39.315357823145781 ], [ 26.691877917247577, 39.315380192749672 ] ] ] } },
{ "type": "Feature", "properties": { "fid": 5807, "Layer": "Wall" }, "geometry": { "type": "MultiLineString", "coordinates": [ [ [ 26.691896445817896, 39.315482955492939 ], [ 26.691905449258179, 39.315489721618555 ] ] ] } },
{ "type": "Feature", "properties": { "fid": 5808, "Layer": "Wall" }, "geometry": { "type": "MultiLineString", "coordinates": [ [ [ 26.691898368928605, 39.31548141000107 ], [ 26.691907373269427, 39.315488177025991 ] ] ] } },
{ "type": "Feature", "properties": { "fid": 5809, "Layer": "Wall" }, "geometry": { "type": "MultiLineString", "coordinates": [ [ [ 26.691776687079319, 39.315267220130416 ], [ 26.691760765008947, 39.315277450345519 ] ] ] } },
{ "type": "Feature", "properties": { "fid": 5829, "Layer": "Wall" }, "geometry": { "type": "MultiLineString", "coordinates": [ [ [ 26.69213287773276, 39.315299304131877 ], [ 26.692106350437019, 39.315278866692758 ] ] ] } },
{ "type": "Feature", "properties": { "fid": 5830, "Layer": "Wall" }, "geometry": { "type": "MultiLineString", "coordinates": [ [ [ 26.692275263871487, 39.315002745570091 ], [ 26.692328030942996, 39.315035726553383 ], [ 26.692342054026827, 39.315049347072993 ] ] ] } },
{ "type": "Feature", "properties": { "fid": 5831, "Layer": "Wall" }, "geometry": { "type": "MultiLineString", "coordinates": [ [ [ 26.692273527840488, 39.315004420509268 ], [ 26.69232606021033, 39.315037252286245 ], [ 26.69233989332233, 39.315050689353406 ] ] ] } },
{ "type": "Feature", "properties": { "fid": 5832, "Layer": "Wall" }, "geometry": { "type": "MultiLineString", "coordinates": [ [ [ 26.692226454876796, 39.315107893382333 ], [ 26.692127163087203, 39.315195646595228 ] ] ] } },
{ "type": "Feature", "properties": { "fid": 5833, "Layer": "Wall" }, "geometry": { "type": "MultiLineString", "coordinates": [ [ [ 26.692113838453686, 39.315072656713433 ], [ 26.692134640125293, 39.315088680662932 ] ] ] } },
{ "type": "Feature", "properties": { "fid": 5834, "Layer": "Wall" }, "geometry": { "type": "MultiLineString", "coordinates": [ [ [ 26.692134640125293, 39.315088680662932 ], [ 26.692095667817707, 39.315119208414032 ] ] ] } },
{ "type": "Feature", "properties": { "fid": 5835, "Layer": "Wall" }, "geometry": { "type": "MultiLineString", "coordinates": [ [ [ 26.692130726012127, 39.315088694158398 ], [ 26.692093702899118, 39.315117694396157 ] ] ] } },
{ "type": "Feature", "properties": { "fid": 5836, "Layer": "Wall" }, "geometry": { "type": "MultiLineString", "coordinates": [ [ [ 26.692111891046988, 39.315074182424723 ], [ 26.692130726012127, 39.315088694158398 ] ] ] } },
{ "type": "Feature", "properties": { "fid": 5837, "Layer": "Wall" }, "geometry": { "type": "MultiLineString", "coordinates": [ [ [ 26.692224376372021, 39.315106473982773 ], [ 26.692125085480072, 39.315194227194723 ] ] ] } },
{ "type": "Feature", "properties": { "fid": 5838, "Layer": "Wall" }, "geometry": { "type": "MultiLineString", "coordinates": [ [ [ 26.692066488594776, 39.315180584592788 ], [ 26.692095885878224, 39.315203230121085 ] ] ] } },
{ "type": "Feature", "properties": { "fid": 5839, "Layer": "Wall" }, "geometry": { "type": "MultiLineString", "coordinates": [ [ [ 26.692064540287653, 39.31518210940483 ], [ 26.692093937580943, 39.315204757633524 ] ] ] } },
{ "type": "Feature", "properties": { "fid": 5840, "Layer": "Wall" }, "geometry": { "type": "MultiLineString", "coordinates": [ [ [ 26.692273646593634, 39.315132942123455 ], [ 26.692233732837671, 39.315102193365512 ] ] ] } },
{ "type": "Feature", "properties": { "fid": 5841, "Layer": "Wall" }, "geometry": { "type": "MultiLineString", "coordinates": [ [ [ 26.692275595788722, 39.315131414610121 ], [ 26.692235682032479, 39.315100665852206 ] ] ] } },
{ "type": "Feature", "properties": { "fid": 5842, "Layer": "Wall" }, "geometry": { "type": "MultiLineString", "coordinates": [ [ [ 26.692070813146135, 39.315306702596246 ], [ 26.692065241965818, 39.315311066150144 ] ] ] } },
{ "type": "Feature", "properties": { "fid": 5843, "Layer": "Wall" }, "geometry": { "type": "MultiLineString", "coordinates": [ [ [ 26.692065241965818, 39.315311066150144 ], [ 26.692089428255148, 39.31533333750744 ] ] ] } },
{ "type": "Feature", "properties": { "fid": 5871, "Layer": "Wall" }, "geometry": { "type": "MultiLineString", "coordinates": [ [ [ 26.691295765802071, 39.315141669296899 ], [ 26.691469008138018, 39.315065737149091 ] ] ] } },
{ "type": "Feature", "properties": { "fid": 5872, "Layer": "Wall" }, "geometry": { "type": "MultiLineString", "coordinates": [ [ [ 26.691297125589916, 39.315143543023261 ], [ 26.691470368816614, 39.31506760907434 ] ] ] } },
{ "type": "Feature", "properties": { "fid": 5873, "Layer": "Wall" }, "geometry": { "type": "MultiLineString", "coordinates": [ [ [ 26.69137755272013, 39.315220471869118 ], [ 26.691384925653178, 39.315226153033706 ], [ 26.691379196082821, 39.31523038081243 ] ] ] } },
{ "type": "Feature", "properties": { "fid": 5874, "Layer": "Wall" }, "geometry": { "type": "MultiLineString", "coordinates": [ [ [ 26.691379500121638, 39.315218945257882 ], [ 26.691388899147761, 39.315226187191371 ], [ 26.691381101057665, 39.315231939892271 ] ] ] } },
{ "type": "Feature", "properties": { "fid": 5875, "Layer": "Wall" }, "geometry": { "type": "MultiLineString", "coordinates": [ [ [ 26.6912400329376, 39.315164533404584 ], [ 26.691185356175819, 39.315186961778792 ], [ 26.691180081094661, 39.315191093726227 ], [ 26.691175827636123, 39.315196141970127 ], [ 26.691175847112493, 39.315199713675575 ], [ 26.69117855801526, 39.315204270354819 ], [ 26.691183588227496, 39.315207678136879 ] ] ] } },
{ "type": "Feature", "properties": { "fid": 5876, "Layer": "Wall" }, "geometry": { "type": "MultiLineString", "coordinates": [ [ [ 26.691241326434767, 39.315166433295644 ], [ 26.691187024111294, 39.315188710103982 ], [ 26.691182242804892, 39.31519245274108 ], [ 26.691178597619363, 39.3151967785208 ], [ 26.69117861029045, 39.315199236769367 ], [ 26.691180821074624, 39.315202951384329 ], [ 26.691185406997697, 39.315206058930201 ] ] ] } },
{ "type": "Feature", "properties": { "fid": 5877, "Layer": "Wall" }, "geometry": { "type": "MultiLineString", "coordinates": [ [ [ 26.691824967407307, 39.315185315110291 ], [ 26.691956577949821, 39.315077608711768 ] ] ] } },
{ "type": "Feature", "properties": { "fid": 5878, "Layer": "Wall" }, "geometry": { "type": "MultiLineString", "coordinates": [ [ [ 26.691947351950159, 39.314832885734447 ], [ 26.691911860243309, 39.314855571038755 ] ] ] } },
{ "type": "Feature", "properties": { "fid": 5879, "Layer": "Wall" }, "geometry": { "type": "MultiLineString", "coordinates": [ [ [ 26.691900006158484, 39.314957204108168 ], [ 26.691944724377272, 39.314988059176038 ] ] ] } },
{ "type": "Feature", "properties": { "fid": 5880, "Layer": "Wall" }, "geometry": { "type": "MultiLineString", "coordinates": [ [ [ 26.69193944786122, 39.314932804926237 ], [ 26.691969051279148, 39.314965838688494 ] ] ] } },
{ "type": "Feature", "properties": { "fid": 5881, "Layer": "Wall" }, "geometry": { "type": "MultiLineString", "coordinates": [ [ [ 26.691584772318151, 39.315167231454417 ], [ 26.691619579818177, 39.315188577630011 ] ] ] } },
{ "type": "Feature", "properties": { "fid": 5882, "Layer": "Wall" }, "geometry": { "type": "MultiLineString", "coordinates": [ [ [ 26.691586485879533, 39.315165545734466 ], [ 26.691621296064344, 39.315186890107341 ] ] ] } },
{ "type": "Feature", "properties": { "fid": 5883, "Layer": "Wall" }, "geometry": { "type": "MultiLineString", "coordinates": [ [ [ 26.691822958660719, 39.315183836237729 ], [ 26.69195457009987, 39.315076129838438 ] ] ] } },
{ "type": "Feature", "properties": { "fid": 5884, "Layer": "Wall" }, "geometry": { "type": "MultiLineString", "coordinates": [ [ [ 26.691949111065007, 39.314834544862556 ], [ 26.691913616666639, 39.314857230169416 ] ] ] } },
{ "type": "Feature", "properties": { "fid": 5885, "Layer": "Wall" }, "geometry": { "type": "MultiLineString", "coordinates": [ [ [ 26.691937176390208, 39.314934032991353 ], [ 26.691966780708405, 39.314967067653001 ] ] ] } },
{ "type": "Feature", "properties": { "fid": 5886, "Layer": "Wall" }, "geometry": { "type": "MultiLineString", "coordinates": [ [ [ 26.691898168501062, 39.314958810730474 ], [ 26.691942886719612, 39.314989665798365 ] ] ] } },
{ "type": "Feature", "properties": { "fid": 5888, "Layer": "Wall" }, "geometry": { "type": "MultiLineString", "coordinates": [ [ [ 26.69148231041223, 39.315321090550469 ], [ 26.691403154655273, 39.315383091393748 ] ] ] } },
{ "type": "Feature", "properties": { "fid": 5922, "Layer": "Wall" }, "geometry": { "type": "MultiLineString", "coordinates": [ [ [ 26.691548752580317, 39.31482143565767 ], [ 26.691421762581843, 39.314869239427992 ], [ 26.691437249104322, 39.314896527110491 ] ] ] } },
{ "type": "Feature", "properties": { "fid": 5923, "Layer": "Wall" }, "geometry": { "type": "MultiLineString", "coordinates": [ [ [ 26.691549959186947, 39.314823370733599 ], [ 26.691425372831485, 39.314870269465004 ], [ 26.691439781175912, 39.314895659759181 ] ] ] } },
{ "type": "Feature", "properties": { "fid": 5924, "Layer": "Wall" }, "geometry": { "type": "MultiLineString", "coordinates": [ [ [ 26.69141929776762, 39.314745298032875 ], [ 26.69147014275633, 39.31485102855099 ] ] ] } },
{ "type": "Feature", "properties": { "fid": 5925, "Layer": "Wall" }, "geometry": { "type": "MultiLineString", "coordinates": [ [ [ 26.691460096326949, 39.314731456155663 ], [ 26.69151471723465, 39.314834249676913 ] ] ] } },
{ "type": "Feature", "properties": { "fid": 5926, "Layer": "Wall" }, "geometry": { "type": "MultiLineString", "coordinates": [ [ [ 26.69149560150608, 39.314720192614885 ], [ 26.691548752580317, 39.31482143565767 ] ] ] } },
{ "type": "Feature", "properties": { "fid": 5927, "Layer": "Wall" }, "geometry": { "type": "MultiLineString", "coordinates": [ [ [ 26.691537042679933, 39.314708366442844 ], [ 26.691599659526688, 39.314804806692464 ] ] ] } },
{ "type": "Feature", "properties": { "fid": 5928, "Layer": "Wall" }, "geometry": { "type": "MultiLineString", "coordinates": [ [ [ 26.691534571991888, 39.314709336352806 ], [ 26.691597187937919, 39.314805775703171 ] ] ] } },
{ "type": "Feature", "properties": { "fid": 5929, "Layer": "Wall" }, "geometry": { "type": "MultiLineString", "coordinates": [ [ [ 26.691498163388701, 39.314719381044412 ], [ 26.691551316257538, 39.314820624085513 ] ] ] } },
{ "type": "Feature", "properties": { "fid": 5930, "Layer": "Wall" }, "geometry": { "type": "MultiLineString", "coordinates": [ [ [ 26.691462652796925, 39.314730636488953 ], [ 26.691517274601981, 39.314833430009344 ] ] ] } },
{ "type": "Feature", "properties": { "fid": 5931, "Layer": "Wall" }, "geometry": { "type": "MultiLineString", "coordinates": [ [ [ 26.69142189036852, 39.314744544942783 ], [ 26.691472736254617, 39.314850275460039 ] ] ] } },
{ "type": "Feature", "properties": { "fid": 5932, "Layer": "Wall" }, "geometry": { "type": "MultiLineString", "coordinates": [ [ [ 26.691258750692203, 39.314707600276819 ], [ 26.691289417783125, 39.314696367281989 ] ] ] } },
{ "type": "Feature", "properties": { "fid": 5933, "Layer": "Wall" }, "geometry": { "type": "MultiLineString", "coordinates": [ [ [ 26.691259932215615, 39.314709545277239 ], [ 26.691290596611843, 39.314698311384753 ] ] ] } },
{ "type": "Feature", "properties": { "fid": 5934, "Layer": "Wall" }, "geometry": { "type": "MultiLineString", "coordinates": [ [ [ 26.691367983971411, 39.314759616731884 ], [ 26.691295206591061, 39.314782470382589 ] ] ] } },
{ "type": "Feature", "properties": { "fid": 5935, "Layer": "Wall" }, "geometry": { "type": "MultiLineString", "coordinates": [ [ [ 26.691453454994335, 39.315009977456278 ], [ 26.691416032910929, 39.31502640951441 ] ] ] } },
{ "type": "Feature", "properties": { "fid": 5936, "Layer": "Wall" }, "geometry": { "type": "MultiLineString", "coordinates": [ [ [ 26.691452092524816, 39.315008106432799 ], [ 26.691414671338602, 39.3150245384901 ] ] ] } },
{ "type": "Feature", "properties": { "fid": 5964, "Layer": "Wall" }, "geometry": { "type": "MultiLineString", "coordinates": [ [ [ 26.691244483175609, 39.314589454865391 ], [ 26.691198636203932, 39.314602730692599 ] ] ] } },
{ "type": "Feature", "properties": { "fid": 5965, "Layer": "Wall" }, "geometry": { "type": "MultiLineString", "coordinates": [ [ [ 26.691377194200438, 39.314533180107858 ], [ 26.691331562036815, 39.314542192713468 ], [ 26.691282836713267, 39.314458494578759 ] ] ] } },
{ "type": "Feature", "properties": { "fid": 5966, "Layer": "Wall" }, "geometry": { "type": "MultiLineString", "coordinates": [ [ [ 26.691561660650976, 39.314299028696425 ], [ 26.691484726828005, 39.314336669025089 ] ] ] } },
{ "type": "Feature", "properties": { "fid": 5967, "Layer": "Wall" }, "geometry": { "type": "MultiLineString", "coordinates": [ [ [ 26.691406108337521, 39.314544534830837 ], [ 26.691396213837127, 39.31452678251275 ] ] ] } },
{ "type": "Feature", "properties": { "fid": 5968, "Layer": "Wall" }, "geometry": { "type": "MultiLineString", "coordinates": [ [ [ 26.69146805743944, 39.314549852646529 ], [ 26.691452892476832, 39.314523886063242 ], [ 26.691504655050093, 39.314506713535039 ] ] ] } },
{ "type": "Feature", "properties": { "fid": 5969, "Layer": "Wall" }, "geometry": { "type": "MultiLineString", "coordinates": [ [ [ 26.691524691209196, 39.314399827890441 ], [ 26.69153870902192, 39.314421982567772 ], [ 26.691483652839867, 39.314435684510563 ], [ 26.691473365532087, 39.314419425872217 ] ] ] } },
{ "type": "Feature", "properties": { "fid": 5971, "Layer": "Wall" }, "geometry": { "type": "MultiLineString", "coordinates": [ [ [ 26.691245449645908, 39.314591469373376 ], [ 26.691199602674221, 39.31460474520059 ] ] ] } },
{ "type": "Feature", "properties": { "fid": 5972, "Layer": "Wall" }, "geometry": { "type": "MultiLineString", "coordinates": [ [ [ 26.691376511864746, 39.31453109692908 ], [ 26.691333128053753, 39.314539666406006 ], [ 26.691285358848994, 39.314457609234012 ] ] ] } },
{ "type": "Feature", "properties": { "fid": 5973, "Layer": "Wall" }, "geometry": { "type": "MultiLineString", "coordinates": [ [ [ 26.691470576874202, 39.31454896460383 ], [ 26.691456581082011, 39.314524998840426 ], [ 26.691505741599038, 39.314508691027292 ] ] ] } },
{ "type": "Feature", "properties": { "fid": 5974, "Layer": "Wall" }, "geometry": { "type": "MultiLineString", "coordinates": [ [ [ 26.69156313686991, 39.314300849207982 ], [ 26.691486200345281, 39.314338486838714 ] ] ] } },
{ "type": "Feature", "properties": { "fid": 5975, "Layer": "Wall" }, "geometry": { "type": "MultiLineString", "coordinates": [ [ [ 26.691522206091467, 39.314400777110492 ], [ 26.691534810738275, 39.314420694457368 ], [ 26.69148508217781, 39.314433072816051 ], [ 26.691475847961701, 39.314418477554703 ] ] ] } },
{ "type": "Feature", "properties": { "fid": 5976, "Layer": "Wall" }, "geometry": { "type": "MultiLineString", "coordinates": [ [ [ 26.691403569036432, 39.31454538778658 ], [ 26.691393675439858, 39.314527637267972 ] ] ] } },
{ "type": "Feature", "properties": { "fid": 5977, "Layer": "Wall" }, "geometry": { "type": "MultiLineString", "coordinates": [ [ [ 26.691057060455446, 39.314547255916722 ], [ 26.691041842497004, 39.314520784407378 ], [ 26.691085753004092, 39.314500098672568 ] ] ] } },
{ "type": "Feature", "properties": { "fid": 5978, "Layer": "Wall" }, "geometry": { "type": "MultiLineString", "coordinates": [ [ [ 26.69125741752573, 39.314468679502369 ], [ 26.691288482887526, 39.314524442955566 ], [ 26.691177133588234, 39.314563068119561 ] ] ] } },
{ "type": "Feature", "properties": { "fid": 5979, "Layer": "Wall" }, "geometry": { "type": "MultiLineString", "coordinates": [ [ [ 26.691254878224946, 39.314469532458084 ], [ 26.691284857141142, 39.314523346322993 ], [ 26.691176005825504, 39.314561105067185 ] ] ] } },
{ "type": "Feature", "properties": { "fid": 5980, "Layer": "Wall" }, "geometry": { "type": "MultiLineString", "coordinates": [ [ [ 26.691059586216447, 39.314546380470155 ], [ 26.691045365079855, 39.314521639899397 ], [ 26.691087188020795, 39.314501937224719 ] ] ] } },
{ "type": "Feature", "properties": { "fid": 5996, "Layer": "Wall" }, "geometry": { "type": "MultiLineString", "coordinates": [ [ [ 26.691520211956238, 39.314141075618025 ], [ 26.691464172709779, 39.314171815255285 ], [ 26.691500437225276, 39.314217459150633 ] ] ] } },
{ "type": "Feature", "properties": { "fid": 5997, "Layer": "Wall" }, "geometry": { "type": "MultiLineString", "coordinates": [ [ [ 26.691464172709779, 39.314171815255285 ], [ 26.691390184396496, 39.314207333067301 ], [ 26.691417310784022, 39.314245935520226 ] ] ] } },
{ "type": "Feature", "properties": { "fid": 5998, "Layer": "Wall" }, "geometry": { "type": "MultiLineString", "coordinates": [ [ [ 26.691390184396496, 39.314207333067301 ], [ 26.691350754831831, 39.31422626213017 ], [ 26.691359647146754, 39.314238403045714 ] ] ] } },
{ "type": "Feature", "properties": { "fid": 5999, "Layer": "Wall" }, "geometry": { "type": "MultiLineString", "coordinates": [ [ [ 26.691391639114261, 39.314209161699772 ], [ 26.691354478834953, 39.314227000420111 ], [ 26.691380321730218, 39.314262284365505 ] ] ] } },
{ "type": "Feature", "properties": { "fid": 6000, "Layer": "Wall" }, "geometry": { "type": "MultiLineString", "coordinates": [ [ [ 26.691465628328292, 39.314173644787012 ], [ 26.69139386989994, 39.314208092095583 ], [ 26.69142414651747, 39.314251178813535 ] ] ] } },
{ "type": "Feature", "properties": { "fid": 6001, "Layer": "Wall" }, "geometry": { "type": "MultiLineString", "coordinates": [ [ [ 26.691521809050791, 39.314142832109184 ], [ 26.691467894373353, 39.314172405925689 ], [ 26.691502792491455, 39.31421633002347 ] ] ] } },
{ "type": "Feature", "properties": { "fid": 6023, "Layer": "Wall" }, "geometry": { "type": "MultiLineString", "coordinates": [ [ [ 26.691062678040659, 39.314368263142924 ], [ 26.69110438468617, 39.314345495626924 ], [ 26.691059489339551, 39.314301413279665 ] ] ] } },
{ "type": "Feature", "properties": { "fid": 6024, "Layer": "Wall" }, "geometry": { "type": "MultiLineString", "coordinates": [ [ [ 26.69110438468617, 39.314345495626924 ], [ 26.691157111949881, 39.314317963497821 ] ] ] } },
{ "type": "Feature", "properties": { "fid": 6025, "Layer": "Wall" }, "geometry": { "type": "MultiLineString", "coordinates": [ [ [ 26.691236845624825, 39.314264768122591 ], [ 26.691205348623296, 39.314278892201081 ] ] ] } },
{ "type": "Feature", "properties": { "fid": 6026, "Layer": "Wall" }, "geometry": { "type": "MultiLineString", "coordinates": [ [ [ 26.691504148432916, 39.314129774808272 ], [ 26.691537234159039, 39.314113201813647 ] ] ] } },
{ "type": "Feature", "properties": { "fid": 6027, "Layer": "Wall" }, "geometry": { "type": "MultiLineString", "coordinates": [ [ [ 26.691155875625878, 39.314159901488523 ], [ 26.691119702711841, 39.314178610629703 ] ] ] } },
{ "type": "Feature", "properties": { "fid": 6028, "Layer": "Wall" }, "geometry": { "type": "MultiLineString", "coordinates": [ [ [ 26.691090408460347, 39.314201556677659 ], [ 26.691057587322153, 39.314224667987311 ], [ 26.691106977294947, 39.314270456458324 ] ] ] } },
{ "type": "Feature", "properties": { "fid": 6029, "Layer": "Wall" }, "geometry": { "type": "MultiLineString", "coordinates": [ [ [ 26.691092265117433, 39.314203150006797 ], [ 26.691061417007191, 39.31422487240205 ], [ 26.691109098381446, 39.314269076409332 ] ] ] } },
{ "type": "Feature", "properties": { "fid": 6030, "Layer": "Wall" }, "geometry": { "type": "MultiLineString", "coordinates": [ [ [ 26.691061085422898, 39.314366503947127 ], [ 26.691100397093358, 39.314345044721037 ], [ 26.691057319641963, 39.314302748366664 ] ] ] } },
{ "type": "Feature", "properties": { "fid": 6031, "Layer": "Wall" }, "geometry": { "type": "MultiLineString", "coordinates": [ [ [ 26.691102840416505, 39.31434371028292 ], [ 26.691155569477687, 39.314316179052305 ] ] ] } },
{ "type": "Feature", "properties": { "fid": 6032, "Layer": "Wall" }, "geometry": { "type": "MultiLineString", "coordinates": [ [ [ 26.691235463451175, 39.314262906118635 ], [ 26.691203965555928, 39.314277031098058 ] ] ] } },
{ "type": "Feature", "properties": { "fid": 6033, "Layer": "Wall" }, "geometry": { "type": "MultiLineString", "coordinates": [ [ [ 26.691157409147291, 39.314161691342974 ], [ 26.691121238024088, 39.314180399582398 ] ] ] } },
{ "type": "Feature", "properties": { "fid": 6034, "Layer": "Wall" }, "geometry": { "type": "MultiLineString", "coordinates": [ [ [ 26.691502649835499, 39.314127967819338 ], [ 26.691535733770582, 39.314111395726449 ] ] ] } },
{ "type": "Feature", "properties": { "fid": 6035, "Layer": "Wall" }, "geometry": { "type": "MultiLineString", "coordinates": [ [ [ 26.691057587322153, 39.314224667987311 ], [ 26.69103138108521, 39.314243032230365 ] ] ] } },
{ "type": "Feature", "properties": { "fid": 6036, "Layer": "Wall" }, "geometry": { "type": "MultiLineString", "coordinates": [ [ [ 26.691059439500233, 39.314226263120823 ], [ 26.691033235961207, 39.314244629161664 ] ] ] } },
{ "type": "Feature", "properties": { "fid": 6058, "Layer": "Wall" }, "geometry": { "type": "MultiLineString", "coordinates": [ [ [ 26.691040837774143, 39.313988899245814 ], [ 26.690947076943136, 39.314028328276997 ], [ 26.691019402430509, 39.314098526167626 ] ] ] } },
{ "type": "Feature", "properties": { "fid": 6059, "Layer": "Wall" }, "geometry": { "type": "MultiLineString", "coordinates": [ [ [ 26.690947076943136, 39.314028328276997 ], [ 26.690881042618425, 39.3140560976532 ], [ 26.690913914750766, 39.314102374755315 ] ] ] } },
{ "type": "Feature", "properties": { "fid": 6060, "Layer": "Wall" }, "geometry": { "type": "MultiLineString", "coordinates": [ [ [ 26.690843185771559, 39.314071643477057 ], [ 26.690881042618425, 39.3140560976532 ] ] ] } },
{ "type": "Feature", "properties": { "fid": 6061, "Layer": "Wall" }, "geometry": { "type": "MultiLineString", "coordinates": [ [ [ 26.691042155462284, 39.313990790113138 ], [ 26.690951306656906, 39.314028994092098 ], [ 26.69102156222581, 39.314097182088467 ] ] ] } },
{ "type": "Feature", "properties": { "fid": 6062, "Layer": "Wall" }, "geometry": { "type": "MultiLineString", "coordinates": [ [ [ 26.690948394631114, 39.314030219144286 ], [ 26.69088481192696, 39.314056957419304 ], [ 26.690938893869799, 39.314133087724059 ] ] ] } },
{ "type": "Feature", "properties": { "fid": 6063, "Layer": "Wall" }, "geometry": { "type": "MultiLineString", "coordinates": [ [ [ 26.690844479267028, 39.314073542467781 ], [ 26.690882334323081, 39.314057997545703 ] ] ] } },
{ "type": "Feature", "properties": { "fid": 6064, "Layer": "Wall" }, "geometry": { "type": "MultiLineString", "coordinates": [ [ [ 26.691121346543746, 39.314004644254389 ], [ 26.691149494344675, 39.314037792770421 ] ] ] } },
{ "type": "Feature", "properties": { "fid": 6065, "Layer": "Wall" }, "geometry": { "type": "MultiLineString", "coordinates": [ [ [ 26.691123654962468, 39.314003462062558 ], [ 26.691151802756849, 39.314036608778324 ] ] ] } },
{ "type": "Feature", "properties": { "fid": 6066, "Layer": "Wall" }, "geometry": { "type": "MultiLineString", "coordinates": [ [ [ 26.691073266281069, 39.314030442061387 ], [ 26.691096843930382, 39.31405965399626 ] ] ] } },
{ "type": "Feature", "properties": { "fid": 6067, "Layer": "Wall" }, "geometry": { "type": "MultiLineString", "coordinates": [ [ [ 26.691075610734554, 39.314029300342398 ], [ 26.691099188383948, 39.314058512277192 ] ] ] } },
{ "type": "Feature", "properties": { "fid": 6068, "Layer": "Wall" }, "geometry": { "type": "MultiLineString", "coordinates": [ [ [ 26.690951690394719, 39.314235757611407 ], [ 26.690984953494116, 39.314212558582909 ] ] ] } },
{ "type": "Feature", "properties": { "fid": 6069, "Layer": "Wall" }, "geometry": { "type": "MultiLineString", "coordinates": [ [ [ 26.690949841788473, 39.314234157973978 ], [ 26.69098310309365, 39.314210958947136 ] ] ] } },
{ "type": "Feature", "properties": { "fid": 6082, "Layer": "Wall" }, "geometry": { "type": "MultiLineString", "coordinates": [ [ [ 26.690909403975326, 39.314509986489291 ], [ 26.690930624241791, 39.314543645442065 ], [ 26.6908917943299, 39.314557095753997 ] ] ] } },
{ "type": "Feature", "properties": { "fid": 6083, "Layer": "Wall" }, "geometry": { "type": "MultiLineString", "coordinates": [ [ [ 26.690906917947107, 39.314510932109748 ], [ 26.690926875736185, 39.314542588527935 ], [ 26.690890665670125, 39.314555132702438 ] ] ] } },
{ "type": "Feature", "properties": { "fid": 6085, "Layer": "Wall" }, "geometry": { "type": "MultiLineString", "coordinates": [ [ [ 26.690580307352199, 39.314544793367595 ], [ 26.690600018341549, 39.314574967494693 ] ] ] } },
{ "type": "Feature", "properties": { "fid": 6086, "Layer": "Wall" }, "geometry": { "type": "MultiLineString", "coordinates": [ [ [ 26.690739581691449, 39.314468934355084 ], [ 26.69076049634883, 39.31449733501767 ] ] ] } },
{ "type": "Feature", "properties": { "fid": 6087, "Layer": "Wall" }, "geometry": { "type": "MultiLineString", "coordinates": [ [ [ 26.690737178653844, 39.314470003217409 ], [ 26.690758093304627, 39.314498402079742 ] ] ] } },
{ "type": "Feature", "properties": { "fid": 6088, "Layer": "Wall" }, "geometry": { "type": "MultiLineString", "coordinates": [ [ [ 26.690582774435175, 39.314543818960232 ], [ 26.69060248453075, 39.31457399398834 ] ] ] } },
{ "type": "Feature", "properties": { "fid": 6089, "Layer": "Wall" }, "geometry": { "type": "MultiLineString", "coordinates": [ [ [ 26.690957695968326, 39.314461359339703 ], [ 26.690988373392713, 39.314517021434746 ], [ 26.690930624241791, 39.314543645442065 ] ] ] } },
{ "type": "Feature", "properties": { "fid": 6114, "Layer": "Wall" }, "geometry": { "type": "MultiLineString", "coordinates": [ [ [ 26.690946306552096, 39.315078707240104 ], [ 26.690964190230471, 39.315103578568959 ] ] ] } },
{ "type": "Feature", "properties": { "fid": 6115, "Layer": "Wall" }, "geometry": { "type": "MultiLineString", "coordinates": [ [ [ 26.69116613923627, 39.31513170322166 ], [ 26.691217188666279, 39.315108234924736 ] ] ] } },
{ "type": "Feature", "properties": { "fid": 6116, "Layer": "Wall" }, "geometry": { "type": "MultiLineString", "coordinates": [ [ [ 26.691106143332764, 39.315018860158034 ], [ 26.691009157419096, 39.315054688030393 ] ] ] } },
{ "type": "Feature", "properties": { "fid": 6117, "Layer": "Wall" }, "geometry": { "type": "MultiLineString", "coordinates": [ [ [ 26.691105309387538, 39.315047372601171 ], [ 26.691091228350007, 39.315024370055767 ] ] ] } },
{ "type": "Feature", "properties": { "fid": 6118, "Layer": "Wall" }, "geometry": { "type": "MultiLineString", "coordinates": [ [ [ 26.691067100605171, 39.315062853041034 ], [ 26.69105119405485, 39.315039159069926 ] ] ] } },
{ "type": "Feature", "properties": { "fid": 6119, "Layer": "Wall" }, "geometry": { "type": "MultiLineString", "coordinates": [ [ [ 26.690992115485713, 39.314840244552961 ], [ 26.691032396537313, 39.314904625512163 ], [ 26.691020673392487, 39.314908156690166 ], [ 26.691044779603626, 39.314945916695784 ], [ 26.691058772780224, 39.314940525561646 ], [ 26.691079370951318, 39.314975295849202 ] ] ] } },
{ "type": "Feature", "properties": { "fid": 6120, "Layer": "Wall" }, "geometry": { "type": "MultiLineString", "coordinates": [ [ [ 26.691068638689671, 39.314890809421421 ], [ 26.691032396537313, 39.314904625512163 ] ] ] } },
{ "type": "Feature", "properties": { "fid": 6121, "Layer": "Wall" }, "geometry": { "type": "MultiLineString", "coordinates": [ [ [ 26.691061270537944, 39.314939597933076 ], [ 26.691123654582466, 39.314916463981497 ] ] ] } },
{ "type": "Feature", "properties": { "fid": 6122, "Layer": "Wall" }, "geometry": { "type": "MultiLineString", "coordinates": [ [ [ 26.69110495554316, 39.315016918763831 ], [ 26.691007968732404, 39.315052746637072 ] ] ] } },
{ "type": "Feature", "properties": { "fid": 6123, "Layer": "Wall" }, "geometry": { "type": "MultiLineString", "coordinates": [ [ [ 26.691064647943023, 39.315063845437741 ], [ 26.691048739605133, 39.315040153268534 ] ] ] } },
{ "type": "Feature", "properties": { "fid": 6124, "Layer": "Wall" }, "geometry": { "type": "MultiLineString", "coordinates": [ [ [ 26.691102810712746, 39.315048294829836 ], [ 26.69108872878143, 39.315025293185364 ] ] ] } },
{ "type": "Feature", "properties": { "fid": 6125, "Layer": "Wall" }, "geometry": { "type": "MultiLineString", "coordinates": [ [ [ 26.691036199245929, 39.314905784091444 ], [ 26.691024499406339, 39.314909309847238 ], [ 26.691046030311757, 39.314943034225429 ], [ 26.691060094261232, 39.314937616022355 ], [ 26.691060112310083, 39.314937644810016 ] ] ] } },
{ "type": "Feature", "properties": { "fid": 6126, "Layer": "Wall" }, "geometry": { "type": "MultiLineString", "coordinates": [ [ [ 26.691057581405477, 39.314938585070877 ], [ 26.691122462313828, 39.314914524391732 ] ] ] } },
{ "type": "Feature", "properties": { "fid": 6127, "Layer": "Wall" }, "geometry": { "type": "MultiLineString", "coordinates": [ [ [ 26.69106985783532, 39.31489273908516 ], [ 26.691036199245929, 39.314905784091444 ] ] ] } },
{ "type": "Feature", "properties": { "fid": 6128, "Layer": "Wall" }, "geometry": { "type": "MultiLineString", "coordinates": [ [ [ 26.691061270537944, 39.314939597933076 ], [ 26.691081884963673, 39.314974397009919 ] ] ] } },
{ "type": "Feature", "properties": { "fid": 6129, "Layer": "Wall" }, "geometry": { "type": "MultiLineString", "coordinates": [ [ [ 26.690994603331777, 39.314839305231764 ], [ 26.691034881658744, 39.31490367719217 ] ] ] } },
{ "type": "Feature", "properties": { "fid": 6130, "Layer": "Wall" }, "geometry": { "type": "MultiLineString", "coordinates": [ [ [ 26.691036199245929, 39.314905784091444 ], [ 26.691024499406339, 39.314909309847238 ], [ 26.691046030311757, 39.314943034225429 ], [ 26.691060094261232, 39.314937616022355 ], [ 26.691081884963673, 39.314974397009919 ] ] ] } },
{ "type": "Feature", "properties": { "fid": 6131, "Layer": "Wall" }, "geometry": { "type": "MultiLineString", "coordinates": [ [ [ 26.69116473019994, 39.315129854744193 ], [ 26.691215780520377, 39.31510638464615 ] ] ] } },
{ "type": "Feature", "properties": { "fid": 6132, "Layer": "Wall" }, "geometry": { "type": "MultiLineString", "coordinates": [ [ [ 26.69094872222265, 39.315077658169109 ], [ 26.690966605901071, 39.315102529497956 ] ] ] } },
{ "type": "Feature", "properties": { "fid": 6147, "Layer": "Wall" }, "geometry": { "type": "MultiLineString", "coordinates": [ [ [ 26.690783567686516, 39.313877312955988 ], [ 26.69073339279479, 39.313909950987238 ], [ 26.690779182056655, 39.313952426674305 ], [ 26.690818205045982, 39.313930538352253 ] ] ] } },
{ "type": "Feature", "properties": { "fid": 6148, "Layer": "Wall" }, "geometry": { "type": "MultiLineString", "coordinates": [ [ [ 26.690785343803505, 39.313878960366779 ], [ 26.690737291791823, 39.313910218347523 ], [ 26.690779650354099, 39.313949513418081 ], [ 26.690827984136032, 39.313922401185302 ] ] ] } },
{ "type": "Feature", "properties": { "fid": 6149, "Layer": "Wall" }, "geometry": { "type": "MultiLineString", "coordinates": [ [ [ 26.69073339279479, 39.313909950987238 ], [ 26.690683141876701, 39.313941924791948 ], [ 26.690742919660046, 39.31402921239863 ] ] ] } },
{ "type": "Feature", "properties": { "fid": 6150, "Layer": "Wall" }, "geometry": { "type": "MultiLineString", "coordinates": [ [ [ 26.690888196971997, 39.314027394884718 ], [ 26.690906092206493, 39.314019217862224 ] ] ] } },
{ "type": "Feature", "properties": { "fid": 6151, "Layer": "Wall" }, "geometry": { "type": "MultiLineString", "coordinates": [ [ [ 26.690872119725256, 39.313822815101851 ], [ 26.690820606142356, 39.313853216633078 ] ] ] } },
{ "type": "Feature", "properties": { "fid": 6152, "Layer": "Wall" }, "geometry": { "type": "MultiLineString", "coordinates": [ [ [ 26.691151092753127, 39.313704729071311 ], [ 26.691214531096314, 39.313759804800235 ] ] ] } },
{ "type": "Feature", "properties": { "fid": 6153, "Layer": "Wall" }, "geometry": { "type": "MultiLineString", "coordinates": [ [ [ 26.691085627642508, 39.313757843826998 ], [ 26.691136071857329, 39.313797343004929 ] ] ] } },
{ "type": "Feature", "properties": { "fid": 6154, "Layer": "Wall" }, "geometry": { "type": "MultiLineString", "coordinates": [ [ [ 26.691082090548523, 39.313864945642237 ], [ 26.691059761260551, 39.3138336775624 ], [ 26.69108831640596, 39.313818052967044 ], [ 26.691104962233382, 39.313836410274334 ], [ 26.691117495184699, 39.313829889016851 ] ] ] } },
{ "type": "Feature", "properties": { "fid": 6155, "Layer": "Wall" }, "geometry": { "type": "MultiLineString", "coordinates": [ [ [ 26.690968840558565, 39.31384441498556 ], [ 26.691001440364545, 39.313899774663994 ] ] ] } },
{ "type": "Feature", "properties": { "fid": 6156, "Layer": "Wall" }, "geometry": { "type": "MultiLineString", "coordinates": [ [ [ 26.690923012277061, 39.313869535625379 ], [ 26.690959591045008, 39.313916701352959 ] ] ] } },
{ "type": "Feature", "properties": { "fid": 6157, "Layer": "Wall" }, "geometry": { "type": "MultiLineString", "coordinates": [ [ [ 26.690925381962664, 39.313868424487737 ], [ 26.690961961637878, 39.31391559291486 ] ] ] } },
{ "type": "Feature", "properties": { "fid": 6158, "Layer": "Wall" }, "geometry": { "type": "MultiLineString", "coordinates": [ [ [ 26.690966323843771, 39.31384531022654 ], [ 26.690998924540079, 39.313900668103926 ] ] ] } },
{ "type": "Feature", "properties": { "fid": 6159, "Layer": "Wall" }, "geometry": { "type": "MultiLineString", "coordinates": [ [ [ 26.691084509825092, 39.313863901969015 ], [ 26.691063387134648, 39.313834323228839 ], [ 26.691087647460837, 39.313821049219392 ], [ 26.6911042563531, 39.313839365154536 ], [ 26.691119036768125, 39.313831675263238 ] ] ] } },
{ "type": "Feature", "properties": { "fid": 6160, "Layer": "Wall" }, "geometry": { "type": "MultiLineString", "coordinates": [ [ [ 26.691083661358892, 39.313759357853222 ], [ 26.691134107367848, 39.313798857029518 ] ] ] } },
{ "type": "Feature", "properties": { "fid": 6161, "Layer": "Wall" }, "geometry": { "type": "MultiLineString", "coordinates": [ [ [ 26.691149031072221, 39.313706161273046 ], [ 26.691212470318924, 39.313761238801483 ] ] ] } },
{ "type": "Feature", "properties": { "fid": 6162, "Layer": "Wall" }, "geometry": { "type": "MultiLineString", "coordinates": [ [ [ 26.690886793299999, 39.314025541901913 ], [ 26.690904689434912, 39.314017365778668 ] ] ] } },
{ "type": "Feature", "properties": { "fid": 6163, "Layer": "Wall" }, "geometry": { "type": "MultiLineString", "coordinates": [ [ [ 26.690840626493337, 39.313960771196811 ], [ 26.690854979753869, 39.313982902161484 ] ] ] } },
{ "type": "Feature", "properties": { "fid": 6164, "Layer": "Wall" }, "geometry": { "type": "MultiLineString", "coordinates": [ [ [ 26.691018650684963, 39.313812852049033 ], [ 26.691055167067638, 39.313849691522172 ] ] ] } },
{ "type": "Feature", "properties": { "fid": 6165, "Layer": "Wall" }, "geometry": { "type": "MultiLineString", "coordinates": [ [ [ 26.691016457574257, 39.313814162853774 ], [ 26.691052975754431, 39.313851003225402 ] ] ] } },
{ "type": "Feature", "properties": { "fid": 6166, "Layer": "Wall" }, "geometry": { "type": "MultiLineString", "coordinates": [ [ [ 26.691055167067638, 39.313849691522172 ], [ 26.691052975754431, 39.313851003225402 ] ] ] } },
{ "type": "Feature", "properties": { "fid": 6179, "Layer": "Wall" }, "geometry": { "type": "MultiLineString", "coordinates": [ [ [ 26.690883514942112, 39.313646850502749 ], [ 26.690724436684871, 39.313769391940689 ] ] ] } },
{ "type": "Feature", "properties": { "fid": 6180, "Layer": "Wall" }, "geometry": { "type": "MultiLineString", "coordinates": [ [ [ 26.690756291380065, 39.313587512699897 ], [ 26.690624192137424, 39.313686937392823 ] ] ] } },
{ "type": "Feature", "properties": { "fid": 6181, "Layer": "Wall" }, "geometry": { "type": "MultiLineString", "coordinates": [ [ [ 26.690646124137132, 39.313670429546846 ], [ 26.690748648441058, 39.313750743288821 ] ] ] } },
{ "type": "Feature", "properties": { "fid": 6182, "Layer": "Wall" }, "geometry": { "type": "MultiLineString", "coordinates": [ [ [ 26.690816722482502, 39.313634066939599 ], [ 26.690858066005767, 39.313666454428372 ] ] ] } },
{ "type": "Feature", "properties": { "fid": 6183, "Layer": "Wall" }, "geometry": { "type": "MultiLineString", "coordinates": [ [ [ 26.690758216931769, 39.313589055558069 ], [ 26.690650060839008, 39.313670461037994 ] ] ] } },
{ "type": "Feature", "properties": { "fid": 6184, "Layer": "Wall" }, "geometry": { "type": "MultiLineString", "coordinates": [ [ [ 26.690648089530892, 39.313668917321628 ], [ 26.690648112018813, 39.313668933503401 ] ] ] } },
{ "type": "Feature", "properties": { "fid": 6185, "Layer": "Wall" }, "geometry": { "type": "MultiLineString", "coordinates": [ [ [ 26.690891385857078, 39.313643814334377 ], [ 26.690726385504387, 39.31377091947536 ] ] ] } },
{ "type": "Feature", "properties": { "fid": 6186, "Layer": "Wall" }, "geometry": { "type": "MultiLineString", "coordinates": [ [ [ 26.690818687872095, 39.313632553814351 ], [ 26.690860031395442, 39.313664941303124 ] ] ] } },
{ "type": "Feature", "properties": { "fid": 6187, "Layer": "Wall" }, "geometry": { "type": "MultiLineString", "coordinates": [ [ [ 26.690650060839008, 39.313670461037994 ], [ 26.69075061293114, 39.313749229264161 ] ] ] } },
{ "type": "Feature", "properties": { "fid": 6188, "Layer": "Wall" }, "geometry": { "type": "MultiLineString", "coordinates": [ [ [ 26.690648072954001, 39.313671956181324 ], [ 26.690626116798512, 39.313688482052143 ] ] ] } },
{ "type": "Feature", "properties": { "fid": 6189, "Layer": "Wall" }, "geometry": { "type": "MultiLineString", "coordinates": [ [ [ 26.69098523608691, 39.313720310481301 ], [ 26.690972359506773, 39.31372876463675 ] ] ] } },
{ "type": "Feature", "properties": { "fid": 6190, "Layer": "Wall" }, "geometry": { "type": "MultiLineString", "coordinates": [ [ [ 26.690983451021598, 39.313718669379696 ], [ 26.690970573540991, 39.313727122635783 ] ] ] } },
{ "type": "Feature", "properties": { "fid": 6198, "Layer": "Wall" }, "geometry": { "type": "MultiLineString", "coordinates": [ [ [ 26.690257859725385, 39.313462922210419 ], [ 26.690214905463918, 39.313504692649644 ], [ 26.690271774778871, 39.313538554693764 ] ] ] } },
{ "type": "Feature", "properties": { "fid": 6199, "Layer": "Wall" }, "geometry": { "type": "MultiLineString", "coordinates": [ [ [ 26.690260022275019, 39.313464264121386 ], [ 26.690218829022911, 39.31350432269366 ], [ 26.690273457758227, 39.313536848299243 ] ] ] } },
{ "type": "Feature", "properties": { "fid": 6217, "Layer": "Wall" }, "geometry": { "type": "MultiLineString", "coordinates": [ [ [ 26.692246547155925, 39.314335234196847 ], [ 26.692255765622164, 39.314350417256129 ] ] ] } },
{ "type": "Feature", "properties": { "fid": 6218, "Layer": "Wall" }, "geometry": { "type": "MultiLineString", "coordinates": [ [ [ 26.691969421360689, 39.314332567709918 ], [ 26.691942195087936, 39.314344380832161 ] ] ] } },
{ "type": "Feature", "properties": { "fid": 6219, "Layer": "Wall" }, "geometry": { "type": "MultiLineString", "coordinates": [ [ [ 26.691997516386202, 39.314368666003887 ], [ 26.691967963775152, 39.31438506743374 ] ] ] } },
{ "type": "Feature", "properties": { "fid": 6220, "Layer": "Wall" }, "geometry": { "type": "MultiLineString", "coordinates": [ [ [ 26.69218242134253, 39.314419430191379 ], [ 26.692037828882881, 39.314498336182076 ] ] ] } },
{ "type": "Feature", "properties": { "fid": 6221, "Layer": "Wall" }, "geometry": { "type": "MultiLineString", "coordinates": [ [ [ 26.692024685210431, 39.31448380302006 ], [ 26.692080162845357, 39.314453529258955 ], [ 26.692045350249789, 39.314415033781138 ], [ 26.692053469910459, 39.314410603078592 ], [ 26.692031633436141, 39.314386454589069 ], [ 26.692062132797563, 39.314370128800846 ] ] ] } },
{ "type": "Feature", "properties": { "fid": 6222, "Layer": "Wall" }, "geometry": { "type": "MultiLineString", "coordinates": [ [ [ 26.692184013062711, 39.314421188487522 ], [ 26.692039418811351, 39.31450009538009 ] ] ] } },
{ "type": "Feature", "properties": { "fid": 6223, "Layer": "Wall" }, "geometry": { "type": "MultiLineString", "coordinates": [ [ [ 26.692009167680514, 39.314489644720453 ], [ 26.692076307752831, 39.314453005321248 ], [ 26.692041494267151, 39.314414511644451 ], [ 26.692049615718734, 39.31441008004019 ], [ 26.692027763039878, 39.314385916263284 ], [ 26.692060562565537, 39.314368358783192 ] ] ] } },
{ "type": "Feature", "properties": { "fid": 6225, "Layer": "Wall" }, "geometry": { "type": "MultiLineString", "coordinates": [ [ [ 26.691970771292773, 39.314334444145395 ], [ 26.691943544122779, 39.314346257268532 ] ] ] } },
{ "type": "Feature", "properties": { "fid": 6226, "Layer": "Wall" }, "geometry": { "type": "MultiLineString", "coordinates": [ [ [ 26.691995906757548, 39.314366916725383 ], [ 26.691966355043775, 39.314383318154391 ] ] ] } },
{ "type": "Feature", "properties": { "fid": 6227, "Layer": "Wall" }, "geometry": { "type": "MultiLineString", "coordinates": [ [ [ 26.692096630726365, 39.314529333139838 ], [ 26.692182415534734, 39.314602109242301 ] ] ] } },
{ "type": "Feature", "properties": { "fid": 6241, "Layer": "Wall" }, "geometry": { "type": "MultiLineString", "coordinates": [ [ [ 26.692016967550508, 39.314263958320545 ], [ 26.691926937867361, 39.314318945414158 ] ] ] } },
{ "type": "Feature", "properties": { "fid": 6242, "Layer": "Wall" }, "geometry": { "type": "MultiLineString", "coordinates": [ [ [ 26.69188495935537, 39.314260630211969 ], [ 26.691942602704579, 39.314230136634585 ], [ 26.691954359817018, 39.31423919376769 ], [ 26.691978629636392, 39.314224839587901 ] ] ] } },
{ "type": "Feature", "properties": { "fid": 6243, "Layer": "Wall" }, "geometry": { "type": "MultiLineString", "coordinates": [ [ [ 26.692015256769583, 39.31426226944383 ], [ 26.691925227987376, 39.314317257436677 ] ] ] } },
{ "type": "Feature", "properties": { "fid": 6244, "Layer": "Wall" }, "geometry": { "type": "MultiLineString", "coordinates": [ [ [ 26.691883400756488, 39.314258852082425 ], [ 26.691942930666613, 39.314227362127404 ], [ 26.691954597803964, 39.314236348232754 ], [ 26.691976953763518, 39.31422312907592 ] ] ] } },
{ "type": "Feature", "properties": { "fid": 6245, "Layer": "Wall" }, "geometry": { "type": "MultiLineString", "coordinates": [ [ [ 26.692048424445566, 39.314248686608458 ], [ 26.692078523728441, 39.314234072338721 ], [ 26.692039182473735, 39.314192675394658 ] ] ] } },
{ "type": "Feature", "properties": { "fid": 6246, "Layer": "Wall" }, "geometry": { "type": "MultiLineString", "coordinates": [ [ [ 26.692078523728441, 39.314234072338721 ], [ 26.692128911898727, 39.314206940211747 ] ] ] } },
{ "type": "Feature", "properties": { "fid": 6247, "Layer": "Wall" }, "geometry": { "type": "MultiLineString", "coordinates": [ [ [ 26.692012850354718, 39.314164119487657 ], [ 26.691990836039754, 39.314179236708497 ] ] ] } },
{ "type": "Feature", "properties": { "fid": 6248, "Layer": "Wall" }, "geometry": { "type": "MultiLineString", "coordinates": [ [ [ 26.692046957186168, 39.314246863388497 ], [ 26.692074521255414, 39.314233480126241 ], [ 26.69201193117285, 39.314167618243474 ] ] ] } },
{ "type": "Feature", "properties": { "fid": 6249, "Layer": "Wall" }, "geometry": { "type": "MultiLineString", "coordinates": [ [ [ 26.69207694722952, 39.314232305927391 ], [ 26.692127335396137, 39.314205172900316 ] ] ] } },
{ "type": "Feature", "properties": { "fid": 6250, "Layer": "Wall" }, "geometry": { "type": "MultiLineString", "coordinates": [ [ [ 26.692014683752188, 39.314165729940335 ], [ 26.691992667642907, 39.314180847162845 ] ] ] } },
{ "type": "Feature", "properties": { "fid": 6251, "Layer": "Wall" }, "geometry": { "type": "MultiLineString", "coordinates": [ [ [ 26.691801270468176, 39.314052709101801 ], [ 26.69176901897298, 39.314080422261398 ] ] ] } },
{ "type": "Feature", "properties": { "fid": 6252, "Layer": "Wall" }, "geometry": { "type": "MultiLineString", "coordinates": [ [ [ 26.691842983732865, 39.314097267832906 ], [ 26.69185097998712, 39.314091004576305 ] ] ] } },
{ "type": "Feature", "properties": { "fid": 6253, "Layer": "Wall" }, "geometry": { "type": "MultiLineString", "coordinates": [ [ [ 26.691954034897627, 39.314071671449284 ], [ 26.691878702798739, 39.314131495854348 ] ] ] } },
{ "type": "Feature", "properties": { "fid": 6254, "Layer": "Wall" }, "geometry": { "type": "MultiLineString", "coordinates": [ [ [ 26.691993108479853, 39.314130212547987 ], [ 26.691941557523826, 39.314081581652971 ] ] ] } },
{ "type": "Feature", "properties": { "fid": 6255, "Layer": "Wall" }, "geometry": { "type": "MultiLineString", "coordinates": [ [ [ 26.691884694459223, 39.314202307318176 ], [ 26.691997584417567, 39.314134386850107 ] ] ] } },
{ "type": "Feature", "properties": { "fid": 6256, "Layer": "Wall" }, "geometry": { "type": "MultiLineString", "coordinates": [ [ [ 26.691886388234295, 39.314204007012158 ], [ 26.691999279087106, 39.314136085643064 ] ] ] } },
{ "type": "Feature", "properties": { "fid": 6257, "Layer": "Wall" }, "geometry": { "type": "MultiLineString", "coordinates": [ [ [ 26.691995365374552, 39.31413572108238 ], [ 26.69193942023583, 39.314082947314738 ] ] ] } },
{ "type": "Feature", "properties": { "fid": 6258, "Layer": "Wall" }, "geometry": { "type": "MultiLineString", "coordinates": [ [ [ 26.691952057459407, 39.314070168244477 ], [ 26.691876724467118, 39.314129993550438 ] ] ] } },
{ "type": "Feature", "properties": { "fid": 6259, "Layer": "Wall" }, "geometry": { "type": "MultiLineString", "coordinates": [ [ [ 26.691844948647507, 39.314098780950673 ], [ 26.691852945798871, 39.314092517693311 ] ] ] } },
{ "type": "Feature", "properties": { "fid": 6260, "Layer": "Wall" }, "geometry": { "type": "MultiLineString", "coordinates": [ [ [ 26.6918033221374, 39.314054150129394 ], [ 26.691771071545801, 39.314081865088497 ] ] ] } },
{ "type": "Feature", "properties": { "fid": 6285, "Layer": "Wall" }, "geometry": { "type": "MultiLineString", "coordinates": [ [ [ 26.69716220475318, 39.319376863689172 ], [ 26.697157609412706, 39.319442108344582 ], [ 26.697072454682655, 39.319442383269198 ], [ 26.697062765167306, 39.319392026433455 ], [ 26.69716220475318, 39.319376863689172 ] ] ] } },
{ "type": "Feature", "properties": { "fid": 6286, "Layer": "Wall" }, "geometry": { "type": "MultiLineString", "coordinates": [ [ [ 26.697159246758979, 39.319379505599443 ], [ 26.697154989767345, 39.31943996575967 ], [ 26.697074836701844, 39.319440225260244 ], [ 26.697065893702209, 39.319393740987735 ], [ 26.697159246758979, 39.319379505599443 ] ] ] } },
{ "type": "Feature", "properties": { "fid": 6287, "Layer": "Wall" }, "geometry": { "type": "MultiLineString", "coordinates": [ [ [ 26.697055682753078, 39.319350313820067 ], [ 26.697062765167306, 39.319392026433455 ] ] ] } },
{ "type": "Feature", "properties": { "fid": 6288, "Layer": "Wall" }, "geometry": { "type": "MultiLineString", "coordinates": [ [ [ 26.697203077255555, 39.319274792751855 ], [ 26.69717737684898, 39.319275970466229 ] ] ] } },
{ "type": "Feature", "properties": { "fid": 6289, "Layer": "Wall" }, "geometry": { "type": "MultiLineString", "coordinates": [ [ [ 26.697215240033653, 39.319274753608127 ], [ 26.697219614713013, 39.319374232664359 ] ] ] } },
{ "type": "Feature", "properties": { "fid": 6290, "Layer": "Wall" }, "geometry": { "type": "MultiLineString", "coordinates": [ [ [ 26.697112110832371, 39.319100411167327 ], [ 26.697146101603334, 39.319096978177114 ] ] ] } },
{ "type": "Feature", "properties": { "fid": 6291, "Layer": "Wall" }, "geometry": { "type": "MultiLineString", "coordinates": [ [ [ 26.697210066923279, 39.319137919939074 ], [ 26.697202687261438, 39.319202363366578 ] ] ] } },
{ "type": "Feature", "properties": { "fid": 6292, "Layer": "Wall" }, "geometry": { "type": "MultiLineString", "coordinates": [ [ [ 26.697544798206163, 39.319250595610328 ], [ 26.69760855418324, 39.319266315921972 ], [ 26.697608693495642, 39.319292135071152 ], [ 26.697747973381681, 39.319310947699485 ], [ 26.697733649977859, 39.319374930343557 ], [ 26.697709151323409, 39.319434707093592 ] ] ] } },
{ "type": "Feature", "properties": { "fid": 6293, "Layer": "Wall" }, "geometry": { "type": "MultiLineString", "coordinates": [ [ [ 26.697543960709364, 39.319252645076489 ], [ 26.697605794971317, 39.319267890996727 ], [ 26.697605935156062, 39.31929394417844 ], [ 26.69774477341242, 39.31931269780673 ], [ 26.697730956547748, 39.319374417960788 ], [ 26.697706512996529, 39.319434055140142 ] ] ] } },
{ "type": "Feature", "properties": { "fid": 6294, "Layer": "Wall" }, "geometry": { "type": "MultiLineString", "coordinates": [ [ [ 26.697778229120722, 39.319200849358182 ], [ 26.697661286700065, 39.319210571738573 ], [ 26.697661556175106, 39.319260478198949 ], [ 26.697698560041495, 39.319304273929113 ] ] ] } },
{ "type": "Feature", "properties": { "fid": 6295, "Layer": "Wall" }, "geometry": { "type": "MultiLineString", "coordinates": [ [ [ 26.697778522390685, 39.319202986891497 ], [ 26.697664065260923, 39.319212502645428 ], [ 26.697664318850329, 39.31925983205322 ], [ 26.697700873937201, 39.319303094422196 ] ] ] } },
{ "type": "Feature", "properties": { "fid": 6296, "Layer": "Wall" }, "geometry": { "type": "MultiLineString", "coordinates": [ [ [ 26.697605946469341, 39.319296016263131 ], [ 26.697593462167777, 39.319352046382093 ], [ 26.697730956547748, 39.319374417960788 ] ] ] } },
{ "type": "Feature", "properties": { "fid": 6297, "Layer": "Wall" }, "geometry": { "type": "MultiLineString", "coordinates": [ [ [ 26.697450788039696, 39.319303049274787 ], [ 26.697440701272789, 39.319361095270466 ] ] ] } },
{ "type": "Feature", "properties": { "fid": 6298, "Layer": "Wall" }, "geometry": { "type": "MultiLineString", "coordinates": [ [ [ 26.697449480208846, 39.319310577356674 ], [ 26.697598245699144, 39.319330578403516 ] ] ] } },
{ "type": "Feature", "properties": { "fid": 6299, "Layer": "Wall" }, "geometry": { "type": "MultiLineString", "coordinates": [ [ [ 26.697343228054507, 39.319202637649489 ], [ 26.697355469789926, 39.319202598431971 ], [ 26.697459260485342, 39.31922950455759 ] ] ] } },
{ "type": "Feature", "properties": { "fid": 6300, "Layer": "Wall" }, "geometry": { "type": "MultiLineString", "coordinates": [ [ [ 26.697343239650657, 39.319204787145672 ], [ 26.697355025632241, 39.319204750149588 ], [ 26.697458387067339, 39.319231545055821 ] ] ] } },
{ "type": "Feature", "properties": { "fid": 6301, "Layer": "Wall" }, "geometry": { "type": "MultiLineString", "coordinates": [ [ [ 26.697453530868483, 39.319303337480896 ], [ 26.697452208971583, 39.319310942986775 ] ] ] } },
{ "type": "Feature", "properties": { "fid": 6302, "Layer": "Wall" }, "geometry": { "type": "MultiLineString", "coordinates": [ [ [ 26.697449008114344, 39.319312694894847 ], [ 26.697449110441863, 39.319312708302185 ] ] ] } },
{ "type": "Feature", "properties": { "fid": 6303, "Layer": "Wall" }, "geometry": { "type": "MultiLineString", "coordinates": [ [ [ 26.69760867344398, 39.319296382794711 ], [ 26.697596644461203, 39.319350368301492 ], [ 26.697731523788299, 39.319372313837107 ] ] ] } },
{ "type": "Feature", "properties": { "fid": 6304, "Layer": "Wall" }, "geometry": { "type": "MultiLineString", "coordinates": [ [ [ 26.697451838314191, 39.319313075733412 ], [ 26.697443444999777, 39.319361383475602 ] ] ] } },
{ "type": "Feature", "properties": { "fid": 6305, "Layer": "Wall" }, "geometry": { "type": "MultiLineString", "coordinates": [ [ [ 26.697451838314191, 39.319313075733412 ], [ 26.697597773606727, 39.319332695941434 ] ] ] } },
{ "type": "Feature", "properties": { "fid": 6306, "Layer": "Wall" }, "geometry": { "type": "MultiLineString", "coordinates": [ [ [ 26.697883053778412, 39.319495931397917 ], [ 26.698048629674663, 39.319507592433816 ], [ 26.698063080339612, 39.319383764702025 ], [ 26.698056001759205, 39.31936384421973 ], [ 26.698005696331833, 39.319368664121193 ], [ 26.697881050199129, 39.31937589400129 ] ] ] } },
{ "type": "Feature", "properties": { "fid": 6307, "Layer": "Wall" }, "geometry": { "type": "MultiLineString", "coordinates": [ [ [ 26.697883303278797, 39.319493790663287 ], [ 26.698046123224081, 39.319505258020804 ], [ 26.698060279188194, 39.319383959019888 ], [ 26.698053968597346, 39.319366204434914 ], [ 26.698005968087084, 39.319370804373804 ], [ 26.697881256465813, 39.31937803611499 ] ] ] } },
{ "type": "Feature", "properties": { "fid": 6308, "Layer": "Wall" }, "geometry": { "type": "MultiLineString", "coordinates": [ [ [ 26.697881256465813, 39.31937803611499 ], [ 26.697881243944327, 39.319375882120447 ] ] ] } },
{ "type": "Feature", "properties": { "fid": 6311, "Layer": "Wall" }, "geometry": { "type": "MultiLineString", "coordinates": [ [ [ 26.697809879627112, 39.319198218725958 ], [ 26.697828523430285, 39.319196925107249 ], [ 26.697830997280512, 39.319214101765468 ] ] ] } },
{ "type": "Feature", "properties": { "fid": 6312, "Layer": "Wall" }, "geometry": { "type": "MultiLineString", "coordinates": [ [ [ 26.697962316689782, 39.319233161173862 ], [ 26.698021048398054, 39.319227158819665 ], [ 26.698036390450778, 39.31927031206817 ], [ 26.697982603473875, 39.319275466432252 ], [ 26.697962545602891, 39.319275530886529 ] ] ] } },
{ "type": "Feature", "properties": { "fid": 6313, "Layer": "Wall" }, "geometry": { "type": "MultiLineString", "coordinates": [ [ [ 26.697962679025355, 39.319235293242116 ], [ 26.698019021575355, 39.319229535231464 ], [ 26.698032870293108, 39.319268482663006 ], [ 26.697982427681403, 39.319273316189161 ], [ 26.697962534893485, 39.319273381390872 ] ] ] } },
{ "type": "Feature", "properties": { "fid": 6314, "Layer": "Wall" }, "geometry": { "type": "MultiLineString", "coordinates": [ [ [ 26.697810125364299, 39.319200360803777 ], [ 26.697826074755554, 39.319199253302259 ], [ 26.697828246547687, 39.319214341942484 ] ] ] } },
{ "type": "Feature", "properties": { "fid": 6315, "Layer": "Wall" }, "geometry": { "type": "MultiLineString", "coordinates": [ [ [ 26.697212473437894, 39.319274827274938 ], [ 26.697216848111996, 39.319374305431282 ] ] ] } },
{ "type": "Feature", "properties": { "fid": 6316, "Layer": "Wall" }, "geometry": { "type": "MultiLineString", "coordinates": [ [ [ 26.697058426139893, 39.319350031345095 ], [ 26.697065509462156, 39.319391746657971 ] ] ] } },
{ "type": "Feature", "properties": { "fid": 6317, "Layer": "Wall" }, "geometry": { "type": "MultiLineString", "coordinates": [ [ [ 26.697112467767916, 39.319102543242678 ], [ 26.697146459436549, 39.319099110251528 ] ] ] } },
{ "type": "Feature", "properties": { "fid": 6318, "Layer": "Wall" }, "geometry": { "type": "MultiLineString", "coordinates": [ [ [ 26.697176983455709, 39.319270795990647 ], [ 26.697171859554516, 39.319203301882276 ], [ 26.697117620933934, 39.319204906520334 ] ] ] } },
{ "type": "Feature", "properties": { "fid": 6319, "Layer": "Wall" }, "geometry": { "type": "MultiLineString", "coordinates": [ [ [ 26.697117535562622, 39.319148487432685 ], [ 26.697155517376924, 39.319144446767268 ], [ 26.69716867745932, 39.319142872884619 ], [ 26.697171859554516, 39.319203301882276 ] ] ] } },
{ "type": "Feature", "properties": { "fid": 6320, "Layer": "Wall" }, "geometry": { "type": "MultiLineString", "coordinates": [ [ [ 26.69717422064398, 39.319270921861325 ], [ 26.697169257989987, 39.319205530304288 ], [ 26.697117726722499, 39.319207054129642 ] ] ] } },
{ "type": "Feature", "properties": { "fid": 6321, "Layer": "Wall" }, "geometry": { "type": "MultiLineString", "coordinates": [ [ [ 26.697117910435821, 39.319150617691022 ], [ 26.697155915566945, 39.319146574303616 ], [ 26.697166038291922, 39.319145363278821 ], [ 26.697169095702709, 39.319203389048205 ] ] ] } },
{ "type": "Feature", "properties": { "fid": 6322, "Layer": "Wall" }, "geometry": { "type": "MultiLineString", "coordinates": [ [ [ 26.697179782632126, 39.319307649167008 ], [ 26.69704702580821, 39.3193081138891 ] ] ] } },
{ "type": "Feature", "properties": { "fid": 6324, "Layer": "Wall" }, "geometry": { "type": "MultiLineString", "coordinates": [ [ [ 26.697063890841289, 39.319105007666707 ], [ 26.697062085246522, 39.319094752366937 ], [ 26.69699334764136, 39.319100948443577 ], [ 26.696999885807013, 39.3191432655616 ], [ 26.697019265068445, 39.319141459103015 ] ] ] } },
{ "type": "Feature", "properties": { "fid": 6349, "Layer": "Wall" }, "geometry": { "type": "MultiLineString", "coordinates": [ [ [ 26.697114301077551, 39.319066017923298 ], [ 26.697221822471796, 39.319063454932206 ] ] ] } },
{ "type": "Feature", "properties": { "fid": 6350, "Layer": "Wall" }, "geometry": { "type": "MultiLineString", "coordinates": [ [ [ 26.69711100155342, 39.319021739133937 ], [ 26.697189002775154, 39.319013945768191 ], [ 26.69721889037352, 39.319019074092978 ] ] ] } },
{ "type": "Feature", "properties": { "fid": 6351, "Layer": "Wall" }, "geometry": { "type": "MultiLineString", "coordinates": [ [ [ 26.697100584246904, 39.3189951436486 ], [ 26.697223958269706, 39.318992027741913 ] ] ] } },
{ "type": "Feature", "properties": { "fid": 6352, "Layer": "Wall" }, "geometry": { "type": "MultiLineString", "coordinates": [ [ [ 26.697100299841139, 39.318921615981083 ], [ 26.697181280770589, 39.318928116616064 ], [ 26.697233486296529, 39.318954218030008 ] ] ] } },
{ "type": "Feature", "properties": { "fid": 6353, "Layer": "Wall" }, "geometry": { "type": "MultiLineString", "coordinates": [ [ [ 26.697102298171949, 39.318954012475707 ], [ 26.697222175343182, 39.3189808731928 ] ] ] } },
{ "type": "Feature", "properties": { "fid": 6355, "Layer": "Wall" }, "geometry": { "type": "MultiLineString", "coordinates": [ [ [ 26.696977302338972, 39.31877604369479 ], [ 26.696962724013556, 39.318715414553907 ], [ 26.697076051592624, 39.318715047060898 ], [ 26.697084572631127, 39.318758156275941 ] ] ] } },
{ "type": "Feature", "properties": { "fid": 6356, "Layer": "Wall" }, "geometry": { "type": "MultiLineString", "coordinates": [ [ [ 26.696953402492888, 39.318660893332115 ], [ 26.696962724013556, 39.318715414553907 ] ] ] } },
{ "type": "Feature", "properties": { "fid": 6357, "Layer": "Wall" }, "geometry": { "type": "MultiLineString", "coordinates": [ [ [ 26.696980021970536, 39.318775648726906 ], [ 26.696966053267989, 39.318717552887001 ], [ 26.69707367764617, 39.318717205062548 ], [ 26.697081836591089, 39.318758481949253 ] ] ] } },
{ "type": "Feature", "properties": { "fid": 6358, "Layer": "Wall" }, "geometry": { "type": "MultiLineString", "coordinates": [ [ [ 26.69695614496646, 39.31866060995943 ], [ 26.696965467381936, 39.318715130280147 ] ] ] } },
{ "type": "Feature", "properties": { "fid": 6359, "Layer": "Wall" }, "geometry": { "type": "MultiLineString", "coordinates": [ [ [ 26.697081836591089, 39.318758481949253 ], [ 26.697084572631127, 39.318758156275941 ] ] ] } },
{ "type": "Feature", "properties": { "fid": 6360, "Layer": "Wall" }, "geometry": { "type": "MultiLineString", "coordinates": [ [ [ 26.697069096658151, 39.318537219456474 ], [ 26.697028064181215, 39.318546928333795 ] ] ] } },
{ "type": "Feature", "properties": { "fid": 6361, "Layer": "Wall" }, "geometry": { "type": "MultiLineString", "coordinates": [ [ [ 26.697256244594875, 39.31849459923879 ], [ 26.697229787430786, 39.318501174812738 ] ] ] } },
{ "type": "Feature", "properties": { "fid": 6362, "Layer": "Wall" }, "geometry": { "type": "MultiLineString", "coordinates": [ [ [ 26.697244655780604, 39.318615408172789 ], [ 26.697292666144438, 39.318611638194675 ], [ 26.697292380968076, 39.318558612753641 ] ] ] } },
{ "type": "Feature", "properties": { "fid": 6363, "Layer": "Wall" }, "geometry": { "type": "MultiLineString", "coordinates": [ [ [ 26.697244655780604, 39.318615408172789 ], [ 26.69723289444352, 39.318786514662719 ], [ 26.697326488991965, 39.318808533567626 ] ] ] } },
{ "type": "Feature", "properties": { "fid": 6364, "Layer": "Wall" }, "geometry": { "type": "MultiLineString", "coordinates": [ [ [ 26.697292666144438, 39.318611638194675 ], [ 26.697309715398443, 39.318610301057596 ], [ 26.69731868116515, 39.318759896914514 ], [ 26.697234577916166, 39.318762025999035 ] ] ] } },
{ "type": "Feature", "properties": { "fid": 6365, "Layer": "Wall" }, "geometry": { "type": "MultiLineString", "coordinates": [ [ [ 26.697310822056053, 39.318628749980512 ], [ 26.697351054094518, 39.318628619204858 ], [ 26.697350850084639, 39.318590665452845 ] ] ] } },
{ "type": "Feature", "properties": { "fid": 6366, "Layer": "Wall" }, "geometry": { "type": "MultiLineString", "coordinates": [ [ [ 26.697326759947131, 39.318558501789006 ], [ 26.697326931925549, 39.318590743353447 ], [ 26.697350850084639, 39.318590665452845 ], [ 26.697371602098073, 39.31858816282832 ] ] ] } },
{ "type": "Feature", "properties": { "fid": 6367, "Layer": "Wall" }, "geometry": { "type": "MultiLineString", "coordinates": [ [ [ 26.697369565235608, 39.318680432432416 ], [ 26.697313696503798, 39.318676716100974 ] ] ] } },
{ "type": "Feature", "properties": { "fid": 6368, "Layer": "Wall" }, "geometry": { "type": "MultiLineString", "coordinates": [ [ [ 26.697076051592624, 39.318715047060898 ], [ 26.697238775535009, 39.318700960970268 ] ] ] } },
{ "type": "Feature", "properties": { "fid": 6369, "Layer": "Wall" }, "geometry": { "type": "MultiLineString", "coordinates": [ [ [ 26.697076357402135, 39.318717184585147 ], [ 26.697239081340079, 39.31870309669398 ] ] ] } },
{ "type": "Feature", "properties": { "fid": 6370, "Layer": "Wall" }, "geometry": { "type": "MultiLineString", "coordinates": [ [ [ 26.697247418582876, 39.318615523537936 ], [ 26.697235772992677, 39.318784944879162 ], [ 26.697327291479525, 39.31880647693189 ] ] ] } },
{ "type": "Feature", "properties": { "fid": 6371, "Layer": "Wall" }, "geometry": { "type": "MultiLineString", "coordinates": [ [ [ 26.697292943253029, 39.318613777545544 ], [ 26.697307088330717, 39.318612668123144 ], [ 26.697315787247735, 39.318757819389944 ], [ 26.697234488282923, 39.318759878374074 ] ] ] } },
{ "type": "Feature", "properties": { "fid": 6372, "Layer": "Wall" }, "geometry": { "type": "MultiLineString", "coordinates": [ [ [ 26.697369328281795, 39.318682574958238 ], [ 26.697313460446427, 39.31867885862605 ] ] ] } },
{ "type": "Feature", "properties": { "fid": 6373, "Layer": "Wall" }, "geometry": { "type": "MultiLineString", "coordinates": [ [ [ 26.697310810467037, 39.318626599582899 ], [ 26.697348275683435, 39.318626479464236 ], [ 26.69734808325704, 39.318590674309398 ] ] ] } },
{ "type": "Feature", "properties": { "fid": 6374, "Layer": "Wall" }, "geometry": { "type": "MultiLineString", "coordinates": [ [ [ 26.697329527674267, 39.318558493831866 ], [ 26.697329688061217, 39.318588584098457 ], [ 26.697350632154819, 39.318588517046123 ], [ 26.697371177010378, 39.318586038016356 ] ] ] } },
{ "type": "Feature", "properties": { "fid": 6375, "Layer": "Wall" }, "geometry": { "type": "MultiLineString", "coordinates": [ [ [ 26.69724493378903, 39.318617548423028 ], [ 26.697295444716993, 39.318613580807153 ] ] ] } },
{ "type": "Feature", "properties": { "fid": 6376, "Layer": "Wall" }, "geometry": { "type": "MultiLineString", "coordinates": [ [ [ 26.697295433094936, 39.318611421408256 ], [ 26.697295147790683, 39.318558602997122 ] ] ] } },
{ "type": "Feature", "properties": { "fid": 6377, "Layer": "Wall" }, "geometry": { "type": "MultiLineString", "coordinates": [ [ [ 26.697257087468678, 39.31849664625431 ], [ 26.697230629400362, 39.318503220028823 ] ] ] } },
{ "type": "Feature", "properties": { "fid": 6378, "Layer": "Wall" }, "geometry": { "type": "MultiLineString", "coordinates": [ [ [ 26.697069901885278, 39.31853927640848 ], [ 26.697028871198729, 39.318548984384087 ] ] ] } },
{ "type": "Feature", "properties": { "fid": 6379, "Layer": "Wall" }, "geometry": { "type": "MultiLineString", "coordinates": [ [ [ 26.697420132636715, 39.318826122881873 ], [ 26.697403051688582, 39.318855105708124 ] ] ] } },
{ "type": "Feature", "properties": { "fid": 6380, "Layer": "Wall" }, "geometry": { "type": "MultiLineString", "coordinates": [ [ [ 26.697417614549497, 39.318825229580263 ], [ 26.697400538083542, 39.318854211502277 ] ] ] } },
{ "type": "Feature", "properties": { "fid": 6381, "Layer": "Wall" }, "geometry": { "type": "MultiLineString", "coordinates": [ [ [ 26.697114215923115, 39.319063869394476 ], [ 26.697221737319165, 39.319061307303748 ] ] ] } },
{ "type": "Feature", "properties": { "fid": 6382, "Layer": "Wall" }, "geometry": { "type": "MultiLineString", "coordinates": [ [ [ 26.697111354898727, 39.319023871212742 ], [ 26.697188878110545, 39.319016125995283 ], [ 26.697218294396304, 39.319021173743842 ] ] ] } },
{ "type": "Feature", "properties": { "fid": 6383, "Layer": "Wall" }, "geometry": { "type": "MultiLineString", "coordinates": [ [ [ 26.697100494604868, 39.318992994223606 ], [ 26.697223868629198, 39.318989879217312 ] ] ] } },
{ "type": "Feature", "properties": { "fid": 6384, "Layer": "Wall" }, "geometry": { "type": "MultiLineString", "coordinates": [ [ [ 26.697103065636643, 39.318951946870996 ], [ 26.697222941012274, 39.318978807589964 ] ] ] } },
{ "type": "Feature", "properties": { "fid": 6385, "Layer": "Wall" }, "geometry": { "type": "MultiLineString", "coordinates": [ [ [ 26.69710001621841, 39.318923754049337 ], [ 26.697180338426254, 39.318930200384784 ], [ 26.697231988476567, 39.318956025972362 ] ] ] } },
{ "type": "Feature", "properties": { "fid": 6402, "Layer": "Wall" }, "geometry": { "type": "MultiLineString", "coordinates": [ [ [ 26.697557319386203, 39.318595677467322 ], [ 26.697607804756235, 39.318603378233924 ] ] ] } },
{ "type": "Feature", "properties": { "fid": 6403, "Layer": "Wall" }, "geometry": { "type": "MultiLineString", "coordinates": [ [ [ 26.697531821576916, 39.318612227390226 ], [ 26.697524036386856, 39.318698637052499 ] ] ] } },
{ "type": "Feature", "properties": { "fid": 6404, "Layer": "Wall" }, "geometry": { "type": "MultiLineString", "coordinates": [ [ [ 26.697645338350728, 39.318786674578256 ], [ 26.69764623728836, 39.318822083008456 ] ] ] } },
{ "type": "Feature", "properties": { "fid": 6406, "Layer": "Wall" }, "geometry": { "type": "MultiLineString", "coordinates": [ [ [ 26.697655549315343, 39.319134513500913 ], [ 26.697654769333401, 39.318989473831351 ] ] ] } },
{ "type": "Feature", "properties": { "fid": 6407, "Layer": "Wall" }, "geometry": { "type": "MultiLineString", "coordinates": [ [ [ 26.697571984853397, 39.318989740269622 ], [ 26.697420386405568, 39.318983437244754 ], [ 26.697381634081005, 39.319082447597857 ], [ 26.697380172655745, 39.319110647276325 ] ] ] } },
{ "type": "Feature", "properties": { "fid": 6409, "Layer": "Wall" }, "geometry": { "type": "MultiLineString", "coordinates": [ [ [ 26.697242970236854, 39.319104580275102 ], [ 26.697244710874394, 39.319073534128549 ], [ 26.697299710770157, 39.319071574135712 ], [ 26.697337999753564, 39.319075565930639 ], [ 26.697338172819595, 39.319107822779728 ] ] ] } },
{ "type": "Feature", "properties": { "fid": 6410, "Layer": "Wall" }, "geometry": { "type": "MultiLineString", "coordinates": [ [ [ 26.697337999753564, 39.319075565930639 ], [ 26.697381634081005, 39.319082447597857 ] ] ] } },
{ "type": "Feature", "properties": { "fid": 6411, "Layer": "Wall" }, "geometry": { "type": "MultiLineString", "coordinates": [ [ [ 26.697381634081005, 39.319082447597857 ], [ 26.697423618465297, 39.319089070650584 ], [ 26.697423754707838, 39.319114326331281 ] ] ] } },
{ "type": "Feature", "properties": { "fid": 6412, "Layer": "Wall" }, "geometry": { "type": "MultiLineString", "coordinates": [ [ [ 26.697381082987985, 39.319084553507949 ], [ 26.697420859936205, 39.319090828450555 ], [ 26.697420986075151, 39.319114335190832 ] ] ] } },
{ "type": "Feature", "properties": { "fid": 6413, "Layer": "Wall" }, "geometry": { "type": "MultiLineString", "coordinates": [ [ [ 26.697245735659298, 39.319104674033639 ], [ 26.697247365180388, 39.319075591170488 ], [ 26.697299589612889, 39.319073731856072 ], [ 26.697335241684424, 39.31907744704769 ], [ 26.697335405089259, 39.31910783253835 ] ] ] } },
{ "type": "Feature", "properties": { "fid": 6414, "Layer": "Wall" }, "geometry": { "type": "MultiLineString", "coordinates": [ [ [ 26.697337449560521, 39.319077672740029 ], [ 26.697381082987985, 39.319084553507949 ] ] ] } },
{ "type": "Feature", "properties": { "fid": 6415, "Layer": "Wall" }, "geometry": { "type": "MultiLineString", "coordinates": [ [ [ 26.697654801043228, 39.318995336338787 ], [ 26.697422403496265, 39.318985674000828 ], [ 26.697384385249705, 39.319082808707485 ], [ 26.697382937153744, 39.319110732934227 ] ] ] } },
{ "type": "Feature", "properties": { "fid": 6416, "Layer": "Wall" }, "geometry": { "type": "MultiLineString", "coordinates": [ [ [ 26.697652781578604, 39.319134523260388 ], [ 26.6976520024932, 39.318989482689538 ] ] ] } },
{ "type": "Feature", "properties": { "fid": 6418, "Layer": "Wall" }, "geometry": { "type": "MultiLineString", "coordinates": [ [ [ 26.697533068949202, 39.318895959430137 ], [ 26.697454664007488, 39.318889811990708 ], [ 26.697475792568859, 39.318835178057256 ] ] ] } },
{ "type": "Feature", "properties": { "fid": 6419, "Layer": "Wall" }, "geometry": { "type": "MultiLineString", "coordinates": [ [ [ 26.697454664007488, 39.318889811990708 ], [ 26.697439480302474, 39.318929080633453 ], [ 26.697577657002537, 39.318942836529466 ] ] ] } },
{ "type": "Feature", "properties": { "fid": 6420, "Layer": "Wall" }, "geometry": { "type": "MultiLineString", "coordinates": [ [ [ 26.697439480302474, 39.318929080633453 ], [ 26.697420386405568, 39.318983437244754 ] ] ] } },
{ "type": "Feature", "properties": { "fid": 6421, "Layer": "Wall" }, "geometry": { "type": "MultiLineString", "coordinates": [ [ [ 26.697442149694158, 39.318929647048215 ], [ 26.697423055794683, 39.318984002759294 ] ] ] } },
{ "type": "Feature", "properties": { "fid": 6422, "Layer": "Wall" }, "geometry": { "type": "MultiLineString", "coordinates": [ [ [ 26.697457314752565, 39.318890430630198 ], [ 26.697443068518304, 39.318927270759573 ], [ 26.697578008827342, 39.318940704699855 ] ] ] } },
{ "type": "Feature", "properties": { "fid": 6423, "Layer": "Wall" }, "geometry": { "type": "MultiLineString", "coordinates": [ [ [ 26.697533347177476, 39.318893819567251 ], [ 26.697458280677743, 39.318887933680706 ], [ 26.69747844241267, 39.318835795797597 ] ] ] } },
{ "type": "Feature", "properties": { "fid": 6424, "Layer": "Wall" }, "geometry": { "type": "MultiLineString", "coordinates": [ [ [ 26.697556785344691, 39.318597786062554 ], [ 26.69760727161248, 39.318605486828254 ] ] ] } },
{ "type": "Feature", "properties": { "fid": 6425, "Layer": "Wall" }, "geometry": { "type": "MultiLineString", "coordinates": [ [ [ 26.697534580926767, 39.31861237786287 ], [ 26.697526796631983, 39.318698786624005 ] ] ] } },
{ "type": "Feature", "properties": { "fid": 6426, "Layer": "Wall" }, "geometry": { "type": "MultiLineString", "coordinates": [ [ [ 26.697642570741145, 39.318786716741364 ], [ 26.697643469678194, 39.3188221251717 ] ] ] } },
{ "type": "Feature", "properties": { "fid": 6427, "Layer": "Wall" }, "geometry": { "type": "MultiLineString", "coordinates": [ [ [ 26.697534932708049, 39.319115715091755 ], [ 26.697534837539951, 39.319098358902899 ], [ 26.697652653265692, 39.319110925614169 ] ] ] } },
{ "type": "Feature", "properties": { "fid": 6428, "Layer": "Wall" }, "geometry": { "type": "MultiLineString", "coordinates": [ [ [ 26.697537773756412, 39.319129603247909 ], [ 26.697537618985443, 39.319100825384552 ], [ 26.697652277217635, 39.319113056565598 ] ] ] } },
{ "type": "Feature", "properties": { "fid": 6429, "Layer": "Wall" }, "geometry": { "type": "MultiLineString", "coordinates": [ [ [ 26.697534152481904, 39.318842646507825 ], [ 26.697567605707743, 39.318845428497411 ] ] ] } },
{ "type": "Feature", "properties": { "fid": 6430, "Layer": "Wall" }, "geometry": { "type": "MultiLineString", "coordinates": [ [ [ 26.697534447760479, 39.31884050752916 ], [ 26.697567899194901, 39.318843290420638 ] ] ] } },
{ "type": "Feature", "properties": { "fid": 6450, "Layer": "Wall" }, "geometry": { "type": "MultiLineString", "coordinates": [ [ [ 26.697856718496883, 39.319105381207997 ], [ 26.697863602017907, 39.319161323211468 ], [ 26.697909029132123, 39.319157387257079 ] ] ] } },
{ "type": "Feature", "properties": { "fid": 6451, "Layer": "Wall" }, "geometry": { "type": "MultiLineString", "coordinates": [ [ [ 26.697863602017907, 39.319161323211468 ], [ 26.697821015173481, 39.31916641230346 ] ] ] } },
{ "type": "Feature", "properties": { "fid": 6452, "Layer": "Wall" }, "geometry": { "type": "MultiLineString", "coordinates": [ [ [ 26.697713447597053, 39.319112668773982 ], [ 26.697709935372345, 39.319079019822858 ] ] ] } },
{ "type": "Feature", "properties": { "fid": 6453, "Layer": "Wall" }, "geometry": { "type": "MultiLineString", "coordinates": [ [ [ 26.697815796874913, 39.319110726195404 ], [ 26.697811818473188, 39.319072604940807 ] ] ] } },
{ "type": "Feature", "properties": { "fid": 6454, "Layer": "Wall" }, "geometry": { "type": "MultiLineString", "coordinates": [ [ [ 26.697697239459384, 39.318936941785594 ], [ 26.697696938093731, 39.318996926625161 ] ] ] } },
{ "type": "Feature", "properties": { "fid": 6455, "Layer": "Wall" }, "geometry": { "type": "MultiLineString", "coordinates": [ [ [ 26.697981790967738, 39.318979377246293 ], [ 26.697996410044915, 39.319096239974563 ] ] ] } },
{ "type": "Feature", "properties": { "fid": 6456, "Layer": "Wall" }, "geometry": { "type": "MultiLineString", "coordinates": [ [ [ 26.697697032665765, 39.318898528992406 ], [ 26.697696868160669, 39.318867612429358 ], [ 26.697788357774531, 39.318867317242734 ], [ 26.697797915235117, 39.318890410206492 ] ] ] } },
{ "type": "Feature", "properties": { "fid": 6457, "Layer": "Wall" }, "geometry": { "type": "MultiLineString", "coordinates": [ [ [ 26.697696868160669, 39.318867612429358 ], [ 26.697688495322666, 39.318808715752347 ] ] ] } },
{ "type": "Feature", "properties": { "fid": 6458, "Layer": "Wall" }, "geometry": { "type": "MultiLineString", "coordinates": [ [ [ 26.698002800814276, 39.319147301932823 ], [ 26.698021048398054, 39.319227158819665 ] ] ] } },
{ "type": "Feature", "properties": { "fid": 6459, "Layer": "Wall" }, "geometry": { "type": "MultiLineString", "coordinates": [ [ [ 26.697716206642593, 39.31911249339889 ], [ 26.697712694427327, 39.319078847148205 ] ] ] } },
{ "type": "Feature", "properties": { "fid": 6460, "Layer": "Wall" }, "geometry": { "type": "MultiLineString", "coordinates": [ [ [ 26.69785947295123, 39.319105177032796 ], [ 26.697866088189315, 39.31915894547469 ], [ 26.697908722406929, 39.319155250636463 ] ] ] } },
{ "type": "Feature", "properties": { "fid": 6461, "Layer": "Wall" }, "geometry": { "type": "MultiLineString", "coordinates": [ [ [ 26.697863180499244, 39.319159198398637 ], [ 26.697820593655411, 39.319164287490501 ] ] ] } },
{ "type": "Feature", "properties": { "fid": 6462, "Layer": "Wall" }, "geometry": { "type": "MultiLineString", "coordinates": [ [ [ 26.69797903473286, 39.318979585023655 ], [ 26.697993654705122, 39.319096447751292 ] ] ] } },
{ "type": "Feature", "properties": { "fid": 6463, "Layer": "Wall" }, "geometry": { "type": "MultiLineString", "coordinates": [ [ [ 26.69770000815414, 39.318936949128023 ], [ 26.697699706792935, 39.318996934867563 ] ] ] } },
{ "type": "Feature", "properties": { "fid": 6464, "Layer": "Wall" }, "geometry": { "type": "MultiLineString", "coordinates": [ [ [ 26.697699801302821, 39.31889852103285 ], [ 26.697699646594568, 39.318869753067659 ], [ 26.697786344477862, 39.318869472210913 ], [ 26.697795281798641, 39.318891067934082 ] ] ] } },
{ "type": "Feature", "properties": { "fid": 6465, "Layer": "Wall" }, "geometry": { "type": "MultiLineString", "coordinates": [ [ [ 26.697699617108373, 39.318867376755527 ], [ 26.697691246964201, 39.318808480976287 ] ] ] } },
{ "type": "Feature", "properties": { "fid": 6466, "Layer": "Wall" }, "geometry": { "type": "MultiLineString", "coordinates": [ [ [ 26.697971934656017, 39.318876836540944 ], [ 26.697971898649051, 39.318913396186616 ] ] ] } },
{ "type": "Feature", "properties": { "fid": 6467, "Layer": "Wall" }, "geometry": { "type": "MultiLineString", "coordinates": [ [ [ 26.697808142038287, 39.318744445814076 ], [ 26.697817005860895, 39.318696932435152 ] ] ] } },
{ "type": "Feature", "properties": { "fid": 6468, "Layer": "Wall" }, "geometry": { "type": "MultiLineString", "coordinates": [ [ [ 26.697764118609587, 39.318732584097624 ], [ 26.697808142038287, 39.318744445814076 ] ] ] } },
{ "type": "Feature", "properties": { "fid": 6470, "Layer": "Wall" }, "geometry": { "type": "MultiLineString", "coordinates": [ [ [ 26.697763211959579, 39.318734615625679 ], [ 26.697807235385447, 39.318746476441945 ] ] ] } },
{ "type": "Feature", "properties": { "fid": 6471, "Layer": "Wall" }, "geometry": { "type": "MultiLineString", "coordinates": [ [ [ 26.69781088224466, 39.318744753825989 ], [ 26.697819744265448, 39.318697238648632 ] ] ] } },
{ "type": "Feature", "properties": { "fid": 6472, "Layer": "Wall" }, "geometry": { "type": "MultiLineString", "coordinates": [ [ [ 26.697819744265448, 39.318697238648632 ], [ 26.69782197594893, 39.318691088707737 ] ] ] } },
{ "type": "Feature", "properties": { "fid": 6494, "Layer": "Wall" }, "geometry": { "type": "MultiLineString", "coordinates": [ [ [ 26.696976012825896, 39.319141024691177 ], [ 26.696976430060062, 39.319218401177423 ], [ 26.696994410181148, 39.31926056729916 ] ] ] } },
{ "type": "Feature", "properties": { "fid": 6495, "Layer": "Wall" }, "geometry": { "type": "MultiLineString", "coordinates": [ [ [ 26.696765023034597, 39.319068290220365 ], [ 26.696753482024807, 39.319050716856914 ], [ 26.696670655477906, 39.319064855157464 ], [ 26.696618559438676, 39.319083312701814 ], [ 26.696648754390896, 39.319135409496987 ] ] ] } },
{ "type": "Feature", "properties": { "fid": 6497, "Layer": "Wall" }, "geometry": { "type": "MultiLineString", "coordinates": [ [ [ 26.696756563851871, 39.319060140162556 ], [ 26.69675198751364, 39.319053172888999 ], [ 26.696671536049376, 39.319066906638795 ], [ 26.696622213969331, 39.319084380481108 ], [ 26.696651276627939, 39.319134527741816 ] ] ] } },
{ "type": "Feature", "properties": { "fid": 6498, "Layer": "Wall" }, "geometry": { "type": "MultiLineString", "coordinates": [ [ [ 26.696973246890298, 39.319141032647011 ], [ 26.696973663608841, 39.319218752983161 ], [ 26.69699178309877, 39.319261243022574 ] ] ] } },
{ "type": "Feature", "properties": { "fid": 6500, "Layer": "Wall" }, "geometry": { "type": "MultiLineString", "coordinates": [ [ [ 26.696977233774451, 39.31906579259271 ], [ 26.696972662070113, 39.319017162849612 ], [ 26.696845556660641, 39.319045758526485 ] ] ] } },
{ "type": "Feature", "properties": { "fid": 6501, "Layer": "Wall" }, "geometry": { "type": "MultiLineString", "coordinates": [ [ [ 26.696974474673038, 39.319065949063372 ], [ 26.696970151459368, 39.319019964569648 ], [ 26.696846326931237, 39.319047822711035 ] ] ] } },
{ "type": "Feature", "properties": { "fid": 6502, "Layer": "Wall" }, "geometry": { "type": "MultiLineString", "coordinates": [ [ [ 26.696769539236058, 39.31913143370106 ], [ 26.696799303263973, 39.319120495748891 ], [ 26.696805680573732, 39.319130209451657 ], [ 26.696831669325391, 39.319176887737868 ], [ 26.696892964215511, 39.319159184094524 ] ] ] } },
{ "type": "Feature", "properties": { "fid": 6503, "Layer": "Wall" }, "geometry": { "type": "MultiLineString", "coordinates": [ [ [ 26.69682794700439, 39.319131810918869 ], [ 26.696851907373588, 39.319171042510497 ] ] ] } },
{ "type": "Feature", "properties": { "fid": 6504, "Layer": "Wall" }, "geometry": { "type": "MultiLineString", "coordinates": [ [ [ 26.696831669325391, 39.319176887737868 ], [ 26.696792076906323, 39.319186639397913 ] ] ] } },
{ "type": "Feature", "properties": { "fid": 6505, "Layer": "Wall" }, "geometry": { "type": "MultiLineString", "coordinates": [ [ [ 26.69683044755843, 39.319130887777476 ], [ 26.696854407935046, 39.319170121169201 ] ] ] } },
{ "type": "Feature", "properties": { "fid": 6506, "Layer": "Wall" }, "geometry": { "type": "MultiLineString", "coordinates": [ [ [ 26.696691001563909, 39.319211767133901 ], [ 26.696714863932456, 39.319252154584689 ] ] ] } },
{ "type": "Feature", "properties": { "fid": 6507, "Layer": "Wall" }, "geometry": { "type": "MultiLineString", "coordinates": [ [ [ 26.696693516571504, 39.319210870983177 ], [ 26.696717378937404, 39.31925125753375 ] ] ] } },
{ "type": "Feature", "properties": { "fid": 6508, "Layer": "Wall" }, "geometry": { "type": "MultiLineString", "coordinates": [ [ [ 26.696960881207048, 39.319552988843661 ], [ 26.697043812181143, 39.319531859101133 ], [ 26.697052716358876, 39.319493513503382 ] ] ] } },
{ "type": "Feature", "properties": { "fid": 6509, "Layer": "Wall" }, "geometry": { "type": "MultiLineString", "coordinates": [ [ [ 26.696960019495243, 39.319550947248537 ], [ 26.69704138190572, 39.319530215912422 ], [ 26.697049992026763, 39.319493131666192 ] ] ] } },
{ "type": "Feature", "properties": { "fid": 6510, "Layer": "Wall" }, "geometry": { "type": "MultiLineString", "coordinates": [ [ [ 26.696819320670905, 39.31925352531475 ], [ 26.696973663608841, 39.319218752983161 ] ] ] } },
{ "type": "Feature", "properties": { "fid": 6511, "Layer": "Wall" }, "geometry": { "type": "MultiLineString", "coordinates": [ [ [ 26.696915695547755, 39.31928181104761 ], [ 26.696872009727478, 39.319293601685473 ], [ 26.696839603083866, 39.319300327679692 ] ] ] } },
{ "type": "Feature", "properties": { "fid": 6512, "Layer": "Wall" }, "geometry": { "type": "MultiLineString", "coordinates": [ [ [ 26.696791550918313, 39.31923213419882 ], [ 26.696768486892701, 39.319192682148085 ] ] ] } },
{ "type": "Feature", "properties": { "fid": 6513, "Layer": "Wall" }, "geometry": { "type": "MultiLineString", "coordinates": [ [ [ 26.696926684860316, 39.31937720013434 ], [ 26.696957254657431, 39.31947322640989 ] ] ] } },
{ "type": "Feature", "properties": { "fid": 6514, "Layer": "Wall" }, "geometry": { "type": "MultiLineString", "coordinates": [ [ [ 26.696869738870451, 39.319439339119477 ], [ 26.69698088792244, 39.319422660554771 ] ] ] } },
{ "type": "Feature", "properties": { "fid": 6545, "Layer": "Wall" }, "geometry": { "type": "MultiLineString", "coordinates": [ [ [ 26.696640292020973, 39.31944343153171 ], [ 26.696595256917206, 39.319456184745988 ] ] ] } },
{ "type": "Feature", "properties": { "fid": 6546, "Layer": "Wall" }, "geometry": { "type": "MultiLineString", "coordinates": [ [ [ 26.696709000133939, 39.319337989989712 ], [ 26.696723034048031, 39.319377394568114 ] ] ] } },
{ "type": "Feature", "properties": { "fid": 6547, "Layer": "Wall" }, "geometry": { "type": "MultiLineString", "coordinates": [ [ [ 26.696644578722193, 39.319210575928174 ], [ 26.696660864731079, 39.319236797848077 ] ] ] } },
{ "type": "Feature", "properties": { "fid": 6548, "Layer": "Wall" }, "geometry": { "type": "MultiLineString", "coordinates": [ [ [ 26.696362580349547, 39.319256119095179 ], [ 26.696321084686637, 39.319273456083792 ] ] ] } },
{ "type": "Feature", "properties": { "fid": 6549, "Layer": "Wall" }, "geometry": { "type": "MultiLineString", "coordinates": [ [ [ 26.696363891863083, 39.319258011756169 ], [ 26.696322396202952, 39.319275349645032 ] ] ] } },
{ "type": "Feature", "properties": { "fid": 6550, "Layer": "Wall" }, "geometry": { "type": "MultiLineString", "coordinates": [ [ [ 26.696642087182404, 39.319211509862505 ], [ 26.696658372293584, 39.31923773178336 ] ] ] } },
{ "type": "Feature", "properties": { "fid": 6551, "Layer": "Wall" }, "geometry": { "type": "MultiLineString", "coordinates": [ [ [ 26.696706334096014, 39.319338563133819 ], [ 26.696720365321202, 39.31937796861493 ] ] ] } },
{ "type": "Feature", "properties": { "fid": 6552, "Layer": "Wall" }, "geometry": { "type": "MultiLineString", "coordinates": [ [ [ 26.696639344271631, 39.319441411617923 ], [ 26.696594309168503, 39.319454164832173 ] ] ] } },
{ "type": "Feature", "properties": { "fid": 6553, "Layer": "Wall" }, "geometry": { "type": "MultiLineString", "coordinates": [ [ [ 26.696549184571456, 39.319265430567697 ], [ 26.696472718609019, 39.319299729480171 ], [ 26.696419302095471, 39.319326175984529 ], [ 26.696466976482963, 39.319392970144399 ] ] ] } },
{ "type": "Feature", "properties": { "fid": 6554, "Layer": "Wall" }, "geometry": { "type": "MultiLineString", "coordinates": [ [ [ 26.696550568642682, 39.319267291656629 ], [ 26.69647415552123, 39.319301566216957 ], [ 26.696422984061989, 39.319326901689578 ], [ 26.696501881988084, 39.319437443886152 ] ] ] } },
{ "type": "Feature", "properties": { "fid": 6555, "Layer": "Wall" }, "geometry": { "type": "MultiLineString", "coordinates": [ [ [ 26.696507960765274, 39.319286404733965 ], [ 26.696528948299992, 39.31931032428556 ], [ 26.696558348603972, 39.319321717973011 ], [ 26.696573280343859, 39.319318645545998 ] ] ] } },
{ "type": "Feature", "properties": { "fid": 6556, "Layer": "Wall" }, "geometry": { "type": "MultiLineString", "coordinates": [ [ [ 26.696636903118598, 39.319358508406708 ], [ 26.696598825105923, 39.319363188238732 ], [ 26.696460867801896, 39.319379979722974 ] ] ] } },
{ "type": "Feature", "properties": { "fid": 6557, "Layer": "Wall" }, "geometry": { "type": "MultiLineString", "coordinates": [ [ [ 26.696636470854425, 39.319356384501759 ], [ 26.696598395537102, 39.319361065231405 ], [ 26.696460439128959, 39.31937785581443 ] ] ] } },
{ "type": "Feature", "properties": { "fid": 6558, "Layer": "Wall" }, "geometry": { "type": "MultiLineString", "coordinates": [ [ [ 26.6965102467192, 39.319285193749899 ], [ 26.696530829707505, 39.319308651008718 ], [ 26.696558648723226, 39.319319432268472 ], [ 26.696572571026184, 39.319316566903154 ] ] ] } },
{ "type": "Feature", "properties": { "fid": 6559, "Layer": "Wall" }, "geometry": { "type": "MultiLineString", "coordinates": [ [ [ 26.696550568642682, 39.319267291656629 ], [ 26.696643654055716, 39.319214035077707 ] ] ] } },
{ "type": "Feature", "properties": { "fid": 6560, "Layer": "Wall" }, "geometry": { "type": "MultiLineString", "coordinates": [ [ [ 26.696143807140064, 39.319621426905094 ], [ 26.696196956603067, 39.319689581504498 ] ] ] } },
{ "type": "Feature", "properties": { "fid": 6561, "Layer": "Wall" }, "geometry": { "type": "MultiLineString", "coordinates": [ [ [ 26.696439957718066, 39.31973671107788 ], [ 26.696555524940603, 39.319699037462037 ], [ 26.696621680679044, 39.319670252345851 ] ] ] } },
{ "type": "Feature", "properties": { "fid": 6562, "Layer": "Wall" }, "geometry": { "type": "MultiLineString", "coordinates": [ [ [ 26.696410859838181, 39.31950485127993 ], [ 26.696439632753343, 39.319527015586914 ], [ 26.696532264619826, 39.319499668738658 ] ] ] } },
{ "type": "Feature", "properties": { "fid": 6563, "Layer": "Wall" }, "geometry": { "type": "MultiLineString", "coordinates": [ [ [ 26.696348971808622, 39.319436895580864 ], [ 26.696372162467171, 39.319461939160476 ] ] ] } },
{ "type": "Feature", "properties": { "fid": 6564, "Layer": "Wall" }, "geometry": { "type": "MultiLineString", "coordinates": [ [ [ 26.696082122429392, 39.319550921831087 ], [ 26.696041234530082, 39.319504188860726 ] ] ] } },
{ "type": "Feature", "properties": { "fid": 6567, "Layer": "Wall" }, "geometry": { "type": "MultiLineString", "coordinates": [ [ [ 26.696635819603838, 39.31947113352517 ], [ 26.696599370112338, 39.319481165821891 ] ] ] } },
{ "type": "Feature", "properties": { "fid": 6568, "Layer": "Wall" }, "geometry": { "type": "MultiLineString", "coordinates": [ [ [ 26.696095640741532, 39.31927540411268 ], [ 26.696121406067736, 39.31931684749096 ] ] ] } },
{ "type": "Feature", "properties": { "fid": 6569, "Layer": "Wall" }, "geometry": { "type": "MultiLineString", "coordinates": [ [ [ 26.696121406067736, 39.31931684749096 ], [ 26.696159185729858, 39.319302674293482 ], [ 26.696189336280188, 39.319350591848355 ] ] ] } },
{ "type": "Feature", "properties": { "fid": 6570, "Layer": "Wall" }, "geometry": { "type": "MultiLineString", "coordinates": [ [ [ 26.696093146523825, 39.319276338948391 ], [ 26.696118914544016, 39.31931778322442 ] ] ] } },
{ "type": "Feature", "properties": { "fid": 6571, "Layer": "Wall" }, "geometry": { "type": "MultiLineString", "coordinates": [ [ [ 26.696122610975653, 39.319318783457163 ], [ 26.696157909866457, 39.319305542382672 ], [ 26.696212869149186, 39.319392891499433 ] ] ] } },
{ "type": "Feature", "properties": { "fid": 6572, "Layer": "Wall" }, "geometry": { "type": "MultiLineString", "coordinates": [ [ [ 26.696084411081863, 39.319549714445877 ], [ 26.696043523184997, 39.319502982375695 ] ] ] } },
{ "type": "Feature", "properties": { "fid": 6573, "Layer": "Wall" }, "geometry": { "type": "MultiLineString", "coordinates": [ [ [ 26.696146173291204, 39.319620311261303 ], [ 26.696199322765597, 39.319688468560855 ] ] ] } },
{ "type": "Feature", "properties": { "fid": 6574, "Layer": "Wall" }, "geometry": { "type": "MultiLineString", "coordinates": [ [ [ 26.69643888898635, 39.319734728181487 ], [ 26.696554309249944, 39.319697102408476 ], [ 26.696620328839821, 39.319668376826598 ] ] ] } },
{ "type": "Feature", "properties": { "fid": 6575, "Layer": "Wall" }, "geometry": { "type": "MultiLineString", "coordinates": [ [ [ 26.696636744948247, 39.319473159760449 ], [ 26.696600295449478, 39.319483190257003 ] ] ] } },
{ "type": "Feature", "properties": { "fid": 6576, "Layer": "Wall" }, "geometry": { "type": "MultiLineString", "coordinates": [ [ [ 26.696408911499624, 39.31950637879752 ], [ 26.69643894765445, 39.319529515877406 ], [ 26.696533247317337, 39.319501677818664 ] ] ] } },
{ "type": "Feature", "properties": { "fid": 6577, "Layer": "Wall" }, "geometry": { "type": "MultiLineString", "coordinates": [ [ [ 26.696346725495815, 39.319438150634404 ], [ 26.696369917051076, 39.319463194213242 ] ] ] } },
{ "type": "Feature", "properties": { "fid": 6579, "Layer": "Wall" }, "geometry": { "type": "MultiLineString", "coordinates": [ [ [ 26.695934321653169, 39.319307263623308 ], [ 26.695921906251222, 39.319318707621285 ] ] ] } },
{ "type": "Feature", "properties": { "fid": 6581, "Layer": "Wall" }, "geometry": { "type": "MultiLineString", "coordinates": [ [ [ 26.695942439947451, 39.319493999656693 ], [ 26.695925318601912, 39.319483155396355 ] ] ] } },
{ "type": "Feature", "properties": { "fid": 6582, "Layer": "Wall" }, "geometry": { "type": "MultiLineString", "coordinates": [ [ [ 26.695912302892054, 39.319333141054791 ], [ 26.695865699494757, 39.319399129328175 ] ] ] } },
{ "type": "Feature", "properties": { "fid": 6583, "Layer": "Wall" }, "geometry": { "type": "MultiLineString", "coordinates": [ [ [ 26.695914727268704, 39.319334174866931 ], [ 26.695868126562651, 39.31940016313785 ] ] ] } },
{ "type": "Feature", "properties": { "fid": 6584, "Layer": "Wall" }, "geometry": { "type": "MultiLineString", "coordinates": [ [ [ 26.695944188602642, 39.319492335504471 ], [ 26.695927068150819, 39.319481490343207 ] ] ] } },
{ "type": "Feature", "properties": { "fid": 6586, "Layer": "Wall" }, "geometry": { "type": "MultiLineString", "coordinates": [ [ [ 26.696138021524732, 39.319439407249618 ], [ 26.696078404511628, 39.319464072705081 ] ] ] } },
{ "type": "Feature", "properties": { "fid": 6588, "Layer": "Wall" }, "geometry": { "type": "MultiLineString", "coordinates": [ [ [ 26.696369917051076, 39.319463194213242 ], [ 26.696234053433582, 39.319531447712386 ], [ 26.696260532377238, 39.319572937213614 ] ] ] } },
{ "type": "Feature", "properties": { "fid": 6589, "Layer": "Wall" }, "geometry": { "type": "MultiLineString", "coordinates": [ [ [ 26.69643894765445, 39.319529515877406 ], [ 26.696260532377238, 39.319572937213614 ], [ 26.696277175942861, 39.319595916539996 ] ] ] } },
{ "type": "Feature", "properties": { "fid": 6590, "Layer": "Wall" }, "geometry": { "type": "MultiLineString", "coordinates": [ [ [ 26.696277175942861, 39.319595916539996 ], [ 26.696376206257074, 39.319564466409943 ], [ 26.69638829726798, 39.319580113886111 ], [ 26.696530852088049, 39.319554991958093 ], [ 26.696543819192872, 39.319570272268649 ], [ 26.696563960840116, 39.319563357778854 ], [ 26.696583079340829, 39.319597060740733 ] ] ] } },
{ "type": "Feature", "properties": { "fid": 6591, "Layer": "Wall" }, "geometry": { "type": "MultiLineString", "coordinates": [ [ [ 26.69627595959825, 39.319598624350611 ], [ 26.696375055328026, 39.3195671534572 ], [ 26.69638695522637, 39.319582555374637 ], [ 26.696529595219765, 39.31955741806577 ], [ 26.696542796612722, 39.319572973599278 ], [ 26.696562544908179, 39.319566194492147 ], [ 26.696618867035184, 39.319669013667777 ] ] ] } },
{ "type": "Feature", "properties": { "fid": 6592, "Layer": "Wall" }, "geometry": { "type": "MultiLineString", "coordinates": [ [ [ 26.696438120009891, 39.319527464347907 ], [ 26.696256602384647, 39.319571619452795 ], [ 26.69627595959825, 39.319598624350611 ] ] ] } },
{ "type": "Feature", "properties": { "fid": 6593, "Layer": "Wall" }, "geometry": { "type": "MultiLineString", "coordinates": [ [ [ 26.696368414765484, 39.319461389941601 ], [ 26.696230478094037, 39.319530685003357 ], [ 26.696258054379925, 39.319573892738035 ] ] ] } },
{ "type": "Feature", "properties": { "fid": 6594, "Layer": "Wall" }, "geometry": { "type": "MultiLineString", "coordinates": [ [ [ 26.696372162467171, 39.319461939160476 ], [ 26.696410859838181, 39.31950485127993 ] ] ] } },
{ "type": "Feature", "properties": { "fid": 6595, "Layer": "Wall" }, "geometry": { "type": "MultiLineString", "coordinates": [ [ [ 26.696408911499624, 39.31950637879752 ], [ 26.696369917051076, 39.319463194213242 ] ] ] } },
{ "type": "Feature", "properties": { "fid": 6596, "Layer": "Wall" }, "geometry": { "type": "MultiLineString", "coordinates": [ [ [ 26.696230478094037, 39.319530685003357 ], [ 26.696221676592085, 39.319515644772125 ], [ 26.696167080312186, 39.319454770835378 ], [ 26.696090873726344, 39.31948494329248 ] ] ] } },
{ "type": "Feature", "properties": { "fid": 6597, "Layer": "Wall" }, "geometry": { "type": "MultiLineString", "coordinates": [ [ [ 26.696232996710467, 39.319529796051114 ], [ 26.696224091371825, 39.319514577690256 ], [ 26.696167971667133, 39.319452003915885 ], [ 26.696089617757693, 39.319483028976919 ] ] ] } },
{ "type": "Feature", "properties": { "fid": 6599, "Layer": "Wall" }, "geometry": { "type": "MultiLineString", "coordinates": [ [ [ 26.69627595959825, 39.319598624350611 ], [ 26.696277494122345, 39.319600412389988 ] ] ] } },
{ "type": "Feature", "properties": { "fid": 6600, "Layer": "Wall" }, "geometry": { "type": "MultiLineString", "coordinates": [ [ [ 26.696277494122345, 39.319600412389988 ], [ 26.696308883931859, 39.319637008749467 ] ] ] } },
{ "type": "Feature", "properties": { "fid": 6601, "Layer": "Wall" }, "geometry": { "type": "MultiLineString", "coordinates": [ [ [ 26.696310553241041, 39.319636201592758 ], [ 26.696278542165917, 39.319597802848818 ] ] ] } },
{ "type": "Feature", "properties": { "fid": 6616, "Layer": "Wall" }, "geometry": { "type": "MultiLineString", "coordinates": [ [ [ 26.69744764393451, 39.319720373168749 ], [ 26.697444674406874, 39.319740602687524 ] ] ] } },
{ "type": "Feature", "properties": { "fid": 6617, "Layer": "Wall" }, "geometry": { "type": "MultiLineString", "coordinates": [ [ [ 26.697450392884665, 39.319720616361671 ], [ 26.697447423360831, 39.319740846780519 ] ] ] } },
{ "type": "Feature", "properties": { "fid": 6619, "Layer": "Wall" }, "geometry": { "type": "MultiLineString", "coordinates": [ [ [ 26.697726476157357, 39.31956227430171 ], [ 26.697722778473196, 39.319589809030518 ] ] ] } },
{ "type": "Feature", "properties": { "fid": 6620, "Layer": "Wall" }, "geometry": { "type": "MultiLineString", "coordinates": [ [ [ 26.69772372279342, 39.319562050915877 ], [ 26.697720026002603, 39.319589584743795 ] ] ] } },
{ "type": "Feature", "properties": { "fid": 6637, "Layer": "Wall" }, "geometry": { "type": "MultiLineString", "coordinates": [ [ [ 26.697855674378928, 39.319820513031424 ], [ 26.698051404954253, 39.31982285500716 ] ] ] } },
{ "type": "Feature", "properties": { "fid": 6638, "Layer": "Wall" }, "geometry": { "type": "MultiLineString", "coordinates": [ [ [ 26.698155092175007, 39.319627251420506 ], [ 26.698153033421207, 39.319652063536928 ] ] ] } },
{ "type": "Feature", "properties": { "fid": 6639, "Layer": "Wall" }, "geometry": { "type": "MultiLineString", "coordinates": [ [ [ 26.698078942296586, 39.319556309005385 ], [ 26.697992804066548, 39.319543704983261 ] ] ] } },
{ "type": "Feature", "properties": { "fid": 6640, "Layer": "Wall" }, "geometry": { "type": "MultiLineString", "coordinates": [ [ [ 26.69785582198833, 39.319527705889762 ], [ 26.697794122491246, 39.319521237924477 ], [ 26.697772490896352, 39.319630671160311 ] ] ] } },
{ "type": "Feature", "properties": { "fid": 6641, "Layer": "Wall" }, "geometry": { "type": "MultiLineString", "coordinates": [ [ [ 26.697763691482272, 39.319666265847076 ], [ 26.697757796473642, 39.31968438006782 ] ] ] } },
{ "type": "Feature", "properties": { "fid": 6643, "Layer": "Wall" }, "geometry": { "type": "MultiLineString", "coordinates": [ [ [ 26.697855453127456, 39.319529836833318 ], [ 26.697796445303961, 39.319523649919162 ], [ 26.697775224907783, 39.319630997178315 ] ] ] } },
{ "type": "Feature", "properties": { "fid": 6644, "Layer": "Wall" }, "geometry": { "type": "MultiLineString", "coordinates": [ [ [ 26.698078432515779, 39.319558422076291 ], [ 26.697992290695826, 39.319545818057691 ] ] ] } },
{ "type": "Feature", "properties": { "fid": 6645, "Layer": "Wall" }, "geometry": { "type": "MultiLineString", "coordinates": [ [ [ 26.697766374207678, 39.319666792640902 ], [ 26.697760479199374, 39.319684906861546 ] ] ] } },
{ "type": "Feature", "properties": { "fid": 6646, "Layer": "Wall" }, "geometry": { "type": "MultiLineString", "coordinates": [ [ [ 26.69785571658883, 39.319818362587995 ], [ 26.698051448068473, 39.319820707263624 ] ] ] } },
{ "type": "Feature", "properties": { "fid": 6647, "Layer": "Wall" }, "geometry": { "type": "MultiLineString", "coordinates": [ [ [ 26.698152332838902, 39.31962711265323 ], [ 26.698150271393128, 39.319651924772138 ] ] ] } },
{ "type": "Feature", "properties": { "fid": 6648, "Layer": "Wall" }, "geometry": { "type": "MultiLineString", "coordinates": [ [ [ 26.697836847912978, 39.319636909829839 ], [ 26.697929253621751, 39.319653551429283 ] ] ] } },
{ "type": "Feature", "properties": { "fid": 6649, "Layer": "Wall" }, "geometry": { "type": "MultiLineString", "coordinates": [ [ [ 26.697986521245092, 39.319659555413821 ], [ 26.69798671837059, 39.319696485662092 ], [ 26.698051292216427, 39.319701175897876 ] ] ] } },
{ "type": "Feature", "properties": { "fid": 6650, "Layer": "Wall" }, "geometry": { "type": "MultiLineString", "coordinates": [ [ [ 26.69798671837059, 39.319696485662092 ], [ 26.697907017660246, 39.319690699558713 ], [ 26.697907238332405, 39.319732015207286 ], [ 26.697907475455995, 39.319775808889084 ], [ 26.697907708503422, 39.319818985984789 ] ] ] } },
{ "type": "Feature", "properties": { "fid": 6651, "Layer": "Wall" }, "geometry": { "type": "MultiLineString", "coordinates": [ [ [ 26.697986462602316, 39.319698628202076 ], [ 26.697909798746934, 39.319693059820935 ], [ 26.697910007878658, 39.319732005444259 ], [ 26.697910243212103, 39.319775800027784 ], [ 26.697910474462645, 39.319818976224937 ] ] ] } },
{ "type": "Feature", "properties": { "fid": 6652, "Layer": "Wall" }, "geometry": { "type": "MultiLineString", "coordinates": [ [ [ 26.697983753490131, 39.319659564274971 ], [ 26.697983962385401, 39.31969844508869 ], [ 26.698051035545163, 39.319703316638282 ] ] ] } },
{ "type": "Feature", "properties": { "fid": 6653, "Layer": "Wall" }, "geometry": { "type": "MultiLineString", "coordinates": [ [ [ 26.697837473500972, 39.319634815554259 ], [ 26.697929877410662, 39.319651456255457 ] ] ] } },
{ "type": "Feature", "properties": { "fid": 6654, "Layer": "Wall" }, "geometry": { "type": "MultiLineString", "coordinates": [ [ [ 26.698051035545163, 39.319703316638282 ], [ 26.698065667414642, 39.319705429203005 ] ] ] } },
{ "type": "Feature", "properties": { "fid": 6681, "Layer": "Wall" }, "geometry": { "type": "MultiLineString", "coordinates": [ [ [ 26.698682099135926, 39.319657369935953 ], [ 26.698885238336189, 39.319732455058968 ], [ 26.698877082832652, 39.319754242074431 ] ] ] } },
{ "type": "Feature", "properties": { "fid": 6682, "Layer": "Wall" }, "geometry": { "type": "MultiLineString", "coordinates": [ [ [ 26.698523486362244, 39.319722961345725 ], [ 26.698567634678028, 39.319621907331793 ], [ 26.698633234251037, 39.319642231810043 ] ] ] } },
{ "type": "Feature", "properties": { "fid": 6683, "Layer": "Wall" }, "geometry": { "type": "MultiLineString", "coordinates": [ [ [ 26.698526106913988, 39.319723652918725 ], [ 26.698569317616077, 39.319624742975314 ], [ 26.698632209055614, 39.319644226540184 ] ] ] } },
{ "type": "Feature", "properties": { "fid": 6684, "Layer": "Wall" }, "geometry": { "type": "MultiLineString", "coordinates": [ [ [ 26.698680910456694, 39.319659311709778 ], [ 26.69888192309438, 39.319733610289454 ], [ 26.698874426726039, 39.319753640547567 ] ] ] } },
{ "type": "Feature", "properties": { "fid": 6685, "Layer": "Wall" }, "geometry": { "type": "MultiLineString", "coordinates": [ [ [ 26.698804939866168, 39.31990966711372 ], [ 26.699175601545967, 39.320026747300297 ] ] ] } },
{ "type": "Feature", "properties": { "fid": 6686, "Layer": "Wall" }, "geometry": { "type": "MultiLineString", "coordinates": [ [ [ 26.698885238336189, 39.319732455058968 ], [ 26.699178003451536, 39.319849723525301 ] ] ] } },
{ "type": "Feature", "properties": { "fid": 6687, "Layer": "Wall" }, "geometry": { "type": "MultiLineString", "coordinates": [ [ [ 26.699178003451536, 39.319849723525301 ], [ 26.699175601545967, 39.320026747300297 ] ] ] } },
{ "type": "Feature", "properties": { "fid": 6688, "Layer": "Wall" }, "geometry": { "type": "MultiLineString", "coordinates": [ [ [ 26.69880598211904, 39.319907676869121 ], [ 26.699176643790047, 39.320024756156307 ] ] ] } },
{ "type": "Feature", "properties": { "fid": 6689, "Layer": "Wall" }, "geometry": { "type": "MultiLineString", "coordinates": [ [ [ 26.699175763441868, 39.319850988476169 ], [ 26.6991733985816, 39.320025446856924 ] ] ] } },
{ "type": "Feature", "properties": { "fid": 6690, "Layer": "Wall" }, "geometry": { "type": "MultiLineString", "coordinates": [ [ [ 26.698883969693288, 39.319734365402027 ], [ 26.699176733021638, 39.319851634769641 ] ] ] } },
{ "type": "Feature", "properties": { "fid": 6691, "Layer": "Wall" }, "geometry": { "type": "MultiLineString", "coordinates": [ [ [ 26.698506700449897, 39.319766716751417 ], [ 26.69848433196621, 39.319813021080449 ], [ 26.6985266720738, 39.319824896878387 ] ] ] } },
{ "type": "Feature", "properties": { "fid": 6692, "Layer": "Wall" }, "geometry": { "type": "MultiLineString", "coordinates": [ [ [ 26.698576533050392, 39.319838879212298 ], [ 26.698628258056253, 39.319854932810934 ] ] ] } },
{ "type": "Feature", "properties": { "fid": 6693, "Layer": "Wall" }, "geometry": { "type": "MultiLineString", "coordinates": [ [ [ 26.698577560934869, 39.31983688447999 ], [ 26.698629285039392, 39.319852937179427 ] ] ] } },
{ "type": "Feature", "properties": { "fid": 6694, "Layer": "Wall" }, "geometry": { "type": "MultiLineString", "coordinates": [ [ [ 26.698509291634572, 39.319767472260494 ], [ 26.698487907814819, 39.319811739591074 ], [ 26.698527611931333, 39.319822874323513 ] ] ] } },
{ "type": "Feature", "properties": { "fid": 6697, "Layer": "Wall" }, "geometry": { "type": "MultiLineString", "coordinates": [ [ [ 26.698847618052941, 39.319817897503739 ], [ 26.698825098053863, 39.319871159040453 ] ] ] } },
{ "type": "Feature", "properties": { "fid": 6698, "Layer": "Wall" }, "geometry": { "type": "MultiLineString", "coordinates": [ [ [ 26.698775842551157, 39.319789531628807 ], [ 26.698804509042297, 39.319799076146154 ], [ 26.698800836656297, 39.319805729681462 ], [ 26.698847706982598, 39.319817686791808 ] ] ] } },
{ "type": "Feature", "properties": { "fid": 6699, "Layer": "Wall" }, "geometry": { "type": "MultiLineString", "coordinates": [ [ [ 26.698960631274467, 39.319848820269911 ], [ 26.699026118384101, 39.319866837797719 ] ] ] } },
{ "type": "Feature", "properties": { "fid": 6700, "Layer": "Wall" }, "geometry": { "type": "MultiLineString", "coordinates": [ [ [ 26.699110777175747, 39.319900382760743 ], [ 26.699211729879757, 39.319938523081454 ] ] ] } },
{ "type": "Feature", "properties": { "fid": 6701, "Layer": "Wall" }, "geometry": { "type": "MultiLineString", "coordinates": [ [ [ 26.698710275215728, 39.319707090279863 ], [ 26.698724973468902, 39.319675598338399 ] ] ] } },
{ "type": "Feature", "properties": { "fid": 6702, "Layer": "Wall" }, "geometry": { "type": "MultiLineString", "coordinates": [ [ [ 26.698712875289051, 39.319707823277433 ], [ 26.698727576229807, 39.319676330433431 ] ] ] } },
{ "type": "Feature", "properties": { "fid": 6724, "Layer": "Wall" }, "geometry": { "type": "MultiLineString", "coordinates": [ [ [ 26.698265570935067, 39.319137103533265 ], [ 26.698154346831917, 39.319121319128271 ], [ 26.698151209455293, 39.319157648493658 ] ] ] } },
{ "type": "Feature", "properties": { "fid": 6725, "Layer": "Wall" }, "geometry": { "type": "MultiLineString", "coordinates": [ [ [ 26.69826507461336, 39.319139218392657 ], [ 26.698156898928108, 39.31912386773103 ], [ 26.698153970596785, 39.319157792661251 ] ] ] } },
{ "type": "Feature", "properties": { "fid": 6726, "Layer": "Wall" }, "geometry": { "type": "MultiLineString", "coordinates": [ [ [ 26.69845187648902, 39.319162852212131 ], [ 26.698359423169077, 39.319150735586781 ] ] ] } },
{ "type": "Feature", "properties": { "fid": 6727, "Layer": "Wall" }, "geometry": { "type": "MultiLineString", "coordinates": [ [ [ 26.698502076104223, 39.319288777743495 ], [ 26.698499793908489, 39.319316468677947 ] ] ] } },
{ "type": "Feature", "properties": { "fid": 6728, "Layer": "Wall" }, "geometry": { "type": "MultiLineString", "coordinates": [ [ [ 26.698345699100095, 39.319266851257481 ], [ 26.698340439135539, 39.319311362935295 ], [ 26.698316876898904, 39.319311437836575 ], [ 26.698318247101053, 39.319464325939045 ] ] ] } },
{ "type": "Feature", "properties": { "fid": 6729, "Layer": "Wall" }, "geometry": { "type": "MultiLineString", "coordinates": [ [ [ 26.698348455054663, 39.319267046736549 ], [ 26.698342965498682, 39.319313503802405 ], [ 26.698319661650505, 39.319313579364945 ], [ 26.698321014833006, 39.319464310776922 ] ] ] } },
{ "type": "Feature", "properties": { "fid": 6730, "Layer": "Wall" }, "geometry": { "type": "MultiLineString", "coordinates": [ [ [ 26.698254781671988, 39.319211686403214 ], [ 26.698235173437752, 39.319304837158285 ] ] ] } },
{ "type": "Feature", "properties": { "fid": 6731, "Layer": "Wall" }, "geometry": { "type": "MultiLineString", "coordinates": [ [ [ 26.698252050272842, 39.319211338779581 ], [ 26.698232442043707, 39.319304491335103 ] ] ] } },
{ "type": "Feature", "properties": { "fid": 6732, "Layer": "Wall" }, "geometry": { "type": "MultiLineString", "coordinates": [ [ [ 26.698441770780263, 39.319231375678626 ], [ 26.698399406107807, 39.319223908698071 ] ] ] } },
{ "type": "Feature", "properties": { "fid": 6733, "Layer": "Wall" }, "geometry": { "type": "MultiLineString", "coordinates": [ [ [ 26.698442383804672, 39.31922928051457 ], [ 26.698400018239042, 39.319221814434897 ] ] ] } },
{ "type": "Feature", "properties": { "fid": 6754, "Layer": "Wall" }, "geometry": { "type": "MultiLineString", "coordinates": [ [ [ 26.698277818729849, 39.31910500534778 ], [ 26.698150262733044, 39.319085433901243 ], [ 26.69815737454681, 39.319054139774956 ] ] ] } },
{ "type": "Feature", "properties": { "fid": 6755, "Layer": "Wall" }, "geometry": { "type": "MultiLineString", "coordinates": [ [ [ 26.698107950974141, 39.31900767585433 ], [ 26.698164703914212, 39.319014540865098 ], [ 26.69815737454681, 39.319054139774956 ] ] ] } },
{ "type": "Feature", "properties": { "fid": 6756, "Layer": "Wall" }, "geometry": { "type": "MultiLineString", "coordinates": [ [ [ 26.698108376389687, 39.319005552058769 ], [ 26.698167832833192, 39.31901274401676 ], [ 26.698160112960789, 39.319054445086657 ] ] ] } },
{ "type": "Feature", "properties": { "fid": 6757, "Layer": "Wall" }, "geometry": { "type": "MultiLineString", "coordinates": [ [ [ 26.698278355444756, 39.319102895851778 ], [ 26.698153459295906, 39.319083732403904 ], [ 26.69816009885448, 39.319054511709197 ] ] ] } },
{ "type": "Feature", "properties": { "fid": 6758, "Layer": "Wall" }, "geometry": { "type": "MultiLineString", "coordinates": [ [ [ 26.698480395721027, 39.318815082130605 ], [ 26.698591762083595, 39.318851945609005 ], [ 26.698565701305807, 39.318928990953523 ] ] ] } },
{ "type": "Feature", "properties": { "fid": 6759, "Layer": "Wall" }, "geometry": { "type": "MultiLineString", "coordinates": [ [ [ 26.698479311236813, 39.318817059814549 ], [ 26.698588477710011, 39.318853196223465 ], [ 26.698563024794044, 39.318928445250791 ] ] ] } },
{ "type": "Feature", "properties": { "fid": 6761, "Layer": "Wall" }, "geometry": { "type": "MultiLineString", "coordinates": [ [ [ 26.698349806369361, 39.318867412104908 ], [ 26.698297371797274, 39.319036477628991 ] ] ] } },
{ "type": "Feature", "properties": { "fid": 6762, "Layer": "Wall" }, "geometry": { "type": "MultiLineString", "coordinates": [ [ [ 26.698115907437234, 39.318856634187782 ], [ 26.698204964832875, 39.318882520553274 ], [ 26.698180356005821, 39.318954634569472 ], [ 26.698121442008311, 39.318944697616452 ] ] ] } },
{ "type": "Feature", "properties": { "fid": 6763, "Layer": "Wall" }, "geometry": { "type": "MultiLineString", "coordinates": [ [ [ 26.698180356005821, 39.318954634569472 ], [ 26.698312060431014, 39.318989121815214 ] ] ] } },
{ "type": "Feature", "properties": { "fid": 6764, "Layer": "Wall" }, "geometry": { "type": "MultiLineString", "coordinates": [ [ [ 26.698412335737927, 39.318957134856177 ], [ 26.698326936100106, 39.3189411546401 ] ] ] } },
{ "type": "Feature", "properties": { "fid": 6765, "Layer": "Wall" }, "geometry": { "type": "MultiLineString", "coordinates": [ [ [ 26.698393721663081, 39.319017632565462 ], [ 26.698308818450542, 39.318999573498836 ] ] ] } },
{ "type": "Feature", "properties": { "fid": 6766, "Layer": "Wall" }, "geometry": { "type": "MultiLineString", "coordinates": [ [ [ 26.69841489219224, 39.318880030228293 ], [ 26.698392150501537, 39.318953359482123 ] ] ] } },
{ "type": "Feature", "properties": { "fid": 6767, "Layer": "Wall" }, "geometry": { "type": "MultiLineString", "coordinates": [ [ [ 26.698403522689155, 39.318916694854401 ], [ 26.698338306504866, 39.318904489112008 ] ] ] } },
{ "type": "Feature", "properties": { "fid": 6768, "Layer": "Wall" }, "geometry": { "type": "MultiLineString", "coordinates": [ [ [ 26.698314206389838, 39.31886087228505 ], [ 26.698303510305813, 39.31889263509386 ], [ 26.69822602662925, 39.318872594270125 ], [ 26.698243935390831, 39.3188235828354 ] ] ] } },
{ "type": "Feature", "properties": { "fid": 6769, "Layer": "Wall" }, "geometry": { "type": "MultiLineString", "coordinates": [ [ [ 26.698165386532061, 39.31880153210053 ], [ 26.698136024987658, 39.318862481725532 ] ] ] } },
{ "type": "Feature", "properties": { "fid": 6770, "Layer": "Wall" }, "geometry": { "type": "MultiLineString", "coordinates": [ [ [ 26.698230539509627, 39.318821121667689 ], [ 26.698215827114478, 39.318858272759108 ], [ 26.698205970076366, 39.318855918135455 ], [ 26.698196418084525, 39.318880037800426 ] ] ] } },
{ "type": "Feature", "properties": { "fid": 6771, "Layer": "Wall" }, "geometry": { "type": "MultiLineString", "coordinates": [ [ [ 26.698269616523078, 39.318883868579491 ], [ 26.698239756608483, 39.31897018876878 ] ] ] } },
{ "type": "Feature", "properties": { "fid": 6772, "Layer": "Wall" }, "geometry": { "type": "MultiLineString", "coordinates": [ [ [ 26.698295694518212, 39.319042366917003 ], [ 26.698213515425778, 39.319028470220118 ], [ 26.698164892809405, 39.319028625894546 ] ] ] } },
{ "type": "Feature", "properties": { "fid": 6773, "Layer": "Wall" }, "geometry": { "type": "MultiLineString", "coordinates": [ [ [ 26.69829510752739, 39.319044467458347 ], [ 26.698213222893703, 39.319030620896463 ], [ 26.698164904413982, 39.319030775389621 ] ] ] } },
{ "type": "Feature", "properties": { "fid": 6774, "Layer": "Wall" }, "geometry": { "type": "MultiLineString", "coordinates": [ [ [ 26.698311528989414, 39.318860327482625 ], [ 26.698301580945309, 39.318889870784091 ], [ 26.698229411860826, 39.318871204042779 ], [ 26.69824659770196, 39.31882417175828 ] ] ] } },
{ "type": "Feature", "properties": { "fid": 6775, "Layer": "Wall" }, "geometry": { "type": "MultiLineString", "coordinates": [ [ [ 26.698227893186804, 39.318820489523844 ], [ 26.698213995840909, 39.318855586669351 ], [ 26.698204138799777, 39.318853231145589 ], [ 26.698193772651422, 39.318879403855533 ] ] ] } },
{ "type": "Feature", "properties": { "fid": 6776, "Layer": "Wall" }, "geometry": { "type": "MultiLineString", "coordinates": [ [ [ 26.698162794481725, 39.318800777488839 ], [ 26.698133431145532, 39.318861728015733 ] ] ] } },
{ "type": "Feature", "properties": { "fid": 6777, "Layer": "Wall" }, "geometry": { "type": "MultiLineString", "coordinates": [ [ [ 26.698114936124814, 39.318858646872414 ], [ 26.698201647568119, 39.31888385220946 ], [ 26.698178357512873, 39.318952097155801 ], [ 26.698122029896268, 39.318942596173748 ] ] ] } },
{ "type": "Feature", "properties": { "fid": 6778, "Layer": "Wall" }, "geometry": { "type": "MultiLineString", "coordinates": [ [ [ 26.698272289487861, 39.318884426887962 ], [ 26.698242430475197, 39.318970747976365 ] ] ] } },
{ "type": "Feature", "properties": { "fid": 6779, "Layer": "Wall" }, "geometry": { "type": "MultiLineString", "coordinates": [ [ [ 26.698347116562214, 39.318866908719947 ], [ 26.698294681987363, 39.319035974244386 ] ] ] } },
{ "type": "Feature", "properties": { "fid": 6780, "Layer": "Wall" }, "geometry": { "type": "MultiLineString", "coordinates": [ [ [ 26.698402874646419, 39.318918783750611 ], [ 26.698337658467995, 39.318906579808612 ] ] ] } },
{ "type": "Feature", "properties": { "fid": 6781, "Layer": "Wall" }, "geometry": { "type": "MultiLineString", "coordinates": [ [ [ 26.698417582000598, 39.318880533613104 ], [ 26.698394841211698, 39.318953863766076 ] ] ] } },
{ "type": "Feature", "properties": { "fid": 6782, "Layer": "Wall" }, "geometry": { "type": "MultiLineString", "coordinates": [ [ [ 26.698411686808818, 39.318959226453494 ], [ 26.698326288954146, 39.318943243535536 ] ] ] } },
{ "type": "Feature", "properties": { "fid": 6783, "Layer": "Wall" }, "geometry": { "type": "MultiLineString", "coordinates": [ [ [ 26.698394452307976, 39.319015560695455 ], [ 26.698309549987037, 39.318997499827624 ] ] ] } },
{ "type": "Feature", "properties": { "fid": 6784, "Layer": "Wall" }, "geometry": { "type": "MultiLineString", "coordinates": [ [ [ 26.69818124020059, 39.318952597662154 ], [ 26.698312944624188, 39.318987084908102 ] ] ] } },
{ "type": "Feature", "properties": { "fid": 6795, "Layer": "Wall" }, "geometry": { "type": "MultiLineString", "coordinates": [ [ [ 26.698548274052982, 39.319302144209054 ], [ 26.698557742727214, 39.319246127714578 ], [ 26.698708992927486, 39.319286186594219 ] ] ] } },
{ "type": "Feature", "properties": { "fid": 6796, "Layer": "Wall" }, "geometry": { "type": "MultiLineString", "coordinates": [ [ [ 26.698551017766135, 39.319302424311061 ], [ 26.698560047562456, 39.319249008691159 ], [ 26.698708100660681, 39.319288221707609 ] ] ] } },
{ "type": "Feature", "properties": { "fid": 6798, "Layer": "Wall" }, "geometry": { "type": "MultiLineString", "coordinates": [ [ [ 26.698547148447709, 39.31956931295359 ], [ 26.698565671858386, 39.319501199388824 ] ] ] } },
{ "type": "Feature", "properties": { "fid": 6804, "Layer": "Wall" }, "geometry": { "type": "MultiLineString", "coordinates": [ [ [ 26.698645120914591, 39.319164787873341 ], [ 26.698727528197505, 39.319186384917487 ], [ 26.698717606162489, 39.319212528397628 ] ] ] } },
{ "type": "Feature", "properties": { "fid": 6805, "Layer": "Wall" }, "geometry": { "type": "MultiLineString", "coordinates": [ [ [ 26.698644235829626, 39.319166824780623 ], [ 26.698724119584, 39.319187761665113 ], [ 26.698714952737358, 39.319211920565735 ] ] ] } },
{ "type": "Feature", "properties": { "fid": 6813, "Layer": "Wall" }, "geometry": { "type": "MultiLineString", "coordinates": [ [ [ 26.698619629381291, 39.318977034911669 ], [ 26.698613629922896, 39.318998658829315 ] ] ] } },
{ "type": "Feature", "properties": { "fid": 6814, "Layer": "Wall" }, "geometry": { "type": "MultiLineString", "coordinates": [ [ [ 26.698779410600828, 39.319083924914281 ], [ 26.698764924903113, 39.319106299282502 ] ] ] } },
{ "type": "Feature", "properties": { "fid": 6815, "Layer": "Wall" }, "geometry": { "type": "MultiLineString", "coordinates": [ [ [ 26.698776937969573, 39.319082959564255 ], [ 26.698762452271531, 39.319105333932519 ] ] ] } },
{ "type": "Feature", "properties": { "fid": 6816, "Layer": "Wall" }, "geometry": { "type": "MultiLineString", "coordinates": [ [ [ 26.698622334254932, 39.318977486974639 ], [ 26.69861633569413, 39.318999110891404 ] ] ] } },
{ "type": "Feature", "properties": { "fid": 6831, "Layer": "Wall" }, "geometry": { "type": "MultiLineString", "coordinates": [ [ [ 26.699024007926827, 39.31904916436784 ], [ 26.699110697302576, 39.319086322445891 ] ] ] } },
{ "type": "Feature", "properties": { "fid": 6832, "Layer": "Wall" }, "geometry": { "type": "MultiLineString", "coordinates": [ [ [ 26.699022671884862, 39.319051046870143 ], [ 26.699109359470572, 39.319088205849788 ] ] ] } },
{ "type": "Feature", "properties": { "fid": 6851, "Layer": "Wall" }, "geometry": { "type": "MultiLineString", "coordinates": [ [ [ 26.699056910946656, 39.318916779182771 ], [ 26.699079227117288, 39.318852331909156 ] ] ] } },
{ "type": "Feature", "properties": { "fid": 6852, "Layer": "Wall" }, "geometry": { "type": "MultiLineString", "coordinates": [ [ [ 26.699097199179526, 39.318787642015828 ], [ 26.69911060346719, 39.318716626645909 ], [ 26.699011732132369, 39.318702675189691 ] ] ] } },
{ "type": "Feature", "properties": { "fid": 6853, "Layer": "Wall" }, "geometry": { "type": "MultiLineString", "coordinates": [ [ [ 26.699094460735957, 39.318787330403978 ], [ 26.699107477045221, 39.318718371284469 ], [ 26.699011235815604, 39.31870479094902 ] ] ] } },
{ "type": "Feature", "properties": { "fid": 6854, "Layer": "Wall" }, "geometry": { "type": "MultiLineString", "coordinates": [ [ [ 26.699054237967612, 39.318916219975549 ], [ 26.699076555937008, 39.318851773600308 ] ] ] } },
{ "type": "Feature", "properties": { "fid": 6873, "Layer": "Wall" }, "geometry": { "type": "MultiLineString", "coordinates": [ [ [ 26.698762846400722, 39.318570411899174 ], [ 26.698798611083088, 39.318573241238511 ], [ 26.698787672179751, 39.318661131751881 ], [ 26.698732946351324, 39.318657989600197 ] ] ] } },
{ "type": "Feature", "properties": { "fid": 6874, "Layer": "Wall" }, "geometry": { "type": "MultiLineString", "coordinates": [ [ [ 26.698850227264813, 39.318659118830581 ], [ 26.698788499700633, 39.318654484441602 ] ] ] } },
{ "type": "Feature", "properties": { "fid": 6875, "Layer": "Wall" }, "geometry": { "type": "MultiLineString", "coordinates": [ [ [ 26.698762565487357, 39.318572550863259 ], [ 26.698795592086153, 39.318575163102906 ], [ 26.698785178436793, 39.318658833330602 ], [ 26.698733151881246, 39.318655845305202 ] ] ] } },
{ "type": "Feature", "properties": { "fid": 6876, "Layer": "Wall" }, "geometry": { "type": "MultiLineString", "coordinates": [ [ [ 26.698850494714847, 39.318656978979178 ], [ 26.698788766247578, 39.318652342790685 ] ] ] } },
{ "type": "Feature", "properties": { "fid": 6877, "Layer": "Wall" }, "geometry": { "type": "MultiLineString", "coordinates": [ [ [ 26.69916345483843, 39.318418401422825 ], [ 26.699179088627151, 39.318337729199101 ], [ 26.698988852076269, 39.318328080184692 ] ] ] } },
{ "type": "Feature", "properties": { "fid": 6878, "Layer": "Wall" }, "geometry": { "type": "MultiLineString", "coordinates": [ [ [ 26.699160717267745, 39.318418081708309 ], [ 26.699175903916665, 39.318339721426561 ], [ 26.698988671671771, 39.318330226256975 ] ] ] } },
{ "type": "Feature", "properties": { "fid": 6879, "Layer": "Wall" }, "geometry": { "type": "MultiLineString", "coordinates": [ [ [ 26.698908442801141, 39.318405022767358 ], [ 26.698895268364716, 39.318489137516671 ], [ 26.698994145056588, 39.318495916771589 ] ] ] } },
{ "type": "Feature", "properties": { "fid": 6880, "Layer": "Wall" }, "geometry": { "type": "MultiLineString", "coordinates": [ [ [ 26.698803421503108, 39.318528192581695 ], [ 26.698989032148599, 39.318540917996849 ] ] ] } },
{ "type": "Feature", "properties": { "fid": 6881, "Layer": "Wall" }, "geometry": { "type": "MultiLineString", "coordinates": [ [ [ 26.698805978021394, 39.318484047935456 ], [ 26.698895268364716, 39.318489137516671 ] ] ] } },
{ "type": "Feature", "properties": { "fid": 6882, "Layer": "Wall" }, "geometry": { "type": "MultiLineString", "coordinates": [ [ [ 26.698798611083088, 39.318573241238511 ], [ 26.698857282740551, 39.318579290757668 ] ] ] } },
{ "type": "Feature", "properties": { "fid": 6883, "Layer": "Wall" }, "geometry": { "type": "MultiLineString", "coordinates": [ [ [ 26.698798245806056, 39.31857537217936 ], [ 26.698856918361436, 39.318581421697594 ] ] ] } },
{ "type": "Feature", "properties": { "fid": 6884, "Layer": "Wall" }, "geometry": { "type": "MultiLineString", "coordinates": [ [ [ 26.698803178277487, 39.318530333311202 ], [ 26.69898878802816, 39.318543058726831 ] ] ] } },
{ "type": "Feature", "properties": { "fid": 6885, "Layer": "Wall" }, "geometry": { "type": "MultiLineString", "coordinates": [ [ [ 26.69890569469225, 39.3184047633708 ], [ 26.69889217678455, 39.318491082851487 ], [ 26.698993900935466, 39.318498057501706 ] ] ] } },
{ "type": "Feature", "properties": { "fid": 6886, "Layer": "Wall" }, "geometry": { "type": "MultiLineString", "coordinates": [ [ [ 26.698805775177775, 39.318486191328077 ], [ 26.698895066419393, 39.318491280908326 ] ] ] } },
{ "type": "Feature", "properties": { "fid": 6906, "Layer": "Wall" }, "geometry": { "type": "MultiLineString", "coordinates": [ [ [ 26.698649439621303, 39.318508891274917 ], [ 26.698631250771456, 39.318585049033786 ] ] ] } },
{ "type": "Feature", "properties": { "fid": 6907, "Layer": "Wall" }, "geometry": { "type": "MultiLineString", "coordinates": [ [ [ 26.698677374498359, 39.318375932709067 ], [ 26.698669803470576, 39.318405354100257 ] ] ] } },
{ "type": "Feature", "properties": { "fid": 6908, "Layer": "Wall" }, "geometry": { "type": "MultiLineString", "coordinates": [ [ [ 26.6984278863825, 39.318435137937321 ], [ 26.698425865060909, 39.318511222257897 ] ] ] } },
{ "type": "Feature", "properties": { "fid": 6909, "Layer": "Wall" }, "geometry": { "type": "MultiLineString", "coordinates": [ [ [ 26.698389212474325, 39.318547454800715 ], [ 26.698429491395007, 39.318546843285155 ] ] ] } },
{ "type": "Feature", "properties": { "fid": 6910, "Layer": "Wall" }, "geometry": { "type": "MultiLineString", "coordinates": [ [ [ 26.698443271855655, 39.318582203788374 ], [ 26.698430945953341, 39.318681217588953 ] ] ] } },
{ "type": "Feature", "properties": { "fid": 6911, "Layer": "Wall" }, "geometry": { "type": "MultiLineString", "coordinates": [ [ [ 26.698403030356701, 39.318636908480279 ], [ 26.698436150660019, 39.318639397320531 ] ] ] } },
{ "type": "Feature", "properties": { "fid": 6912, "Layer": "Wall" }, "geometry": { "type": "MultiLineString", "coordinates": [ [ [ 26.698478318449624, 39.318511053153195 ], [ 26.698584737316157, 39.318504783496756 ] ] ] } },
{ "type": "Feature", "properties": { "fid": 6913, "Layer": "Wall" }, "geometry": { "type": "MultiLineString", "coordinates": [ [ [ 26.698484581002436, 39.318434575159621 ], [ 26.698478318449624, 39.318511053153195 ] ] ] } },
{ "type": "Feature", "properties": { "fid": 6914, "Layer": "Wall" }, "geometry": { "type": "MultiLineString", "coordinates": [ [ [ 26.698430654316027, 39.318435181285402 ], [ 26.698428633896231, 39.318511266505112 ] ] ] } },
{ "type": "Feature", "properties": { "fid": 6915, "Layer": "Wall" }, "geometry": { "type": "MultiLineString", "coordinates": [ [ [ 26.698646718825795, 39.31850849773388 ], [ 26.69862852998142, 39.318584657293144 ] ] ] } },
{ "type": "Feature", "properties": { "fid": 6916, "Layer": "Wall" }, "geometry": { "type": "MultiLineString", "coordinates": [ [ [ 26.69844602694161, 39.318582410071251 ], [ 26.698433699249939, 39.318681424773338 ] ] ] } },
{ "type": "Feature", "properties": { "fid": 6917, "Layer": "Wall" }, "geometry": { "type": "MultiLineString", "coordinates": [ [ [ 26.698403296918567, 39.318634769529119 ], [ 26.698436418111907, 39.318637256568358 ] ] ] } },
{ "type": "Feature", "properties": { "fid": 6918, "Layer": "Wall" }, "geometry": { "type": "MultiLineString", "coordinates": [ [ [ 26.698389267137415, 39.318549604256674 ], [ 26.69842954605863, 39.318548992741114 ] ] ] } },
{ "type": "Feature", "properties": { "fid": 6919, "Layer": "Wall" }, "geometry": { "type": "MultiLineString", "coordinates": [ [ [ 26.698478108592635, 39.318508908341379 ], [ 26.698584527461161, 39.31850263958524 ] ] ] } },
{ "type": "Feature", "properties": { "fid": 6920, "Layer": "Wall" }, "geometry": { "type": "MultiLineString", "coordinates": [ [ [ 26.698481819893445, 39.31843443729182 ], [ 26.698475557342707, 39.318510916185723 ] ] ] } },
{ "type": "Feature", "properties": { "fid": 6925, "Layer": "Wall" }, "geometry": { "type": "MultiLineString", "coordinates": [ [ [ 26.698352004511772, 39.318385025911418 ], [ 26.69830337129952, 39.31838518337559 ], [ 26.698306013193601, 39.318466755080387 ], [ 26.698398336344066, 39.318466942484733 ], [ 26.698397810607236, 39.318435159435886 ], [ 26.698353162557495, 39.318435305118633 ], [ 26.698352732586514, 39.318402492232146 ], [ 26.698352004511772, 39.318385025911418 ] ] ] } },
{ "type": "Feature", "properties": { "fid": 6926, "Layer": "Wall" }, "geometry": { "type": "MultiLineString", "coordinates": [ [ [ 26.698349324629696, 39.318387184196027 ], [ 26.698306208947248, 39.318387323959072 ], [ 26.698308712867114, 39.318464611179522 ], [ 26.698395532733397, 39.318464788368544 ], [ 26.698395077795631, 39.318437318669545 ], [ 26.698350424362818, 39.318437464357324 ], [ 26.698349965887093, 39.318402538895569 ], [ 26.698349324629696, 39.318387184196027 ] ] ] } },
{ "type": "Feature", "properties": { "fid": 6951, "Layer": "Wall" }, "geometry": { "type": "MultiLineString", "coordinates": [ [ [ 26.697485489429155, 39.318407578155444 ], [ 26.697411175677185, 39.318430327347428 ], [ 26.69742098719319, 39.318467017449123 ] ] ] } },
{ "type": "Feature", "properties": { "fid": 6952, "Layer": "Wall" }, "geometry": { "type": "MultiLineString", "coordinates": [ [ [ 26.697787950763392, 39.318342587581334 ], [ 26.697926076206301, 39.318332034676132 ] ] ] } },
{ "type": "Feature", "properties": { "fid": 6953, "Layer": "Wall" }, "geometry": { "type": "MultiLineString", "coordinates": [ [ [ 26.697976344801276, 39.318323911374605 ], [ 26.698011164721287, 39.318308947865383 ] ] ] } },
{ "type": "Feature", "properties": { "fid": 6954, "Layer": "Wall" }, "geometry": { "type": "MultiLineString", "coordinates": [ [ [ 26.697991190208626, 39.318608940511801 ], [ 26.698038484910363, 39.318628794143017 ] ] ] } },
{ "type": "Feature", "properties": { "fid": 6955, "Layer": "Wall" }, "geometry": { "type": "MultiLineString", "coordinates": [ [ [ 26.698266072064254, 39.318613883785929 ], [ 26.698266342697934, 39.318588278483524 ] ] ] } },
{ "type": "Feature", "properties": { "fid": 6956, "Layer": "Wall" }, "geometry": { "type": "MultiLineString", "coordinates": [ [ [ 26.698265709899175, 39.318470445952919 ], [ 26.698266797234986, 39.318449483655321 ] ] ] } },
{ "type": "Feature", "properties": { "fid": 6958, "Layer": "Wall" }, "geometry": { "type": "MultiLineString", "coordinates": [ [ [ 26.698268191087873, 39.318348466339479 ], [ 26.69827471784161, 39.318384074795176 ] ] ] } },
{ "type": "Feature", "properties": { "fid": 6959, "Layer": "Wall" }, "geometry": { "type": "MultiLineString", "coordinates": [ [ [ 26.698265452260799, 39.318348769513563 ], [ 26.698271979010599, 39.318384377069158 ] ] ] } },
{ "type": "Feature", "properties": { "fid": 6960, "Layer": "Wall" }, "geometry": { "type": "MultiLineString", "coordinates": [ [ [ 26.698262944497788, 39.318470359396144 ], [ 26.698264030940088, 39.318449397999458 ] ] ] } },
{ "type": "Feature", "properties": { "fid": 6961, "Layer": "Wall" }, "geometry": { "type": "MultiLineString", "coordinates": [ [ [ 26.6982633051209, 39.3186138656406 ], [ 26.698263576655485, 39.318588261237437 ] ] ] } },
{ "type": "Feature", "properties": { "fid": 6962, "Layer": "Wall" }, "geometry": { "type": "MultiLineString", "coordinates": [ [ [ 26.697992506489197, 39.31860704902531 ], [ 26.698039799399542, 39.318626903558346 ] ] ] } },
{ "type": "Feature", "properties": { "fid": 6963, "Layer": "Wall" }, "geometry": { "type": "MultiLineString", "coordinates": [ [ [ 26.697788221594774, 39.318344726937568 ], [ 26.697926346142381, 39.318334174032962 ] ] ] } },
{ "type": "Feature", "properties": { "fid": 6964, "Layer": "Wall" }, "geometry": { "type": "MultiLineString", "coordinates": [ [ [ 26.697486504386678, 39.31840957820495 ], [ 26.697414358409191, 39.318431663799956 ], [ 26.69742369590157, 39.31846657928476 ] ] ] } },
{ "type": "Feature", "properties": { "fid": 6992, "Layer": "Wall" }, "geometry": { "type": "MultiLineString", "coordinates": [ [ [ 26.694907714882845, 39.324998385820493 ], [ 26.695046128076168, 39.325123071102752 ], [ 26.695167807292989, 39.325216345045121 ] ] ] } },
{ "type": "Feature", "properties": { "fid": 6993, "Layer": "Wall" }, "geometry": { "type": "MultiLineString", "coordinates": [ [ [ 26.695144932097392, 39.324879146489586 ], [ 26.695326550670227, 39.325143811556615 ] ] ] } },
{ "type": "Feature", "properties": { "fid": 6994, "Layer": "Wall" }, "geometry": { "type": "MultiLineString", "coordinates": [ [ [ 26.695713251996821, 39.32515645146588 ], [ 26.695664308994697, 39.325103958630585 ], [ 26.69541497315695, 39.325220177758716 ], [ 26.695458880925422, 39.325277114659698 ], [ 26.695713251996821, 39.32515645146588 ] ] ] } },
{ "type": "Feature", "properties": { "fid": 6995, "Layer": "Wall" }, "geometry": { "type": "MultiLineString", "coordinates": [ [ [ 26.695706589174165, 39.325155414395049 ], [ 26.695663054059025, 39.3251087223205 ], [ 26.695421297557044, 39.325221406870689 ], [ 26.69546044650609, 39.325272173358769 ], [ 26.695706589174165, 39.325155414395049 ] ] ] } },
{ "type": "Feature", "properties": { "fid": 7004, "Layer": "Wall" }, "geometry": { "type": "MultiLineString", "coordinates": [ [ [ 26.697079706454634, 39.325447505677857 ], [ 26.69716580103346, 39.325413557156153 ], [ 26.697111922818802, 39.325316793020825 ], [ 26.697021217394575, 39.32535233812591 ], [ 26.697049633046184, 39.325398424872468 ], [ 26.697079706454634, 39.325447505677857 ] ] ] } },
{ "type": "Feature", "properties": { "fid": 7005, "Layer": "Wall" }, "geometry": { "type": "MultiLineString", "coordinates": [ [ [ 26.697080985485492, 39.325444589909097 ], [ 26.69716222820399, 39.325412555033701 ], [ 26.6971105488064, 39.325319740381822 ], [ 26.697024883415406, 39.325353309557819 ], [ 26.697052130866549, 39.325397498136567 ], [ 26.697080985485492, 39.325444589909097 ] ] ] } },
{ "type": "Feature", "properties": { "fid": 7007, "Layer": "Wall" }, "geometry": { "type": "MultiLineString", "coordinates": [ [ [ 26.69736126139378, 39.325410587515769 ], [ 26.697385793005061, 39.32545500724585 ], [ 26.697298843608284, 39.325485230061567 ] ] ] } },
{ "type": "Feature", "properties": { "fid": 7008, "Layer": "Wall" }, "geometry": { "type": "MultiLineString", "coordinates": [ [ [ 26.697358719307818, 39.325411434181866 ], [ 26.697382175846148, 39.325453907951228 ], [ 26.697297711946558, 39.325483267051226 ] ] ] } },
{ "type": "Feature", "properties": { "fid": 7009, "Layer": "Wall" }, "geometry": { "type": "MultiLineString", "coordinates": [ [ [ 26.69715440850598, 39.325366504112317 ], [ 26.697198132898755, 39.325432129052984 ] ] ] } },
{ "type": "Feature", "properties": { "fid": 7010, "Layer": "Wall" }, "geometry": { "type": "MultiLineString", "coordinates": [ [ [ 26.69716580103346, 39.325413557156153 ], [ 26.697182390790459, 39.32543845796841 ] ] ] } },
{ "type": "Feature", "properties": { "fid": 7011, "Layer": "Wall" }, "geometry": { "type": "MultiLineString", "coordinates": [ [ [ 26.69717129094056, 39.325421795355744 ], [ 26.697187033059862, 39.325415469140637 ] ] ] } },
{ "type": "Feature", "properties": { "fid": 7012, "Layer": "Wall" }, "geometry": { "type": "MultiLineString", "coordinates": [ [ [ 26.697156865715801, 39.325365515305911 ], [ 26.697200590111631, 39.325431141146808 ] ] ] } },
{ "type": "Feature", "properties": { "fid": 7013, "Layer": "Wall" }, "geometry": { "type": "MultiLineString", "coordinates": [ [ [ 26.697172563258288, 39.325423705128728 ], [ 26.697188304480388, 39.325417378914459 ] ] ] } },
{ "type": "Feature", "properties": { "fid": 7014, "Layer": "Wall" }, "geometry": { "type": "MultiLineString", "coordinates": [ [ [ 26.697163342025981, 39.325414545064021 ], [ 26.697179932676882, 39.325439444975324 ] ] ] } },
{ "type": "Feature", "properties": { "fid": 7015, "Layer": "Wall" }, "geometry": { "type": "MultiLineString", "coordinates": [ [ [ 26.697005800652434, 39.325476648877135 ], [ 26.697014592038357, 39.325502246404241 ] ] ] } },
{ "type": "Feature", "properties": { "fid": 7016, "Layer": "Wall" }, "geometry": { "type": "MultiLineString", "coordinates": [ [ [ 26.697008475742336, 39.325476094626119 ], [ 26.697017265337241, 39.32550169305501 ] ] ] } },
{ "type": "Feature", "properties": { "fid": 7017, "Layer": "Wall" }, "geometry": { "type": "MultiLineString", "coordinates": [ [ [ 26.697150953385385, 39.325535120219186 ], [ 26.697139672110968, 39.325539103793645 ] ] ] } },
{ "type": "Feature", "properties": { "fid": 7018, "Layer": "Wall" }, "geometry": { "type": "MultiLineString", "coordinates": [ [ [ 26.697149808292593, 39.325533164422296 ], [ 26.697138527014705, 39.325537147096647 ] ] ] } },
{ "type": "Feature", "properties": { "fid": 7019, "Layer": "Wall" }, "geometry": { "type": "MultiLineString", "coordinates": [ [ [ 26.697112532397728, 39.325467415592428 ], [ 26.697100254786665, 39.325471749336131 ] ] ] } },
{ "type": "Feature", "properties": { "fid": 7020, "Layer": "Wall" }, "geometry": { "type": "MultiLineString", "coordinates": [ [ [ 26.697113676597056, 39.325469372290222 ], [ 26.697101401674193, 39.325473705131309 ] ] ] } },
{ "type": "Feature", "properties": { "fid": 7039, "Layer": "Wall" }, "geometry": { "type": "MultiLineString", "coordinates": [ [ [ 26.696609819775226, 39.325226511845059 ], [ 26.696637683089396, 39.325266339681313 ], [ 26.696544373465631, 39.325305722598266 ], [ 26.696450435929194, 39.325191777196572 ] ] ] } },
{ "type": "Feature", "properties": { "fid": 7040, "Layer": "Wall" }, "geometry": { "type": "MultiLineString", "coordinates": [ [ [ 26.696506978150087, 39.325178318454078 ], [ 26.696500796275075, 39.325169781155253 ] ] ] } },
{ "type": "Feature", "properties": { "fid": 7041, "Layer": "Wall" }, "geometry": { "type": "MultiLineString", "coordinates": [ [ [ 26.696503995073467, 39.325147523660512 ], [ 26.696536818347901, 39.325134989707728 ], [ 26.696558297504229, 39.325160766308393 ] ] ] } },
{ "type": "Feature", "properties": { "fid": 7042, "Layer": "Wall" }, "geometry": { "type": "MultiLineString", "coordinates": [ [ [ 26.696416880785687, 39.32505947734429 ], [ 26.696365339093639, 39.325081532084646 ], [ 26.69642164070369, 39.325152009627189 ] ] ] } },
{ "type": "Feature", "properties": { "fid": 7043, "Layer": "Wall" }, "geometry": { "type": "MultiLineString", "coordinates": [ [ [ 26.696774899583456, 39.325200940462899 ], [ 26.696707180156874, 39.325233682905179 ] ] ] } },
{ "type": "Feature", "properties": { "fid": 7044, "Layer": "Wall" }, "geometry": { "type": "MultiLineString", "coordinates": [ [ [ 26.696768971194242, 39.32517183342091 ], [ 26.696785491720629, 39.325196224830044 ] ] ] } },
{ "type": "Feature", "properties": { "fid": 7045, "Layer": "Wall" }, "geometry": { "type": "MultiLineString", "coordinates": [ [ [ 26.696588890623048, 39.325061503495085 ], [ 26.696668113956783, 39.3251774652881 ] ] ] } },
{ "type": "Feature", "properties": { "fid": 7046, "Layer": "Wall" }, "geometry": { "type": "MultiLineString", "coordinates": [ [ [ 26.696418215803941, 39.325061360956063 ], [ 26.696369226921515, 39.325082323288314 ], [ 26.696423991494012, 39.325150876900771 ] ] ] } },
{ "type": "Feature", "properties": { "fid": 7047, "Layer": "Wall" }, "geometry": { "type": "MultiLineString", "coordinates": [ [ [ 26.696607386937718, 39.325227539333909 ], [ 26.696633929565255, 39.325265478144694 ], [ 26.696545314532976, 39.325302879152126 ], [ 26.696452765988571, 39.325190619285983 ] ] ] } },
{ "type": "Feature", "properties": { "fid": 7048, "Layer": "Wall" }, "geometry": { "type": "MultiLineString", "coordinates": [ [ [ 26.696773437382088, 39.325199114576947 ], [ 26.696705718856265, 39.325231857918432 ] ] ] } },
{ "type": "Feature", "properties": { "fid": 7049, "Layer": "Wall" }, "geometry": { "type": "MultiLineString", "coordinates": [ [ [ 26.696766521206168, 39.325172833922167 ], [ 26.696783042629761, 39.325197225330463 ] ] ] } },
{ "type": "Feature", "properties": { "fid": 7050, "Layer": "Wall" }, "geometry": { "type": "MultiLineString", "coordinates": [ [ [ 26.696509388454132, 39.32517726398271 ], [ 26.696503208373354, 39.325168726682236 ] ] ] } },
{ "type": "Feature", "properties": { "fid": 7051, "Layer": "Wall" }, "geometry": { "type": "MultiLineString", "coordinates": [ [ [ 26.696505216325882, 39.325149453283551 ], [ 26.696535831256025, 39.325137762987303 ], [ 26.696555973765346, 39.325161935014698 ] ] ] } },
{ "type": "Feature", "properties": { "fid": 7052, "Layer": "Wall" }, "geometry": { "type": "MultiLineString", "coordinates": [ [ [ 26.6965864469473, 39.325062512091449 ], [ 26.696665671167391, 39.3251784711833 ] ] ] } },
{ "type": "Feature", "properties": { "fid": 7053, "Layer": "Wall" }, "geometry": { "type": "MultiLineString", "coordinates": [ [ [ 26.696669820881223, 39.325147955119995 ], [ 26.696732369472606, 39.32512123656133 ] ] ] } },
{ "type": "Feature", "properties": { "fid": 7059, "Layer": "Wall" }, "geometry": { "type": "MultiLineString", "coordinates": [ [ [ 26.697151882358, 39.325073051594934 ], [ 26.697137231424264, 39.325052853905277 ], [ 26.696819203362416, 39.325181842107355 ], [ 26.696903430899969, 39.325302173831091 ] ] ] } },
{ "type": "Feature", "properties": { "fid": 7060, "Layer": "Wall" }, "geometry": { "type": "MultiLineString", "coordinates": [ [ [ 26.697149471160397, 39.325074107867771 ], [ 26.697136137038783, 39.325055724497439 ], [ 26.696822978544045, 39.325182736028033 ], [ 26.696905861050681, 39.32530114724473 ] ] ] } },
{ "type": "Feature", "properties": { "fid": 7061, "Layer": "Wall" }, "geometry": { "type": "MultiLineString", "coordinates": [ [ [ 26.696967964996826, 39.325198786733701 ], [ 26.696861568695276, 39.325237867641306 ] ] ] } },
{ "type": "Feature", "properties": { "fid": 7066, "Layer": "Wall" }, "geometry": { "type": "MultiLineString", "coordinates": [ [ [ 26.697056255741451, 39.325067176006222 ], [ 26.697130479529434, 39.325038591480407 ], [ 26.697095481111354, 39.324983763475544 ], [ 26.697023215010461, 39.325015415593398 ] ] ] } },
{ "type": "Feature", "properties": { "fid": 7076, "Layer": "Wall" }, "geometry": { "type": "MultiLineString", "coordinates": [ [ [ 26.697025346350447, 39.32488263441514 ], [ 26.696985516970837, 39.324817313698517 ], [ 26.696894932142257, 39.324855334029927 ], [ 26.696948291982064, 39.324943467417775 ], [ 26.697017701248289, 39.32491811427564 ], [ 26.696999948674733, 39.324892251411576 ], [ 26.697025483577029, 39.32488285841751 ] ] ] } },
{ "type": "Feature", "properties": { "fid": 7077, "Layer": "Wall" }, "geometry": { "type": "MultiLineString", "coordinates": [ [ [ 26.697021797625638, 39.324881836597449 ], [ 26.696984266850009, 39.324820283448346 ], [ 26.696898550430227, 39.324856257799802 ], [ 26.696949616982227, 39.324940606513181 ], [ 26.697013889838729, 39.324917131276877 ], [ 26.696996141775202, 39.324891274709493 ], [ 26.697021797625638, 39.324881836597449 ] ] ] } },
{ "type": "Feature", "properties": { "fid": 7078, "Layer": "Wall" }, "geometry": { "type": "MultiLineString", "coordinates": [ [ [ 26.696985516970837, 39.324817313698517 ], [ 26.696951060103217, 39.32475179357597 ], [ 26.696814812142094, 39.324804190606315 ], [ 26.6968584479648, 39.324870605041532 ], [ 26.696894932142257, 39.324855334029927 ], [ 26.696985516970837, 39.324817313698517 ] ] ] } },
{ "type": "Feature", "properties": { "fid": 7079, "Layer": "Wall" }, "geometry": { "type": "MultiLineString", "coordinates": [ [ [ 26.696982016925404, 39.324816341212696 ], [ 26.696949622401267, 39.324754745497358 ], [ 26.696818550792596, 39.324805151169656 ], [ 26.696859626443231, 39.324867670462879 ], [ 26.696893617720434, 39.324853440497876 ], [ 26.696982016925404, 39.324816341212696 ] ] ] } },
{ "type": "Feature", "properties": { "fid": 7081, "Layer": "Wall" }, "geometry": { "type": "MultiLineString", "coordinates": [ [ [ 26.696898635895295, 39.324999586314192 ], [ 26.696825844874198, 39.324878073828543 ] ] ] } },
{ "type": "Feature", "properties": { "fid": 7082, "Layer": "Wall" }, "geometry": { "type": "MultiLineString", "coordinates": [ [ [ 26.696896125444415, 39.325000495059548 ], [ 26.696823333519053, 39.324878980774535 ] ] ] } },
{ "type": "Feature", "properties": { "fid": 7105, "Layer": "Wall" }, "geometry": { "type": "MultiLineString", "coordinates": [ [ [ 26.696035484595626, 39.324563502369834 ], [ 26.696109892700857, 39.324526865248522 ], [ 26.696072926647524, 39.324481573084846 ], [ 26.696086840054072, 39.324474721999415 ], [ 26.696043717875867, 39.324424800818491 ], [ 26.696030912713994, 39.324431474454059 ], [ 26.695990338153344, 39.32438450239885 ], [ 26.695919532412802, 39.324421404412099 ], [ 26.69593061301736, 39.324434231653399 ], [ 26.695910750313526, 39.324444583404777 ], [ 26.695941712228148, 39.324480428988537 ], [ 26.695958269116534, 39.324471801324052 ], [ 26.695992730128129, 39.324514019207513 ], [ 26.69597007576148, 39.324525175550455 ], [ 26.696005004206789, 39.324564563024332 ], [ 26.696025944781031, 39.324553358760568 ], [ 26.696035484595626, 39.324563502369834 ] ] ] } },
{ "type": "Feature", "properties": { "fid": 7108, "Layer": "Wall" }, "geometry": { "type": "MultiLineString", "coordinates": [ [ [ 26.696278514199619, 39.324683725836671 ], [ 26.696031856713333, 39.324351930060274 ], [ 26.695798861538048, 39.324456427210826 ] ] ] } },
{ "type": "Feature", "properties": { "fid": 7109, "Layer": "Wall" }, "geometry": { "type": "MultiLineString", "coordinates": [ [ [ 26.695820288743647, 39.324488417413889 ], [ 26.695798861538048, 39.324456427210826 ], [ 26.695781482113642, 39.324430479359727 ], [ 26.695701505106989, 39.32447502104548 ], [ 26.69567544180267, 39.324515443403044 ], [ 26.695699717112017, 39.324554861456981 ] ] ] } },
{ "type": "Feature", "properties": { "fid": 7110, "Layer": "Wall" }, "geometry": { "type": "MultiLineString", "coordinates": [ [ [ 26.695775006360524, 39.324647805578948 ], [ 26.695924013972615, 39.324825829082556 ] ] ] } },
{ "type": "Feature", "properties": { "fid": 7111, "Layer": "Wall" }, "geometry": { "type": "MultiLineString", "coordinates": [ [ [ 26.695897990120177, 39.324610658161831 ], [ 26.695803604083597, 39.324652784674029 ], [ 26.695920774617051, 39.324802627919183 ], [ 26.696015087147405, 39.324758134148219 ], [ 26.695976891397933, 39.324706820431842 ], [ 26.695992817815771, 39.324699669545723 ], [ 26.695972211689316, 39.324671985664644 ], [ 26.695955231101198, 39.32467961098871 ], [ 26.695897990120177, 39.324610658161831 ] ] ] } },
{ "type": "Feature", "properties": { "fid": 7112, "Layer": "Wall" }, "geometry": { "type": "MultiLineString", "coordinates": [ [ [ 26.695988984813887, 39.324791620229533 ], [ 26.69605024281946, 39.324754970086573 ], [ 26.696078989232991, 39.324782449300265 ] ] ] } },
{ "type": "Feature", "properties": { "fid": 7113, "Layer": "Wall" }, "geometry": { "type": "MultiLineString", "coordinates": [ [ [ 26.696051180928322, 39.324754409344123 ], [ 26.695900890044303, 39.324592595491922 ] ] ] } },
{ "type": "Feature", "properties": { "fid": 7114, "Layer": "Wall" }, "geometry": { "type": "MultiLineString", "coordinates": [ [ [ 26.695879641956257, 39.324565715105074 ], [ 26.695900890044303, 39.324592595491922 ], [ 26.695852424654035, 39.324615971432742 ] ] ] } },
{ "type": "Feature", "properties": { "fid": 7129, "Layer": "Wall" }, "geometry": { "type": "MultiLineString", "coordinates": [ [ [ 26.696113036845308, 39.324862328515948 ], [ 26.6962138332586, 39.324814717910556 ], [ 26.69626292580126, 39.324877418821352 ], [ 26.696161281256646, 39.324925432569664 ], [ 26.696113036845308, 39.324862328515948 ] ] ] } },
{ "type": "Feature", "properties": { "fid": 7130, "Layer": "Wall" }, "geometry": { "type": "MultiLineString", "coordinates": [ [ [ 26.6962138332586, 39.324814717910556 ], [ 26.696343608078141, 39.324747621689063 ], [ 26.696389427020996, 39.324815314085626 ], [ 26.696336442854708, 39.324836949806283 ], [ 26.696343285647831, 39.324847058102414 ], [ 26.69626292580126, 39.324877418821352 ], [ 26.6962138332586, 39.324814717910556 ] ] ] } },
{ "type": "Feature", "properties": { "fid": 7131, "Layer": "Wall" }, "geometry": { "type": "MultiLineString", "coordinates": [ [ [ 26.696116814981217, 39.324863060414536 ], [ 26.696212907856733, 39.324817670256827 ], [ 26.696259124378315, 39.324876698646442 ], [ 26.696162232620619, 39.324922465797613 ], [ 26.696116814981217, 39.324863060414536 ] ] ] } },
{ "type": "Feature", "properties": { "fid": 7132, "Layer": "Wall" }, "geometry": { "type": "MultiLineString", "coordinates": [ [ [ 26.696217579666747, 39.324815363426765 ], [ 26.696342585475783, 39.324750729846095 ], [ 26.696385689495159, 39.324814411127875 ], [ 26.69633270533016, 39.324836046848425 ], [ 26.696339507523316, 39.324846095774298 ], [ 26.696263981918584, 39.324874630175664 ], [ 26.696217579666747, 39.324815363426765 ] ] ] } },
{ "type": "Feature", "properties": { "fid": 7134, "Layer": "Wall" }, "geometry": { "type": "MultiLineString", "coordinates": [ [ [ 26.696444119473032, 39.324792979188061 ], [ 26.696462008979701, 39.324819940975317 ] ] ] } },
{ "type": "Feature", "properties": { "fid": 7135, "Layer": "Wall" }, "geometry": { "type": "MultiLineString", "coordinates": [ [ [ 26.696437493429855, 39.324778304389277 ], [ 26.696464381365274, 39.324818824430835 ] ] ] } },
{ "type": "Feature", "properties": { "fid": 7136, "Layer": "Wall" }, "geometry": { "type": "MultiLineString", "coordinates": [ [ [ 26.69645741018839, 39.324822105519964 ], [ 26.696174575639226, 39.324942821352941 ] ] ] } },
{ "type": "Feature", "properties": { "fid": 7137, "Layer": "Wall" }, "geometry": { "type": "MultiLineString", "coordinates": [ [ [ 26.696458743414272, 39.324823990033636 ], [ 26.696175909760061, 39.32494470586613 ] ] ] } },
{ "type": "Feature", "properties": { "fid": 7138, "Layer": "Wall" }, "geometry": { "type": "MultiLineString", "coordinates": [ [ [ 26.696457943926902, 39.324904895240948 ], [ 26.696424161180644, 39.324838749808109 ] ] ] } },
{ "type": "Feature", "properties": { "fid": 7139, "Layer": "Wall" }, "geometry": { "type": "MultiLineString", "coordinates": [ [ [ 26.696400640959109, 39.32492754129683 ], [ 26.696365137258748, 39.324863941192284 ] ] ] } },
{ "type": "Feature", "properties": { "fid": 7140, "Layer": "Wall" }, "geometry": { "type": "MultiLineString", "coordinates": [ [ [ 26.696343288606904, 39.32494852487671 ], [ 26.696308602587159, 39.324888070828344 ] ] ] } },
{ "type": "Feature", "properties": { "fid": 7141, "Layer": "Wall" }, "geometry": { "type": "MultiLineString", "coordinates": [ [ [ 26.69628327342318, 39.32498009181483 ], [ 26.696248408003527, 39.324913762856582 ] ] ] } },
{ "type": "Feature", "properties": { "fid": 7142, "Layer": "Wall" }, "geometry": { "type": "MultiLineString", "coordinates": [ [ [ 26.696285836267808, 39.324979278434363 ], [ 26.696250969053121, 39.324912949477863 ] ] ] } },
{ "type": "Feature", "properties": { "fid": 7143, "Layer": "Wall" }, "geometry": { "type": "MultiLineString", "coordinates": [ [ [ 26.696345814431275, 39.324947649422242 ], [ 26.696311130205277, 39.324887195372284 ] ] ] } },
{ "type": "Feature", "properties": { "fid": 7144, "Layer": "Wall" }, "geometry": { "type": "MultiLineString", "coordinates": [ [ [ 26.696403180321035, 39.324926686532415 ], [ 26.696367674825833, 39.324863086429581 ] ] ] } },
{ "type": "Feature", "properties": { "fid": 7145, "Layer": "Wall" }, "geometry": { "type": "MultiLineString", "coordinates": [ [ [ 26.696455371134974, 39.32490568882838 ], [ 26.696421590176598, 39.324839541593605 ] ] ] } },
{ "type": "Feature", "properties": { "fid": 7154, "Layer": "Wall" }, "geometry": { "type": "MultiLineString", "coordinates": [ [ [ 26.696336859362312, 39.32532487582025 ], [ 26.696368154754769, 39.325360100876594 ] ] ] } },
{ "type": "Feature", "properties": { "fid": 7155, "Layer": "Wall" }, "geometry": { "type": "MultiLineString", "coordinates": [ [ [ 26.696454818941479, 39.325276754230693 ], [ 26.696475972317042, 39.325307443980627 ] ] ] } },
{ "type": "Feature", "properties": { "fid": 7156, "Layer": "Wall" }, "geometry": { "type": "MultiLineString", "coordinates": [ [ [ 26.69645237888318, 39.325277770024449 ], [ 26.696473534049431, 39.325308458872705 ] ] ] } },
{ "type": "Feature", "properties": { "fid": 7157, "Layer": "Wall" }, "geometry": { "type": "MultiLineString", "coordinates": [ [ [ 26.696339136250085, 39.325323655850795 ], [ 26.696370430745894, 39.32535888090792 ] ] ] } },
{ "type": "Feature", "properties": { "fid": 7159, "Layer": "Wall" }, "geometry": { "type": "MultiLineString", "coordinates": [ [ [ 26.695497135915232, 39.324504801518572 ], [ 26.695402976427832, 39.324567887037261 ], [ 26.696641145828195, 39.32601614968349 ], [ 26.696655324273657, 39.32601808530405 ], [ 26.696657980982025, 39.326016003568164 ], [ 26.696657950146832, 39.326010268939918 ], [ 26.696604992080957, 39.325903485611207 ], [ 26.696546062917331, 39.325815920853032 ], [ 26.696469573584931, 39.325712481669854 ], [ 26.69632531579931, 39.325533649217938 ], [ 26.695969903515127, 39.325095367655983 ], [ 26.695766783521869, 39.324841696991541 ], [ 26.695497135915232, 39.324504801518572 ] ] ] } },
{ "type": "Feature", "properties": { "fid": 7193, "Layer": "Wall" }, "geometry": { "type": "MultiLineString", "coordinates": [ [ [ 26.694887027382869, 39.324296833844777 ], [ 26.694887027382869, 39.324296833844777 ] ] ] } },
{ "type": "Feature", "properties": { "fid": 7198, "Layer": "Wall" }, "geometry": { "type": "MultiLineString", "coordinates": [ [ [ 26.69731212799956, 39.325239612301402 ], [ 26.697418033088265, 39.32544082301655 ], [ 26.697851968136952, 39.325281344934822 ], [ 26.697784062448108, 39.32510683338657 ], [ 26.697465988195393, 39.325169274915766 ] ] ] } },
{ "type": "Feature", "properties": { "fid": 7203, "Layer": "Wall" }, "geometry": { "type": "MultiLineString", "coordinates": [ [ [ 26.694486717708109, 39.324295548057584 ], [ 26.694529004906705, 39.324307002669151 ], [ 26.694638536573329, 39.324260281667506 ], [ 26.694648110583564, 39.324229001762802 ], [ 26.694510479624235, 39.324026544107902 ], [ 26.694385128066401, 39.324086565441611 ], [ 26.694373553405125, 39.324113378102695 ], [ 26.694486717708109, 39.324295548057584 ] ] ] } },
{ "type": "Feature", "properties": { "fid": 7212, "Layer": "Wall" }, "geometry": { "type": "MultiLineString", "coordinates": [ [ [ 26.695002890139495, 39.324245209382227 ], [ 26.695041765338257, 39.324277291538408 ] ] ] } },
{ "type": "Feature", "properties": { "fid": 7213, "Layer": "Wall" }, "geometry": { "type": "MultiLineString", "coordinates": [ [ [ 26.695004906746366, 39.324243735823828 ], [ 26.695043779251154, 39.324275817082267 ] ] ] } },
{ "type": "Feature", "properties": { "fid": 7221, "Layer": "Wall" }, "geometry": { "type": "MultiLineString", "coordinates": [ [ [ 26.694926468242535, 39.323927766277322 ], [ 26.694888339864399, 39.323943383456601 ] ] ] } },
{ "type": "Feature", "properties": { "fid": 7222, "Layer": "Wall" }, "geometry": { "type": "MultiLineString", "coordinates": [ [ [ 26.695178295863869, 39.323939698823963 ], [ 26.695223080961558, 39.324019260439584 ], [ 26.695070384376997, 39.324080701466833 ] ] ] } },
{ "type": "Feature", "properties": { "fid": 7223, "Layer": "Wall" }, "geometry": { "type": "MultiLineString", "coordinates": [ [ [ 26.694851777107726, 39.32404917861642 ], [ 26.694863141445015, 39.324066163290063 ] ] ] } },
{ "type": "Feature", "properties": { "fid": 7224, "Layer": "Wall" }, "geometry": { "type": "MultiLineString", "coordinates": [ [ [ 26.694946410385704, 39.324032549737289 ], [ 26.694935752647829, 39.3240161818959 ], [ 26.69490249988198, 39.323965125386408 ], [ 26.694919342285989, 39.323958506556096 ], [ 26.694964103123279, 39.324025408050304 ] ] ] } },
{ "type": "Feature", "properties": { "fid": 7225, "Layer": "Wall" }, "geometry": { "type": "MultiLineString", "coordinates": [ [ [ 26.695175761945251, 39.323940558979196 ], [ 26.695219507383687, 39.324018276310319 ], [ 26.695069111214412, 39.324078792588701 ] ] ] } },
{ "type": "Feature", "properties": { "fid": 7226, "Layer": "Wall" }, "geometry": { "type": "MultiLineString", "coordinates": [ [ [ 26.694854232458152, 39.324048186217631 ], [ 26.694865596799435, 39.324065171791311 ] ] ] } },
{ "type": "Feature", "properties": { "fid": 7227, "Layer": "Wall" }, "geometry": { "type": "MultiLineString", "coordinates": [ [ [ 26.694927761101606, 39.323929667037433 ], [ 26.694889631828673, 39.323945285117837 ] ] ] } },
{ "type": "Feature", "properties": { "fid": 7268, "Layer": "Wall" }, "geometry": { "type": "MultiLineString", "coordinates": [ [ [ 26.69547057307533, 39.32428097093819 ], [ 26.695424119575474, 39.324215082850102 ], [ 26.695629124250264, 39.324140703621993 ] ] ] } },
{ "type": "Feature", "properties": { "fid": 7269, "Layer": "Wall" }, "geometry": { "type": "MultiLineString", "coordinates": [ [ [ 26.695473000483553, 39.324279938056904 ], [ 26.695427964995176, 39.324216061324911 ], [ 26.695630294408552, 39.324142652198169 ] ] ] } },
{ "type": "Feature", "properties": { "fid": 7270, "Layer": "Wall" }, "geometry": { "type": "MultiLineString", "coordinates": [ [ [ 26.695543397418621, 39.324174180041361 ], [ 26.695588064541326, 39.324229415058191 ], [ 26.6955518276826, 39.324246391519871 ], [ 26.695542640246913, 39.324250301134171 ], [ 26.695532709442158, 39.324238761787889 ], [ 26.69551010511001, 39.324246531820094 ], [ 26.695475810647963, 39.324198700587267 ] ] ] } },
{ "type": "Feature", "properties": { "fid": 7271, "Layer": "Wall" }, "geometry": { "type": "MultiLineString", "coordinates": [ [ [ 26.695541053862929, 39.32417532265999 ], [ 26.695584222826803, 39.32422870571709 ], [ 26.695550447911426, 39.324244528648933 ], [ 26.695543533819926, 39.324247470332658 ], [ 26.695533718364008, 39.324236064997436 ], [ 26.695511294123087, 39.324243771854746 ], [ 26.695478229937166, 39.324197656011904 ] ] ] } },
{ "type": "Feature", "properties": { "fid": 7272, "Layer": "Wall" }, "geometry": { "type": "MultiLineString", "coordinates": [ [ [ 26.695796118479951, 39.324202902189995 ], [ 26.695846250253737, 39.324248400932134 ] ] ] } },
{ "type": "Feature", "properties": { "fid": 7273, "Layer": "Wall" }, "geometry": { "type": "MultiLineString", "coordinates": [ [ [ 26.695678667536452, 39.324194277001304 ], [ 26.695717838990372, 39.324236635479728 ], [ 26.695794224719776, 39.3242837508514 ] ] ] } },
{ "type": "Feature", "properties": { "fid": 7274, "Layer": "Wall" }, "geometry": { "type": "MultiLineString", "coordinates": [ [ [ 26.695588064541326, 39.324229415058191 ], [ 26.695595083904767, 39.324238096517078 ], [ 26.695680605346059, 39.324196373386741 ] ] ] } },
{ "type": "Feature", "properties": { "fid": 7275, "Layer": "Wall" }, "geometry": { "type": "MultiLineString", "coordinates": [ [ [ 26.695750092925103, 39.324256529776648 ], [ 26.695701761681352, 39.324279302504436 ], [ 26.695739997654599, 39.324319362936954 ] ] ] } },
{ "type": "Feature", "properties": { "fid": 7276, "Layer": "Wall" }, "geometry": { "type": "MultiLineString", "coordinates": [ [ [ 26.695798221521542, 39.324201503258855 ], [ 26.69584835330317, 39.324247003801098 ] ] ] } },
{ "type": "Feature", "properties": { "fid": 7277, "Layer": "Wall" }, "geometry": { "type": "MultiLineString", "coordinates": [ [ [ 26.695680915571476, 39.324193022855646 ], [ 26.695719860906706, 39.324235137610842 ], [ 26.695795946271488, 39.324282066935574 ] ] ] } },
{ "type": "Feature", "properties": { "fid": 7278, "Layer": "Wall" }, "geometry": { "type": "MultiLineString", "coordinates": [ [ [ 26.695751530028527, 39.324258368290657 ], [ 26.695705792351298, 39.324279918057321 ], [ 26.6957422195768, 39.324318083612013 ] ] ] } },
{ "type": "Feature", "properties": { "fid": 7279, "Layer": "Wall" }, "geometry": { "type": "MultiLineString", "coordinates": [ [ [ 26.695585722788831, 39.324230560375682 ], [ 26.695594213271381, 39.324241061415236 ], [ 26.695682077367625, 39.324198193866394 ] ] ] } },
{ "type": "Feature", "properties": { "fid": 7280, "Layer": "Wall" }, "geometry": { "type": "MultiLineString", "coordinates": [ [ [ 26.695880443445635, 39.324161679702321 ], [ 26.695914772982668, 39.324209703497331 ] ] ] } },
{ "type": "Feature", "properties": { "fid": 7281, "Layer": "Wall" }, "geometry": { "type": "MultiLineString", "coordinates": [ [ [ 26.69587802414209, 39.324162724279461 ], [ 26.695912352781111, 39.324210748075465 ] ] ] } },
{ "type": "Feature", "properties": { "fid": 7288, "Layer": "Wall" }, "geometry": { "type": "MultiLineString", "coordinates": [ [ [ 26.696025246410855, 39.325599344162754 ], [ 26.696082480809796, 39.325571204754581 ], [ 26.696271667511255, 39.325794495693415 ] ] ] } },
{ "type": "Feature", "properties": { "fid": 7289, "Layer": "Wall" }, "geometry": { "type": "MultiLineString", "coordinates": [ [ [ 26.695927117748258, 39.325649190896328 ], [ 26.69583050691562, 39.325698267517978 ], [ 26.696122995141604, 39.326059073916838 ], [ 26.696198862097717, 39.326020488452826 ] ] ] } },
{ "type": "Feature", "properties": { "fid": 7290, "Layer": "Wall" }, "geometry": { "type": "MultiLineString", "coordinates": [ [ [ 26.696079582491421, 39.325872513185779 ], [ 26.69599470100551, 39.325900814126562 ] ] ] } },
{ "type": "Feature", "properties": { "fid": 7291, "Layer": "Wall" }, "geometry": { "type": "MultiLineString", "coordinates": [ [ [ 26.695976297270491, 39.325709539722588 ], [ 26.695881068572866, 39.325760638538696 ] ] ] } },
{ "type": "Feature", "properties": { "fid": 7292, "Layer": "Wall" }, "geometry": { "type": "MultiLineString", "coordinates": [ [ [ 26.696075358926066, 39.325660834368684 ], [ 26.696133317990395, 39.325631207289582 ] ] ] } },
{ "type": "Feature", "properties": { "fid": 7303, "Layer": "Wall" }, "geometry": { "type": "MultiLineString", "coordinates": [ [ [ 26.696389455367566, 39.32642701536966 ], [ 26.696350604426829, 39.326338196099009 ], [ 26.69637814583772, 39.326328193661894 ] ] ] } },
{ "type": "Feature", "properties": { "fid": 7304, "Layer": "Wall" }, "geometry": { "type": "MultiLineString", "coordinates": [ [ [ 26.696524638258555, 39.326283858486669 ], [ 26.696562423375532, 39.326373136895626 ] ] ] } },
{ "type": "Feature", "properties": { "fid": 7306, "Layer": "Wall" }, "geometry": { "type": "MultiLineString", "coordinates": [ [ [ 26.696771904056803, 39.326400937402639 ], [ 26.696596254193089, 39.326453379080121 ] ] ] } },
{ "type": "Feature", "properties": { "fid": 7307, "Layer": "Wall" }, "geometry": { "type": "MultiLineString", "coordinates": [ [ [ 26.696350604426829, 39.326338196099009 ], [ 26.696290713843752, 39.326356619416835 ] ] ] } },
{ "type": "Feature", "properties": { "fid": 7327, "Layer": "Wall" }, "geometry": { "type": "MultiLineString", "coordinates": [ [ [ 26.697620381385612, 39.326622861631272 ], [ 26.697646958228411, 39.326649638085023 ], [ 26.697679580768671, 39.326637416666728 ], [ 26.697827589388751, 39.326845738440923 ] ] ] } },
{ "type": "Feature", "properties": { "fid": 7328, "Layer": "Wall" }, "geometry": { "type": "MultiLineString", "coordinates": [ [ [ 26.697871887071781, 39.326900420274185 ], [ 26.698004178481234, 39.327096903170279 ], [ 26.697688232582074, 39.327225134134075 ], [ 26.697491328648066, 39.326936600895785 ] ] ] } },
{ "type": "Feature", "properties": { "fid": 7329, "Layer": "Wall" }, "geometry": { "type": "MultiLineString", "coordinates": [ [ [ 26.697020560024612, 39.326353980923756 ], [ 26.697153798015993, 39.326546306570165 ], [ 26.697160480670398, 39.326544764775292 ], [ 26.697352320017785, 39.326759877657501 ] ] ] } },
{ "type": "Feature", "properties": { "fid": 7342, "Layer": "Wall" }, "geometry": { "type": "MultiLineString", "coordinates": [ [ [ 26.696793214879641, 39.325782852841982 ], [ 26.696816263289072, 39.325775948280608 ] ] ] } },
{ "type": "Feature", "properties": { "fid": 7343, "Layer": "Wall" }, "geometry": { "type": "MultiLineString", "coordinates": [ [ [ 26.696953288473647, 39.325798208178334 ], [ 26.696977543210679, 39.325849776906388 ] ] ] } },
{ "type": "Feature", "properties": { "fid": 7344, "Layer": "Wall" }, "geometry": { "type": "MultiLineString", "coordinates": [ [ [ 26.696900172444526, 39.3258737503403 ], [ 26.69689374442315, 39.325862777548544 ], [ 26.696870236355505, 39.325871251443033 ] ] ] } },
{ "type": "Feature", "properties": { "fid": 7345, "Layer": "Wall" }, "geometry": { "type": "MultiLineString", "coordinates": [ [ [ 26.696902691939876, 39.325872860489035 ], [ 26.696895103475267, 39.325859905811001 ], [ 26.696868855159362, 39.325869492990726 ] ] ] } },
{ "type": "Feature", "properties": { "fid": 7346, "Layer": "Wall" }, "geometry": { "type": "MultiLineString", "coordinates": [ [ [ 26.696851190438757, 39.325840318509023 ], [ 26.696868855159362, 39.325869492990726 ] ] ] } },
{ "type": "Feature", "properties": { "fid": 7347, "Layer": "Wall" }, "geometry": { "type": "MultiLineString", "coordinates": [ [ [ 26.696794211234849, 39.325784860083502 ], [ 26.696817260534743, 39.325777953721065 ] ] ] } },
{ "type": "Feature", "properties": { "fid": 7348, "Layer": "Wall" }, "geometry": { "type": "MultiLineString", "coordinates": [ [ [ 26.696950689453498, 39.325798947783476 ], [ 26.696974945981331, 39.325850515609716 ] ] ] } },
{ "type": "Feature", "properties": { "fid": 7355, "Layer": "Wall" }, "geometry": { "type": "MultiLineString", "coordinates": [ [ [ 26.696615877909462, 39.325525059353581 ], [ 26.696672502629713, 39.325496994304572 ], [ 26.696769114770852, 39.325598944037061 ] ] ] } },
{ "type": "Feature", "properties": { "fid": 7371, "Layer": "Wall" }, "geometry": { "type": "MultiLineString", "coordinates": [ [ [ 26.696779867964853, 39.325455820626082 ], [ 26.696839782130127, 39.325430199951064 ] ] ] } },
{ "type": "Feature", "properties": { "fid": 7372, "Layer": "Wall" }, "geometry": { "type": "MultiLineString", "coordinates": [ [ [ 26.696820032096603, 39.325497863056931 ], [ 26.696879286305322, 39.325472339305691 ] ] ] } },
{ "type": "Feature", "properties": { "fid": 7373, "Layer": "Wall" }, "geometry": { "type": "MultiLineString", "coordinates": [ [ [ 26.696942870017548, 39.325484361788249 ], [ 26.696946052017022, 39.325491098027697 ] ] ] } },
{ "type": "Feature", "properties": { "fid": 7374, "Layer": "Wall" }, "geometry": { "type": "MultiLineString", "coordinates": [ [ [ 26.696911999201458, 39.32550612285106 ], [ 26.696896343630033, 39.325513030463227 ], [ 26.696870109705763, 39.325476291226856 ] ] ] } },
{ "type": "Feature", "properties": { "fid": 7375, "Layer": "Wall" }, "geometry": { "type": "MultiLineString", "coordinates": [ [ [ 26.696980887568497, 39.325547907339242 ], [ 26.697018298141966, 39.325620266514292 ] ] ] } },
{ "type": "Feature", "properties": { "fid": 7376, "Layer": "Wall" }, "geometry": { "type": "MultiLineString", "coordinates": [ [ [ 26.696996671588309, 39.325578434638281 ], [ 26.696946472037578, 39.325597439443413 ] ] ] } },
{ "type": "Feature", "properties": { "fid": 7377, "Layer": "Wall" }, "geometry": { "type": "MultiLineString", "coordinates": [ [ [ 26.696978320184165, 39.325548708123016 ], [ 26.697015728963251, 39.325621067299721 ] ] ] } },
{ "type": "Feature", "properties": { "fid": 7378, "Layer": "Wall" }, "geometry": { "type": "MultiLineString", "coordinates": [ [ [ 26.696997884781549, 39.325580367869044 ], [ 26.696947685230811, 39.325599372674176 ] ] ] } },
{ "type": "Feature", "properties": { "fid": 7379, "Layer": "Wall" }, "geometry": { "type": "MultiLineString", "coordinates": [ [ [ 26.69694027100515, 39.325485103193458 ], [ 26.696943452997761, 39.325491837632683 ] ] ] } },
{ "type": "Feature", "properties": { "fid": 7380, "Layer": "Wall" }, "geometry": { "type": "MultiLineString", "coordinates": [ [ [ 26.69691336556609, 39.325507991131374 ], [ 26.696895279125332, 39.325515972136778 ], [ 26.69686769038309, 39.325477334005299 ] ] ] } },
{ "type": "Feature", "properties": { "fid": 7381, "Layer": "Wall" }, "geometry": { "type": "MultiLineString", "coordinates": [ [ [ 26.696818689911357, 39.325495983052718 ], [ 26.696877944119976, 39.325470459301428 ] ] ] } },
{ "type": "Feature", "properties": { "fid": 7382, "Layer": "Wall" }, "geometry": { "type": "MultiLineString", "coordinates": [ [ [ 26.696781202986308, 39.325457704237465 ], [ 26.696841117151763, 39.325432083562426 ] ] ] } },
{ "type": "Feature", "properties": { "fid": 7383, "Layer": "Wall" }, "geometry": { "type": "MultiLineString", "coordinates": [ [ [ 26.697102065100886, 39.325792509410043 ], [ 26.697161253689227, 39.325879867797283 ] ] ] } },
{ "type": "Feature", "properties": { "fid": 7384, "Layer": "Wall" }, "geometry": { "type": "MultiLineString", "coordinates": [ [ [ 26.697099614201747, 39.325793506311705 ], [ 26.697158803701175, 39.325880868298533 ] ] ] } },
{ "type": "Feature", "properties": { "fid": 7385, "Layer": "Wall" }, "geometry": { "type": "MultiLineString", "coordinates": [ [ [ 26.697283885200562, 39.326091071466585 ], [ 26.697327785749781, 39.326157772811783 ], [ 26.697267238947131, 39.326179124809002 ] ] ] } },
{ "type": "Feature", "properties": { "fid": 7386, "Layer": "Wall" }, "geometry": { "type": "MultiLineString", "coordinates": [ [ [ 26.697281420768778, 39.326092048578055 ], [ 26.697324002894156, 39.326156746579784 ], [ 26.697266094754568, 39.32617716811037 ] ] ] } },
{ "type": "Feature", "properties": { "fid": 7398, "Layer": "Wall" }, "geometry": { "type": "MultiLineString", "coordinates": [ [ [ 26.697272639343673, 39.325538107497948 ], [ 26.697411263507629, 39.325488487865954 ], [ 26.697599953658727, 39.325856323905711 ] ] ] } },
{ "type": "Feature", "properties": { "fid": 7399, "Layer": "Wall" }, "geometry": { "type": "MultiLineString", "coordinates": [ [ [ 26.697236448161334, 39.325892684237139 ], [ 26.697372218092102, 39.32604226531619 ], [ 26.697430083376048, 39.326016033567065 ] ] ] } },
{ "type": "Feature", "properties": { "fid": 7440, "Layer": "Wall" }, "geometry": { "type": "MultiLineString", "coordinates": [ [ [ 26.693860221109986, 39.3215279651237 ], [ 26.693903906212164, 39.321522663706688 ] ] ] } },
{ "type": "Feature", "properties": { "fid": 7441, "Layer": "Wall" }, "geometry": { "type": "MultiLineString", "coordinates": [ [ [ 26.693859793305965, 39.32152584121787 ], [ 26.69390348020244, 39.321520539799195 ] ] ] } },
{ "type": "Feature", "properties": { "fid": 7454, "Layer": "Wall" }, "geometry": { "type": "MultiLineString", "coordinates": [ [ [ 26.693697937422709, 39.321575251285473 ], [ 26.69356913141182, 39.321599016929454 ], [ 26.693580715361637, 39.321636937616439 ], [ 26.693708409340474, 39.321618797886458 ], [ 26.693697937422709, 39.321575251285473 ] ] ] } },
{ "type": "Feature", "properties": { "fid": 7455, "Layer": "Wall" }, "geometry": { "type": "MultiLineString", "coordinates": [ [ [ 26.69380792262568, 39.32155988850684 ], [ 26.693867703765257, 39.321552331875552 ] ] ] } },
{ "type": "Feature", "properties": { "fid": 7456, "Layer": "Wall" }, "geometry": { "type": "MultiLineString", "coordinates": [ [ [ 26.69396219621331, 39.321539048210759 ], [ 26.69401035981182, 39.321537085738669 ], [ 26.694062379070104, 39.321665247427859 ], [ 26.694039706606883, 39.321672206459752 ] ] ] } },
{ "type": "Feature", "properties": { "fid": 7457, "Layer": "Wall" }, "geometry": { "type": "MultiLineString", "coordinates": [ [ [ 26.69396233970738, 39.321541193981055 ], [ 26.694008364858309, 39.321539319888196 ], [ 26.694058964322988, 39.321663985891469 ], [ 26.694038690736644, 39.32167020641301 ] ] ] } },
{ "type": "Feature", "properties": { "fid": 7458, "Layer": "Wall" }, "geometry": { "type": "MultiLineString", "coordinates": [ [ [ 26.693695751009159, 39.321577863663187 ], [ 26.693572462160997, 39.321600612492574 ], [ 26.693582799985254, 39.321634455851388 ], [ 26.693705179473785, 39.321617071712858 ], [ 26.693695751009159, 39.321577863663187 ] ] ] } },
{ "type": "Feature", "properties": { "fid": 7460, "Layer": "Wall" }, "geometry": { "type": "MultiLineString", "coordinates": [ [ [ 26.693808365675444, 39.321562010598264 ], [ 26.693868149506358, 39.321554453964502 ] ] ] } },
{ "type": "Feature", "properties": { "fid": 7461, "Layer": "Wall" }, "geometry": { "type": "MultiLineString", "coordinates": [ [ [ 26.693718256360381, 39.321783447161401 ], [ 26.6937008401007, 39.321788431871362 ] ] ] } },
{ "type": "Feature", "properties": { "fid": 7462, "Layer": "Wall" }, "geometry": { "type": "MultiLineString", "coordinates": [ [ [ 26.693717299639399, 39.321781430858117 ], [ 26.693699883376325, 39.321786414667905 ] ] ] } },
{ "type": "Feature", "properties": { "fid": 7476, "Layer": "Wall" }, "geometry": { "type": "MultiLineString", "coordinates": [ [ [ 26.693984686839467, 39.32173329824392 ], [ 26.693850287892857, 39.321771473792126 ] ] ] } },
{ "type": "Feature", "properties": { "fid": 7477, "Layer": "Wall" }, "geometry": { "type": "MultiLineString", "coordinates": [ [ [ 26.693985636390966, 39.321735316353937 ], [ 26.693851237447852, 39.321773492802244 ] ] ] } },
{ "type": "Feature", "properties": { "fid": 7490, "Layer": "Wall" }, "geometry": { "type": "MultiLineString", "coordinates": [ [ [ 26.693906287865126, 39.321935430664546 ], [ 26.693575904097482, 39.322012946341395 ], [ 26.693767513796079, 39.322371999365672 ], [ 26.693839713088149, 39.322348471213452 ], [ 26.693999281324583, 39.322289174536742 ] ] ] } },
{ "type": "Feature", "properties": { "fid": 7491, "Layer": "Wall" }, "geometry": { "type": "MultiLineString", "coordinates": [ [ [ 26.694087553613191, 39.322244536243275 ], [ 26.694062754127124, 39.322251738455762 ] ] ] } },
{ "type": "Feature", "properties": { "fid": 7492, "Layer": "Wall" }, "geometry": { "type": "MultiLineString", "coordinates": [ [ [ 26.693961448555211, 39.321922555837467 ], [ 26.693997438557048, 39.321914048948365 ] ] ] } },
{ "type": "Feature", "properties": { "fid": 7493, "Layer": "Wall" }, "geometry": { "type": "MultiLineString", "coordinates": [ [ [ 26.694207696430116, 39.322051321818435 ], [ 26.694180417985024, 39.321983631364766 ], [ 26.694107143425391, 39.322002355687367 ], [ 26.694001851916813, 39.322028270851774 ], [ 26.694074794117135, 39.322216964548254 ] ] ] } },
{ "type": "Feature", "properties": { "fid": 7494, "Layer": "Wall" }, "geometry": { "type": "MultiLineString", "coordinates": [ [ [ 26.694205055863719, 39.322051964237438 ], [ 26.694178615968074, 39.321986353202838 ], [ 26.694107993509437, 39.322004400891018 ], [ 26.694005285171336, 39.322029680890971 ], [ 26.694077444640328, 39.32221634732435 ] ] ] } },
{ "type": "Feature", "properties": { "fid": 7495, "Layer": "Wall" }, "geometry": { "type": "MultiLineString", "coordinates": [ [ [ 26.693907088648661, 39.321937488515907 ], [ 26.693579631453169, 39.322014318306927 ], [ 26.693769006807116, 39.322369181502097 ], [ 26.693838578013089, 39.322346509085037 ], [ 26.693998085329039, 39.322287234967483 ] ] ] } },
{ "type": "Feature", "properties": { "fid": 7510, "Layer": "Wall" }, "geometry": { "type": "MultiLineString", "coordinates": [ [ [ 26.694411317409063, 39.321918368570394 ], [ 26.694468534187173, 39.321932154433227 ] ] ] } },
{ "type": "Feature", "properties": { "fid": 7511, "Layer": "Wall" }, "geometry": { "type": "MultiLineString", "coordinates": [ [ [ 26.694513863800243, 39.321943054629017 ], [ 26.694532361680512, 39.321947507622021 ] ] ] } },
{ "type": "Feature", "properties": { "fid": 7512, "Layer": "Wall" }, "geometry": { "type": "MultiLineString", "coordinates": [ [ [ 26.69427676972095, 39.322027805483252 ], [ 26.694358943088073, 39.322220126251068 ] ] ] } },
{ "type": "Feature", "properties": { "fid": 7513, "Layer": "Wall" }, "geometry": { "type": "MultiLineString", "coordinates": [ [ [ 26.694322510256509, 39.322134856717398 ], [ 26.694455658224825, 39.322125849019599 ] ] ] } },
{ "type": "Feature", "properties": { "fid": 7514, "Layer": "Wall" }, "geometry": { "type": "MultiLineString", "coordinates": [ [ [ 26.694279395807772, 39.322027128872413 ], [ 26.694361570072108, 39.322219449639391 ] ] ] } },
{ "type": "Feature", "properties": { "fid": 7515, "Layer": "Wall" }, "geometry": { "type": "MultiLineString", "coordinates": [ [ [ 26.694322749756264, 39.322136997895164 ], [ 26.694455897724655, 39.322127990197345 ] ] ] } },
{ "type": "Feature", "properties": { "fid": 7516, "Layer": "Wall" }, "geometry": { "type": "MultiLineString", "coordinates": [ [ [ 26.694410497938279, 39.321920421611878 ], [ 26.6944677147163, 39.321934207474676 ] ] ] } },
{ "type": "Feature", "properties": { "fid": 7517, "Layer": "Wall" }, "geometry": { "type": "MultiLineString", "coordinates": [ [ [ 26.694513045226365, 39.321945107669649 ], [ 26.694531541315619, 39.321949561564495 ] ] ] } },
{ "type": "Feature", "properties": { "fid": 7529, "Layer": "Wall" }, "geometry": { "type": "MultiLineString", "coordinates": [ [ [ 26.694772458519417, 39.322062959837751 ], [ 26.694782912875272, 39.32206292680246 ], [ 26.69479718430037, 39.322022392698294 ] ] ] } },
{ "type": "Feature", "properties": { "fid": 7530, "Layer": "Wall" }, "geometry": { "type": "MultiLineString", "coordinates": [ [ [ 26.69469232307317, 39.322026272530806 ], [ 26.694677304124379, 39.322060286809432 ] ] ] } },
{ "type": "Feature", "properties": { "fid": 7531, "Layer": "Wall" }, "geometry": { "type": "MultiLineString", "coordinates": [ [ [ 26.694799671633593, 39.321963892133667 ], [ 26.694899634896615, 39.32195935699233 ], [ 26.694915758953318, 39.322041296779638 ], [ 26.694923685695219, 39.322081580894242 ], [ 26.69483493920858, 39.322097522895099 ] ] ] } },
{ "type": "Feature", "properties": { "fid": 7532, "Layer": "Wall" }, "geometry": { "type": "MultiLineString", "coordinates": [ [ [ 26.69480463169738, 39.32200784250535 ], [ 26.694837964903314, 39.322007734379341 ], [ 26.69483493920858, 39.322097522895099 ], [ 26.694772693714803, 39.322106513993305 ] ] ] } },
{ "type": "Feature", "properties": { "fid": 7533, "Layer": "Wall" }, "geometry": { "type": "MultiLineString", "coordinates": [ [ [ 26.694948313841294, 39.321953950072896 ], [ 26.694988234170623, 39.321950282163492 ], [ 26.695023984707127, 39.322062443573309 ], [ 26.694976538860129, 39.322071565983393 ] ] ] } },
{ "type": "Feature", "properties": { "fid": 7534, "Layer": "Wall" }, "geometry": { "type": "MultiLineString", "coordinates": [ [ [ 26.694966298252051, 39.322033166164488 ], [ 26.694976538860129, 39.322071565983393 ], [ 26.694923685695219, 39.322081580894242 ] ] ] } },
{ "type": "Feature", "properties": { "fid": 7536, "Layer": "Wall" }, "geometry": { "type": "MultiLineString", "coordinates": [ [ [ 26.695075893293772, 39.321990708798104 ], [ 26.695091349042521, 39.322046565346184 ], [ 26.695023984707127, 39.322062443573309 ] ] ] } },
{ "type": "Feature", "properties": { "fid": 7537, "Layer": "Wall" }, "geometry": { "type": "MultiLineString", "coordinates": [ [ [ 26.695158926610528, 39.322024835189765 ], [ 26.695090280393071, 39.322042702092475 ] ] ] } },
{ "type": "Feature", "properties": { "fid": 7538, "Layer": "Wall" }, "geometry": { "type": "MultiLineString", "coordinates": [ [ [ 26.695129831749828, 39.321934136548805 ], [ 26.695063315160144, 39.321945238839426 ] ] ] } },
{ "type": "Feature", "properties": { "fid": 7539, "Layer": "Wall" }, "geometry": { "type": "MultiLineString", "coordinates": [ [ [ 26.694799833988068, 39.321966037884046 ], [ 26.694897279373517, 39.321961616679012 ], [ 26.694913023858064, 39.322041621545566 ], [ 26.694920561918735, 39.322079935643721 ], [ 26.694834314111482, 39.322095428879123 ] ] ] } },
{ "type": "Feature", "properties": { "fid": 7540, "Layer": "Wall" }, "geometry": { "type": "MultiLineString", "coordinates": [ [ [ 26.69480464334702, 39.322009991994811 ], [ 26.694835123651597, 39.322009893698777 ], [ 26.694832231153278, 39.322095727839965 ], [ 26.694772188767978, 39.322104401864124 ] ] ] } },
{ "type": "Feature", "properties": { "fid": 7541, "Layer": "Wall" }, "geometry": { "type": "MultiLineString", "coordinates": [ [ [ 26.694772447767352, 39.322060811247951 ], [ 26.694780798328939, 39.322060783751482 ], [ 26.694794515844073, 39.322021825377398 ] ] ] } },
{ "type": "Feature", "properties": { "fid": 7542, "Layer": "Wall" }, "geometry": { "type": "MultiLineString", "coordinates": [ [ [ 26.694694941773506, 39.32202697041641 ], [ 26.694679920126323, 39.32206098289732 ] ] ] } },
{ "type": "Feature", "properties": { "fid": 7543, "Layer": "Wall" }, "geometry": { "type": "MultiLineString", "coordinates": [ [ [ 26.694963586897977, 39.322033602524549 ], [ 26.694973286072919, 39.322069969459022 ], [ 26.694923029217875, 39.322079492308013 ] ] ] } },
{ "type": "Feature", "properties": { "fid": 7544, "Layer": "Wall" }, "geometry": { "type": "MultiLineString", "coordinates": [ [ [ 26.694948638539202, 39.321956084872127 ], [ 26.694986134697761, 39.321952639728465 ], [ 26.695020633324351, 39.322060872343805 ], [ 26.694975873424593, 39.322069481006004 ] ] ] } },
{ "type": "Feature", "properties": { "fid": 7545, "Layer": "Wall" }, "geometry": { "type": "MultiLineString", "coordinates": [ [ [ 26.695073190056757, 39.321991158653546 ], [ 26.695088108335156, 39.322045082227561 ], [ 26.695023181211308, 39.322060385726971 ] ] ] } },
{ "type": "Feature", "properties": { "fid": 7546, "Layer": "Wall" }, "geometry": { "type": "MultiLineString", "coordinates": [ [ [ 26.695158047830351, 39.322022798115931 ], [ 26.695089400713222, 39.322040664119186 ] ] ] } },
{ "type": "Feature", "properties": { "fid": 7547, "Layer": "Wall" }, "geometry": { "type": "MultiLineString", "coordinates": [ [ [ 26.695130412912889, 39.321936238706876 ], [ 26.695063896325991, 39.321947341897697 ] ] ] } },
{ "type": "Feature", "properties": { "fid": 7567, "Layer": "Wall" }, "geometry": { "type": "MultiLineString", "coordinates": [ [ [ 26.694980758185171, 39.321923474304711 ], [ 26.694900140748906, 39.321929403036719 ] ] ] } },
{ "type": "Feature", "properties": { "fid": 7568, "Layer": "Wall" }, "geometry": { "type": "MultiLineString", "coordinates": [ [ [ 26.695016314928377, 39.321723448783843 ], [ 26.695070902893061, 39.321714261265811 ] ] ] } },
{ "type": "Feature", "properties": { "fid": 7569, "Layer": "Wall" }, "geometry": { "type": "MultiLineString", "coordinates": [ [ [ 26.694935989281507, 39.321734969743062 ], [ 26.69488404179161, 39.321744394240319 ] ] ] } },
{ "type": "Feature", "properties": { "fid": 7570, "Layer": "Wall" }, "geometry": { "type": "MultiLineString", "coordinates": [ [ [ 26.695359874357703, 39.321864765800633 ], [ 26.695297420077765, 39.321877402707138 ] ] ] } },
{ "type": "Feature", "properties": { "fid": 7648, "Layer": "Wall" }, "geometry": { "type": "MultiLineString", "coordinates": [ [ [ 26.692037964901996, 39.320063335150437 ], [ 26.692054051283456, 39.320094210111108 ] ] ] } },
{ "type": "Feature", "properties": { "fid": 7686, "Layer": "Wall" }, "geometry": { "type": "MultiLineString", "coordinates": [ [ [ 26.690830275286018, 39.312804545579141 ], [ 26.690866962132652, 39.312755292729122 ] ] ] } },
{ "type": "Feature", "properties": { "fid": 7687, "Layer": "Wall" }, "geometry": { "type": "MultiLineString", "coordinates": [ [ [ 26.690832657609981, 39.312805638851877 ], [ 26.690869384624193, 39.312756331056939 ] ] ] } },
{ "type": "Feature", "properties": { "fid": 7688, "Layer": "Wall" }, "geometry": { "type": "MultiLineString", "coordinates": [ [ [ 26.690889704086587, 39.312831847812582 ], [ 26.691044290018759, 39.312900369719273 ] ] ] } },
{ "type": "Feature", "properties": { "fid": 7689, "Layer": "Wall" }, "geometry": { "type": "MultiLineString", "coordinates": [ [ [ 26.690888331215657, 39.312833714144674 ], [ 26.691042918948121, 39.312902237850089 ] ] ] } },
{ "type": "Feature", "properties": { "fid": 7690, "Layer": "Wall" }, "geometry": { "type": "MultiLineString", "coordinates": [ [ [ 26.690835614715887, 39.312909687706252 ], [ 26.690985522338202, 39.312979481295308 ] ] ] } },
{ "type": "Feature", "properties": { "fid": 7691, "Layer": "Wall" }, "geometry": { "type": "MultiLineString", "coordinates": [ [ [ 26.690837037012638, 39.312907843831937 ], [ 26.690986945536, 39.312977638320284 ] ] ] } },
{ "type": "Feature", "properties": { "fid": 7692, "Layer": "Wall" }, "geometry": { "type": "MultiLineString", "coordinates": [ [ [ 26.690731463389053, 39.312945673349169 ], [ 26.690932865441098, 39.313046361682467 ] ] ] } },
{ "type": "Feature", "properties": { "fid": 7693, "Layer": "Wall" }, "geometry": { "type": "MultiLineString", "coordinates": [ [ [ 26.690730388033533, 39.312947693330791 ], [ 26.690941701004061, 39.313053334990457 ] ] ] } },
{ "type": "Feature", "properties": { "fid": 7694, "Layer": "Wall" }, "geometry": { "type": "MultiLineString", "coordinates": [ [ [ 26.690706226038046, 39.31297613445642 ], [ 26.690774144788399, 39.312884034585558 ] ] ] } },
{ "type": "Feature", "properties": { "fid": 7695, "Layer": "Wall" }, "geometry": { "type": "MultiLineString", "coordinates": [ [ [ 26.690708627107615, 39.312977202508414 ], [ 26.690730388033533, 39.312947693330791 ] ] ] } },
{ "type": "Feature", "properties": { "fid": 7696, "Layer": "Wall" }, "geometry": { "type": "MultiLineString", "coordinates": [ [ [ 26.690731533905311, 39.312945576970371 ], [ 26.690776541402705, 39.312885110742741 ] ] ] } },
{ "type": "Feature", "properties": { "fid": 7703, "Layer": "Wall" }, "geometry": { "type": "MultiLineString", "coordinates": [ [ [ 26.690638802891748, 39.313054047809231 ], [ 26.690580153957274, 39.313130121345047 ] ] ] } },
{ "type": "Feature", "properties": { "fid": 7704, "Layer": "Wall" }, "geometry": { "type": "MultiLineString", "coordinates": [ [ [ 26.69064117627688, 39.313055150091621 ], [ 26.690601796648245, 39.313106231792375 ] ] ] } },
{ "type": "Feature", "properties": { "fid": 7705, "Layer": "Wall" }, "geometry": { "type": "MultiLineString", "coordinates": [ [ [ 26.690600374352133, 39.313108076567147 ], [ 26.69058252913981, 39.313131224525939 ] ] ] } },
{ "type": "Feature", "properties": { "fid": 7706, "Layer": "Wall" }, "geometry": { "type": "MultiLineString", "coordinates": [ [ [ 26.690652964677398, 39.313133772046257 ], [ 26.690600374352133, 39.313108076567147 ] ] ] } },
{ "type": "Feature", "properties": { "fid": 7707, "Layer": "Wall" }, "geometry": { "type": "MultiLineString", "coordinates": [ [ [ 26.690654438199434, 39.313131951528007 ], [ 26.690601796648245, 39.313106231792375 ] ] ] } },
{ "type": "Feature", "properties": { "fid": 7708, "Layer": "Wall" }, "geometry": { "type": "MultiLineString", "coordinates": [ [ [ 26.690665896524855, 39.313278032341586 ], [ 26.690629959771627, 39.31332541224851 ] ] ] } },
{ "type": "Feature", "properties": { "fid": 7709, "Layer": "Wall" }, "geometry": { "type": "MultiLineString", "coordinates": [ [ [ 26.690663512415391, 39.31327694087048 ], [ 26.690627709578131, 39.313324144228687 ] ] ] } },
{ "type": "Feature", "properties": { "fid": 7711, "Layer": "Wall" }, "geometry": { "type": "MultiLineString", "coordinates": [ [ [ 26.690663314396851, 39.313346871367983 ], [ 26.690488972329284, 39.313248589439432 ] ] ] } },
{ "type": "Feature", "properties": { "fid": 7712, "Layer": "Wall" }, "geometry": { "type": "MultiLineString", "coordinates": [ [ [ 26.690664656658086, 39.313344974458843 ], [ 26.690629959771627, 39.31332541224851 ] ] ] } },
{ "type": "Feature", "properties": { "fid": 7713, "Layer": "Wall" }, "geometry": { "type": "MultiLineString", "coordinates": [ [ [ 26.690627709578131, 39.313324144228687 ], [ 26.690492651975312, 39.313248006376661 ] ] ] } },
{ "type": "Feature", "properties": { "fid": 7714, "Layer": "Wall" }, "geometry": { "type": "MultiLineString", "coordinates": [ [ [ 26.690488972329284, 39.313248589439432 ], [ 26.690550725068057, 39.313168793703511 ] ] ] } },
{ "type": "Feature", "properties": { "fid": 7715, "Layer": "Wall" }, "geometry": { "type": "MultiLineString", "coordinates": [ [ [ 26.690492651975312, 39.313248006376661 ], [ 26.690553097572494, 39.313169900487381 ] ] ] } },
{ "type": "Feature", "properties": { "fid": 7718, "Layer": "Wall" }, "geometry": { "type": "MultiLineString", "coordinates": [ [ [ 26.690472993195637, 39.313204568778197 ], [ 26.690447798325646, 39.313236829216521 ] ] ] } },
{ "type": "Feature", "properties": { "fid": 7719, "Layer": "Wall" }, "geometry": { "type": "MultiLineString", "coordinates": [ [ [ 26.690447798325646, 39.313236829216521 ], [ 26.690296094407056, 39.313157521092869 ] ] ] } },
{ "type": "Feature", "properties": { "fid": 7720, "Layer": "Wall" }, "geometry": { "type": "MultiLineString", "coordinates": [ [ [ 26.690296094407056, 39.313157521092869 ], [ 26.690317611011629, 39.313130340772886 ] ] ] } },
{ "type": "Feature", "properties": { "fid": 7726, "Layer": "Wall" }, "geometry": { "type": "MultiLineString", "coordinates": [ [ [ 26.690862789118398, 39.312656034600337 ], [ 26.690559661691385, 39.312533033626408 ] ] ] } },
{ "type": "Feature", "properties": { "fid": 7727, "Layer": "Wall" }, "geometry": { "type": "MultiLineString", "coordinates": [ [ [ 26.690859308436149, 39.312657047742604 ], [ 26.690558380473309, 39.312534938579617 ] ] ] } },
{ "type": "Feature", "properties": { "fid": 7728, "Layer": "Wall" }, "geometry": { "type": "MultiLineString", "coordinates": [ [ [ 26.690845675842382, 39.312690038360095 ], [ 26.690862789118398, 39.312656034600337 ] ] ] } },
{ "type": "Feature", "properties": { "fid": 7729, "Layer": "Wall" }, "geometry": { "type": "MultiLineString", "coordinates": [ [ [ 26.690843212189382, 39.312689028874317 ], [ 26.690859308436149, 39.312657047742604 ] ] ] } },
{ "type": "Feature", "properties": { "fid": 7730, "Layer": "Wall" }, "geometry": { "type": "MultiLineString", "coordinates": [ [ [ 26.690868267031455, 39.312645147887103 ], [ 26.690818188806123, 39.312624355823623 ] ] ] } },
{ "type": "Feature", "properties": { "fid": 7731, "Layer": "Wall" }, "geometry": { "type": "MultiLineString", "coordinates": [ [ [ 26.690866963350853, 39.312647043859748 ], [ 26.690816885119126, 39.312626249995986 ] ] ] } },
{ "type": "Feature", "properties": { "fid": 7732, "Layer": "Wall" }, "geometry": { "type": "MultiLineString", "coordinates": [ [ [ 26.690692692350375, 39.312906641443377 ], [ 26.690731931853932, 39.312852863986414 ] ] ] } },
{ "type": "Feature", "properties": { "fid": 7733, "Layer": "Wall" }, "geometry": { "type": "MultiLineString", "coordinates": [ [ [ 26.690690285927584, 39.31290558149756 ], [ 26.690729524533818, 39.312851804041465 ] ] ] } },
{ "type": "Feature", "properties": { "fid": 7749, "Layer": "Wall" }, "geometry": { "type": "MultiLineString", "coordinates": [ [ [ 26.690840070688516, 39.312059073361482 ], [ 26.690559661691385, 39.312533033626408 ] ] ] } },
{ "type": "Feature", "properties": { "fid": 7750, "Layer": "Wall" }, "geometry": { "type": "MultiLineString", "coordinates": [ [ [ 26.690559661691385, 39.312533033626408 ], [ 26.690270821207339, 39.312971687872363 ] ] ] } },
{ "type": "Feature", "properties": { "fid": 7751, "Layer": "Wall" }, "geometry": { "type": "MultiLineString", "coordinates": [ [ [ 26.690271908214196, 39.312974756322113 ], [ 26.690244546211463, 39.313016311702874 ] ] ] } },
{ "type": "Feature", "properties": { "fid": 7752, "Layer": "Wall" }, "geometry": { "type": "MultiLineString", "coordinates": [ [ [ 26.689976096697098, 39.312841339536334 ], [ 26.690290797396127, 39.312941349509373 ] ] ] } },
{ "type": "Feature", "properties": { "fid": 7753, "Layer": "Wall" }, "geometry": { "type": "MultiLineString", "coordinates": [ [ [ 26.690132156192309, 39.312599180687201 ], [ 26.690441580307823, 39.31271236082187 ] ] ] } },
{ "type": "Feature", "properties": { "fid": 7754, "Layer": "Wall" }, "geometry": { "type": "MultiLineString", "coordinates": [ [ [ 26.690311889738375, 39.312350817171264 ], [ 26.69060545678273, 39.312455628030321 ] ] ] } },
{ "type": "Feature", "properties": { "fid": 7755, "Layer": "Wall" }, "geometry": { "type": "MultiLineString", "coordinates": [ [ [ 26.690435098389759, 39.312185459851079 ], [ 26.690699866811599, 39.312296054372482 ] ] ] } },
{ "type": "Feature", "properties": { "fid": 7756, "Layer": "Wall" }, "geometry": { "type": "MultiLineString", "coordinates": [ [ [ 26.690770833224811, 39.312500796905049 ], [ 26.690615618606618, 39.312438452304789 ] ] ] } },
{ "type": "Feature", "properties": { "fid": 7757, "Layer": "Wall" }, "geometry": { "type": "MultiLineString", "coordinates": [ [ [ 26.690300127595346, 39.312985988355862 ], [ 26.690270821207339, 39.312971687872363 ] ] ] } },
{ "type": "Feature", "properties": { "fid": 7758, "Layer": "Wall" }, "geometry": { "type": "MultiLineString", "coordinates": [ [ [ 26.690308209559667, 39.312992469982397 ], [ 26.690271908214196, 39.312974756322113 ] ] ] } },
{ "type": "Feature", "properties": { "fid": 7759, "Layer": "Wall" }, "geometry": { "type": "MultiLineString", "coordinates": [ [ [ 26.690911721053808, 39.312558878143001 ], [ 26.690953158616292, 39.312397596043617 ] ] ] } },
{ "type": "Feature", "properties": { "fid": 7760, "Layer": "Wall" }, "geometry": { "type": "MultiLineString", "coordinates": [ [ [ 26.690909006587884, 39.312558456673138 ], [ 26.690950445950595, 39.312397176372379 ] ] ] } },
{ "type": "Feature", "properties": { "fid": 7761, "Layer": "Wall" }, "geometry": { "type": "MultiLineString", "coordinates": [ [ [ 26.69087516222211, 39.312636636218912 ], [ 26.690862789118398, 39.312656034600337 ] ] ] } },
{ "type": "Feature", "properties": { "fid": 7762, "Layer": "Wall" }, "geometry": { "type": "MultiLineString", "coordinates": [ [ [ 26.690823410579046, 39.312616253451118 ], [ 26.69081099206312, 39.312635016381428 ] ] ] } },
{ "type": "Feature", "properties": { "fid": 7772, "Layer": "Wall" }, "geometry": { "type": "MultiLineString", "coordinates": [ [ [ 26.690953158616292, 39.312397596043617 ], [ 26.690989873368522, 39.312091703293042 ] ] ] } },
{ "type": "Feature", "properties": { "fid": 7773, "Layer": "Wall" }, "geometry": { "type": "MultiLineString", "coordinates": [ [ [ 26.690989873368522, 39.312091703293042 ], [ 26.690840070688516, 39.312059073361482 ] ] ] } },
{ "type": "Feature", "properties": { "fid": 7774, "Layer": "Wall" }, "geometry": { "type": "MultiLineString", "coordinates": [ [ [ 26.690840070688516, 39.312059073361482 ], [ 26.690590796354911, 39.311995920420607 ] ] ] } },
{ "type": "Feature", "properties": { "fid": 7775, "Layer": "Wall" }, "geometry": { "type": "MultiLineString", "coordinates": [ [ [ 26.690590796354911, 39.311995920420607 ], [ 26.690576324275412, 39.312003276972753 ] ] ] } },
{ "type": "Feature", "properties": { "fid": 7776, "Layer": "Wall" }, "geometry": { "type": "MultiLineString", "coordinates": [ [ [ 26.690576324275412, 39.312003276972753 ], [ 26.690311889738375, 39.312350817171264 ] ] ] } },
{ "type": "Feature", "properties": { "fid": 7777, "Layer": "Wall" }, "geometry": { "type": "MultiLineString", "coordinates": [ [ [ 26.690311889738375, 39.312350817171264 ], [ 26.690132156192309, 39.312599180687201 ] ] ] } },
{ "type": "Feature", "properties": { "fid": 7778, "Layer": "Wall" }, "geometry": { "type": "MultiLineString", "coordinates": [ [ [ 26.690132156192309, 39.312599180687201 ], [ 26.689976096697098, 39.312841339536334 ] ] ] } },
{ "type": "Feature", "properties": { "fid": 7779, "Layer": "Wall" }, "geometry": { "type": "MultiLineString", "coordinates": [ [ [ 26.689976096697098, 39.312841339536334 ], [ 26.689874570357684, 39.313006626660993 ] ] ] } },
{ "type": "Feature", "properties": { "fid": 7780, "Layer": "Wall" }, "geometry": { "type": "MultiLineString", "coordinates": [ [ [ 26.689874570357684, 39.313006626660993 ], [ 26.690092723037591, 39.313093478043264 ] ] ] } },
{ "type": "Feature", "properties": { "fid": 7781, "Layer": "Wall" }, "geometry": { "type": "MultiLineString", "coordinates": [ [ [ 26.69039300221738, 39.312951959137138 ], [ 26.690429071543328, 39.312970008760608 ] ] ] } },
{ "type": "Feature", "properties": { "fid": 7784, "Layer": "Wall" }, "geometry": { "type": "MultiLineString", "coordinates": [ [ [ 26.689519908767718, 39.313113131902035 ], [ 26.689348695545551, 39.313028376202261 ] ] ] } },
{ "type": "Feature", "properties": { "fid": 7785, "Layer": "Wall" }, "geometry": { "type": "MultiLineString", "coordinates": [ [ [ 26.689348695545551, 39.313028376202261 ], [ 26.689205568028832, 39.312953183829094 ] ] ] } },
{ "type": "Feature", "properties": { "fid": 7786, "Layer": "Wall" }, "geometry": { "type": "MultiLineString", "coordinates": [ [ [ 26.689205568028832, 39.312953183829094 ], [ 26.689212188421127, 39.312942398674174 ] ] ] } },
{ "type": "Feature", "properties": { "fid": 7787, "Layer": "Wall" }, "geometry": { "type": "MultiLineString", "coordinates": [ [ [ 26.689212188421127, 39.312942398674174 ], [ 26.689107082504954, 39.312885023687201 ] ] ] } },
{ "type": "Feature", "properties": { "fid": 7788, "Layer": "Wall" }, "geometry": { "type": "MultiLineString", "coordinates": [ [ [ 26.689469248614902, 39.312863589131176 ], [ 26.689631670096947, 39.312941359792504 ] ] ] } },
{ "type": "Feature", "properties": { "fid": 7789, "Layer": "Wall" }, "geometry": { "type": "MultiLineString", "coordinates": [ [ [ 26.689631670096947, 39.312941359792504 ], [ 26.689617297842155, 39.312955112598019 ] ] ] } },
{ "type": "Feature", "properties": { "fid": 7814, "Layer": "Wall" }, "geometry": { "type": "MultiLineString", "coordinates": [ [ [ 26.689805592724312, 39.312960989439574 ], [ 26.690077687423855, 39.312519057834713 ] ] ] } },
{ "type": "Feature", "properties": { "fid": 7815, "Layer": "Wall" }, "geometry": { "type": "MultiLineString", "coordinates": [ [ [ 26.690077687423855, 39.312519057834713 ], [ 26.690448236235394, 39.312028210274057 ] ] ] } },
{ "type": "Feature", "properties": { "fid": 7816, "Layer": "Wall" }, "geometry": { "type": "MultiLineString", "coordinates": [ [ [ 26.690448236235394, 39.312028210274057 ], [ 26.690455985821743, 39.312021006615133 ] ] ] } },
{ "type": "Feature", "properties": { "fid": 7817, "Layer": "Wall" }, "geometry": { "type": "MultiLineString", "coordinates": [ [ [ 26.69044611300291, 39.312026829623001 ], [ 26.690452632382147, 39.312020769359229 ] ] ] } },
{ "type": "Feature", "properties": { "fid": 7818, "Layer": "Wall" }, "geometry": { "type": "MultiLineString", "coordinates": [ [ [ 26.69024155711783, 39.311951975367833 ], [ 26.689803367569247, 39.311922923724879 ] ] ] } },
{ "type": "Feature", "properties": { "fid": 7819, "Layer": "Wall" }, "geometry": { "type": "MultiLineString", "coordinates": [ [ [ 26.690241321937183, 39.311954116994087 ], [ 26.690199466060932, 39.311951341620933 ] ] ] } },
{ "type": "Feature", "properties": { "fid": 7820, "Layer": "Wall" }, "geometry": { "type": "MultiLineString", "coordinates": [ [ [ 26.690196671722955, 39.311951156959765 ], [ 26.690005197419865, 39.311938463630916 ] ] ] } },
{ "type": "Feature", "properties": { "fid": 7821, "Layer": "Wall" }, "geometry": { "type": "MultiLineString", "coordinates": [ [ [ 26.69000234474947, 39.311938274522952 ], [ 26.68980313149725, 39.311925066251732 ] ] ] } },
{ "type": "Feature", "properties": { "fid": 7822, "Layer": "Wall" }, "geometry": { "type": "MultiLineString", "coordinates": [ [ [ 26.690162281345192, 39.312055711687655 ], [ 26.690196671722955, 39.311951156959765 ] ] ] } },
{ "type": "Feature", "properties": { "fid": 7823, "Layer": "Wall" }, "geometry": { "type": "MultiLineString", "coordinates": [ [ [ 26.690165820870927, 39.312053630936241 ], [ 26.690199466060932, 39.311951341620933 ] ] ] } },
{ "type": "Feature", "properties": { "fid": 7824, "Layer": "Wall" }, "geometry": { "type": "MultiLineString", "coordinates": [ [ [ 26.690162281345192, 39.312055711687655 ], [ 26.690423504584039, 39.312060970729682 ] ] ] } },
{ "type": "Feature", "properties": { "fid": 7825, "Layer": "Wall" }, "geometry": { "type": "MultiLineString", "coordinates": [ [ [ 26.690165820870927, 39.312053630936241 ], [ 26.690420142900592, 39.312058751393877 ] ] ] } },
{ "type": "Feature", "properties": { "fid": 7826, "Layer": "Wall" }, "geometry": { "type": "MultiLineString", "coordinates": [ [ [ 26.689713673506603, 39.312559745884897 ], [ 26.689983332571053, 39.312672306264787 ] ] ] } },
{ "type": "Feature", "properties": { "fid": 7827, "Layer": "Wall" }, "geometry": { "type": "MultiLineString", "coordinates": [ [ [ 26.689792406663937, 39.31239657616262 ], [ 26.690073486158195, 39.312524623601433 ] ] ] } },
{ "type": "Feature", "properties": { "fid": 7828, "Layer": "Wall" }, "geometry": { "type": "MultiLineString", "coordinates": [ [ [ 26.689883735920613, 39.312199957758686 ], [ 26.690215572029192, 39.312333741011301 ] ] ] } },
{ "type": "Feature", "properties": { "fid": 7829, "Layer": "Wall" }, "geometry": { "type": "MultiLineString", "coordinates": [ [ [ 26.689885009944753, 39.312198049211972 ], [ 26.690216845160858, 39.312331833365363 ] ] ] } },
{ "type": "Feature", "properties": { "fid": 7830, "Layer": "Wall" }, "geometry": { "type": "MultiLineString", "coordinates": [ [ [ 26.689713673506603, 39.312559745884897 ], [ 26.68986478622795, 39.312234418658171 ] ] ] } },
{ "type": "Feature", "properties": { "fid": 7831, "Layer": "Wall" }, "geometry": { "type": "MultiLineString", "coordinates": [ [ [ 26.689865732331768, 39.312232383494162 ], [ 26.69000234474947, 39.311938274522952 ] ] ] } },
{ "type": "Feature", "properties": { "fid": 7832, "Layer": "Wall" }, "geometry": { "type": "MultiLineString", "coordinates": [ [ [ 26.689716277876162, 39.31256047439927 ], [ 26.690005197419865, 39.311938463630916 ] ] ] } },
{ "type": "Feature", "properties": { "fid": 7833, "Layer": "Wall" }, "geometry": { "type": "MultiLineString", "coordinates": [ [ [ 26.68950337819016, 39.312093935122803 ], [ 26.68986478622795, 39.312234418658171 ] ] ] } },
{ "type": "Feature", "properties": { "fid": 7834, "Layer": "Wall" }, "geometry": { "type": "MultiLineString", "coordinates": [ [ [ 26.689504616279489, 39.31209201310709 ], [ 26.689865732331768, 39.312232383494162 ] ] ] } },
{ "type": "Feature", "properties": { "fid": 7835, "Layer": "Wall" }, "geometry": { "type": "MultiLineString", "coordinates": [ [ [ 26.68950337819016, 39.312093935122803 ], [ 26.689523943541008, 39.311907091490951 ] ] ] } },
{ "type": "Feature", "properties": { "fid": 7836, "Layer": "Wall" }, "geometry": { "type": "MultiLineString", "coordinates": [ [ [ 26.689506134856924, 39.312094118917038 ], [ 26.689526974865753, 39.311905135423274 ] ] ] } },
{ "type": "Feature", "properties": { "fid": 7837, "Layer": "Wall" }, "geometry": { "type": "MultiLineString", "coordinates": [ [ [ 26.689583117404748, 39.311909518783317 ], [ 26.689524218198372, 39.311904951629117 ] ] ] } },
{ "type": "Feature", "properties": { "fid": 7838, "Layer": "Wall" }, "geometry": { "type": "MultiLineString", "coordinates": [ [ [ 26.689524218198372, 39.311904951629117 ], [ 26.689213599985067, 39.311880835442864 ] ] ] } },
{ "type": "Feature", "properties": { "fid": 7839, "Layer": "Wall" }, "geometry": { "type": "MultiLineString", "coordinates": [ [ [ 26.689523943541008, 39.311907091490951 ], [ 26.689215396501485, 39.311883134524294 ] ] ] } },
{ "type": "Feature", "properties": { "fid": 7840, "Layer": "Wall" }, "geometry": { "type": "MultiLineString", "coordinates": [ [ [ 26.689213599985067, 39.311880835442864 ], [ 26.688916986522191, 39.312457534510123 ] ] ] } },
{ "type": "Feature", "properties": { "fid": 7841, "Layer": "Wall" }, "geometry": { "type": "MultiLineString", "coordinates": [ [ [ 26.689215396501485, 39.311883134524294 ], [ 26.688968397738837, 39.31236337138715 ] ] ] } },
{ "type": "Feature", "properties": { "fid": 7842, "Layer": "Wall" }, "geometry": { "type": "MultiLineString", "coordinates": [ [ [ 26.688967363615511, 39.312365381429288 ], [ 26.688919556173371, 39.312458330563757 ] ] ] } },
{ "type": "Feature", "properties": { "fid": 7843, "Layer": "Wall" }, "geometry": { "type": "MultiLineString", "coordinates": [ [ [ 26.688916986522191, 39.312457534510123 ], [ 26.688916394383615, 39.312482949344968 ] ] ] } },
{ "type": "Feature", "properties": { "fid": 7844, "Layer": "Wall" }, "geometry": { "type": "MultiLineString", "coordinates": [ [ [ 26.688919752528133, 39.312457572473178 ], [ 26.688919161289935, 39.312482988207393 ] ] ] } },
{ "type": "Feature", "properties": { "fid": 7845, "Layer": "Wall" }, "geometry": { "type": "MultiLineString", "coordinates": [ [ [ 26.688968397738837, 39.31236337138715 ], [ 26.689275628212073, 39.312491446733084 ] ] ] } },
{ "type": "Feature", "properties": { "fid": 7846, "Layer": "Wall" }, "geometry": { "type": "MultiLineString", "coordinates": [ [ [ 26.688967363615511, 39.312365381429288 ], [ 26.689272111471304, 39.312492420306015 ] ] ] } },
{ "type": "Feature", "properties": { "fid": 7847, "Layer": "Wall" }, "geometry": { "type": "MultiLineString", "coordinates": [ [ [ 26.689275628212073, 39.312491446733084 ], [ 26.689219403810036, 39.312596511273291 ] ] ] } },
{ "type": "Feature", "properties": { "fid": 7848, "Layer": "Wall" }, "geometry": { "type": "MultiLineString", "coordinates": [ [ [ 26.689272111471304, 39.312492420306015 ], [ 26.689217023040822, 39.312595359493386 ] ] ] } },
{ "type": "Feature", "properties": { "fid": 7849, "Layer": "Wall" }, "geometry": { "type": "MultiLineString", "coordinates": [ [ [ 26.689114795014063, 39.312642423180215 ], [ 26.689574685624606, 39.312853423404889 ] ] ] } },
{ "type": "Feature", "properties": { "fid": 7850, "Layer": "Wall" }, "geometry": { "type": "MultiLineString", "coordinates": [ [ [ 26.689116201143573, 39.312640572118724 ], [ 26.689576093550638, 39.312851573242007 ] ] ] } },
{ "type": "Feature", "properties": { "fid": 7851, "Layer": "Wall" }, "geometry": { "type": "MultiLineString", "coordinates": [ [ [ 26.69044611300291, 39.312026829623001 ], [ 26.690420142900592, 39.312058751393877 ] ] ] } },
{ "type": "Feature", "properties": { "fid": 7852, "Layer": "Wall" }, "geometry": { "type": "MultiLineString", "coordinates": [ [ [ 26.688966837775343, 39.312576970241054 ], [ 26.689027721220082, 39.312603952407002 ] ] ] } },
{ "type": "Feature", "properties": { "fid": 7853, "Layer": "Wall" }, "geometry": { "type": "MultiLineString", "coordinates": [ [ [ 26.689010480517872, 39.312511305186881 ], [ 26.689074323873392, 39.31253932608255 ] ] ] } },
{ "type": "Feature", "properties": { "fid": 7854, "Layer": "Wall" }, "geometry": { "type": "MultiLineString", "coordinates": [ [ [ 26.689684070568205, 39.312906226345298 ], [ 26.689805592724312, 39.312960989439574 ] ] ] } },
{ "type": "Feature", "properties": { "fid": 7884, "Layer": "Wall" }, "geometry": { "type": "MultiLineString", "coordinates": [ [ [ 26.689959614330299, 39.313257868856816 ], [ 26.690011630938937, 39.313187118465216 ] ] ] } },
{ "type": "Feature", "properties": { "fid": 7891, "Layer": "Wall" }, "geometry": { "type": "MultiLineString", "coordinates": [ [ [ 26.690328910693658, 39.313226978410874 ], [ 26.690263340924925, 39.313190665199791 ] ] ] } },
{ "type": "Feature", "properties": { "fid": 7892, "Layer": "Wall" }, "geometry": { "type": "MultiLineString", "coordinates": [ [ [ 26.690327394934709, 39.313228780065437 ], [ 26.690264243387112, 39.313193805829954 ] ] ] } },
{ "type": "Feature", "properties": { "fid": 7893, "Layer": "Wall" }, "geometry": { "type": "MultiLineString", "coordinates": [ [ [ 26.690263340924925, 39.313190665199791 ], [ 26.690234054244524, 39.313231171900725 ] ] ] } },
{ "type": "Feature", "properties": { "fid": 7894, "Layer": "Wall" }, "geometry": { "type": "MultiLineString", "coordinates": [ [ [ 26.690264243387112, 39.313193805829954 ], [ 26.690236466918069, 39.31323222373949 ] ] ] } },
{ "type": "Feature", "properties": { "fid": 7896, "Layer": "Wall" }, "geometry": { "type": "MultiLineString", "coordinates": [ [ [ 26.690977852105188, 39.312573038606551 ], [ 26.690940605063325, 39.312660218987261 ] ] ] } },
{ "type": "Feature", "properties": { "fid": 7897, "Layer": "Wall" }, "geometry": { "type": "MultiLineString", "coordinates": [ [ [ 26.690980478702318, 39.312573715794336 ], [ 26.690943231666719, 39.312660897975341 ] ] ] } },
{ "type": "Feature", "properties": { "fid": 7898, "Layer": "Wall" }, "geometry": { "type": "MultiLineString", "coordinates": [ [ [ 26.690940605063325, 39.312660218987261 ], [ 26.691017168288599, 39.312695820900714 ] ] ] } },
{ "type": "Feature", "properties": { "fid": 7899, "Layer": "Wall" }, "geometry": { "type": "MultiLineString", "coordinates": [ [ [ 26.690942027354048, 39.312658374213164 ], [ 26.691018589685903, 39.312693977027514 ] ] ] } },
{ "type": "Feature", "properties": { "fid": 7900, "Layer": "Wall" }, "geometry": { "type": "MultiLineString", "coordinates": [ [ [ 26.691017168288599, 39.312695820900714 ], [ 26.691031194167024, 39.312673828623957 ] ] ] } },
{ "type": "Feature", "properties": { "fid": 7901, "Layer": "Wall" }, "geometry": { "type": "MultiLineString", "coordinates": [ [ [ 26.691014689591523, 39.312694867236779 ], [ 26.691028712775083, 39.312672874062386 ] ] ] } },
{ "type": "Feature", "properties": { "fid": 7902, "Layer": "Wall" }, "geometry": { "type": "MultiLineString", "coordinates": [ [ [ 26.691115807112645, 39.312628195317878 ], [ 26.691140133336102, 39.312593000365794 ] ] ] } },
{ "type": "Feature", "properties": { "fid": 7903, "Layer": "Wall" }, "geometry": { "type": "MultiLineString", "coordinates": [ [ [ 26.691118244775733, 39.312629212028604 ], [ 26.691142570999428, 39.312594017076485 ] ] ] } },
{ "type": "Feature", "properties": { "fid": 7904, "Layer": "Wall" }, "geometry": { "type": "MultiLineString", "coordinates": [ [ [ 26.691031052634646, 39.312340013374609 ], [ 26.691081283752851, 39.312134939067114 ] ] ] } },
{ "type": "Feature", "properties": { "fid": 7905, "Layer": "Wall" }, "geometry": { "type": "MultiLineString", "coordinates": [ [ [ 26.691033771516967, 39.312340415937591 ], [ 26.691084001739132, 39.312135341630785 ] ] ] } },
{ "type": "Feature", "properties": { "fid": 7906, "Layer": "Wall" }, "geometry": { "type": "MultiLineString", "coordinates": [ [ [ 26.691081283752851, 39.312134939067114 ], [ 26.691095618292593, 39.312132349733581 ] ] ] } },
{ "type": "Feature", "properties": { "fid": 7907, "Layer": "Wall" }, "geometry": { "type": "MultiLineString", "coordinates": [ [ [ 26.691081912325071, 39.312137033994475 ], [ 26.691096245961013, 39.312134442861513 ] ] ] } },
{ "type": "Feature", "properties": { "fid": 7908, "Layer": "Wall" }, "geometry": { "type": "MultiLineString", "coordinates": [ [ [ 26.691095618292593, 39.312132349733581 ], [ 26.691312032985181, 39.312218891266724 ] ] ] } },
{ "type": "Feature", "properties": { "fid": 7909, "Layer": "Wall" }, "geometry": { "type": "MultiLineString", "coordinates": [ [ [ 26.691094352349833, 39.312134260073066 ], [ 26.691310765246932, 39.312220801608028 ] ] ] } },
{ "type": "Feature", "properties": { "fid": 7911, "Layer": "Wall" }, "geometry": { "type": "MultiLineString", "coordinates": [ [ [ 26.691089461044523, 39.312389724393419 ], [ 26.691239805825667, 39.312438693023992 ], [ 26.691331132935453, 39.312310974222562 ] ] ] } },
{ "type": "Feature", "properties": { "fid": 7912, "Layer": "Wall" }, "geometry": { "type": "MultiLineString", "coordinates": [ [ [ 26.691094381984396, 39.312393657048709 ], [ 26.691241020762909, 39.312441420205694 ], [ 26.691333551861284, 39.312312017954135 ] ] ] } },
{ "type": "Feature", "properties": { "fid": 7913, "Layer": "Wall" }, "geometry": { "type": "MultiLineString", "coordinates": [ [ [ 26.691387049209762, 39.312552597256754 ], [ 26.691455177759529, 39.312468758622082 ] ] ] } },
{ "type": "Feature", "properties": { "fid": 7914, "Layer": "Wall" }, "geometry": { "type": "MultiLineString", "coordinates": [ [ [ 26.691384707958836, 39.312551451738848 ], [ 26.691452838302229, 39.312467613102605 ] ] ] } },
{ "type": "Feature", "properties": { "fid": 7963, "Layer": "Wall" }, "geometry": { "type": "MultiLineString", "coordinates": [ [ [ 26.690992900506629, 39.313405921683788 ], [ 26.690918844692668, 39.313502737604722 ] ] ] } },
{ "type": "Feature", "properties": { "fid": 7964, "Layer": "Wall" }, "geometry": { "type": "MultiLineString", "coordinates": [ [ [ 26.690990520857479, 39.313404823007346 ], [ 26.690918011400136, 39.313499620313927 ] ] ] } },
{ "type": "Feature", "properties": { "fid": 7965, "Layer": "Wall" }, "geometry": { "type": "MultiLineString", "coordinates": [ [ [ 26.690853976488107, 39.313466398532519 ], [ 26.690918844692668, 39.313502737604722 ] ] ] } },
{ "type": "Feature", "properties": { "fid": 7966, "Layer": "Wall" }, "geometry": { "type": "MultiLineString", "coordinates": [ [ [ 26.69085559473881, 39.313464656192536 ], [ 26.690918011400136, 39.313499620313927 ] ] ] } },
{ "type": "Feature", "properties": { "fid": 7967, "Layer": "Wall" }, "geometry": { "type": "MultiLineString", "coordinates": [ [ [ 26.691101131202235, 39.313262738330096 ], [ 26.691139307594121, 39.3132210596047 ] ] ] } },
{ "type": "Feature", "properties": { "fid": 7968, "Layer": "Wall" }, "geometry": { "type": "MultiLineString", "coordinates": [ [ [ 26.691098877500767, 39.313261491916549 ], [ 26.69113705209816, 39.313219813192831 ] ] ] } },
{ "type": "Feature", "properties": { "fid": 7976, "Layer": "Wall" }, "geometry": { "type": "MultiLineString", "coordinates": [ [ [ 26.691475707558126, 39.313266833033019 ], [ 26.691504389474584, 39.313233103082638 ], [ 26.691353472722412, 39.313157500960621 ], [ 26.691274066199814, 39.313253727690721 ] ] ] } },
{ "type": "Feature", "properties": { "fid": 7977, "Layer": "Wall" }, "geometry": { "type": "MultiLineString", "coordinates": [ [ [ 26.691473399358337, 39.31326564787846 ], [ 26.691500536856644, 39.313233732210527 ], [ 26.691354306387545, 39.313160475129578 ], [ 26.691276395840433, 39.313254888522053 ] ] ] } },
{ "type": "Feature", "properties": { "fid": 7994, "Layer": "Wall" }, "geometry": { "type": "MultiLineString", "coordinates": [ [ [ 26.691423103257105, 39.313160709020437 ], [ 26.691373649534007, 39.313136530980998 ], [ 26.691429799098206, 39.313067019901268 ], [ 26.691440121478717, 39.313072614643538 ] ] ] } },
{ "type": "Feature", "properties": { "fid": 7995, "Layer": "Wall" }, "geometry": { "type": "MultiLineString", "coordinates": [ [ [ 26.691424577685588, 39.31315889120183 ], [ 26.69137746250485, 39.313135855082699 ], [ 26.691430597176115, 39.313070074214458 ], [ 26.691438536501856, 39.313074377655511 ] ] ] } },
{ "type": "Feature", "properties": { "fid": 7996, "Layer": "Wall" }, "geometry": { "type": "MultiLineString", "coordinates": [ [ [ 26.691551237783511, 39.313176715451398 ], [ 26.691577935113244, 39.313145374472846 ] ] ] } },
{ "type": "Feature", "properties": { "fid": 7997, "Layer": "Wall" }, "geometry": { "type": "MultiLineString", "coordinates": [ [ [ 26.691548930480337, 39.313175530296135 ], [ 26.691575627803207, 39.313144187517302 ] ] ] } },
{ "type": "Feature", "properties": { "fid": 7998, "Layer": "Wall" }, "geometry": { "type": "MultiLineString", "coordinates": [ [ [ 26.691463637854067, 39.313046437940088 ], [ 26.691494223198678, 39.313009977048559 ], [ 26.691538849921184, 39.313032811120202 ] ] ] } },
{ "type": "Feature", "properties": { "fid": 8012, "Layer": "Wall" }, "geometry": { "type": "MultiLineString", "coordinates": [ [ [ 26.691650285482933, 39.313284333354211 ], [ 26.691612005618591, 39.313262625819299 ] ] ] } },
{ "type": "Feature", "properties": { "fid": 8013, "Layer": "Wall" }, "geometry": { "type": "MultiLineString", "coordinates": [ [ [ 26.691596054009221, 39.313176084725356 ], [ 26.691603234508296, 39.31316708762148 ] ] ] } },
{ "type": "Feature", "properties": { "fid": 8014, "Layer": "Wall" }, "geometry": { "type": "MultiLineString", "coordinates": [ [ [ 26.691598406869236, 39.313177216731077 ], [ 26.691605586467979, 39.313168218727888 ] ] ] } },
{ "type": "Feature", "properties": { "fid": 8015, "Layer": "Wall" }, "geometry": { "type": "MultiLineString", "coordinates": [ [ [ 26.69192395552696, 39.313243416886934 ], [ 26.69193420506117, 39.313249205224125 ] ] ] } },
{ "type": "Feature", "properties": { "fid": 8016, "Layer": "Wall" }, "geometry": { "type": "MultiLineString", "coordinates": [ [ [ 26.691603234508296, 39.31316708762148 ], [ 26.691608262519761, 39.313169169510473 ] ] ] } },
{ "type": "Feature", "properties": { "fid": 8034, "Layer": "Wall" }, "geometry": { "type": "MultiLineString", "coordinates": [ [ [ 26.691444361597839, 39.313459570058164 ], [ 26.69147138419428, 39.313478574933036 ] ] ] } },
{ "type": "Feature", "properties": { "fid": 8035, "Layer": "Wall" }, "geometry": { "type": "MultiLineString", "coordinates": [ [ [ 26.691446219031366, 39.313457976020437 ], [ 26.691473241628003, 39.313476980895246 ] ] ] } },
{ "type": "Feature", "properties": { "fid": 8036, "Layer": "Wall" }, "geometry": { "type": "MultiLineString", "coordinates": [ [ [ 26.691726539180646, 39.313510872358179 ], [ 26.691767072830086, 39.313465437014308 ] ] ] } },
{ "type": "Feature", "properties": { "fid": 8037, "Layer": "Wall" }, "geometry": { "type": "MultiLineString", "coordinates": [ [ [ 26.691728814329693, 39.3135120962488 ], [ 26.691769347085636, 39.313466661805791 ] ] ] } },
{ "type": "Feature", "properties": { "fid": 8038, "Layer": "Wall" }, "geometry": { "type": "MultiLineString", "coordinates": [ [ [ 26.691775995777174, 39.313536073846272 ], [ 26.691817238554549, 39.313493170820792 ] ] ] } },
{ "type": "Feature", "properties": { "fid": 8039, "Layer": "Wall" }, "geometry": { "type": "MultiLineString", "coordinates": [ [ [ 26.691773778711315, 39.313534787793344 ], [ 26.691815020587946, 39.3134918838686 ] ] ] } },
{ "type": "Feature", "properties": { "fid": 8040, "Layer": "Wall" }, "geometry": { "type": "MultiLineString", "coordinates": [ [ [ 26.691572767327621, 39.313272611892053 ], [ 26.691526712968567, 39.313247747531676 ], [ 26.691474999861555, 39.313306649197266 ] ] ] } },
{ "type": "Feature", "properties": { "fid": 8041, "Layer": "Wall" }, "geometry": { "type": "MultiLineString", "coordinates": [ [ [ 26.69157118863891, 39.313274377598908 ], [ 26.691527424727347, 39.313250749716751 ], [ 26.691477285726318, 39.313307859576049 ] ] ] } },
{ "type": "Feature", "properties": { "fid": 8067, "Layer": "Wall" }, "geometry": { "type": "MultiLineString", "coordinates": [ [ [ 26.691542209320858, 39.31379177821686 ], [ 26.691546266320543, 39.313783581494228 ] ] ] } },
{ "type": "Feature", "properties": { "fid": 8068, "Layer": "Wall" }, "geometry": { "type": "MultiLineString", "coordinates": [ [ [ 26.691069856082869, 39.31359644129865 ], [ 26.691032088158757, 39.313574153605003 ] ] ] } },
{ "type": "Feature", "properties": { "fid": 8069, "Layer": "Wall" }, "geometry": { "type": "MultiLineString", "coordinates": [ [ [ 26.69107153096256, 39.313594728610951 ], [ 26.691033762144556, 39.313572441818273 ] ] ] } },
{ "type": "Feature", "properties": { "fid": 8070, "Layer": "Wall" }, "geometry": { "type": "MultiLineString", "coordinates": [ [ [ 26.690996967517219, 39.313550374663819 ], [ 26.690950258284602, 39.313518715807533 ], [ 26.691113260316541, 39.313306397074108 ], [ 26.691135966051487, 39.313320818840772 ] ] ] } },
{ "type": "Feature", "properties": { "fid": 8071, "Layer": "Wall" }, "geometry": { "type": "MultiLineString", "coordinates": [ [ [ 26.690998787176092, 39.313548754556777 ], [ 26.690953819144337, 39.313518276875016 ], [ 26.691113992702981, 39.313309640475637 ], [ 26.691134214738845, 39.313322482991225 ] ] ] } },
{ "type": "Feature", "properties": { "fid": 8072, "Layer": "Wall" }, "geometry": { "type": "MultiLineString", "coordinates": [ [ [ 26.691373892905769, 39.313456297058508 ], [ 26.691391505168024, 39.313468402962407 ] ] ] } },
{ "type": "Feature", "properties": { "fid": 8073, "Layer": "Wall" }, "geometry": { "type": "MultiLineString", "coordinates": [ [ [ 26.691372057956865, 39.31345790637782 ], [ 26.691389671122806, 39.313470014081204 ] ] ] } },
{ "type": "Feature", "properties": { "fid": 8074, "Layer": "Wall" }, "geometry": { "type": "MultiLineString", "coordinates": [ [ [ 26.691619825694328, 39.31360730870189 ], [ 26.691574515947309, 39.313579768463939 ] ] ] } },
{ "type": "Feature", "properties": { "fid": 8075, "Layer": "Wall" }, "geometry": { "type": "MultiLineString", "coordinates": [ [ [ 26.691618122036871, 39.313609002513189 ], [ 26.691572810492563, 39.313581461376728 ] ] ] } },
{ "type": "Feature", "properties": { "fid": 8076, "Layer": "Wall" }, "geometry": { "type": "MultiLineString", "coordinates": [ [ [ 26.691061437107994, 39.313477696467494 ], [ 26.691097719009022, 39.313436798089711 ], [ 26.691147581287019, 39.313471757533556 ], [ 26.691109577157196, 39.313504718332396 ] ] ] } },
{ "type": "Feature", "properties": { "fid": 8077, "Layer": "Wall" }, "geometry": { "type": "MultiLineString", "coordinates": [ [ [ 26.691063716728515, 39.313478916753482 ], [ 26.691098206456179, 39.313440035415404 ], [ 26.691143680283982, 39.313471917737438 ], [ 26.691107516539454, 39.313503283613983 ] ] ] } },
{ "type": "Feature", "properties": { "fid": 8078, "Layer": "Wall" }, "geometry": { "type": "MultiLineString", "coordinates": [ [ [ 26.691109577157196, 39.313504718332396 ], [ 26.691147581287019, 39.313471757533556 ], [ 26.691232893250959, 39.313533353534375 ] ] ] } },
{ "type": "Feature", "properties": { "fid": 8079, "Layer": "Wall" }, "geometry": { "type": "MultiLineString", "coordinates": [ [ [ 26.691111638668779, 39.31350615214987 ], [ 26.691147763073317, 39.313474822314575 ], [ 26.691231009723801, 39.313534926893119 ] ] ] } },
{ "type": "Feature", "properties": { "fid": 8080, "Layer": "Wall" }, "geometry": { "type": "MultiLineString", "coordinates": [ [ [ 26.691515526021767, 39.313617760461796 ], [ 26.691456492955684, 39.313663012061284 ], [ 26.691434555030941, 39.313644669515 ], [ 26.691392161480167, 39.313675994305981 ], [ 26.691361848207855, 39.313648487106668 ] ] ] } },
{ "type": "Feature", "properties": { "fid": 8081, "Layer": "Wall" }, "geometry": { "type": "MultiLineString", "coordinates": [ [ [ 26.691517470369703, 39.313619291600993 ], [ 26.691456406587427, 39.313666100492121 ], [ 26.691434433555255, 39.313647725573318 ], [ 26.69139195591098, 39.313679114350911 ], [ 26.69135974513669, 39.313649886041496 ] ] ] } },
{ "type": "Feature", "properties": { "fid": 8082, "Layer": "Wall" }, "geometry": { "type": "MultiLineString", "coordinates": [ [ [ 26.691389269781087, 39.313569400675732 ], [ 26.691331356769467, 39.313617681088765 ] ] ] } },
{ "type": "Feature", "properties": { "fid": 8083, "Layer": "Wall" }, "geometry": { "type": "MultiLineString", "coordinates": [ [ [ 26.691391295527488, 39.313570866930768 ], [ 26.691333381615138, 39.313619146444537 ] ] ] } },
{ "type": "Feature", "properties": { "fid": 8084, "Layer": "Wall" }, "geometry": { "type": "MultiLineString", "coordinates": [ [ [ 26.691356295164688, 39.313548804430383 ], [ 26.691300348235853, 39.313590420264092 ] ] ] } },
{ "type": "Feature", "properties": { "fid": 8085, "Layer": "Wall" }, "geometry": { "type": "MultiLineString", "coordinates": [ [ [ 26.691358209093753, 39.313550358100819 ], [ 26.691302261257544, 39.313591971234949 ] ] ] } },
{ "type": "Feature", "properties": { "fid": 8086, "Layer": "Wall" }, "geometry": { "type": "MultiLineString", "coordinates": [ [ [ 26.691314769745791, 39.313523515547402 ], [ 26.691266124045391, 39.313558452002873 ] ] ] } },
{ "type": "Feature", "properties": { "fid": 8087, "Layer": "Wall" }, "geometry": { "type": "MultiLineString", "coordinates": [ [ [ 26.691316648777018, 39.313525093553437 ], [ 26.69126800307972, 39.313560030909052 ] ] ] } },
{ "type": "Feature", "properties": { "fid": 8088, "Layer": "Wall" }, "geometry": { "type": "MultiLineString", "coordinates": [ [ [ 26.691276336989397, 39.313483501273922 ], [ 26.691225298550265, 39.313527869703478 ] ] ] } },
{ "type": "Feature", "properties": { "fid": 8089, "Layer": "Wall" }, "geometry": { "type": "MultiLineString", "coordinates": [ [ [ 26.691278399394875, 39.31348493419042 ], [ 26.691227361849347, 39.313529301719001 ] ] ] } },
{ "type": "Feature", "properties": { "fid": 8101, "Layer": "Wall" }, "geometry": { "type": "MultiLineString", "coordinates": [ [ [ 26.693494621546932, 39.316659991219751 ], [ 26.693510915845255, 39.316674943630531 ], [ 26.693548699368041, 39.316684853555898 ] ] ] } },
{ "type": "Feature", "properties": { "fid": 8102, "Layer": "Wall" }, "geometry": { "type": "MultiLineString", "coordinates": [ [ [ 26.693644533033822, 39.316696275449871 ], [ 26.693679936805889, 39.316701660797371 ] ] ] } },
{ "type": "Feature", "properties": { "fid": 8103, "Layer": "Wall" }, "geometry": { "type": "MultiLineString", "coordinates": [ [ [ 26.69364506351241, 39.316694165954203 ], [ 26.693680468184919, 39.316699552201008 ] ] ] } },
{ "type": "Feature", "properties": { "fid": 8104, "Layer": "Wall" }, "geometry": { "type": "MultiLineString", "coordinates": [ [ [ 26.693626323896165, 39.316484971012187 ], [ 26.693543122917674, 39.316510943369025 ], [ 26.693498450042032, 39.316527887097521 ], [ 26.693471361114231, 39.316550448587599 ], [ 26.693449270716119, 39.316589427483237 ], [ 26.693466235073284, 39.316631527246301 ] ] ] } },
{ "type": "Feature", "properties": { "fid": 8106, "Layer": "Wall" }, "geometry": { "type": "MultiLineString", "coordinates": [ [ [ 26.690867512005521, 39.313060024459645 ], [ 26.690800726118621, 39.313029866558061 ] ] ] } },
{ "type": "Feature", "properties": { "fid": 8108, "Layer": "Wall" }, "geometry": { "type": "MultiLineString", "coordinates": [ [ [ 26.690778392462867, 39.313065585368925 ], [ 26.690840452613287, 39.313094374908765 ] ] ] } },
{ "type": "Feature", "properties": { "fid": 8113, "Layer": "Wall" }, "geometry": { "type": "MultiLineString", "coordinates": [ [ [ 26.691330417402966, 39.312494467473641 ], [ 26.691406975967901, 39.312528075597385 ] ] ] } },
{ "type": "Feature", "properties": { "fid": 8115, "Layer": "Wall" }, "geometry": { "type": "MultiLineString", "coordinates": [ [ [ 26.69130986550757, 39.312519999653105 ], [ 26.691330417402966, 39.312494467473641 ] ] ] } },
{ "type": "Feature", "properties": { "fid": 8116, "Layer": "Wall" }, "geometry": { "type": "MultiLineString", "coordinates": [ [ [ 26.691390713929653, 39.312478441998891 ], [ 26.691352836634223, 39.31246105383363 ] ] ] } },
{ "type": "Feature", "properties": { "fid": 8117, "Layer": "Wall" }, "geometry": { "type": "MultiLineString", "coordinates": [ [ [ 26.691389306017658, 39.312480293060496 ], [ 26.691351428719127, 39.312462903995154 ] ] ] } },
{ "type": "Feature", "properties": { "fid": 8119, "Layer": "Wall" }, "geometry": { "type": "MultiLineString", "coordinates": [ [ [ 26.689636789220764, 39.312639361079434 ], [ 26.689542031119046, 39.312836482327313 ] ] ] } },
{ "type": "Feature", "properties": { "fid": 8120, "Layer": "Wall" }, "geometry": { "type": "MultiLineString", "coordinates": [ [ [ 26.689629830636218, 39.312654262839906 ], [ 26.689508392184408, 39.312598442051687 ] ] ] } },
{ "type": "Feature", "properties": { "fid": 8121, "Layer": "Wall" }, "geometry": { "type": "MultiLineString", "coordinates": [ [ [ 26.689628420922578, 39.312656113904097 ], [ 26.689506992348441, 39.312600295807322 ] ] ] } },
{ "type": "Feature", "properties": { "fid": 8123, "Layer": "Wall" }, "geometry": { "type": "MultiLineString", "coordinates": [ [ [ 26.690293714535795, 39.313380019578709 ], [ 26.690345582841339, 39.313333461261344 ] ] ] } },
{ "type": "Feature", "properties": { "fid": 8124, "Layer": "Wall" }, "geometry": { "type": "MultiLineString", "coordinates": [ [ [ 26.690291622615678, 39.313378611893398 ], [ 26.690343304932227, 39.313332219370963 ] ] ] } },
{ "type": "Feature", "properties": { "fid": 8125, "Layer": "Wall" }, "geometry": { "type": "MultiLineString", "coordinates": [ [ [ 26.690152926508134, 39.313348416506642 ], [ 26.690175070262331, 39.313315661991766 ] ] ] } },
{ "type": "Feature", "properties": { "fid": 8126, "Layer": "Wall" }, "geometry": { "type": "MultiLineString", "coordinates": [ [ [ 26.690155377565056, 39.313349416102547 ], [ 26.690177521319189, 39.313316661587677 ] ] ] } },
{ "type": "Feature", "properties": { "fid": 8127, "Layer": "Wall" }, "geometry": { "type": "MultiLineString", "coordinates": [ [ [ 26.690239856252465, 39.313435033761245 ], [ 26.690188883696546, 39.313476377698883 ] ] ] } },
{ "type": "Feature", "properties": { "fid": 8129, "Layer": "Wall" }, "geometry": { "type": "MultiLineString", "coordinates": [ [ [ 26.690750198527255, 39.312211378770719 ], [ 26.690967951326552, 39.31227504044795 ] ] ] } },
{ "type": "Feature", "properties": { "fid": 8130, "Layer": "Wall" }, "geometry": { "type": "MultiLineString", "coordinates": [ [ [ 26.690751173425895, 39.312209366983616 ], [ 26.69096892532913, 39.312273028661537 ] ] ] } },
{ "type": "Feature", "properties": { "fid": 8131, "Layer": "Wall" }, "geometry": { "type": "MultiLineString", "coordinates": [ [ [ 26.691224808643558, 39.312630614725848 ], [ 26.691175961682582, 39.312609930446726 ] ] ] } },
{ "type": "Feature", "properties": { "fid": 8132, "Layer": "Wall" }, "geometry": { "type": "MultiLineString", "coordinates": [ [ [ 26.691226133884921, 39.312628726834568 ], [ 26.691177286029966, 39.312608043456436 ] ] ] } },
{ "type": "Feature", "properties": { "fid": 8133, "Layer": "Wall" }, "geometry": { "type": "MultiLineString", "coordinates": [ [ [ 26.691027192134104, 39.312824844601373 ], [ 26.690972557011335, 39.312800541704625 ] ] ] } },
{ "type": "Feature", "properties": { "fid": 8134, "Layer": "Wall" }, "geometry": { "type": "MultiLineString", "coordinates": [ [ [ 26.691028567702872, 39.312822980067097 ], [ 26.690973931682752, 39.312798677171195 ] ] ] } },
{ "type": "Feature", "properties": { "fid": 8135, "Layer": "Wall" }, "geometry": { "type": "MultiLineString", "coordinates": [ [ [ 26.691389273232044, 39.313269514656419 ], [ 26.691338227735937, 39.313246472242362 ] ] ] } },
{ "type": "Feature", "properties": { "fid": 8136, "Layer": "Wall" }, "geometry": { "type": "MultiLineString", "coordinates": [ [ [ 26.691390662281727, 39.31326765551001 ], [ 26.691339618579718, 39.313244613094334 ] ] ] } },
{ "type": "Feature", "properties": { "fid": 8137, "Layer": "Wall" }, "geometry": { "type": "MultiLineString", "coordinates": [ [ [ 26.691339618579718, 39.313244613094334 ], [ 26.691319292804568, 39.313275519763124 ] ] ] } },
{ "type": "Feature", "properties": { "fid": 8138, "Layer": "Wall" }, "geometry": { "type": "MultiLineString", "coordinates": [ [ [ 26.691522170558478, 39.313116709671668 ], [ 26.691485829608538, 39.313098946534041 ] ] ] } },
{ "type": "Feature", "properties": { "fid": 8139, "Layer": "Wall" }, "geometry": { "type": "MultiLineString", "coordinates": [ [ [ 26.691523644986646, 39.313114891853104 ], [ 26.691487304930373, 39.313097127814544 ] ] ] } },
{ "type": "Feature", "properties": { "fid": 8140, "Layer": "Wall" }, "geometry": { "type": "MultiLineString", "coordinates": [ [ [ 26.691632486510926, 39.313456317113477 ], [ 26.691652258977051, 39.31343443836856 ], [ 26.691686558163184, 39.313453928934521 ], [ 26.691663940493029, 39.31347836306464 ] ] ] } },
{ "type": "Feature", "properties": { "fid": 8141, "Layer": "Wall" }, "geometry": { "type": "MultiLineString", "coordinates": [ [ [ 26.691634752728657, 39.31345755181384 ], [ 26.691652902655736, 39.313437468520462 ], [ 26.691682708566503, 39.313454405037483 ], [ 26.691661695726363, 39.313477106741452 ] ] ] } },
{ "type": "Feature", "properties": { "fid": 8142, "Layer": "Wall" }, "geometry": { "type": "MultiLineString", "coordinates": [ [ [ 26.691686558163184, 39.313453928934521 ], [ 26.691705228058076, 39.313436172903835 ] ] ] } },
{ "type": "Feature", "properties": { "fid": 8143, "Layer": "Wall" }, "geometry": { "type": "MultiLineString", "coordinates": [ [ [ 26.691592865283159, 39.313434077030337 ], [ 26.691624219311841, 39.31340168131905 ] ] ] } },
{ "type": "Feature", "properties": { "fid": 8144, "Layer": "Wall" }, "geometry": { "type": "MultiLineString", "coordinates": [ [ [ 26.691595078787035, 39.313435370287642 ], [ 26.691626431021636, 39.313402974577969 ] ] ] } },
{ "type": "Feature", "properties": { "fid": 8145, "Layer": "Wall" }, "geometry": { "type": "MultiLineString", "coordinates": [ [ [ 26.691678557093343, 39.31342492234036 ], [ 26.691624219311841, 39.31340168131905 ], [ 26.691578011528925, 39.313378023274637 ], [ 26.691599461851858, 39.313349660243475 ] ] ] } },
{ "type": "Feature", "properties": { "fid": 8146, "Layer": "Wall" }, "geometry": { "type": "MultiLineString", "coordinates": [ [ [ 26.691679891336776, 39.313423040740787 ], [ 26.691625649696853, 39.313399840137237 ], [ 26.691581729419525, 39.313377351063963 ], [ 26.691601847744924, 39.313350749012578 ] ] ] } },
{ "type": "Feature", "properties": { "fid": 8147, "Layer": "Wall" }, "geometry": { "type": "MultiLineString", "coordinates": [ [ [ 26.691750249637977, 39.313456136096846 ], [ 26.691705228058076, 39.313436172903835 ] ] ] } },
{ "type": "Feature", "properties": { "fid": 8148, "Layer": "Wall" }, "geometry": { "type": "MultiLineString", "coordinates": [ [ [ 26.691504655586844, 39.313444778656695 ], [ 26.691529495556022, 39.313417467467112 ], [ 26.691580477233988, 39.31344654352219 ] ] ] } },
{ "type": "Feature", "properties": { "fid": 8149, "Layer": "Wall" }, "geometry": { "type": "MultiLineString", "coordinates": [ [ [ 26.691506916441529, 39.313446018762775 ], [ 26.691530130253522, 39.313420494926923 ], [ 26.69157883921071, 39.313448275978772 ] ] ] } },
{ "type": "Feature", "properties": { "fid": 8151, "Layer": "Wall" }, "geometry": { "type": "MultiLineString", "coordinates": [ [ [ 26.690882737743415, 39.313301035071966 ], [ 26.690915319660501, 39.313257167859888 ] ] ] } },
{ "type": "Feature", "properties": { "fid": 8152, "Layer": "Wall" }, "geometry": { "type": "MultiLineString", "coordinates": [ [ [ 26.690885135245683, 39.313302109428385 ], [ 26.690917716265833, 39.31325824221711 ] ] ] } },
{ "type": "Feature", "properties": { "fid": 8175, "Layer": "Wall" }, "geometry": { "type": "MultiLineString", "coordinates": [ [ [ 26.694161912672364, 39.316639762086226 ], [ 26.694268296661392, 39.316621249362541 ] ] ] } },
{ "type": "Feature", "properties": { "fid": 8176, "Layer": "Wall" }, "geometry": { "type": "MultiLineString", "coordinates": [ [ [ 26.694161308317195, 39.316637664435667 ], [ 26.694267691408331, 39.316619151712956 ] ] ] } },
{ "type": "Feature", "properties": { "fid": 8177, "Layer": "Wall" }, "geometry": { "type": "MultiLineString", "coordinates": [ [ [ 26.694310970647301, 39.316651523839312 ], [ 26.694274125275676, 39.316652753101025 ] ] ] } },
{ "type": "Feature", "properties": { "fid": 8178, "Layer": "Wall" }, "geometry": { "type": "MultiLineString", "coordinates": [ [ [ 26.694310852357852, 39.316649377134787 ], [ 26.694276507893722, 39.316650522184432 ] ] ] } },
{ "type": "Feature", "properties": { "fid": 8179, "Layer": "Wall" }, "geometry": { "type": "MultiLineString", "coordinates": [ [ [ 26.694274125275676, 39.316652753101025 ], [ 26.694258003431727, 39.31656561000581 ] ] ] } },
{ "type": "Feature", "properties": { "fid": 8180, "Layer": "Wall" }, "geometry": { "type": "MultiLineString", "coordinates": [ [ [ 26.694276507893722, 39.316650522184432 ], [ 26.694260743053992, 39.316565304141996 ] ] ] } },
{ "type": "Feature", "properties": { "fid": 8184, "Layer": "Wall" }, "geometry": { "type": "MultiLineString", "coordinates": [ [ [ 26.694302084282313, 39.316602719688042 ], [ 26.694296027988923, 39.316561324614938 ] ] ] } },
{ "type": "Feature", "properties": { "fid": 8185, "Layer": "Wall" }, "geometry": { "type": "MultiLineString", "coordinates": [ [ [ 26.69429933455422, 39.316602961651959 ], [ 26.694293277364022, 39.316561566579644 ] ] ] } },
{ "type": "Feature", "properties": { "fid": 8188, "Layer": "Wall" }, "geometry": { "type": "MultiLineString", "coordinates": [ [ [ 26.69453246632321, 39.316651612644868 ], [ 26.694733429007872, 39.316615445910749 ] ] ] } },
{ "type": "Feature", "properties": { "fid": 8189, "Layer": "Wall" }, "geometry": { "type": "MultiLineString", "coordinates": [ [ [ 26.694531841343967, 39.316649518614192 ], [ 26.694732804927405, 39.316613352779648 ] ] ] } },
{ "type": "Feature", "properties": { "fid": 8199, "Layer": "Wall" }, "geometry": { "type": "MultiLineString", "coordinates": [ [ [ 26.695102144749079, 39.316551121678565 ], [ 26.695190605153613, 39.316533766740946 ] ] ] } },
{ "type": "Feature", "properties": { "fid": 8200, "Layer": "Wall" }, "geometry": { "type": "MultiLineString", "coordinates": [ [ [ 26.695101466866934, 39.316549036698603 ], [ 26.695189927270608, 39.316531681761035 ] ] ] } },
{ "type": "Feature", "properties": { "fid": 8201, "Layer": "Wall" }, "geometry": { "type": "MultiLineString", "coordinates": [ [ [ 26.695307884540828, 39.316469636058898 ], [ 26.695299923091977, 39.316444860977484 ] ] ] } },
{ "type": "Feature", "properties": { "fid": 8202, "Layer": "Wall" }, "geometry": { "type": "MultiLineString", "coordinates": [ [ [ 26.695305198624439, 39.316470156106767 ], [ 26.695297238079711, 39.316445382824739 ] ] ] } },
{ "type": "Feature", "properties": { "fid": 8203, "Layer": "Wall" }, "geometry": { "type": "MultiLineString", "coordinates": [ [ [ 26.695268149426461, 39.316318944774466 ], [ 26.695236769158697, 39.316207920872685 ] ] ] } },
{ "type": "Feature", "properties": { "fid": 8204, "Layer": "Wall" }, "geometry": { "type": "MultiLineString", "coordinates": [ [ [ 26.695265446246268, 39.316319405429354 ], [ 26.695234066877052, 39.316208381526579 ] ] ] } },
{ "type": "Feature", "properties": { "fid": 8205, "Layer": "Wall" }, "geometry": { "type": "MultiLineString", "coordinates": [ [ [ 26.695168500641728, 39.316435892422056 ], [ 26.695072580474644, 39.316454442393997 ], [ 26.695072367837177, 39.316414925029449 ], [ 26.695160446043843, 39.316395639668073 ] ] ] } },
{ "type": "Feature", "properties": { "fid": 8206, "Layer": "Wall" }, "geometry": { "type": "MultiLineString", "coordinates": [ [ [ 26.695167831727598, 39.316433806533652 ], [ 26.695075331710608, 39.316451695361906 ], [ 26.695075144220926, 39.316416549011414 ], [ 26.695161196534048, 39.316397708378958 ] ] ] } },
{ "type": "Feature", "properties": { "fid": 8207, "Layer": "Wall" }, "geometry": { "type": "MultiLineString", "coordinates": [ [ [ 26.695160446043843, 39.316395639668073 ], [ 26.695072367837177, 39.316414925029449 ], [ 26.69506913533688, 39.316376353781187 ], [ 26.695150929424791, 39.316358623330601 ] ] ] } },
{ "type": "Feature", "properties": { "fid": 8208, "Layer": "Wall" }, "geometry": { "type": "MultiLineString", "coordinates": [ [ [ 26.695159696450787, 39.316393570956421 ], [ 26.695074906291264, 39.316412134986905 ], [ 26.695072043519545, 39.316377956038806 ], [ 26.695151673634719, 39.316360692047247 ] ] ] } },
{ "type": "Feature", "properties": { "fid": 8229, "Layer": "Wall" }, "geometry": { "type": "MultiLineString", "coordinates": [ [ [ 26.695203229270543, 39.316042041354805 ], [ 26.695191726005081, 39.316003947585287 ] ] ] } },
{ "type": "Feature", "properties": { "fid": 8230, "Layer": "Wall" }, "geometry": { "type": "MultiLineString", "coordinates": [ [ [ 26.694815597197991, 39.315796585650766 ], [ 26.694620003302965, 39.315846352001834 ] ] ] } },
{ "type": "Feature", "properties": { "fid": 8231, "Layer": "Wall" }, "geometry": { "type": "MultiLineString", "coordinates": [ [ [ 26.694537457114727, 39.315867058034364 ], [ 26.694319382342844, 39.315924636561753 ], [ 26.694261244434006, 39.315794630918326 ] ] ] } },
{ "type": "Feature", "properties": { "fid": 8232, "Layer": "Wall" }, "geometry": { "type": "MultiLineString", "coordinates": [ [ [ 26.694536566803837, 39.315865022755801 ], [ 26.694321094775226, 39.315921913889568 ], [ 26.694263859667213, 39.315793925510967 ] ] ] } },
{ "type": "Feature", "properties": { "fid": 8233, "Layer": "Wall" }, "geometry": { "type": "MultiLineString", "coordinates": [ [ [ 26.694509729413806, 39.315819305457431 ], [ 26.694479095419165, 39.31582794158733 ] ] ] } },
{ "type": "Feature", "properties": { "fid": 8234, "Layer": "Wall" }, "geometry": { "type": "MultiLineString", "coordinates": [ [ [ 26.694510673495703, 39.315821325384363 ], [ 26.694480041298423, 39.315829962412714 ] ] ] } },
{ "type": "Feature", "properties": { "fid": 8241, "Layer": "Wall" }, "geometry": { "type": "MultiLineString", "coordinates": [ [ [ 26.694441864278566, 39.315750084748707 ], [ 26.694432582559291, 39.315735302323482 ] ] ] } },
{ "type": "Feature", "properties": { "fid": 8242, "Layer": "Wall" }, "geometry": { "type": "MultiLineString", "coordinates": [ [ [ 26.69443937821195, 39.315751027672263 ], [ 26.694430095595727, 39.315736245247841 ] ] ] } },
{ "type": "Feature", "properties": { "fid": 8243, "Layer": "Wall" }, "geometry": { "type": "MultiLineString", "coordinates": [ [ [ 26.694381047094961, 39.315636227232339 ], [ 26.694375939619981, 39.315626259371776 ] ] ] } },
{ "type": "Feature", "properties": { "fid": 8244, "Layer": "Wall" }, "geometry": { "type": "MultiLineString", "coordinates": [ [ [ 26.694378477050414, 39.315637022611391 ], [ 26.694373367781232, 39.315627054752476 ] ] ] } },
{ "type": "Feature", "properties": { "fid": 8245, "Layer": "Wall" }, "geometry": { "type": "MultiLineString", "coordinates": [ [ [ 26.694189182874617, 39.315653173992857 ], [ 26.694245294100249, 39.315798954513738 ], [ 26.694263859667213, 39.315793925510967 ], [ 26.694361817860226, 39.315774254876899 ] ] ] } },
{ "type": "Feature", "properties": { "fid": 8246, "Layer": "Wall" }, "geometry": { "type": "MultiLineString", "coordinates": [ [ [ 26.69419183521811, 39.315652557664585 ], [ 26.694247114908745, 39.315796184035008 ], [ 26.694263054500329, 39.315791866750359 ], [ 26.694361125648015, 39.315772173509224 ] ] ] } },
{ "type": "Feature", "properties": { "fid": 8247, "Layer": "Wall" }, "geometry": { "type": "MultiLineString", "coordinates": [ [ [ 26.69431301548817, 39.315717739087894 ], [ 26.694229112276847, 39.315749411750559 ] ] ] } },
{ "type": "Feature", "properties": { "fid": 8248, "Layer": "Wall" }, "geometry": { "type": "MultiLineString", "coordinates": [ [ [ 26.694282897629765, 39.315671128265812 ], [ 26.694208073267092, 39.315694746303045 ] ] ] } },
{ "type": "Feature", "properties": { "fid": 8249, "Layer": "Wall" }, "geometry": { "type": "MultiLineString", "coordinates": [ [ [ 26.694183650242113, 39.31581232773754 ], [ 26.69418293741057, 39.315810249989234 ] ] ] } },
{ "type": "Feature", "properties": { "fid": 8250, "Layer": "Wall" }, "geometry": { "type": "MultiLineString", "coordinates": [ [ [ 26.694138431075046, 39.315822041225736 ], [ 26.694085653928102, 39.31571563838844 ] ] ] } },
{ "type": "Feature", "properties": { "fid": 8251, "Layer": "Wall" }, "geometry": { "type": "MultiLineString", "coordinates": [ [ [ 26.694135848389834, 39.315822814112792 ], [ 26.694083073041647, 39.315716412173899 ] ] ] } },
{ "type": "Feature", "properties": { "fid": 8264, "Layer": "Wall" }, "geometry": { "type": "MultiLineString", "coordinates": [ [ [ 26.693707000277719, 39.315746577419304 ], [ 26.693646953188104, 39.315772972258195 ] ] ] } },
{ "type": "Feature", "properties": { "fid": 8282, "Layer": "Wall" }, "geometry": { "type": "MultiLineString", "coordinates": [ [ [ 26.694064821357575, 39.316578981780069 ], [ 26.694046953239567, 39.316522018088769 ], [ 26.69401906612784, 39.316528419361376 ] ] ] } },
{ "type": "Feature", "properties": { "fid": 8283, "Layer": "Wall" }, "geometry": { "type": "MultiLineString", "coordinates": [ [ [ 26.694062131836699, 39.316579491927229 ], [ 26.694044951852458, 39.316524719423285 ], [ 26.69401985067184, 39.31653048084118 ] ] ] } },
{ "type": "Feature", "properties": { "fid": 8284, "Layer": "Wall" }, "geometry": { "type": "MultiLineString", "coordinates": [ [ [ 26.693920333638719, 39.316576675273517 ], [ 26.693910302501472, 39.316549191780446 ] ] ] } },
{ "type": "Feature", "properties": { "fid": 8285, "Layer": "Wall" }, "geometry": { "type": "MultiLineString", "coordinates": [ [ [ 26.693922995063144, 39.316576088641312 ], [ 26.693912965723289, 39.316548606046759 ] ] ] } },
{ "type": "Feature", "properties": { "fid": 8286, "Layer": "Wall" }, "geometry": { "type": "MultiLineString", "coordinates": [ [ [ 26.693944012702254, 39.316542494413746 ], [ 26.693910302501472, 39.316549191780446 ], [ 26.693883826692812, 39.316484783809422 ] ] ] } },
{ "type": "Feature", "properties": { "fid": 8287, "Layer": "Wall" }, "geometry": { "type": "MultiLineString", "coordinates": [ [ [ 26.693943328557793, 39.316540411238435 ], [ 26.693912144627429, 39.316546606709508 ], [ 26.693886462743723, 39.316484128790648 ] ] ] } },
{ "type": "Feature", "properties": { "fid": 8288, "Layer": "Wall" }, "geometry": { "type": "MultiLineString", "coordinates": [ [ [ 26.693970501421621, 39.316377758599636 ], [ 26.693951579581341, 39.316346122871572 ] ] ] } },
{ "type": "Feature", "properties": { "fid": 8289, "Layer": "Wall" }, "geometry": { "type": "MultiLineString", "coordinates": [ [ [ 26.693967991897029, 39.316378664638911 ], [ 26.693949069156641, 39.316347028011513 ] ] ] } },
{ "type": "Feature", "properties": { "fid": 8290, "Layer": "Wall" }, "geometry": { "type": "MultiLineString", "coordinates": [ [ [ 26.693951579581341, 39.316346122871572 ], [ 26.694004795401884, 39.316333390192383 ] ] ] } },
{ "type": "Feature", "properties": { "fid": 8291, "Layer": "Wall" }, "geometry": { "type": "MultiLineString", "coordinates": [ [ [ 26.693764643171388, 39.316340646397009 ], [ 26.693742735363049, 39.316247776558676 ] ] ] } },
{ "type": "Feature", "properties": { "fid": 8292, "Layer": "Wall" }, "geometry": { "type": "MultiLineString", "coordinates": [ [ [ 26.693767363648483, 39.316340260440192 ], [ 26.693745458527527, 39.316247389699349 ] ] ] } },
{ "type": "Feature", "properties": { "fid": 8293, "Layer": "Wall" }, "geometry": { "type": "MultiLineString", "coordinates": [ [ [ 26.693805504099945, 39.316233427471673 ], [ 26.693742735363049, 39.316247776558676 ], [ 26.69373484387577, 39.316189464287781 ] ] ] } },
{ "type": "Feature", "properties": { "fid": 8294, "Layer": "Wall" }, "geometry": { "type": "MultiLineString", "coordinates": [ [ [ 26.693804722250647, 39.31623136598899 ], [ 26.693745141024642, 39.316244985739779 ], [ 26.693737595446716, 39.316189238525922 ] ] ] } },
{ "type": "Feature", "properties": { "fid": 8295, "Layer": "Wall" }, "geometry": { "type": "MultiLineString", "coordinates": [ [ [ 26.693851813126077, 39.316127364706247 ], [ 26.694012456379728, 39.316096220095673 ], [ 26.693976790152966, 39.316041702212857 ], [ 26.693837498295345, 39.316077339550873 ] ] ] } },
{ "type": "Feature", "properties": { "fid": 8296, "Layer": "Wall" }, "geometry": { "type": "MultiLineString", "coordinates": [ [ [ 26.693851143325059, 39.316125277916846 ], [ 26.69400841576865, 39.316094787200498 ], [ 26.693975398515875, 39.316044321974928 ], [ 26.693838363504213, 39.316079381154111 ] ] ] } },
{ "type": "Feature", "properties": { "fid": 8297, "Layer": "Wall" }, "geometry": { "type": "MultiLineString", "coordinates": [ [ [ 26.693837498295345, 39.316077339550873 ], [ 26.693976790152966, 39.316041702212857 ], [ 26.693942815962739, 39.315985977496211 ], [ 26.693815737617221, 39.316016006584846 ] ] ] } },
{ "type": "Feature", "properties": { "fid": 8298, "Layer": "Wall" }, "geometry": { "type": "MultiLineString", "coordinates": [ [ [ 26.693836632192749, 39.316075298848588 ], [ 26.693972946580914, 39.316040422158743 ], [ 26.693941337220799, 39.315988574835032 ], [ 26.693816543668301, 39.316018062644616 ] ] ] } },
{ "type": "Feature", "properties": { "fid": 8299, "Layer": "Wall" }, "geometry": { "type": "MultiLineString", "coordinates": [ [ [ 26.693815737617221, 39.316016006584846 ], [ 26.693942815962739, 39.315985977496211 ], [ 26.69389730900496, 39.315910564899269 ], [ 26.693789822049254, 39.315948290102575 ] ] ] } },
{ "type": "Feature", "properties": { "fid": 8300, "Layer": "Wall" }, "geometry": { "type": "MultiLineString", "coordinates": [ [ [ 26.69381493336379, 39.316013951423557 ], [ 26.693938956047326, 39.315984644349179 ], [ 26.693895961215869, 39.315913397052022 ], [ 26.693790960575832, 39.315950248642572 ] ] ] } },
{ "type": "Feature", "properties": { "fid": 8301, "Layer": "Wall" }, "geometry": { "type": "MultiLineString", "coordinates": [ [ [ 26.69418293741057, 39.315810249989234 ], [ 26.694183650242113, 39.31581232773754 ], [ 26.693885161833943, 39.315891402362347 ], [ 26.693818205365105, 39.315790272913468 ] ] ] } },
{ "type": "Feature", "properties": { "fid": 8302, "Layer": "Wall" }, "geometry": { "type": "MultiLineString", "coordinates": [ [ [ 26.69418293741057, 39.315810249989234 ], [ 26.694180313150493, 39.31581094010253 ], [ 26.693886531886371, 39.315888768218038 ], [ 26.693820665257547, 39.315789289508977 ] ] ] } },
{ "type": "Feature", "properties": { "fid": 8303, "Layer": "Wall" }, "geometry": { "type": "MultiLineString", "coordinates": [ [ [ 26.693791793942356, 39.315874280369442 ], [ 26.69385775926763, 39.315850014296544 ], [ 26.69389730900496, 39.315910564899269 ] ] ] } },
{ "type": "Feature", "properties": { "fid": 8304, "Layer": "Wall" }, "geometry": { "type": "MultiLineString", "coordinates": [ [ [ 26.693792978169064, 39.315876224465363 ], [ 26.693856510182908, 39.315852851759381 ], [ 26.693894841890913, 39.315911536608837 ] ] ] } },
{ "type": "Feature", "properties": { "fid": 8305, "Layer": "Wall" }, "geometry": { "type": "MultiLineString", "coordinates": [ [ [ 26.693669006810218, 39.315958937188128 ], [ 26.693684528303969, 39.315989565202997 ] ] ] } },
{ "type": "Feature", "properties": { "fid": 8306, "Layer": "Wall" }, "geometry": { "type": "MultiLineString", "coordinates": [ [ [ 26.693376674031132, 39.316636053505299 ], [ 26.693411025540737, 39.316587373426522 ] ] ] } },
{ "type": "Feature", "properties": { "fid": 8307, "Layer": "Wall" }, "geometry": { "type": "MultiLineString", "coordinates": [ [ [ 26.693409378480723, 39.316584724952918 ], [ 26.693381738368352, 39.316540227147151 ] ] ] } },
{ "type": "Feature", "properties": { "fid": 8308, "Layer": "Wall" }, "geometry": { "type": "MultiLineString", "coordinates": [ [ [ 26.693374247050709, 39.316635018784162 ], [ 26.693407913159501, 39.316587311477349 ], [ 26.693379246897116, 39.316541161072983 ] ] ] } },
{ "type": "Feature", "properties": { "fid": 8309, "Layer": "Wall" }, "geometry": { "type": "MultiLineString", "coordinates": [ [ [ 26.693411025540737, 39.316587373426522 ], [ 26.693435083208911, 39.316539137570594 ], [ 26.693479675363562, 39.316502066076382 ], [ 26.693596878745812, 39.31646110318453 ] ] ] } },
{ "type": "Feature", "properties": { "fid": 8310, "Layer": "Wall" }, "geometry": { "type": "MultiLineString", "coordinates": [ [ [ 26.693409378480723, 39.316584724952918 ], [ 26.693432696119665, 39.316537973193896 ], [ 26.693478032399046, 39.316500282625469 ], [ 26.693595743807176, 39.3164591446413 ] ] ] } },
{ "type": "Feature", "properties": { "fid": 8311, "Layer": "Wall" }, "geometry": { "type": "MultiLineString", "coordinates": [ [ [ 26.693355903462916, 39.316473937295832 ], [ 26.693393283682031, 39.316468441845892 ], [ 26.693428150556361, 39.316446559109181 ], [ 26.69345371497376, 39.316434112899131 ], [ 26.693513992178705, 39.316418521230617 ] ] ] } },
{ "type": "Feature", "properties": { "fid": 8312, "Layer": "Wall" }, "geometry": { "type": "MultiLineString", "coordinates": [ [ [ 26.693516630808901, 39.316417837405957 ], [ 26.693518055887111, 39.316417468842502 ], [ 26.693576530446219, 39.316405185911755 ] ] ] } },
{ "type": "Feature", "properties": { "fid": 8313, "Layer": "Wall" }, "geometry": { "type": "MultiLineString", "coordinates": [ [ [ 26.693356418148756, 39.316476048531506 ], [ 26.693394480717156, 39.316470453440068 ], [ 26.693429760209689, 39.316448311086212 ], [ 26.693454904632485, 39.316436070492117 ], [ 26.693518855667769, 39.316419527608481 ], [ 26.693577252236818, 39.316407260951742 ] ] ] } },
{ "type": "Feature", "properties": { "fid": 8314, "Layer": "Wall" }, "geometry": { "type": "MultiLineString", "coordinates": [ [ [ 26.693293111762451, 39.316375517900347 ], [ 26.693458353311843, 39.31631526426262 ], [ 26.693516630808901, 39.316417837405957 ] ] ] } },
{ "type": "Feature", "properties": { "fid": 8315, "Layer": "Wall" }, "geometry": { "type": "MultiLineString", "coordinates": [ [ [ 26.693294287025523, 39.316377464705184 ], [ 26.693456964439932, 39.316318145960132 ], [ 26.693513992178705, 39.316418521230617 ] ] ] } },
{ "type": "Feature", "properties": { "fid": 8316, "Layer": "Wall" }, "geometry": { "type": "MultiLineString", "coordinates": [ [ [ 26.693624034771116, 39.316331004713213 ], [ 26.693555996231286, 39.31634411375488 ], [ 26.693576530446219, 39.316405185911755 ] ] ] } },
{ "type": "Feature", "properties": { "fid": 8317, "Layer": "Wall" }, "geometry": { "type": "MultiLineString", "coordinates": [ [ [ 26.693624700982891, 39.316333091505996 ], [ 26.693559383301157, 39.316345675970716 ], [ 26.693579207275963, 39.316404642472357 ] ] ] } },
{ "type": "Feature", "properties": { "fid": 8318, "Layer": "Wall" }, "geometry": { "type": "MultiLineString", "coordinates": [ [ [ 26.693375438578986, 39.316220630410832 ], [ 26.693412534294268, 39.316205399399379 ] ] ] } },
{ "type": "Feature", "properties": { "fid": 8319, "Layer": "Wall" }, "geometry": { "type": "MultiLineString", "coordinates": [ [ [ 26.693376731196103, 39.316222531201127 ], [ 26.693413826914988, 39.316207301089761 ] ] ] } },
{ "type": "Feature", "properties": { "fid": 8320, "Layer": "Wall" }, "geometry": { "type": "MultiLineString", "coordinates": [ [ [ 26.69317691393454, 39.316503021198393 ], [ 26.693165149866008, 39.316454980282344 ] ] ] } },
{ "type": "Feature", "properties": { "fid": 8321, "Layer": "Wall" }, "geometry": { "type": "MultiLineString", "coordinates": [ [ [ 26.6931796316555, 39.316502619942902 ], [ 26.693167867586716, 39.316454579026932 ] ] ] } },
{ "type": "Feature", "properties": { "fid": 8325, "Layer": "Wall" }, "geometry": { "type": "MultiLineString", "coordinates": [ [ [ 26.693723683108342, 39.316399702973428 ], [ 26.693717927534554, 39.316363671497506 ] ] ] } },
{ "type": "Feature", "properties": { "fid": 8326, "Layer": "Wall" }, "geometry": { "type": "MultiLineString", "coordinates": [ [ [ 26.693720934371367, 39.316399967438358 ], [ 26.693715179691537, 39.316363935061467 ] ] ] } },
{ "type": "Feature", "properties": { "fid": 8342, "Layer": "Wall" }, "geometry": { "type": "MultiLineString", "coordinates": [ [ [ 26.69317691393454, 39.316503021198393 ], [ 26.6931796316555, 39.316502619942902 ] ] ] } },
{ "type": "Feature", "properties": { "fid": 8344, "Layer": "Wall" }, "geometry": { "type": "MultiLineString", "coordinates": [ [ [ 26.693700907059153, 39.316261269273141 ], [ 26.6936821883004, 39.316176570594742 ] ] ] } },
{ "type": "Feature", "properties": { "fid": 8346, "Layer": "Wall" }, "geometry": { "type": "MultiLineString", "coordinates": [ [ [ 26.693211451885116, 39.316230568227624 ], [ 26.693315157089003, 39.316203987462679 ] ] ] } },
{ "type": "Feature", "properties": { "fid": 8347, "Layer": "Wall" }, "geometry": { "type": "MultiLineString", "coordinates": [ [ [ 26.693210583985628, 39.316228525726231 ], [ 26.693314288298456, 39.316201946762483 ] ] ] } },
{ "type": "Feature", "properties": { "fid": 8349, "Layer": "Wall" }, "geometry": { "type": "MultiLineString", "coordinates": [ [ [ 26.693333518760127, 39.316197942408486 ], [ 26.693349813272899, 39.316192579753107 ] ] ] } },
{ "type": "Feature", "properties": { "fid": 8350, "Layer": "Wall" }, "geometry": { "type": "MultiLineString", "coordinates": [ [ [ 26.69333243937054, 39.316195963110701 ], [ 26.693348733883202, 39.316190600455393 ] ] ] } },
{ "type": "Feature", "properties": { "fid": 8352, "Layer": "Wall" }, "geometry": { "type": "MultiLineString", "coordinates": [ [ [ 26.693365818351339, 39.316098733522743 ], [ 26.693338080502844, 39.316052533650037 ], [ 26.693366248564331, 39.316043777389403 ] ] ] } },
{ "type": "Feature", "properties": { "fid": 8353, "Layer": "Wall" }, "geometry": { "type": "MultiLineString", "coordinates": [ [ [ 26.693380480718805, 39.316128244367249 ], [ 26.693380384133693, 39.316128084232574 ] ] ] } },
{ "type": "Feature", "properties": { "fid": 8354, "Layer": "Wall" }, "geometry": { "type": "MultiLineString", "coordinates": [ [ [ 26.693363247461043, 39.316099539702748 ], [ 26.693334336108787, 39.316051383121938 ], [ 26.693365221148699, 39.31604178184152 ] ] ] } },
{ "type": "Feature", "properties": { "fid": 8367, "Layer": "Wall" }, "geometry": { "type": "MultiLineString", "coordinates": [ [ [ 26.693224307169391, 39.316098629519033 ], [ 26.693337629121114, 39.316056868198764 ] ] ] } },
{ "type": "Feature", "properties": { "fid": 8368, "Layer": "Wall" }, "geometry": { "type": "MultiLineString", "coordinates": [ [ [ 26.69322312205643, 39.316096687223656 ], [ 26.693336458338145, 39.316054919589376 ] ] ] } },
{ "type": "Feature", "properties": { "fid": 8378, "Layer": "Wall" }, "geometry": { "type": "MultiLineString", "coordinates": [ [ [ 26.692466062750341, 39.318121698996521 ], [ 26.69247970316782, 39.318066109683919 ], [ 26.692408800288167, 39.318061224984234 ] ] ] } },
{ "type": "Feature", "properties": { "fid": 8379, "Layer": "Wall" }, "geometry": { "type": "MultiLineString", "coordinates": [ [ [ 26.692463342957467, 39.318121295535491 ], [ 26.692476411577875, 39.318068040787644 ], [ 26.692408555228706, 39.318063366620869 ] ] ] } },
{ "type": "Feature", "properties": { "fid": 8382, "Layer": "Wall" }, "geometry": { "type": "MultiLineString", "coordinates": [ [ [ 26.691970426158463, 39.317631049845623 ], [ 26.691983583461287, 39.317518820205038 ] ] ] } },
{ "type": "Feature", "properties": { "fid": 8383, "Layer": "Wall" }, "geometry": { "type": "MultiLineString", "coordinates": [ [ [ 26.691967671263406, 39.31763085614655 ], [ 26.691980827662299, 39.317518624706558 ] ] ] } },
{ "type": "Feature", "properties": { "fid": 8385, "Layer": "Wall" }, "geometry": { "type": "MultiLineString", "coordinates": [ [ [ 26.691778093088836, 39.317464505031928 ], [ 26.691763517976561, 39.3176193067805 ] ] ] } },
{ "type": "Feature", "properties": { "fid": 8386, "Layer": "Wall" }, "geometry": { "type": "MultiLineString", "coordinates": [ [ [ 26.691780855022543, 39.317464661819358 ], [ 26.691766278119083, 39.317619464469729 ] ] ] } },
{ "type": "Feature", "properties": { "fid": 8395, "Layer": "Wall" }, "geometry": { "type": "MultiLineString", "coordinates": [ [ [ 26.691371123268684, 39.317213631298678 ], [ 26.691381294739156, 39.317266461472478 ], [ 26.691522076642766, 39.31729158541674 ], [ 26.691580294834363, 39.317287985451813 ] ] ] } },
{ "type": "Feature", "properties": { "fid": 8396, "Layer": "Wall" }, "geometry": { "type": "MultiLineString", "coordinates": [ [ [ 26.691373859218903, 39.317213312840956 ], [ 26.691383753496634, 39.317264693157604 ], [ 26.691522282132397, 39.317289415911524 ], [ 26.691580075191325, 39.317285844241013 ] ] ] } },
{ "type": "Feature", "properties": { "fid": 8405, "Layer": "Wall" }, "geometry": { "type": "MultiLineString", "coordinates": [ [ [ 26.692009636681721, 39.317303440766786 ], [ 26.692053873567438, 39.317305263418383 ], [ 26.692057206462874, 39.317243926306055 ] ] ] } },
{ "type": "Feature", "properties": { "fid": 8406, "Layer": "Wall" }, "geometry": { "type": "MultiLineString", "coordinates": [ [ [ 26.692009783048341, 39.317301294719222 ], [ 26.692051227648715, 39.317303002017653 ], [ 26.692054443875772, 39.317243836129308 ] ] ] } },
{ "type": "Feature", "properties": { "fid": 8415, "Layer": "Wall" }, "geometry": { "type": "MultiLineString", "coordinates": [ [ [ 26.692217567798327, 39.317609778736738 ], [ 26.692242869380276, 39.31761120561282 ] ] ] } },
{ "type": "Feature", "properties": { "fid": 8416, "Layer": "Wall" }, "geometry": { "type": "MultiLineString", "coordinates": [ [ [ 26.692217767099212, 39.317607634441224 ], [ 26.692243070482142, 39.317609063115832 ] ] ] } },
{ "type": "Feature", "properties": { "fid": 8422, "Layer": "Wall" }, "geometry": { "type": "MultiLineString", "coordinates": [ [ [ 26.692084084105094, 39.317474458565513 ], [ 26.692095911344552, 39.317377824910295 ] ] ] } },
{ "type": "Feature", "properties": { "fid": 8423, "Layer": "Wall" }, "geometry": { "type": "MultiLineString", "coordinates": [ [ [ 26.692086839041359, 39.317474663065923 ], [ 26.692098667174712, 39.317378028509737 ] ] ] } },
{ "type": "Feature", "properties": { "fid": 8434, "Layer": "Wall" }, "geometry": { "type": "MultiLineString", "coordinates": [ [ [ 26.692552452543424, 39.317268949699375 ], [ 26.692739943210075, 39.317269824327866 ] ] ] } },
{ "type": "Feature", "properties": { "fid": 8437, "Layer": "Wall" }, "geometry": { "type": "MultiLineString", "coordinates": [ [ [ 26.692736530630278, 39.317061997019856 ], [ 26.692735629770773, 39.317007138434882 ], [ 26.692534268280493, 39.317008841018975 ], [ 26.692539937473441, 39.317070033050378 ] ] ] } },
{ "type": "Feature", "properties": { "fid": 8438, "Layer": "Wall" }, "geometry": { "type": "MultiLineString", "coordinates": [ [ [ 26.692733762191335, 39.317062024766649 ], [ 26.692732897972995, 39.317009311161328 ], [ 26.692537238465405, 39.317010968001959 ], [ 26.692542697369664, 39.317069879293335 ] ] ] } },
{ "type": "Feature", "properties": { "fid": 8459, "Layer": "Wall" }, "geometry": { "type": "MultiLineString", "coordinates": [ [ [ 26.692710815228239, 39.317532190757404 ], [ 26.692715040751008, 39.317501896558575 ] ] ] } },
{ "type": "Feature", "properties": { "fid": 8460, "Layer": "Wall" }, "geometry": { "type": "MultiLineString", "coordinates": [ [ [ 26.692708063772571, 39.317531959250779 ], [ 26.692712289295326, 39.317501665052006 ] ] ] } },
{ "type": "Feature", "properties": { "fid": 8462, "Layer": "Wall" }, "geometry": { "type": "MultiLineString", "coordinates": [ [ [ 26.692640673235662, 39.317384305109947 ], [ 26.6924810795614, 39.317374162299572 ], [ 26.692469867899661, 39.317463811273846 ] ] ] } },
{ "type": "Feature", "properties": { "fid": 8463, "Layer": "Wall" }, "geometry": { "type": "MultiLineString", "coordinates": [ [ [ 26.692640448809339, 39.317386448528801 ], [ 26.692483568685052, 39.317376476951424 ], [ 26.692472622853852, 39.317464019374249 ] ] ] } },
{ "type": "Feature", "properties": { "fid": 8472, "Layer": "Wall" }, "geometry": { "type": "MultiLineString", "coordinates": [ [ [ 26.692928058129841, 39.317659509166553 ], [ 26.692991672203256, 39.317663233069261 ] ] ] } },
{ "type": "Feature", "properties": { "fid": 8473, "Layer": "Wall" }, "geometry": { "type": "MultiLineString", "coordinates": [ [ [ 26.692928267299347, 39.317657364861887 ], [ 26.69299188047896, 39.317661089665584 ] ] ] } },
{ "type": "Feature", "properties": { "fid": 8588, "Layer": "Wall" }, "geometry": { "type": "MultiLineString", "coordinates": [ [ [ 26.692551148295909, 39.31829635605002 ], [ 26.692551400480532, 39.318265623552122 ] ] ] } },
{ "type": "Feature", "properties": { "fid": 8589, "Layer": "Wall" }, "geometry": { "type": "MultiLineString", "coordinates": [ [ [ 26.692553915087991, 39.318296368810913 ], [ 26.692554169070167, 39.318265637211503 ] ] ] } },
{ "type": "Feature", "properties": { "fid": 8590, "Layer": "Wall" }, "geometry": { "type": "MultiLineString", "coordinates": [ [ [ 26.693200877183038, 39.318093171157116 ], [ 26.693201008804365, 39.318070087178107 ] ] ] } },
{ "type": "Feature", "properties": { "fid": 8591, "Layer": "Wall" }, "geometry": { "type": "MultiLineString", "coordinates": [ [ [ 26.693198109489458, 39.318093160198671 ], [ 26.693198242014599, 39.31807007801914 ] ] ] } },
{ "type": "Feature", "properties": { "fid": 8649, "Layer": "Wall" }, "geometry": { "type": "MultiLineString", "coordinates": [ [ [ 26.694945325455709, 39.323039662595967 ], [ 26.694993547049258, 39.323025762542763 ] ] ] } },
{ "type": "Feature", "properties": { "fid": 8650, "Layer": "Wall" }, "geometry": { "type": "MultiLineString", "coordinates": [ [ [ 26.694944362358545, 39.323037647211009 ], [ 26.694992584844623, 39.323023746257 ] ] ] } },
{ "type": "Feature", "properties": { "fid": 8651, "Layer": "Wall" }, "geometry": { "type": "MultiLineString", "coordinates": [ [ [ 26.695082261205251, 39.322929621481023 ], [ 26.695069625990268, 39.322906703424017 ] ] ] } },
{ "type": "Feature", "properties": { "fid": 8652, "Layer": "Wall" }, "geometry": { "type": "MultiLineString", "coordinates": [ [ [ 26.695079718265966, 39.322930466341404 ], [ 26.695067081260795, 39.322907549186084 ] ] ] } },
{ "type": "Feature", "properties": { "fid": 8653, "Layer": "Wall" }, "geometry": { "type": "MultiLineString", "coordinates": [ [ [ 26.695053301511997, 39.322872819875165 ], [ 26.695034897334857, 39.322834623049658 ], [ 26.694898008206643, 39.322875367305798 ] ] ] } },
{ "type": "Feature", "properties": { "fid": 8654, "Layer": "Wall" }, "geometry": { "type": "MultiLineString", "coordinates": [ [ [ 26.69505070888728, 39.322873573868819 ], [ 26.695033284894368, 39.322837405915536 ], [ 26.694898996379813, 39.322877374568257 ] ] ] } },
{ "type": "Feature", "properties": { "fid": 8655, "Layer": "Wall" }, "geometry": { "type": "MultiLineString", "coordinates": [ [ [ 26.695034897334857, 39.322834623049658 ], [ 26.69501647838344, 39.322792732124725 ], [ 26.695038979409009, 39.322785702118075 ] ] ] } },
{ "type": "Feature", "properties": { "fid": 8656, "Layer": "Wall" }, "geometry": { "type": "MultiLineString", "coordinates": [ [ [ 26.695032278472745, 39.322835318559363 ], [ 26.695013013393442, 39.322791497651217 ], [ 26.695037947324263, 39.322783707497734 ] ] ] } },
{ "type": "Feature", "properties": { "fid": 8657, "Layer": "Wall" }, "geometry": { "type": "MultiLineString", "coordinates": [ [ [ 26.695245359715244, 39.322954553760702 ], [ 26.695295290370574, 39.322936750053529 ], [ 26.695271584914295, 39.322869479717141 ] ] ] } },
{ "type": "Feature", "properties": { "fid": 8658, "Layer": "Wall" }, "geometry": { "type": "MultiLineString", "coordinates": [ [ [ 26.695244204845785, 39.322952598861974 ], [ 26.695292000439487, 39.322935556829457 ], [ 26.695268915306418, 39.322870046558499 ] ] ] } },
{ "type": "Feature", "properties": { "fid": 8659, "Layer": "Wall" }, "geometry": { "type": "MultiLineString", "coordinates": [ [ [ 26.695295290370574, 39.322936750053529 ], [ 26.695364283628727, 39.322913843038975 ] ] ] } },
{ "type": "Feature", "properties": { "fid": 8660, "Layer": "Wall" }, "geometry": { "type": "MultiLineString", "coordinates": [ [ [ 26.695294203602099, 39.322934773489209 ], [ 26.69536319506398, 39.322911866476495 ] ] ] } },
{ "type": "Feature", "properties": { "fid": 8661, "Layer": "Wall" }, "geometry": { "type": "MultiLineString", "coordinates": [ [ [ 26.695426894833478, 39.322802035930401 ], [ 26.695416157072604, 39.322753489644825 ], [ 26.695339639068294, 39.322766187245293 ], [ 26.695368540787644, 39.322818518873014 ] ] ] } },
{ "type": "Feature", "properties": { "fid": 8662, "Layer": "Wall" }, "geometry": { "type": "MultiLineString", "coordinates": [ [ [ 26.695424166127612, 39.322802400300901 ], [ 26.695413918477282, 39.322756058862694 ], [ 26.69534350993289, 39.3227677426827 ], [ 26.695371086436122, 39.322817672206916 ] ] ] } },
{ "type": "Feature", "properties": { "fid": 8663, "Layer": "Wall" }, "geometry": { "type": "MultiLineString", "coordinates": [ [ [ 26.695461054928469, 39.322771280485142 ], [ 26.695451769267525, 39.322743748916167 ], [ 26.695468626342404, 39.322739515363025 ], [ 26.695465207269979, 39.322729313831992 ], [ 26.695488950873006, 39.322720523792078 ] ] ] } },
{ "type": "Feature", "properties": { "fid": 8664, "Layer": "Wall" }, "geometry": { "type": "MultiLineString", "coordinates": [ [ [ 26.695463732713687, 39.322770735236567 ], [ 26.695455109414183, 39.322745169823492 ], [ 26.69547196200169, 39.322740935374156 ], [ 26.69546846215901, 39.322730489984643 ], [ 26.695490139775622, 39.322722464257929 ] ] ] } },
{ "type": "Feature", "properties": { "fid": 8665, "Layer": "Wall" }, "geometry": { "type": "MultiLineString", "coordinates": [ [ [ 26.695643538101653, 39.322533361372962 ], [ 26.695593562962962, 39.322369947763498 ], [ 26.695579106071126, 39.322370695628166 ] ] ] } },
{ "type": "Feature", "properties": { "fid": 8666, "Layer": "Wall" }, "geometry": { "type": "MultiLineString", "coordinates": [ [ [ 26.695640845753996, 39.322533856230251 ], [ 26.695591412897887, 39.322372214463762 ], [ 26.695579288199134, 39.322372842256385 ] ] ] } },
{ "type": "Feature", "properties": { "fid": 8668, "Layer": "Wall" }, "geometry": { "type": "MultiLineString", "coordinates": [ [ [ 26.695477252166988, 39.322381890988716 ], [ 26.695549751019602, 39.322373654465224 ] ] ] } },
{ "type": "Feature", "properties": { "fid": 8669, "Layer": "Wall" }, "geometry": { "type": "MultiLineString", "coordinates": [ [ [ 26.695477652233134, 39.322384018513205 ], [ 26.69555015198134, 39.322375781088489 ] ] ] } },
{ "type": "Feature", "properties": { "fid": 8670, "Layer": "Wall" }, "geometry": { "type": "MultiLineString", "coordinates": [ [ [ 26.695522977194706, 39.322447427288942 ], [ 26.695503987326219, 39.322402990403937 ], [ 26.695539424050061, 39.322392824056159 ], [ 26.695532127373134, 39.322375657327207 ] ] ] } },
{ "type": "Feature", "properties": { "fid": 8671, "Layer": "Wall" }, "geometry": { "type": "MultiLineString", "coordinates": [ [ [ 26.695525616020909, 39.322446778561009 ], [ 26.695507457072129, 39.322404286977104 ], [ 26.695542890207559, 39.322394119732074 ], [ 26.695534755339047, 39.322374983405744 ] ] ] } },
{ "type": "Feature", "properties": { "fid": 8672, "Layer": "Wall" }, "geometry": { "type": "MultiLineString", "coordinates": [ [ [ 26.695401942408758, 39.322388150713323 ], [ 26.695027313645561, 39.322434641285312 ], [ 26.695012094105497, 39.322399050897488 ] ] ] } },
{ "type": "Feature", "properties": { "fid": 8673, "Layer": "Wall" }, "geometry": { "type": "MultiLineString", "coordinates": [ [ [ 26.695019096987611, 39.322415426705476 ], [ 26.695059322533648, 39.322410134688482 ], [ 26.695066272340576, 39.322429806799008 ], [ 26.695027313645561, 39.322434641285312 ], [ 26.695019096987611, 39.322415426705476 ] ] ] } },
{ "type": "Feature", "properties": { "fid": 8674, "Layer": "Wall" }, "geometry": { "type": "MultiLineString", "coordinates": [ [ [ 26.694877979663275, 39.322227190382193 ], [ 26.694791634349922, 39.322149066171434 ] ] ] } },
{ "type": "Feature", "properties": { "fid": 8675, "Layer": "Wall" }, "geometry": { "type": "MultiLineString", "coordinates": [ [ [ 26.694875880204872, 39.322228590211253 ], [ 26.694789534001885, 39.322150467801443 ] ] ] } },
{ "type": "Feature", "properties": { "fid": 8676, "Layer": "Wall" }, "geometry": { "type": "MultiLineString", "coordinates": [ [ [ 26.694695382471824, 39.322156129013628 ], [ 26.694630776024336, 39.32216085746915 ], [ 26.694616956695477, 39.32219510915877 ] ] ] } },
{ "type": "Feature", "properties": { "fid": 8677, "Layer": "Wall" }, "geometry": { "type": "MultiLineString", "coordinates": [ [ [ 26.694695643502417, 39.322158269271107 ], [ 26.69463286672752, 39.322162862823021 ], [ 26.694619598514564, 39.322195752115483 ] ] ] } },
{ "type": "Feature", "properties": { "fid": 8678, "Layer": "Wall" }, "geometry": { "type": "MultiLineString", "coordinates": [ [ [ 26.694694861727822, 39.322360903418364 ], [ 26.694744714071632, 39.3223460081391 ] ] ] } },
{ "type": "Feature", "properties": { "fid": 8679, "Layer": "Wall" }, "geometry": { "type": "MultiLineString", "coordinates": [ [ [ 26.694693868215072, 39.322358896155471 ], [ 26.694743720562201, 39.322344001776386 ] ] ] } },
{ "type": "Feature", "properties": { "fid": 8680, "Layer": "Wall" }, "geometry": { "type": "MultiLineString", "coordinates": [ [ [ 26.694530191945653, 39.322597048743823 ], [ 26.694552009724596, 39.32266302302309 ] ] ] } },
{ "type": "Feature", "properties": { "fid": 8681, "Layer": "Wall" }, "geometry": { "type": "MultiLineString", "coordinates": [ [ [ 26.694532872398309, 39.322596514302298 ], [ 26.694554690177885, 39.322662488581479 ] ] ] } },
{ "type": "Feature", "properties": { "fid": 8682, "Layer": "Wall" }, "geometry": { "type": "MultiLineString", "coordinates": [ [ [ 26.69462090228388, 39.322731008005022 ], [ 26.694599596001645, 39.32274767811144 ], [ 26.694656643067546, 39.322825690539212 ] ] ] } },
{ "type": "Feature", "properties": { "fid": 8683, "Layer": "Wall" }, "geometry": { "type": "MultiLineString", "coordinates": [ [ [ 26.694622865573834, 39.322732522904353 ], [ 26.694603039702788, 39.322748034988763 ], [ 26.694659048805228, 39.322824629778196 ] ] ] } },
{ "type": "Feature", "properties": { "fid": 8691, "Layer": "Wall" }, "geometry": { "type": "MultiLineString", "coordinates": [ [ [ 26.694879807110674, 39.322926737874027 ], [ 26.694918809572627, 39.322909778713175 ], [ 26.694898008206643, 39.322875367305798 ], [ 26.694856445438045, 39.322888094649223 ] ] ] } },
{ "type": "Feature", "properties": { "fid": 8692, "Layer": "Wall" }, "geometry": { "type": "MultiLineString", "coordinates": [ [ [ 26.694990503325304, 39.322914131303065 ], [ 26.69495658325873, 39.32287604329872 ], [ 26.694912568532743, 39.322899456462515 ] ] ] } },
{ "type": "Feature", "properties": { "fid": 8693, "Layer": "Wall" }, "geometry": { "type": "MultiLineString", "coordinates": [ [ [ 26.695017727677349, 39.322888304187508 ], [ 26.694984692178675, 39.322851868891618 ] ] ] } },
{ "type": "Feature", "properties": { "fid": 8694, "Layer": "Wall" }, "geometry": { "type": "MultiLineString", "coordinates": [ [ [ 26.695222381193918, 39.322868359480864 ], [ 26.6952816513679, 39.322850100693145 ] ] ] } },
{ "type": "Feature", "properties": { "fid": 8695, "Layer": "Wall" }, "geometry": { "type": "MultiLineString", "coordinates": [ [ [ 26.69547846853909, 39.322458367122699 ], [ 26.695608022100448, 39.322426527006925 ] ] ] } },
{ "type": "Feature", "properties": { "fid": 8696, "Layer": "Wall" }, "geometry": { "type": "MultiLineString", "coordinates": [ [ [ 26.694625171007889, 39.322464085862983 ], [ 26.694666723057384, 39.322449486281414 ] ] ] } },
{ "type": "Feature", "properties": { "fid": 8697, "Layer": "Wall" }, "geometry": { "type": "MultiLineString", "coordinates": [ [ [ 26.695488950873006, 39.322720523792078 ], [ 26.69535172910842, 39.322394382739837 ] ] ] } },
{ "type": "Feature", "properties": { "fid": 8711, "Layer": "Wall" }, "geometry": { "type": "MultiLineString", "coordinates": [ [ [ 26.696211799202256, 39.320728052028436 ], [ 26.696217323022065, 39.320703049481949 ], [ 26.696150581318268, 39.320671700303045 ] ] ] } },
{ "type": "Feature", "properties": { "fid": 8712, "Layer": "Wall" }, "geometry": { "type": "MultiLineString", "coordinates": [ [ [ 26.696209071345375, 39.320727688197508 ], [ 26.696214276686039, 39.320704131550059 ], [ 26.696149149126303, 39.320673539687014 ] ] ] } },
{ "type": "Feature", "properties": { "fid": 8733, "Layer": "Wall" }, "geometry": { "type": "MultiLineString", "coordinates": [ [ [ 26.695809714423799, 39.320893521294906 ], [ 26.695825897304776, 39.320936719671337 ] ] ] } },
{ "type": "Feature", "properties": { "fid": 8734, "Layer": "Wall" }, "geometry": { "type": "MultiLineString", "coordinates": [ [ [ 26.695812371377546, 39.320892920256213 ], [ 26.695828556053868, 39.320936118630911 ] ] ] } },
{ "type": "Feature", "properties": { "fid": 8735, "Layer": "Wall" }, "geometry": { "type": "MultiLineString", "coordinates": [ [ [ 26.695927332986638, 39.321114474919462 ], [ 26.695997193542784, 39.321251663520393 ] ] ] } },
{ "type": "Feature", "properties": { "fid": 8736, "Layer": "Wall" }, "geometry": { "type": "MultiLineString", "coordinates": [ [ [ 26.695929906698058, 39.321113684030017 ], [ 26.695999767254328, 39.321250871730406 ] ] ] } },
{ "type": "Feature", "properties": { "fid": 8761, "Layer": "Wall" }, "geometry": { "type": "MultiLineString", "coordinates": [ [ [ 26.695497092972463, 39.321032531288978 ], [ 26.695623498809457, 39.321031860123213 ], [ 26.695623176817769, 39.320900197858222 ] ] ] } },
{ "type": "Feature", "properties": { "fid": 8762, "Layer": "Wall" }, "geometry": { "type": "MultiLineString", "coordinates": [ [ [ 26.695623176817769, 39.320900197858222 ], [ 26.695658228971713, 39.320899719034699 ] ] ] } },
{ "type": "Feature", "properties": { "fid": 8763, "Layer": "Wall" }, "geometry": { "type": "MultiLineString", "coordinates": [ [ [ 26.695658228971713, 39.320899719034699 ], [ 26.695650718942428, 39.32100428478924 ] ] ] } },
{ "type": "Feature", "properties": { "fid": 8764, "Layer": "Wall" }, "geometry": { "type": "MultiLineString", "coordinates": [ [ [ 26.695750879292724, 39.320860846087292 ], [ 26.69574348752306, 39.320805069297982 ], [ 26.695756948206128, 39.320733805452598 ] ] ] } },
{ "type": "Feature", "properties": { "fid": 8765, "Layer": "Wall" }, "geometry": { "type": "MultiLineString", "coordinates": [ [ [ 26.695627540156377, 39.320601867137519 ], [ 26.695613328864173, 39.320597946694008 ], [ 26.695585249595492, 39.320668701074631 ] ] ] } },
{ "type": "Feature", "properties": { "fid": 8766, "Layer": "Wall" }, "geometry": { "type": "MultiLineString", "coordinates": [ [ [ 26.695494891459052, 39.320959746301483 ], [ 26.69562331557869, 39.320957318030267 ] ] ] } },
{ "type": "Feature", "properties": { "fid": 8767, "Layer": "Wall" }, "geometry": { "type": "MultiLineString", "coordinates": [ [ [ 26.695494824223324, 39.320957596858655 ], [ 26.695623249238569, 39.320955168586813 ] ] ] } },
{ "type": "Feature", "properties": { "fid": 8768, "Layer": "Wall" }, "geometry": { "type": "MultiLineString", "coordinates": [ [ [ 26.695703480140132, 39.32094154579039 ], [ 26.695654951527594, 39.320945353130938 ] ] ] } },
{ "type": "Feature", "properties": { "fid": 8769, "Layer": "Wall" }, "geometry": { "type": "MultiLineString", "coordinates": [ [ [ 26.695703202113119, 39.320939408244136 ], [ 26.695654674391747, 39.320943213783472 ] ] ] } },
{ "type": "Feature", "properties": { "fid": 8782, "Layer": "Wall" }, "geometry": { "type": "MultiLineString", "coordinates": [ [ [ 26.69500433936788, 39.320725115930287 ], [ 26.694932560366485, 39.320720625638231 ], [ 26.694927601776353, 39.320776930526826 ] ] ] } },
{ "type": "Feature", "properties": { "fid": 8783, "Layer": "Wall" }, "geometry": { "type": "MultiLineString", "coordinates": [ [ [ 26.695004116786446, 39.320727258440634 ], [ 26.694935130377367, 39.320722944700421 ], [ 26.694930361063747, 39.320777077405097 ] ] ] } },
{ "type": "Feature", "properties": { "fid": 8804, "Layer": "Wall" }, "geometry": { "type": "MultiLineString", "coordinates": [ [ [ 26.694932560366485, 39.320720625638231 ], [ 26.694920861146709, 39.320720766938706 ] ] ] } },
{ "type": "Feature", "properties": { "fid": 8805, "Layer": "Wall" }, "geometry": { "type": "MultiLineString", "coordinates": [ [ [ 26.694904878991931, 39.320703113049582 ], [ 26.694903685167581, 39.320695486462668 ] ] ] } },
{ "type": "Feature", "properties": { "fid": 8806, "Layer": "Wall" }, "geometry": { "type": "MultiLineString", "coordinates": [ [ [ 26.694907138686453, 39.320620720420607 ], [ 26.694902706948135, 39.320580077405538 ] ] ] } },
{ "type": "Feature", "properties": { "fid": 8807, "Layer": "Wall" }, "geometry": { "type": "MultiLineString", "coordinates": [ [ [ 26.694905584421516, 39.320464554959514 ], [ 26.694942308220995, 39.320369107480616 ] ] ] } },
{ "type": "Feature", "properties": { "fid": 8808, "Layer": "Wall" }, "geometry": { "type": "MultiLineString", "coordinates": [ [ [ 26.694942308220995, 39.320369107480616 ], [ 26.694837080530419, 39.32033365925578 ] ] ] } },
{ "type": "Feature", "properties": { "fid": 8809, "Layer": "Wall" }, "geometry": { "type": "MultiLineString", "coordinates": [ [ [ 26.694837080530419, 39.32033365925578 ], [ 26.694719783866866, 39.320515354772347 ] ] ] } },
{ "type": "Feature", "properties": { "fid": 8829, "Layer": "Wall" }, "geometry": { "type": "MultiLineString", "coordinates": [ [ [ 26.694931003108, 39.32106968950356 ], [ 26.694845079403468, 39.321076669068354 ], [ 26.694838275067564, 39.321035708724551 ] ] ] } },
{ "type": "Feature", "properties": { "fid": 8830, "Layer": "Wall" }, "geometry": { "type": "MultiLineString", "coordinates": [ [ [ 26.694930715215357, 39.32106755106544 ], [ 26.694847478558053, 39.321074312123443 ], [ 26.694841020210212, 39.321035431656014 ] ] ] } },
{ "type": "Feature", "properties": { "fid": 8831, "Layer": "Wall" }, "geometry": { "type": "MultiLineString", "coordinates": [ [ [ 26.695243808607831, 39.320901918814904 ], [ 26.695190961056959, 39.320903928033268 ] ] ] } },
{ "type": "Feature", "properties": { "fid": 8832, "Layer": "Wall" }, "geometry": { "type": "MultiLineString", "coordinates": [ [ [ 26.694922489421529, 39.320875470460244 ], [ 26.694910775710017, 39.320872207490012 ] ] ] } },
{ "type": "Feature", "properties": { "fid": 8834, "Layer": "Wall" }, "geometry": { "type": "MultiLineString", "coordinates": [ [ [ 26.694902474575255, 39.321709142702446 ], [ 26.694968444961386, 39.321697180420053 ], [ 26.69495453678763, 39.321649103080148 ] ] ] } },
{ "type": "Feature", "properties": { "fid": 8835, "Layer": "Wall" }, "geometry": { "type": "MultiLineString", "coordinates": [ [ [ 26.694901845010392, 39.321707048688431 ], [ 26.6949651427981, 39.321695571337642 ], [ 26.694951834536997, 39.321649575437242 ] ] ] } },
{ "type": "Feature", "properties": { "fid": 8839, "Layer": "Wall" }, "geometry": { "type": "MultiLineString", "coordinates": [ [ [ 26.695189837032267, 39.321591506625914 ], [ 26.695151028260863, 39.321597380645343 ], [ 26.695059347279471, 39.321616871027516 ], [ 26.695034617991329, 39.32155161033824 ], [ 26.695167948458241, 39.321534021319387 ], [ 26.695189837032267, 39.321591506625914 ] ] ] } },
{ "type": "Feature", "properties": { "fid": 8840, "Layer": "Wall" }, "geometry": { "type": "MultiLineString", "coordinates": [ [ [ 26.69518631935679, 39.321589849137119 ], [ 26.695150397799292, 39.321595286632039 ], [ 26.695061234917357, 39.321614240016956 ], [ 26.695038153808028, 39.321553324520011 ], [ 26.695165991011489, 39.321536459768211 ], [ 26.69518631935679, 39.321589849137119 ] ] ] } },
{ "type": "Feature", "properties": { "fid": 8842, "Layer": "Wall" }, "geometry": { "type": "MultiLineString", "coordinates": [ [ [ 26.695156205942485, 39.321503895903817 ], [ 26.695152662275717, 39.321494806990707 ], [ 26.695018474041387, 39.321514999962069 ], [ 26.695034617991329, 39.32155161033824 ] ] ] } },
{ "type": "Feature", "properties": { "fid": 8843, "Layer": "Wall" }, "geometry": { "type": "MultiLineString", "coordinates": [ [ [ 26.695153557176987, 39.321504519434413 ], [ 26.695150739074723, 39.321497286813845 ], [ 26.695022122617083, 39.321516639329694 ], [ 26.69503723686773, 39.321550913025675 ] ] ] } },
{ "type": "Feature", "properties": { "fid": 8852, "Layer": "Wall" }, "geometry": { "type": "MultiLineString", "coordinates": [ [ [ 26.695272333141105, 39.321485187654595 ], [ 26.695333566660629, 39.321486547051556 ], [ 26.695329442892067, 39.321415660462293 ] ] ] } },
{ "type": "Feature", "properties": { "fid": 8853, "Layer": "Wall" }, "geometry": { "type": "MultiLineString", "coordinates": [ [ [ 26.695272413920616, 39.321483038077126 ], [ 26.695330667729351, 39.321484332714334 ], [ 26.695326679102887, 39.321415756625875 ] ] ] } },
{ "type": "Feature", "properties": { "fid": 8856, "Layer": "Wall" }, "geometry": { "type": "MultiLineString", "coordinates": [ [ [ 26.695270826255353, 39.321311531137297 ], [ 26.695217527667918, 39.321308584682235 ], [ 26.695187328463515, 39.321307862731928 ], [ 26.695193638835349, 39.321266501464407 ], [ 26.695273126488889, 39.321272134046907 ], [ 26.695270826255353, 39.321311531137297 ] ] ] } },
{ "type": "Feature", "properties": { "fid": 8857, "Layer": "Wall" }, "geometry": { "type": "MultiLineString", "coordinates": [ [ [ 26.69526818988718, 39.321309231944284 ], [ 26.69521766947063, 39.321306437747957 ], [ 26.695190430245027, 39.321305785077683 ], [ 26.695196070760307, 39.321268831451128 ], [ 26.695270242249862, 39.321274088183721 ], [ 26.69526818988718, 39.321309231944284 ] ] ] } },
{ "type": "Feature", "properties": { "fid": 8865, "Layer": "Wall" }, "geometry": { "type": "MultiLineString", "coordinates": [ [ [ 26.695111587563183, 39.321234775637443 ], [ 26.695197385236696, 39.321236208724315 ] ] ] } },
{ "type": "Feature", "properties": { "fid": 8866, "Layer": "Wall" }, "geometry": { "type": "MultiLineString", "coordinates": [ [ [ 26.695111793879544, 39.321236929451985 ], [ 26.695197326876908, 39.321238358282244 ] ] ] } },
{ "type": "Feature", "properties": { "fid": 8867, "Layer": "Wall" }, "geometry": { "type": "MultiLineString", "coordinates": [ [ [ 26.695204006344692, 39.321161049178997 ], [ 26.695203858438301, 39.321171893151075 ], [ 26.695119203257946, 39.321169848723407 ], [ 26.69512026888297, 39.32109026116229 ], [ 26.695171490908159, 39.321088776422521 ] ] ] } },
{ "type": "Feature", "properties": { "fid": 8868, "Layer": "Wall" }, "geometry": { "type": "MultiLineString", "coordinates": [ [ [ 26.695203888692731, 39.321169664407549 ], [ 26.695201120110909, 39.321169675962388 ], [ 26.695121999093267, 39.321167766850756 ], [ 26.695123009352724, 39.321092333429405 ], [ 26.695171594024121, 39.3210909240319 ] ] ] } },
{ "type": "Feature", "properties": { "fid": 8869, "Layer": "Wall" }, "geometry": { "type": "MultiLineString", "coordinates": [ [ [ 26.69512026888297, 39.32109026116229 ], [ 26.694990778768926, 39.321094020664475 ], [ 26.694991164154096, 39.321155195681463 ], [ 26.695021040979224, 39.321155872038574 ] ] ] } },
{ "type": "Feature", "properties": { "fid": 8870, "Layer": "Wall" }, "geometry": { "type": "MultiLineString", "coordinates": [ [ [ 26.695120372899126, 39.32109240967101 ], [ 26.694993559596547, 39.321096091095036 ], [ 26.69499391869445, 39.321153108446794 ], [ 26.695021121774655, 39.321153723359657 ] ] ] } },
{ "type": "Feature", "properties": { "fid": 8871, "Layer": "Wall" }, "geometry": { "type": "MultiLineString", "coordinates": [ [ [ 26.69492949347141, 39.321099325798563 ], [ 26.694859337976169, 39.321108439437403 ], [ 26.694885589288567, 39.32117518671015 ], [ 26.69493583728946, 39.321168069897212 ] ] ] } },
{ "type": "Feature", "properties": { "fid": 8872, "Layer": "Wall" }, "geometry": { "type": "MultiLineString", "coordinates": [ [ [ 26.694929949961821, 39.321101446078629 ], [ 26.694862907860312, 39.321110154491322 ], [ 26.694887515268125, 39.321172729387229 ], [ 26.694935341342376, 39.321165955054603 ] ] ] } },
{ "type": "Feature", "properties": { "fid": 8873, "Layer": "Wall" }, "geometry": { "type": "MultiLineString", "coordinates": [ [ [ 26.694967203444229, 39.321166847416478 ], [ 26.69493583728946, 39.321168069897212 ], [ 26.694885589288567, 39.32117518671015 ], [ 26.694911674625828, 39.321210681700386 ], [ 26.694970401767147, 39.321206242148897 ] ] ] } },
{ "type": "Feature", "properties": { "fid": 8874, "Layer": "Wall" }, "geometry": { "type": "MultiLineString", "coordinates": [ [ [ 26.694967343344448, 39.321168994991801 ], [ 26.694936156599155, 39.321170211906455 ], [ 26.694889930186065, 39.321176757032624 ], [ 26.694913190393319, 39.321208407481485 ], [ 26.694970135394467, 39.321204101891297 ] ] ] } },
{ "type": "Feature", "properties": { "fid": 8875, "Layer": "Wall" }, "geometry": { "type": "MultiLineString", "coordinates": [ [ [ 26.694970401767147, 39.321206242148897 ], [ 26.694911674625828, 39.321210681700386 ], [ 26.694918736705056, 39.321227657896117 ], [ 26.694997405795714, 39.321227789709994 ], [ 26.694998712459071, 39.321204837956046 ] ] ] } },
{ "type": "Feature", "properties": { "fid": 8876, "Layer": "Wall" }, "geometry": { "type": "MultiLineString", "coordinates": [ [ [ 26.694914420928001, 39.32121047394017 ], [ 26.694915366250292, 39.321212562264741 ], [ 26.694920751764151, 39.32122551103518 ], [ 26.694994757428507, 39.321225635446162 ], [ 26.694995947977144, 39.321204743290735 ] ] ] } },
{ "type": "Feature", "properties": { "fid": 8880, "Layer": "Wall" }, "geometry": { "type": "MultiLineString", "coordinates": [ [ [ 26.695344458126161, 39.321486051832103 ], [ 26.695378303208411, 39.321414482112139 ], [ 26.695384520732823, 39.321401339020881 ], [ 26.695372019302312, 39.321341236474339 ] ] ] } },
{ "type": "Feature", "properties": { "fid": 8899, "Layer": "Wall" }, "geometry": { "type": "MultiLineString", "coordinates": [ [ [ 26.694792706995219, 39.321016704007533 ], [ 26.694778325727523, 39.32096549548195 ], [ 26.69472325978661, 39.320964092505946 ], [ 26.694704579743302, 39.320979343478392 ], [ 26.694692024402649, 39.321008264450384 ], [ 26.694683129406169, 39.321056890346568 ] ] ] } },
{ "type": "Feature", "properties": { "fid": 8900, "Layer": "Wall" }, "geometry": { "type": "MultiLineString", "coordinates": [ [ [ 26.694790002904913, 39.321017162863747 ], [ 26.694776081695039, 39.320967589446653 ], [ 26.694724408194453, 39.320966272457959 ], [ 26.694707006282641, 39.320980479904883 ], [ 26.694694727576241, 39.321008763331577 ], [ 26.6946858695276, 39.321057192965846 ] ] ] } },
{ "type": "Feature", "properties": { "fid": 8901, "Layer": "Wall" }, "geometry": { "type": "MultiLineString", "coordinates": [ [ [ 26.69483765371124, 39.321140365343332 ], [ 26.694830465832556, 39.321124527920482 ] ] ] } },
{ "type": "Feature", "properties": { "fid": 8902, "Layer": "Wall" }, "geometry": { "type": "MultiLineString", "coordinates": [ [ [ 26.694835044777477, 39.321141080648438 ], [ 26.69482785599844, 39.321125242326268 ] ] ] } },
{ "type": "Feature", "properties": { "fid": 8903, "Layer": "Wall" }, "geometry": { "type": "MultiLineString", "coordinates": [ [ [ 26.694925836810075, 39.32122767025475 ], [ 26.694932729622028, 39.32126850178151 ], [ 26.694977192672003, 39.321257501746004 ], [ 26.69498123972177, 39.321316336637878 ], [ 26.694963959231384, 39.321317181584639 ], [ 26.694925784365882, 39.321273677614457 ] ] ] } },
{ "type": "Feature", "properties": { "fid": 8904, "Layer": "Wall" }, "geometry": { "type": "MultiLineString", "coordinates": [ [ [ 26.694928627863291, 39.32122767398311 ], [ 26.694935042679884, 39.321265673249606 ], [ 26.694979763872574, 39.321254609066841 ], [ 26.69498414862764, 39.321318347540952 ], [ 26.694962559900645, 39.321319403488509 ], [ 26.694923497557038, 39.321274886792999 ] ] ] } },
{ "type": "Feature", "properties": { "fid": 8915, "Layer": "Wall" }, "geometry": { "type": "MultiLineString", "coordinates": [ [ [ 26.695764966539073, 39.321317801596408 ], [ 26.695731094767069, 39.32124554008815 ] ] ] } },
{ "type": "Feature", "properties": { "fid": 8916, "Layer": "Wall" }, "geometry": { "type": "MultiLineString", "coordinates": [ [ [ 26.695767566468334, 39.321317065591153 ], [ 26.695733693800644, 39.321244804984083 ] ] ] } },
{ "type": "Feature", "properties": { "fid": 8917, "Layer": "Wall" }, "geometry": { "type": "MultiLineString", "coordinates": [ [ [ 26.695690429570231, 39.321157131153655 ], [ 26.695668623911537, 39.321111968501668 ], [ 26.695731306204248, 39.321105026441906 ] ] ] } },
{ "type": "Feature", "properties": { "fid": 8918, "Layer": "Wall" }, "geometry": { "type": "MultiLineString", "coordinates": [ [ [ 26.695693021353673, 39.321156377153905 ], [ 26.695672425454134, 39.321113718439271 ], [ 26.695731696352276, 39.321107155782748 ] ] ] } },
{ "type": "Feature", "properties": { "fid": 8924, "Layer": "Wall" }, "geometry": { "type": "MultiLineString", "coordinates": [ [ [ 26.695917021987047, 39.321209072496622 ], [ 26.695914803252805, 39.321200184892902 ] ] ] } },
{ "type": "Feature", "properties": { "fid": 8927, "Layer": "Wall" }, "geometry": { "type": "MultiLineString", "coordinates": [ [ [ 26.695676215314723, 39.321380431593433 ], [ 26.695558278560135, 39.32140947418678 ], [ 26.695498272745574, 39.321333667789176 ], [ 26.695642901846789, 39.321294560548026 ] ] ] } },
{ "type": "Feature", "properties": { "fid": 8928, "Layer": "Wall" }, "geometry": { "type": "MultiLineString", "coordinates": [ [ [ 26.69567537866698, 39.321378381877224 ], [ 26.695559504389944, 39.321406916694563 ], [ 26.695502432701918, 39.321334817911669 ], [ 26.695643811086249, 39.321296590394894 ] ] ] } },
{ "type": "Feature", "properties": { "fid": 8940, "Layer": "Wall" }, "geometry": { "type": "MultiLineString", "coordinates": [ [ [ 26.695609959992559, 39.321302542690631 ], [ 26.695593510062828, 39.321214817990139 ] ] ] } },
{ "type": "Feature", "properties": { "fid": 8941, "Layer": "Wall" }, "geometry": { "type": "MultiLineString", "coordinates": [ [ [ 26.695607221209745, 39.321302852162972 ], [ 26.695590771285278, 39.321215128362383 ] ] ] } },
{ "type": "Feature", "properties": { "fid": 8947, "Layer": "Wall" }, "geometry": { "type": "MultiLineString", "coordinates": [ [ [ 26.696117538077139, 39.321626302769936 ], [ 26.696149085406034, 39.321615521587262 ], [ 26.696164532779942, 39.321643948576181 ], [ 26.696056082514222, 39.321668426991238 ] ] ] } },
{ "type": "Feature", "properties": { "fid": 8948, "Layer": "Wall" }, "geometry": { "type": "MultiLineString", "coordinates": [ [ [ 26.696118652562969, 39.321628269414447 ], [ 26.696147628294629, 39.321618367332917 ], [ 26.696160772888405, 39.321642558659256 ], [ 26.696055310383549, 39.321666362816487 ] ] ] } },
{ "type": "Feature", "properties": { "fid": 8949, "Layer": "Wall" }, "geometry": { "type": "MultiLineString", "coordinates": [ [ [ 26.696185400989872, 39.321675743318103 ], [ 26.696164532779942, 39.321643948576181 ] ] ] } },
{ "type": "Feature", "properties": { "fid": 8950, "Layer": "Wall" }, "geometry": { "type": "MultiLineString", "coordinates": [ [ [ 26.696182934727844, 39.321676720435768 ], [ 26.696162067415742, 39.321644925692937 ] ] ] } },
{ "type": "Feature", "properties": { "fid": 8953, "Layer": "Wall" }, "geometry": { "type": "MultiLineString", "coordinates": [ [ [ 26.695906158600366, 39.321377805904596 ], [ 26.695839876405994, 39.321387337389467 ], [ 26.69587694907468, 39.32147551193431 ], [ 26.695918660999919, 39.321571767097261 ], [ 26.69598487136836, 39.321549725705538 ] ] ] } },
{ "type": "Feature", "properties": { "fid": 8954, "Layer": "Wall" }, "geometry": { "type": "MultiLineString", "coordinates": [ [ [ 26.695906663542647, 39.321379919835429 ], [ 26.695843488365945, 39.321389004686985 ], [ 26.695879576150581, 39.32147483621177 ], [ 26.695920327875477, 39.321568874350952 ], [ 26.69598378018048, 39.321547749137068 ] ] ] } },
{ "type": "Feature", "properties": { "fid": 8961, "Layer": "Wall" }, "geometry": { "type": "MultiLineString", "coordinates": [ [ [ 26.69585738067779, 39.321505169383457 ], [ 26.695863188572709, 39.32152519542889 ], [ 26.695766653192326, 39.321539345514026 ], [ 26.695733504132484, 39.321465866408225 ], [ 26.695707169958393, 39.321413693289735 ], [ 26.695749564372683, 39.321405454871403 ] ] ] } },
{ "type": "Feature", "properties": { "fid": 8962, "Layer": "Wall" }, "geometry": { "type": "MultiLineString", "coordinates": [ [ [ 26.695854681964825, 39.321505641743606 ], [ 26.695859859089534, 39.321523495466963 ], [ 26.69576847871971, 39.321536892782866 ], [ 26.695736098634438, 39.321465118706463 ], [ 26.695710896092635, 39.321415185858356 ], [ 26.695750236080258, 39.321407540744602 ] ] ] } },
{ "type": "Feature", "properties": { "fid": 8963, "Layer": "Wall" }, "geometry": { "type": "MultiLineString", "coordinates": [ [ [ 26.695660443757582, 39.321557790016939 ], [ 26.695691838648145, 39.321601010288646 ] ] ] } },
{ "type": "Feature", "properties": { "fid": 8964, "Layer": "Wall" }, "geometry": { "type": "MultiLineString", "coordinates": [ [ [ 26.695662854079355, 39.32155673374227 ], [ 26.695694247176839, 39.321599954015483 ] ] ] } },
{ "type": "Feature", "properties": { "fid": 8971, "Layer": "Wall" }, "geometry": { "type": "MultiLineString", "coordinates": [ [ [ 26.695839876405994, 39.321387337389467 ], [ 26.69580953105541, 39.321391062249141 ] ] ] } },
{ "type": "Feature", "properties": { "fid": 8972, "Layer": "Wall" }, "geometry": { "type": "MultiLineString", "coordinates": [ [ [ 26.695840307819807, 39.321389462189899 ], [ 26.69580996426297, 39.321393187048038 ] ] ] } },
{ "type": "Feature", "properties": { "fid": 8973, "Layer": "Wall" }, "geometry": { "type": "MultiLineString", "coordinates": [ [ [ 26.696087360300783, 39.321514617832968 ], [ 26.696149085406034, 39.321615521587262 ] ] ] } },
{ "type": "Feature", "properties": { "fid": 8994, "Layer": "Wall" }, "geometry": { "type": "MultiLineString", "coordinates": [ [ [ 26.693683066233536, 39.323488451567883 ], [ 26.693610003726178, 39.32351665123479 ], [ 26.693662284702061, 39.323607727877075 ], [ 26.693732648552796, 39.323580452413971 ] ] ] } },
{ "type": "Feature", "properties": { "fid": 8995, "Layer": "Wall" }, "geometry": { "type": "MultiLineString", "coordinates": [ [ [ 26.693684299010254, 39.323490376694785 ], [ 26.693613613150585, 39.323517658750113 ], [ 26.693663634596234, 39.323604801237877 ], [ 26.693731411288216, 39.323578528192066 ] ] ] } },
{ "type": "Feature", "properties": { "fid": 8996, "Layer": "Wall" }, "geometry": { "type": "MultiLineString", "coordinates": [ [ [ 26.693861402468386, 39.323429226790253 ], [ 26.693929007243099, 39.323405396826125 ] ] ] } },
{ "type": "Feature", "properties": { "fid": 8997, "Layer": "Wall" }, "geometry": { "type": "MultiLineString", "coordinates": [ [ [ 26.693862546553543, 39.323431184402828 ], [ 26.693930149534975, 39.323407354440228 ] ] ] } },
{ "type": "Feature", "properties": { "fid": 8998, "Layer": "Wall" }, "geometry": { "type": "MultiLineString", "coordinates": [ [ [ 26.693991193442006, 39.323649689341444 ], [ 26.694052887036854, 39.323622068993764 ] ] ] } },
{ "type": "Feature", "properties": { "fid": 8999, "Layer": "Wall" }, "geometry": { "type": "MultiLineString", "coordinates": [ [ [ 26.693989811957387, 39.323647826462079 ], [ 26.694051504657519, 39.323620207015466 ] ] ] } },
{ "type": "Feature", "properties": { "fid": 9000, "Layer": "Wall" }, "geometry": { "type": "MultiLineString", "coordinates": [ [ [ 26.693593952679628, 39.323483595514389 ], [ 26.693463802220748, 39.323530489244504 ], [ 26.693410259953392, 39.323443599281056 ], [ 26.693543462251185, 39.323400224031062 ] ] ] } },
{ "type": "Feature", "properties": { "fid": 9001, "Layer": "Wall" }, "geometry": { "type": "MultiLineString", "coordinates": [ [ [ 26.693592787993126, 39.323481645121078 ], [ 26.693465117448547, 39.323527646347905 ], [ 26.69341401060046, 39.323444708381786 ], [ 26.693544531961891, 39.323402207816955 ] ] ] } },
{ "type": "Feature", "properties": { "fid": 9002, "Layer": "Wall" }, "geometry": { "type": "MultiLineString", "coordinates": [ [ [ 26.693473800070201, 39.323276912806641 ], [ 26.693330008897796, 39.32332502793048 ], [ 26.693410259953392, 39.323443599281056 ], [ 26.693809219322773, 39.323313686518148 ], [ 26.6937904926925, 39.323283857491568 ] ] ] } },
{ "type": "Feature", "properties": { "fid": 9003, "Layer": "Wall" }, "geometry": { "type": "MultiLineString", "coordinates": [ [ [ 26.693474893958765, 39.323278886669847 ], [ 26.693333849938931, 39.323326082041703 ], [ 26.693411528007527, 39.323440854540763 ], [ 26.693805366513192, 39.323312609917274 ], [ 26.693787951790927, 39.323284755451972 ] ] ] } },
{ "type": "Feature", "properties": { "fid": 9006, "Layer": "Wall" }, "geometry": { "type": "MultiLineString", "coordinates": [ [ [ 26.693770400794371, 39.323419516329828 ], [ 26.69384838935493, 39.32339125721299 ], [ 26.693809219322773, 39.323313686518148 ] ] ] } },
{ "type": "Feature", "properties": { "fid": 9007, "Layer": "Wall" }, "geometry": { "type": "MultiLineString", "coordinates": [ [ [ 26.693769232523827, 39.323417567740343 ], [ 26.693844863026538, 39.323390161409819 ], [ 26.69380664389745, 39.32331447019488 ] ] ] } },
{ "type": "Feature", "properties": { "fid": 9012, "Layer": "Wall" }, "geometry": { "type": "MultiLineString", "coordinates": [ [ [ 26.693862285180749, 39.322916610580386 ], [ 26.693827848260558, 39.322927498651829 ] ] ] } },
{ "type": "Feature", "properties": { "fid": 9013, "Layer": "Wall" }, "geometry": { "type": "MultiLineString", "coordinates": [ [ [ 26.693863330684074, 39.322918602491519 ], [ 26.693828892863085, 39.322929489663707 ] ] ] } },
{ "type": "Feature", "properties": { "fid": 9014, "Layer": "Wall" }, "geometry": { "type": "MultiLineString", "coordinates": [ [ [ 26.69407335363773, 39.323193836907969 ], [ 26.694086718958438, 39.323222231566916 ] ] ] } },
{ "type": "Feature", "properties": { "fid": 9015, "Layer": "Wall" }, "geometry": { "type": "MultiLineString", "coordinates": [ [ [ 26.694219540075085, 39.323599709470137 ], [ 26.694170703258834, 39.323624204463343 ] ] ] } },
{ "type": "Feature", "properties": { "fid": 9016, "Layer": "Wall" }, "geometry": { "type": "MultiLineString", "coordinates": [ [ [ 26.694088931160255, 39.323661702345859 ], [ 26.693884908114633, 39.323762116102245 ], [ 26.694016891802384, 39.323798283819386 ], [ 26.694058451291152, 39.323829750672928 ], [ 26.694164471124658, 39.323905924732379 ], [ 26.69422335717444, 39.323939895024921 ], [ 26.694255727206265, 39.323966811200606 ], [ 26.694288073551419, 39.323998348612392 ], [ 26.69432224512056, 39.323982712613869 ] ] ] } },
{ "type": "Feature", "properties": { "fid": 9017, "Layer": "Wall" }, "geometry": { "type": "MultiLineString", "coordinates": [ [ [ 26.694378901021871, 39.323772691905418 ], [ 26.694323446096302, 39.323665007533357 ] ] ] } },
{ "type": "Feature", "properties": { "fid": 9029, "Layer": "Wall" }, "geometry": { "type": "MultiLineString", "coordinates": [ [ [ 26.694305535089544, 39.322876844744968 ], [ 26.694137327337295, 39.322926160713678 ], [ 26.694097566954841, 39.322848652592704 ], [ 26.6941689070092, 39.32282658341812 ], [ 26.694168889914984, 39.322823478008289 ], [ 26.694264114250856, 39.322793685385534 ], [ 26.694305535089544, 39.322876844744968 ] ] ] } },
{ "type": "Feature", "properties": { "fid": 9030, "Layer": "Wall" }, "geometry": { "type": "MultiLineString", "coordinates": [ [ [ 26.694301946295703, 39.322875598678166 ], [ 26.694138891420273, 39.322923403997194 ], [ 26.694101161846483, 39.322849853649281 ], [ 26.694171681974584, 39.322828038163763 ], [ 26.694171664859827, 39.322824927353189 ], [ 26.694262544970787, 39.322796493414813 ], [ 26.694301946295703, 39.322875598678166 ] ] ] } },
{ "type": "Feature", "properties": { "fid": 9036, "Layer": "Wall" }, "geometry": { "type": "MultiLineString", "coordinates": [ [ [ 26.694473648085555, 39.322941368272417 ], [ 26.694467977839398, 39.322927278472015 ], [ 26.69444680207004, 39.32289081239341 ], [ 26.694595321902362, 39.322850124160126 ], [ 26.694627741646674, 39.322896321003292 ], [ 26.694473648085555, 39.322941368272417 ] ] ] } },
{ "type": "Feature", "properties": { "fid": 9037, "Layer": "Wall" }, "geometry": { "type": "MultiLineString", "coordinates": [ [ [ 26.69447541560497, 39.322938554660951 ], [ 26.694470568599456, 39.322926512781756 ], [ 26.694450563138641, 39.322892061900852 ], [ 26.694594020229236, 39.322852761819298 ], [ 26.694623788984142, 39.322895179688636 ], [ 26.69447541560497, 39.322938554660951 ] ] ] } },
{ "type": "Feature", "properties": { "fid": 9040, "Layer": "Wall" }, "geometry": { "type": "MultiLineString", "coordinates": [ [ [ 26.694495102783353, 39.322711792815454 ], [ 26.69450940188311, 39.322705233049589 ], [ 26.694564312903811, 39.322798069803625 ], [ 26.694487176297059, 39.32282638311019 ] ] ] } },
{ "type": "Feature", "properties": { "fid": 9042, "Layer": "Wall" }, "geometry": { "type": "MultiLineString", "coordinates": [ [ [ 26.694340037509853, 39.323226137050959 ], [ 26.694289934426116, 39.323126688181283 ], [ 26.694369446068549, 39.323105627700208 ], [ 26.694422786420652, 39.323202542435119 ], [ 26.694340037509853, 39.323226137050959 ] ] ] } },
{ "type": "Feature", "properties": { "fid": 9043, "Layer": "Wall" }, "geometry": { "type": "MultiLineString", "coordinates": [ [ [ 26.694341626747683, 39.323223393815169 ], [ 26.694293565645296, 39.323127999015981 ], [ 26.694367911302404, 39.323108305177584 ], [ 26.694419095361965, 39.323201306367316 ], [ 26.694341626747683, 39.323223393815169 ] ] ] } },
{ "type": "Feature", "properties": { "fid": 9044, "Layer": "Wall" }, "geometry": { "type": "MultiLineString", "coordinates": [ [ [ 26.694422786420652, 39.323202542435119 ], [ 26.694369446068549, 39.323105627700208 ], [ 26.694560733954212, 39.323050064165976 ], [ 26.694603792531517, 39.323152243361982 ], [ 26.694422786420652, 39.323202542435119 ] ] ] } },
{ "type": "Feature", "properties": { "fid": 9045, "Layer": "Wall" }, "geometry": { "type": "MultiLineString", "coordinates": [ [ [ 26.694424306718748, 39.323199836167696 ], [ 26.694372838290811, 39.323106878512057 ], [ 26.694558997915266, 39.323054326102209 ], [ 26.694600311986125, 39.323150926090456 ], [ 26.694424306718748, 39.323199836167696 ] ] ] } },
{ "type": "Feature", "properties": { "fid": 9056, "Layer": "Wall" }, "geometry": { "type": "MultiLineString", "coordinates": [ [ [ 26.694434469925067, 39.323444730137318 ], [ 26.69451443823078, 39.323411292534267 ], [ 26.694391140620336, 39.323244336350946 ], [ 26.694311444264468, 39.323273264076064 ], [ 26.694434469925067, 39.323444730137318 ] ] ] } },
{ "type": "Feature", "properties": { "fid": 9057, "Layer": "Wall" }, "geometry": { "type": "MultiLineString", "coordinates": [ [ [ 26.69443555885902, 39.323441833442971 ], [ 26.694510622127058, 39.323410445436679 ], [ 26.694390006393036, 39.32324712057305 ], [ 26.694315307461423, 39.32327423354949 ], [ 26.69443555885902, 39.323441833442971 ] ] ] } },
{ "type": "Feature", "properties": { "fid": 9059, "Layer": "Wall" }, "geometry": { "type": "MultiLineString", "coordinates": [ [ [ 26.69451443823078, 39.323411292534267 ], [ 26.694574571632284, 39.323381924652196 ], [ 26.694519812105156, 39.323304676280145 ] ] ] } },
{ "type": "Feature", "properties": { "fid": 9060, "Layer": "Wall" }, "geometry": { "type": "MultiLineString", "coordinates": [ [ [ 26.694512964491242, 39.323409472046691 ], [ 26.694570887809061, 39.323381183647392 ], [ 26.694517389239888, 39.323305713652914 ] ] ] } },
{ "type": "Feature", "properties": { "fid": 9061, "Layer": "Wall" }, "geometry": { "type": "MultiLineString", "coordinates": [ [ [ 26.694519812105156, 39.323304676280145 ], [ 26.694574571632284, 39.323381924652196 ], [ 26.694650960394743, 39.323348714462725 ], [ 26.69458978377364, 39.323272254218395 ], [ 26.694519812105156, 39.323304676280145 ] ] ] } },
{ "type": "Feature", "properties": { "fid": 9062, "Layer": "Wall" }, "geometry": { "type": "MultiLineString", "coordinates": [ [ [ 26.694523524789503, 39.323305459565084 ], [ 26.694575650559045, 39.323378991061951 ], [ 26.694647079952016, 39.323347936734656 ], [ 26.69458886719805, 39.323275180458772 ], [ 26.694523524789503, 39.323305459565084 ] ] ] } },
{ "type": "Feature", "properties": { "fid": 9063, "Layer": "Wall" }, "geometry": { "type": "MultiLineString", "coordinates": [ [ [ 26.694650960394743, 39.323348714462725 ], [ 26.694594538748916, 39.323278196939981 ], [ 26.694782077428808, 39.323196354217785 ], [ 26.694818537963723, 39.323269829025271 ], [ 26.694650960394743, 39.323348714462725 ] ] ] } },
{ "type": "Feature", "properties": { "fid": 9064, "Layer": "Wall" }, "geometry": { "type": "MultiLineString", "coordinates": [ [ [ 26.694651865247913, 39.323345773831868 ], [ 26.694598416481831, 39.323278971971199 ], [ 26.694780645609718, 39.323199444755545 ], [ 26.694815121748643, 39.323268922152863 ], [ 26.694651865247913, 39.323345773831868 ] ] ] } },
{ "type": "Feature", "properties": { "fid": 9072, "Layer": "Wall" }, "geometry": { "type": "MultiLineString", "coordinates": [ [ [ 26.694935593309914, 39.323480329586452 ], [ 26.694853468694181, 39.323522770449856 ], [ 26.694840698113683, 39.323528805840645 ], [ 26.694762396475902, 39.323423181359608 ], [ 26.694873486823212, 39.323358793140976 ], [ 26.694935593309914, 39.323480329586452 ] ] ] } },
{ "type": "Feature", "properties": { "fid": 9073, "Layer": "Wall" }, "geometry": { "type": "MultiLineString", "coordinates": [ [ [ 26.694932193530189, 39.323479503712406 ], [ 26.694851983294161, 39.323520956276553 ], [ 26.694841681751701, 39.323525824633023 ], [ 26.694766020499934, 39.323423763096081 ], [ 26.694872248181497, 39.323362194041245 ], [ 26.694932193530189, 39.323479503712406 ] ] ] } },
{ "type": "Feature", "properties": { "fid": 9074, "Layer": "Wall" }, "geometry": { "type": "MultiLineString", "coordinates": [ [ [ 26.69477358452146, 39.323560517803706 ], [ 26.694703704525473, 39.323460798441573 ] ] ] } },
{ "type": "Feature", "properties": { "fid": 9075, "Layer": "Wall" }, "geometry": { "type": "MultiLineString", "coordinates": [ [ [ 26.694771153534507, 39.323561545283823 ], [ 26.694701273541654, 39.323461825921306 ] ] ] } },
{ "type": "Feature", "properties": { "fid": 9086, "Layer": "Wall" }, "geometry": { "type": "MultiLineString", "coordinates": [ [ [ 26.695177123730346, 39.323178762335083 ], [ 26.695159340215778, 39.323119340135328 ] ] ] } },
{ "type": "Feature", "properties": { "fid": 9087, "Layer": "Wall" }, "geometry": { "type": "MultiLineString", "coordinates": [ [ [ 26.695179820550955, 39.323178275580169 ], [ 26.695162036137305, 39.323118853381487 ] ] ] } },
{ "type": "Feature", "properties": { "fid": 9094, "Layer": "Wall" }, "geometry": { "type": "MultiLineString", "coordinates": [ [ [ 26.695446129056883, 39.3230331442672 ], [ 26.695451775331101, 39.32307090274638 ] ] ] } },
{ "type": "Feature", "properties": { "fid": 9095, "Layer": "Wall" }, "geometry": { "type": "MultiLineString", "coordinates": [ [ [ 26.69544338017003, 39.323033391640514 ], [ 26.695449027344296, 39.323071151019029 ] ] ] } },
{ "type": "Feature", "properties": { "fid": 9097, "Layer": "Wall" }, "geometry": { "type": "MultiLineString", "coordinates": [ [ [ 26.695462180291564, 39.323112227604085 ], [ 26.695469115862469, 39.32314974454917 ] ] ] } },
{ "type": "Feature", "properties": { "fid": 9098, "Layer": "Wall" }, "geometry": { "type": "MultiLineString", "coordinates": [ [ [ 26.695459441490499, 39.323112532576012 ], [ 26.695466376167143, 39.323150050422107 ] ] ] } },
{ "type": "Feature", "properties": { "fid": 9099, "Layer": "Wall" }, "geometry": { "type": "MultiLineString", "coordinates": [ [ [ 26.695469115862469, 39.32314974454917 ], [ 26.695371183650717, 39.323167036359884 ], [ 26.695394698037862, 39.323234606528302 ], [ 26.695483354072934, 39.323213427560574 ], [ 26.695469115862469, 39.32314974454917 ] ] ] } },
{ "type": "Feature", "properties": { "fid": 9100, "Layer": "Wall" }, "geometry": { "type": "MultiLineString", "coordinates": [ [ [ 26.695466889065688, 39.323152342556838 ], [ 26.695374606127086, 39.323168635413637 ], [ 26.69539662206169, 39.32323189808659 ], [ 26.695480210094189, 39.323211930864872 ], [ 26.695466889065688, 39.323152342556838 ] ] ] } },
{ "type": "Feature", "properties": { "fid": 9106, "Layer": "Wall" }, "geometry": { "type": "MultiLineString", "coordinates": [ [ [ 26.695455607309007, 39.323667136464046 ], [ 26.695484586395768, 39.323655922082153 ], [ 26.695461657260122, 39.323596158196551 ] ] ] } },
{ "type": "Feature", "properties": { "fid": 9107, "Layer": "Wall" }, "geometry": { "type": "MultiLineString", "coordinates": [ [ [ 26.695454373562594, 39.323665212247562 ], [ 26.695481269789799, 39.323654804498659 ], [ 26.695459005762562, 39.323596772729239 ] ] ] } },
{ "type": "Feature", "properties": { "fid": 9108, "Layer": "Wall" }, "geometry": { "type": "MultiLineString", "coordinates": [ [ [ 26.695554456449692, 39.323504814608903 ], [ 26.695582031261846, 39.323618213265497 ], [ 26.695484586395768, 39.323655922082153 ], [ 26.695461657260122, 39.323596158196551 ], [ 26.695435282839163, 39.323604347566025 ], [ 26.695379735528498, 39.323618773824506 ], [ 26.695355838710789, 39.323555295121501 ] ] ] } },
{ "type": "Feature", "properties": { "fid": 9109, "Layer": "Wall" }, "geometry": { "type": "MultiLineString", "coordinates": [ [ [ 26.695551737738889, 39.323505214075723 ], [ 26.695578923385941, 39.32361701537905 ], [ 26.695486298215521, 39.323652857390861 ], [ 26.69546344338827, 39.323593287862273 ], [ 26.695434329549958, 39.323602328577316 ], [ 26.695381583132786, 39.323616027650424 ], [ 26.695358494729184, 39.323554691386839 ] ] ] } },
{ "type": "Feature", "properties": { "fid": 9110, "Layer": "Wall" }, "geometry": { "type": "MultiLineString", "coordinates": [ [ [ 26.695436037543558, 39.323487720977262 ], [ 26.695501871736425, 39.323470889979774 ], [ 26.695511471497831, 39.323513180463578 ], [ 26.695452992571088, 39.323528429453248 ] ] ] } },
{ "type": "Feature", "properties": { "fid": 9111, "Layer": "Wall" }, "geometry": { "type": "MultiLineString", "coordinates": [ [ [ 26.695436902991585, 39.323489762550608 ], [ 26.695499702312549, 39.323473708462181 ], [ 26.695508332175795, 39.323511732371756 ], [ 26.695452111889782, 39.323526393294934 ] ] ] } },
{ "type": "Feature", "properties": { "fid": 9113, "Layer": "Wall" }, "geometry": { "type": "MultiLineString", "coordinates": [ [ [ 26.69553619866025, 39.323422985336641 ], [ 26.695544308038595, 39.32345932920569 ], [ 26.695501871736425, 39.323470889979774 ], [ 26.695468955074293, 39.323479305029593 ] ] ] } },
{ "type": "Feature", "properties": { "fid": 9114, "Layer": "Wall" }, "geometry": { "type": "MultiLineString", "coordinates": [ [ [ 26.695533471752942, 39.323423352406522 ], [ 26.695541181358298, 39.323457902705179 ], [ 26.695500982087719, 39.323468854729747 ], [ 26.695468090519526, 39.323477262555308 ] ] ] } },
{ "type": "Feature", "properties": { "fid": 9116, "Layer": "Wall" }, "geometry": { "type": "MultiLineString", "coordinates": [ [ [ 26.695423891309066, 39.323450772355898 ], [ 26.69553619866025, 39.323422985336641 ], [ 26.695516853919404, 39.323354231304982 ], [ 26.695400293318709, 39.323388686743137 ], [ 26.695423891309066, 39.323450772355898 ] ] ] } },
{ "type": "Feature", "properties": { "fid": 9120, "Layer": "Wall" }, "geometry": { "type": "MultiLineString", "coordinates": [ [ [ 26.695279937559942, 39.323397014241891 ], [ 26.69523431273138, 39.323302333065691 ], [ 26.6954107348115, 39.323262014795631 ], [ 26.695428698389101, 39.323317235913123 ] ] ] } },
{ "type": "Feature", "properties": { "fid": 9121, "Layer": "Wall" }, "geometry": { "type": "MultiLineString", "coordinates": [ [ [ 26.695282528406754, 39.32339626024789 ], [ 26.695237948004799, 39.323303741998281 ], [ 26.69540875600692, 39.323264708885915 ], [ 26.695426016054807, 39.323317762262334 ] ] ] } },
{ "type": "Feature", "properties": { "fid": 9122, "Layer": "Wall" }, "geometry": { "type": "MultiLineString", "coordinates": [ [ [ 26.695437204352746, 39.323256904651572 ], [ 26.695487775229157, 39.323244862900353 ], [ 26.695499757990564, 39.323282742413966 ] ] ] } },
{ "type": "Feature", "properties": { "fid": 9123, "Layer": "Wall" }, "geometry": { "type": "MultiLineString", "coordinates": [ [ [ 26.695438015114881, 39.323258959778556 ], [ 26.695485785763328, 39.3232475858049 ], [ 26.695497069319877, 39.323283255267782 ] ] ] } },
{ "type": "Feature", "properties": { "fid": 9130, "Layer": "Wall" }, "geometry": { "type": "MultiLineString", "coordinates": [ [ [ 26.695318541241029, 39.323587317161028 ], [ 26.695268281103409, 39.323470397443153 ], [ 26.695193951182244, 39.323487956339342 ], [ 26.695115459878995, 39.323504212987935 ] ] ] } },
{ "type": "Feature", "properties": { "fid": 9131, "Layer": "Wall" }, "geometry": { "type": "MultiLineString", "coordinates": [ [ [ 26.695315915121999, 39.323587997378063 ], [ 26.695266510345675, 39.323473062535612 ], [ 26.695194710853087, 39.323490023214781 ], [ 26.695116172036016, 39.323506289808776 ] ] ] } },
{ "type": "Feature", "properties": { "fid": 9132, "Layer": "Wall" }, "geometry": { "type": "MultiLineString", "coordinates": [ [ [ 26.695193951182244, 39.323487956339342 ], [ 26.695268281103409, 39.323470397443153 ], [ 26.695238647755456, 39.323400683466303 ], [ 26.695171706782457, 39.323420328312586 ] ] ] } },
{ "type": "Feature", "properties": { "fid": 9133, "Layer": "Wall" }, "geometry": { "type": "MultiLineString", "coordinates": [ [ [ 26.69519314668754, 39.323485898506512 ], [ 26.695264766011103, 39.323468981199973 ], [ 26.695236924167606, 39.323403485333813 ], [ 26.695172686045723, 39.323422340078331 ] ] ] } },
{ "type": "Feature", "properties": { "fid": 9134, "Layer": "Wall" }, "geometry": { "type": "MultiLineString", "coordinates": [ [ [ 26.695171706782457, 39.323420328312586 ], [ 26.695238647755456, 39.323400683466303 ], [ 26.695197645697984, 39.323299987905493 ], [ 26.695115035626579, 39.323336366954962 ], [ 26.695171706782457, 39.323420328312586 ] ] ] } },
{ "type": "Feature", "properties": { "fid": 9135, "Layer": "Wall" }, "geometry": { "type": "MultiLineString", "coordinates": [ [ [ 26.695173019915817, 39.323417644740232 ], [ 26.695235219264937, 39.323399390458931 ], [ 26.695196036582811, 39.323303167718521 ], [ 26.695118730652741, 39.323337211457876 ], [ 26.695173019915817, 39.323417644740232 ] ] ] } },
{ "type": "Feature", "properties": { "fid": 9147, "Layer": "Wall" }, "geometry": { "type": "MultiLineString", "coordinates": [ [ [ 26.694975505456828, 39.323438523546592 ], [ 26.694956359622449, 39.323398433625236 ], [ 26.695115745681782, 39.323337418540902 ], [ 26.695171706782457, 39.323420328312586 ], [ 26.695087248830841, 39.323450382112483 ] ] ] } },
{ "type": "Feature", "properties": { "fid": 9148, "Layer": "Wall" }, "geometry": { "type": "MultiLineString", "coordinates": [ [ [ 26.694978099895629, 39.323437774952104 ], [ 26.694959821335491, 39.323399504275329 ], [ 26.695114548927904, 39.323340273029146 ], [ 26.695167901665112, 39.323419318290263 ], [ 26.695086097526797, 39.323448426312801 ] ] ] } },
{ "type": "Feature", "properties": { "fid": 9155, "Layer": "Wall" }, "geometry": { "type": "MultiLineString", "coordinates": [ [ [ 26.695218106818274, 39.323600035932827 ], [ 26.695192076401874, 39.323603331913397 ] ] ] } },
{ "type": "Feature", "properties": { "fid": 9156, "Layer": "Wall" }, "geometry": { "type": "MultiLineString", "coordinates": [ [ [ 26.695208692984419, 39.323644000204148 ], [ 26.695236076425228, 39.323635766712307 ] ] ] } },
{ "type": "Feature", "properties": { "fid": 9157, "Layer": "Wall" }, "geometry": { "type": "MultiLineString", "coordinates": [ [ [ 26.695197426788248, 39.32369015797601 ], [ 26.695259453754783, 39.32367327112906 ] ] ] } },
{ "type": "Feature", "properties": { "fid": 9158, "Layer": "Wall" }, "geometry": { "type": "MultiLineString", "coordinates": [ [ [ 26.695040684235959, 39.323234361842488 ], [ 26.694981272769411, 39.323255960165753 ] ] ] } },
{ "type": "Feature", "properties": { "fid": 9159, "Layer": "Wall" }, "geometry": { "type": "MultiLineString", "coordinates": [ [ [ 26.695236087646919, 39.323758186647325 ], [ 26.695294068925641, 39.323734582334922 ] ] ] } },
{ "type": "Feature", "properties": { "fid": 9179, "Layer": "Wall" }, "geometry": { "type": "MultiLineString", "coordinates": [ [ [ 26.692944963783845, 39.320708448076772 ], [ 26.69270715871934, 39.320740104387774 ], [ 26.692685142668431, 39.320642244662395 ], [ 26.692914073443831, 39.320613022347267 ], [ 26.692944963783845, 39.320708448076772 ] ] ] } },
{ "type": "Feature", "properties": { "fid": 9180, "Layer": "Wall" }, "geometry": { "type": "MultiLineString", "coordinates": [ [ [ 26.692941551839251, 39.320706720264532 ], [ 26.692709409332629, 39.320737622467604 ], [ 26.692688349315151, 39.320644013169847 ], [ 26.692912008373728, 39.320615462692096 ], [ 26.692941551839251, 39.320706720264532 ] ] ] } },
{ "type": "Feature", "properties": { "fid": 9182, "Layer": "Wall" }, "geometry": { "type": "MultiLineString", "coordinates": [ [ [ 26.692671006621925, 39.32080252277072 ], [ 26.692448472653385, 39.320845655135436 ], [ 26.69242783590532, 39.320775850251422 ], [ 26.692648698434571, 39.320734132620665 ], [ 26.692671006621925, 39.32080252277072 ] ] ] } },
{ "type": "Feature", "properties": { "fid": 9183, "Layer": "Wall" }, "geometry": { "type": "MultiLineString", "coordinates": [ [ [ 26.692667642843233, 39.320800959637161 ], [ 26.692450538852118, 39.320843040166586 ], [ 26.692431143247347, 39.320777436840778 ], [ 26.692646688664293, 39.320736725035275 ], [ 26.692667642843233, 39.320800959637161 ] ] ] } },
{ "type": "Feature", "properties": { "fid": 9189, "Layer": "Wall" }, "geometry": { "type": "MultiLineString", "coordinates": [ [ [ 26.69216038722648, 39.320727204448488 ], [ 26.692022742635665, 39.320750420897539 ], [ 26.692111731666763, 39.320907639277294 ], [ 26.692392553897371, 39.32085384543884 ], [ 26.692372165837597, 39.320780962788824 ] ] ] } },
{ "type": "Feature", "properties": { "fid": 9190, "Layer": "Wall" }, "geometry": { "type": "MultiLineString", "coordinates": [ [ [ 26.692160974599709, 39.320729304808403 ], [ 26.692026637424419, 39.320751963742282 ], [ 26.692113329014088, 39.320905118352847 ], [ 26.692389278854247, 39.32085225972012 ], [ 26.692369462702274, 39.320781418935361 ] ] ] } },
{ "type": "Feature", "properties": { "fid": 9192, "Layer": "Wall" }, "geometry": { "type": "MultiLineString", "coordinates": [ [ [ 26.693057880168176, 39.321078837903833 ], [ 26.692815700260837, 39.321115177994869 ], [ 26.692791185143243, 39.321000963509562 ], [ 26.693027066748652, 39.320968583463035 ], [ 26.693057880168176, 39.321078837903833 ] ] ] } },
{ "type": "Feature", "properties": { "fid": 9193, "Layer": "Wall" }, "geometry": { "type": "MultiLineString", "coordinates": [ [ [ 26.693054575994982, 39.321077144198853 ], [ 26.692817963247055, 39.321112649258204 ], [ 26.692794364802872, 39.321002709537268 ], [ 26.693024928262588, 39.320971060779186 ], [ 26.693054575994982, 39.321077144198853 ] ] ] } },
{ "type": "Feature", "properties": { "fid": 9198, "Layer": "Wall" }, "geometry": { "type": "MultiLineString", "coordinates": [ [ [ 26.692723835649215, 39.320979974979771 ], [ 26.692738561457539, 39.321029349664592 ], [ 26.69232795705577, 39.321098557686433 ] ] ] } },
{ "type": "Feature", "properties": { "fid": 9199, "Layer": "Wall" }, "geometry": { "type": "MultiLineString", "coordinates": [ [ [ 26.692721139800959, 39.320980461724531 ], [ 26.692735231481073, 39.321027710890071 ], [ 26.692327368777605, 39.321096458228858 ] ] ] } },
{ "type": "Feature", "properties": { "fid": 9200, "Layer": "Wall" }, "geometry": { "type": "MultiLineString", "coordinates": [ [ [ 26.692769008815983, 39.321144148279778 ], [ 26.692738561457539, 39.321029349664592 ], [ 26.692369835479191, 39.321091500039309 ] ] ] } },
{ "type": "Feature", "properties": { "fid": 9201, "Layer": "Wall" }, "geometry": { "type": "MultiLineString", "coordinates": [ [ [ 26.692766299306268, 39.321144580129172 ], [ 26.692736415219883, 39.321031911598993 ], [ 26.69237042196983, 39.321093601298777 ] ] ] } },
{ "type": "Feature", "properties": { "fid": 9202, "Layer": "Wall" }, "geometry": { "type": "MultiLineString", "coordinates": [ [ [ 26.692816979193662, 39.321308678108537 ], [ 26.692769008815983, 39.321144148279778 ], [ 26.692478816514644, 39.321197907559345 ] ] ] } },
{ "type": "Feature", "properties": { "fid": 9203, "Layer": "Wall" }, "geometry": { "type": "MultiLineString", "coordinates": [ [ [ 26.692814278823601, 39.321309154955927 ], [ 26.692766929090645, 39.321146742557204 ], [ 26.692479458590391, 39.32119999796577 ] ] ] } },
{ "type": "Feature", "properties": { "fid": 9204, "Layer": "Wall" }, "geometry": { "type": "MultiLineString", "coordinates": [ [ [ 26.692327368777605, 39.321096458228858 ], [ 26.69232795705577, 39.321098557686433 ] ] ] } },
{ "type": "Feature", "properties": { "fid": 9205, "Layer": "Wall" }, "geometry": { "type": "MultiLineString", "coordinates": [ [ [ 26.69237042196983, 39.321093601298777 ], [ 26.692369835479191, 39.321091500039309 ] ] ] } },
{ "type": "Feature", "properties": { "fid": 9206, "Layer": "Wall" }, "geometry": { "type": "MultiLineString", "coordinates": [ [ [ 26.692435039014121, 39.321082708930533 ], [ 26.692479458590391, 39.32119999796577 ] ] ] } },
{ "type": "Feature", "properties": { "fid": 9215, "Layer": "Wall" }, "geometry": { "type": "MultiLineString", "coordinates": [ [ [ 26.692680826248658, 39.32150469241315 ], [ 26.692875148441729, 39.32146645116152 ], [ 26.69290977740593, 39.321552510185484 ], [ 26.692619682030905, 39.321614659451249 ] ] ] } },
{ "type": "Feature", "properties": { "fid": 9216, "Layer": "Wall" }, "geometry": { "type": "MultiLineString", "coordinates": [ [ [ 26.692684250084714, 39.321506237486872 ], [ 26.692873289380792, 39.321469034433314 ], [ 26.692906283826741, 39.32155102908564 ], [ 26.692618945813305, 39.321612588035727 ] ] ] } },
{ "type": "Feature", "properties": { "fid": 9217, "Layer": "Wall" }, "geometry": { "type": "MultiLineString", "coordinates": [ [ [ 26.692680826248658, 39.32150469241315 ], [ 26.692712195724429, 39.321592610491997 ] ] ] } },
{ "type": "Feature", "properties": { "fid": 9218, "Layer": "Wall" }, "geometry": { "type": "MultiLineString", "coordinates": [ [ [ 26.692684250084714, 39.321506237486872 ], [ 26.692714861636716, 39.321592036462967 ] ] ] } },
{ "type": "Feature", "properties": { "fid": 9237, "Layer": "Wall" }, "geometry": { "type": "MultiLineString", "coordinates": [ [ [ 26.693142269928469, 39.320563588272883 ], [ 26.693434844911422, 39.320538894409061 ], [ 26.693409971002051, 39.320373868783243 ], [ 26.693088878425684, 39.32041265246324 ], [ 26.693142269928469, 39.320563588272883 ] ] ] } },
{ "type": "Feature", "properties": { "fid": 9238, "Layer": "Wall" }, "geometry": { "type": "MultiLineString", "coordinates": [ [ [ 26.69314431386902, 39.320561254161937 ], [ 26.693431770521354, 39.320536990762719 ], [ 26.693407557028173, 39.320376335554641 ], [ 26.693092369412323, 39.320414406306881 ], [ 26.69314431386902, 39.320561254161937 ] ] ] } },
{ "type": "Feature", "properties": { "fid": 9239, "Layer": "Wall" }, "geometry": { "type": "MultiLineString", "coordinates": [ [ [ 26.693432996898132, 39.320526632756511 ], [ 26.693600733300467, 39.320516549243926 ], [ 26.69358218879119, 39.320363838759 ], [ 26.693412082985542, 39.320387880946576 ], [ 26.693432996898132, 39.320526632756511 ] ] ] } },
{ "type": "Feature", "properties": { "fid": 9240, "Layer": "Wall" }, "geometry": { "type": "MultiLineString", "coordinates": [ [ [ 26.693435435700344, 39.320524329786259 ], [ 26.693597714266811, 39.320514575337128 ], [ 26.693579716743738, 39.32036637129373 ], [ 26.69341513438388, 39.320389634293043 ], [ 26.693435435700344, 39.320524329786259 ] ] ] } },
{ "type": "Feature", "properties": { "fid": 9243, "Layer": "Wall" }, "geometry": { "type": "MultiLineString", "coordinates": [ [ [ 26.693626655380957, 39.320317828297917 ], [ 26.693699549200982, 39.320308603363507 ], [ 26.69367754069928, 39.320090630355629 ], [ 26.69359942105649, 39.320099132792109 ], [ 26.693626655380957, 39.320317828297917 ] ] ] } },
{ "type": "Feature", "properties": { "fid": 9244, "Layer": "Wall" }, "geometry": { "type": "MultiLineString", "coordinates": [ [ [ 26.69362912578773, 39.320315336270149 ], [ 26.693696590913543, 39.320306800425186 ], [ 26.693675012690502, 39.320093074730536 ], [ 26.693602430630925, 39.320100977990258 ], [ 26.69362912578773, 39.320315336270149 ] ] ] } },
{ "type": "Feature", "properties": { "fid": 9246, "Layer": "Wall" }, "geometry": { "type": "MultiLineString", "coordinates": [ [ [ 26.693437277500333, 39.32033711572894 ], [ 26.693556322037406, 39.320326088633728 ], [ 26.693533286880928, 39.320222099014842 ], [ 26.693557224198198, 39.320218715927084 ], [ 26.693545090297604, 39.320110155316044 ], [ 26.693395644779098, 39.320140292195369 ], [ 26.693437277500333, 39.32033711572894 ] ] ] } },
{ "type": "Feature", "properties": { "fid": 9247, "Layer": "Wall" }, "geometry": { "type": "MultiLineString", "coordinates": [ [ [ 26.693439580563691, 39.320334738172036 ], [ 26.69355309975926, 39.320324222028447 ], [ 26.693530093809507, 39.320220365601493 ], [ 26.693554249018558, 39.320216952609194 ], [ 26.693542617145297, 39.320112875079509 ], [ 26.693398784375393, 39.320141880737815 ], [ 26.693439580563691, 39.320334738172036 ] ] ] } },
{ "type": "Feature", "properties": { "fid": 9250, "Layer": "Wall" }, "geometry": { "type": "MultiLineString", "coordinates": [ [ [ 26.69336750379815, 39.32014133610685 ], [ 26.693395666564605, 39.320246214856098 ], [ 26.693174213480152, 39.320272856963058 ], [ 26.693156531184851, 39.320182975533577 ], [ 26.69336750379815, 39.32014133610685 ] ] ] } },
{ "type": "Feature", "properties": { "fid": 9251, "Layer": "Wall" }, "geometry": { "type": "MultiLineString", "coordinates": [ [ [ 26.693365385606647, 39.320143972731515 ], [ 26.693392361184685, 39.320244435638912 ], [ 26.69317653061233, 39.320270403782828 ], [ 26.69315964661002, 39.320184579401058 ], [ 26.693365385606647, 39.320143972731515 ] ] ] } },
{ "type": "Feature", "properties": { "fid": 9307, "Layer": "Wall" }, "geometry": { "type": "MultiLineString", "coordinates": [ [ [ 26.693911737988952, 39.320311908824308 ], [ 26.69402788470461, 39.320321914030572 ], [ 26.694029794504534, 39.320239891626208 ] ] ] } },
{ "type": "Feature", "properties": { "fid": 9308, "Layer": "Wall" }, "geometry": { "type": "MultiLineString", "coordinates": [ [ [ 26.694120387112225, 39.32026433139081 ], [ 26.694029243839704, 39.32026356732468 ] ] ] } },
{ "type": "Feature", "properties": { "fid": 9309, "Layer": "Wall" }, "geometry": { "type": "MultiLineString", "coordinates": [ [ [ 26.694087530023687, 39.320241606361989 ], [ 26.694088170707015, 39.320264062189743 ] ] ] } },
{ "type": "Feature", "properties": { "fid": 9343, "Layer": "Wall" }, "geometry": { "type": "MultiLineString", "coordinates": [ [ [ 26.694125903797424, 39.320832326331995 ], [ 26.694026941288026, 39.320810207618052 ], [ 26.69401680925095, 39.32085021683239 ], [ 26.693995140411715, 39.320846061071549 ], [ 26.69398620950146, 39.320882898026738 ], [ 26.693985163260308, 39.320923261628856 ], [ 26.694039104186356, 39.320932041363029 ], [ 26.694029944110422, 39.320953850888486 ], [ 26.69408699654182, 39.320971098859481 ], [ 26.694107858837523, 39.320934838714692 ], [ 26.694240819028259, 39.320916168330726 ], [ 26.694231769885441, 39.320897733035565 ], [ 26.694147038294169, 39.320914754115364 ], [ 26.694106812805291, 39.320914883839933 ], [ 26.694125903797424, 39.320832326331995 ] ] ] } },
{ "type": "Feature", "properties": { "fid": 9344, "Layer": "Wall" }, "geometry": { "type": "MultiLineString", "coordinates": [ [ [ 26.694122739003461, 39.320833854961094 ], [ 26.694029074930462, 39.320812920441696 ], [ 26.694018963220021, 39.320852846825431 ], [ 26.693997318606062, 39.320848691942523 ], [ 26.693988970826734, 39.320883120518687 ], [ 26.693987975586989, 39.320921523595125 ], [ 26.694042693007617, 39.320930428632657 ], [ 26.694033387093132, 39.320952584841642 ], [ 26.694085545491767, 39.320968353004133 ], [ 26.694105929128419, 39.32093292501785 ], [ 26.694237045763131, 39.320914514667578 ], [ 26.694230065898378, 39.320900294567814 ], [ 26.694147396191447, 39.320916902391552 ], [ 26.694103500552387, 39.320917045394332 ], [ 26.694122739003461, 39.320833854961094 ] ] ] } },
{ "type": "Feature", "properties": { "fid": 9345, "Layer": "Wall" }, "geometry": { "type": "MultiLineString", "coordinates": [ [ [ 26.694289756759833, 39.321100469473407 ], [ 26.694296795982755, 39.321155089940419 ], [ 26.69425341222118, 39.321158755581976 ] ] ] } },
{ "type": "Feature", "properties": { "fid": 9346, "Layer": "Wall" }, "geometry": { "type": "MultiLineString", "coordinates": [ [ [ 26.694287003335884, 39.321100684437702 ], [ 26.694293767287142, 39.321153182657191 ], [ 26.694253111772625, 39.321156618055454 ] ] ] } },
{ "type": "Feature", "properties": { "fid": 9347, "Layer": "Wall" }, "geometry": { "type": "MultiLineString", "coordinates": [ [ [ 26.694295553226095, 39.321191555251239 ], [ 26.694296795982755, 39.321155089940419 ] ] ] } },
{ "type": "Feature", "properties": { "fid": 9348, "Layer": "Wall" }, "geometry": { "type": "MultiLineString", "coordinates": [ [ [ 26.694292786227301, 39.321191498389489 ], [ 26.694294029881025, 39.321155033077851 ] ] ] } },
{ "type": "Feature", "properties": { "fid": 9349, "Layer": "Wall" }, "geometry": { "type": "MultiLineString", "coordinates": [ [ [ 26.694190445024287, 39.321201165427425 ], [ 26.694185980344471, 39.321168113252668 ] ] ] } },
{ "type": "Feature", "properties": { "fid": 9350, "Layer": "Wall" }, "geometry": { "type": "MultiLineString", "coordinates": [ [ [ 26.694193196612684, 39.321200940563983 ], [ 26.694188733730567, 39.321167889287693 ] ] ] } },
{ "type": "Feature", "properties": { "fid": 9351, "Layer": "Wall" }, "geometry": { "type": "MultiLineString", "coordinates": [ [ [ 26.694093658166114, 39.321151488230377 ], [ 26.694133576740253, 39.321144608733071 ], [ 26.694148653273665, 39.321207104217685 ] ] ] } },
{ "type": "Feature", "properties": { "fid": 9352, "Layer": "Wall" }, "geometry": { "type": "MultiLineString", "coordinates": [ [ [ 26.694094257216047, 39.321153586776695 ], [ 26.694131383896483, 39.321147189616219 ], [ 26.694145933725398, 39.321207500075658 ] ] ] } },
{ "type": "Feature", "properties": { "fid": 9353, "Layer": "Wall" }, "geometry": { "type": "MultiLineString", "coordinates": [ [ [ 26.694073196998357, 39.321514001789765 ], [ 26.694061391796613, 39.321466566960787 ] ] ] } },
{ "type": "Feature", "properties": { "fid": 9354, "Layer": "Wall" }, "geometry": { "type": "MultiLineString", "coordinates": [ [ [ 26.694075913805968, 39.321513594233323 ], [ 26.694064109498029, 39.321466158503405 ] ] ] } },
{ "type": "Feature", "properties": { "fid": 9355, "Layer": "Wall" }, "geometry": { "type": "MultiLineString", "coordinates": [ [ [ 26.693988830516044, 39.321315883121997 ], [ 26.693986244443543, 39.321282605994696 ] ] ] } },
{ "type": "Feature", "properties": { "fid": 9356, "Layer": "Wall" }, "geometry": { "type": "MultiLineString", "coordinates": [ [ [ 26.694113618347483, 39.32114804848122 ], [ 26.694106860584611, 39.321123641437836 ] ] ] } },
{ "type": "Feature", "properties": { "fid": 9357, "Layer": "Wall" }, "geometry": { "type": "MultiLineString", "coordinates": [ [ [ 26.69411632154161, 39.32114759773058 ], [ 26.694109565569569, 39.321123189785432 ] ] ] } },
{ "type": "Feature", "properties": { "fid": 9358, "Layer": "Wall" }, "geometry": { "type": "MultiLineString", "coordinates": [ [ [ 26.693885564540263, 39.321061213219181 ], [ 26.693852909152348, 39.320997853553656 ] ] ] } },
{ "type": "Feature", "properties": { "fid": 9359, "Layer": "Wall" }, "geometry": { "type": "MultiLineString", "coordinates": [ [ [ 26.693940568198272, 39.321179971374086 ], [ 26.693928962614748, 39.321156369003035 ] ] ] } },
{ "type": "Feature", "properties": { "fid": 9360, "Layer": "Wall" }, "geometry": { "type": "MultiLineString", "coordinates": [ [ [ 26.694116181445473, 39.321278966061783 ], [ 26.694120038645902, 39.321315333056688 ] ] ] } },
{ "type": "Feature", "properties": { "fid": 9379, "Layer": "Wall" }, "geometry": { "type": "MultiLineString", "coordinates": [ [ [ 26.693843161188415, 39.321371285808446 ], [ 26.693909534082263, 39.321357842576923 ] ] ] } },
{ "type": "Feature", "properties": { "fid": 9380, "Layer": "Wall" }, "geometry": { "type": "MultiLineString", "coordinates": [ [ [ 26.693937958850643, 39.321303544162831 ], [ 26.693932865146984, 39.321282477767973 ] ] ] } },
{ "type": "Feature", "properties": { "fid": 9381, "Layer": "Wall" }, "geometry": { "type": "MultiLineString", "coordinates": [ [ [ 26.693896278027843, 39.321311278586244 ], [ 26.693890155309152, 39.321290933239723 ] ] ] } },
{ "type": "Feature", "properties": { "fid": 9382, "Layer": "Wall" }, "geometry": { "type": "MultiLineString", "coordinates": [ [ [ 26.693670294670969, 39.32111210726223 ], [ 26.693689514061894, 39.321180604600507 ] ] ] } },
{ "type": "Feature", "properties": { "fid": 9383, "Layer": "Wall" }, "geometry": { "type": "MultiLineString", "coordinates": [ [ [ 26.694179076625968, 39.321314338102617 ], [ 26.694187532548437, 39.321361736422311 ] ] ] } },
{ "type": "Feature", "properties": { "fid": 9411, "Layer": "Wall" }, "geometry": { "type": "MultiLineString", "coordinates": [ [ [ 26.694600157003961, 39.320834484844639 ], [ 26.694545396489332, 39.320831940204158 ] ] ] } },
{ "type": "Feature", "properties": { "fid": 9412, "Layer": "Wall" }, "geometry": { "type": "MultiLineString", "coordinates": [ [ [ 26.694654402325117, 39.320592871053677 ], [ 26.694657224610236, 39.320569714449206 ] ] ] } },
{ "type": "Feature", "properties": { "fid": 9413, "Layer": "Wall" }, "geometry": { "type": "MultiLineString", "coordinates": [ [ [ 26.694429566216233, 39.320198681272572 ], [ 26.694366087863983, 39.320185640129296 ] ] ] } },
{ "type": "Feature", "properties": { "fid": 9414, "Layer": "Wall" }, "geometry": { "type": "MultiLineString", "coordinates": [ [ [ 26.694248799572485, 39.320568968011592 ], [ 26.694245700667903, 39.320544112013494 ] ] ] } },
{ "type": "Feature", "properties": { "fid": 9420, "Layer": "Wall" }, "geometry": { "type": "MultiLineString", "coordinates": [ [ [ 26.694624702095521, 39.320351426298451 ], [ 26.694661566144148, 39.320359940870624 ] ] ] } },
{ "type": "Feature", "properties": { "fid": 9421, "Layer": "Wall" }, "geometry": { "type": "MultiLineString", "coordinates": [ [ [ 26.694571964196143, 39.320406353015258 ], [ 26.694556973916448, 39.320404218211685 ], [ 26.694557601665515, 39.320389209787017 ], [ 26.694409600099153, 39.320376055650847 ] ] ] } },
{ "type": "Feature", "properties": { "fid": 9422, "Layer": "Wall" }, "geometry": { "type": "MultiLineString", "coordinates": [ [ [ 26.694379201583999, 39.32034456202333 ], [ 26.694411473343681, 39.320349546933372 ] ] ] } },
{ "type": "Feature", "properties": { "fid": 9423, "Layer": "Wall" }, "geometry": { "type": "MultiLineString", "coordinates": [ [ [ 26.694409600099153, 39.320376055650847 ], [ 26.694411473343681, 39.320349546933372 ], [ 26.694417387015992, 39.320327292104785 ], [ 26.694485591942072, 39.320332954131963 ] ] ] } },
{ "type": "Feature", "properties": { "fid": 9424, "Layer": "Wall" }, "geometry": { "type": "MultiLineString", "coordinates": [ [ [ 26.694452874339238, 39.320270134555301 ], [ 26.69443666452052, 39.320328892789568 ] ] ] } },
{ "type": "Feature", "properties": { "fid": 9425, "Layer": "Wall" }, "geometry": { "type": "MultiLineString", "coordinates": [ [ [ 26.694449671661914, 39.320281740165505 ], [ 26.69449880291485, 39.320293803465503 ] ] ] } },
{ "type": "Feature", "properties": { "fid": 9426, "Layer": "Wall" }, "geometry": { "type": "MultiLineString", "coordinates": [ [ [ 26.694384681479587, 39.320614188715474 ], [ 26.69451050618601, 39.320610396749778 ] ] ] } },
{ "type": "Feature", "properties": { "fid": 9427, "Layer": "Wall" }, "geometry": { "type": "MultiLineString", "coordinates": [ [ [ 26.694460053390845, 39.320703316650437 ], [ 26.694507452185267, 39.320703061479044 ] ] ] } },
{ "type": "Feature", "properties": { "fid": 9439, "Layer": "Wall" }, "geometry": { "type": "MultiLineString", "coordinates": [ [ [ 26.694538604578334, 39.321145854352878 ], [ 26.694506028938868, 39.321144093994967 ], [ 26.694505376120528, 39.321084809487786 ], [ 26.694542690925449, 39.321086208131256 ] ] ] } },
{ "type": "Feature", "properties": { "fid": 9440, "Layer": "Wall" }, "geometry": { "type": "MultiLineString", "coordinates": [ [ [ 26.694538795736307, 39.321143709172745 ], [ 26.694508772993455, 39.321142087784246 ], [ 26.694508168387994, 39.321087067137427 ], [ 26.6945425580865, 39.321088355058158 ] ] ] } },
{ "type": "Feature", "properties": { "fid": 9441, "Layer": "Wall" }, "geometry": { "type": "MultiLineString", "coordinates": [ [ [ 26.694556365072216, 39.321087610539998 ], [ 26.694542690925449, 39.321086208131256 ], [ 26.694505376120528, 39.321084809487786 ], [ 26.694521414235247, 39.321044863252894 ] ] ] } },
{ "type": "Feature", "properties": { "fid": 9442, "Layer": "Wall" }, "geometry": { "type": "MultiLineString", "coordinates": [ [ [ 26.694556726736376, 39.321085477804402 ], [ 26.694542940409786, 39.321084065597539 ], [ 26.694509083687453, 39.321082796988911 ], [ 26.694524056923246, 39.321045503510682 ] ] ] } },
{ "type": "Feature", "properties": { "fid": 9445, "Layer": "Wall" }, "geometry": { "type": "MultiLineString", "coordinates": [ [ [ 26.694662492910954, 39.320982993558943 ], [ 26.694557405242509, 39.320984088584495 ], [ 26.694554230472939, 39.320936531448965 ], [ 26.694607223519903, 39.320929187109414 ], [ 26.694672911060078, 39.320929729694434 ], [ 26.694668944310958, 39.320951493041271 ], [ 26.694662492910954, 39.320982993558943 ] ] ] } },
{ "type": "Feature", "properties": { "fid": 9446, "Layer": "Wall" }, "geometry": { "type": "MultiLineString", "coordinates": [ [ [ 26.694660126383354, 39.320980868736513 ], [ 26.694560030243395, 39.320981911458219 ], [ 26.694557119653787, 39.320938314642277 ], [ 26.694607454936239, 39.320931339102295 ], [ 26.694669728724797, 39.32093185332716 ], [ 26.694666207712427, 39.320951172415967 ], [ 26.694660126383354, 39.320980868736513 ] ] ] } },
{ "type": "Feature", "properties": { "fid": 9450, "Layer": "Wall" }, "geometry": { "type": "MultiLineString", "coordinates": [ [ [ 26.694502497409815, 39.320937234378796 ], [ 26.694503757754056, 39.320972549737789 ], [ 26.694556698267672, 39.320973501031126 ], [ 26.694554230472939, 39.320936531448965 ] ] ] } },
{ "type": "Feature", "properties": { "fid": 9451, "Layer": "Wall" }, "geometry": { "type": "MultiLineString", "coordinates": [ [ [ 26.694505263980815, 39.320937174223239 ], [ 26.694506451221333, 39.320970449059608 ], [ 26.694553778809166, 39.320971297506091 ], [ 26.694551466775838, 39.320936641109157 ] ] ] } },
{ "type": "Feature", "properties": { "fid": 9454, "Layer": "Wall" }, "geometry": { "type": "MultiLineString", "coordinates": [ [ [ 26.694458994471624, 39.320973205739946 ], [ 26.694503757754056, 39.320972549737789 ], [ 26.694502497409815, 39.320937234378796 ], [ 26.694503192414761, 39.320919840565999 ] ] ] } },
{ "type": "Feature", "properties": { "fid": 9455, "Layer": "Wall" }, "geometry": { "type": "MultiLineString", "coordinates": [ [ [ 26.694458941595766, 39.320971056283192 ], [ 26.694500914007229, 39.32097043975606 ], [ 26.694499727909083, 39.320937230627983 ], [ 26.694500426264252, 39.32091977290299 ] ] ] } },
{ "type": "Feature", "properties": { "fid": 9462, "Layer": "Wall" }, "geometry": { "type": "MultiLineString", "coordinates": [ [ [ 26.694361638123617, 39.321233244137424 ], [ 26.694361503111246, 39.321248499621326 ] ] ] } },
{ "type": "Feature", "properties": { "fid": 9464, "Layer": "Wall" }, "geometry": { "type": "MultiLineString", "coordinates": [ [ [ 26.694361142459258, 39.321334955383115 ], [ 26.694356870047624, 39.321361787607572 ] ] ] } },
{ "type": "Feature", "properties": { "fid": 9467, "Layer": "Wall" }, "geometry": { "type": "MultiLineString", "coordinates": [ [ [ 26.694402337442298, 39.321478239300419 ], [ 26.694411948814338, 39.321504704085733 ] ] ] } },
{ "type": "Feature", "properties": { "fid": 9468, "Layer": "Wall" }, "geometry": { "type": "MultiLineString", "coordinates": [ [ [ 26.69443029353349, 39.321557696568064 ], [ 26.694411948814338, 39.321504704085733 ], [ 26.69452975724726, 39.321501320059326 ] ] ] } },
{ "type": "Feature", "properties": { "fid": 9469, "Layer": "Wall" }, "geometry": { "type": "MultiLineString", "coordinates": [ [ [ 26.694432965832728, 39.321557138729744 ], [ 26.694415523516355, 39.321506752184206 ], [ 26.694529858584495, 39.321503468568949 ] ] ] } },
{ "type": "Feature", "properties": { "fid": 9472, "Layer": "Wall" }, "geometry": { "type": "MultiLineString", "coordinates": [ [ [ 26.694461325780189, 39.32147614080688 ], [ 26.694507566486362, 39.321476400675003 ], [ 26.694506314993266, 39.321484085311099 ], [ 26.694611736428627, 39.321472227172414 ] ] ] } },
{ "type": "Feature", "properties": { "fid": 9473, "Layer": "Wall" }, "geometry": { "type": "MultiLineString", "coordinates": [ [ [ 26.694595507987049, 39.321422081639192 ], [ 26.69451963508239, 39.321427258829495 ], [ 26.694507566486362, 39.321476400675003 ] ] ] } },
{ "type": "Feature", "properties": { "fid": 9474, "Layer": "Wall" }, "geometry": { "type": "MultiLineString", "coordinates": [ [ [ 26.694461518293185, 39.321350270457096 ], [ 26.694538665024638, 39.321367886923419 ], [ 26.694558323957356, 39.321307560294564 ] ] ] } },
{ "type": "Feature", "properties": { "fid": 9475, "Layer": "Wall" }, "geometry": { "type": "MultiLineString", "coordinates": [ [ [ 26.694461518293185, 39.321350270457096 ], [ 26.694455515811775, 39.321408928269371 ] ] ] } },
{ "type": "Feature", "properties": { "fid": 9476, "Layer": "Wall" }, "geometry": { "type": "MultiLineString", "coordinates": [ [ [ 26.69452648770217, 39.321300797250125 ], [ 26.694491642029842, 39.321298487203897 ], [ 26.694461518293185, 39.321350270457096 ] ] ] } },
{ "type": "Feature", "properties": { "fid": 9477, "Layer": "Wall" }, "geometry": { "type": "MultiLineString", "coordinates": [ [ [ 26.694545829929758, 39.321209219379341 ], [ 26.69450271419311, 39.321204941169157 ], [ 26.69448953801048, 39.321253036309599 ] ] ] } },
{ "type": "Feature", "properties": { "fid": 9478, "Layer": "Wall" }, "geometry": { "type": "MultiLineString", "coordinates": [ [ [ 26.694474737167468, 39.321249020066652 ], [ 26.69448953801048, 39.321253036309599 ], [ 26.69453355699347, 39.321259670222346 ] ] ] } },
{ "type": "Feature", "properties": { "fid": 9479, "Layer": "Wall" }, "geometry": { "type": "MultiLineString", "coordinates": [ [ [ 26.694473384745962, 39.321021318727233 ], [ 26.694536567075748, 39.32101674730967 ] ] ] } },
{ "type": "Feature", "properties": { "fid": 9480, "Layer": "Wall" }, "geometry": { "type": "MultiLineString", "coordinates": [ [ [ 26.694521414235247, 39.321044863252894 ], [ 26.694477006634891, 39.321057653551478 ] ] ] } },
{ "type": "Feature", "properties": { "fid": 9482, "Layer": "Wall" }, "geometry": { "type": "MultiLineString", "coordinates": [ [ [ 26.696908713470346, 39.32474488839501 ], [ 26.696875520958457, 39.324760133855733 ] ] ] } },
{ "type": "Feature", "properties": { "fid": 9484, "Layer": "Wall" }, "geometry": { "type": "MultiLineString", "coordinates": [ [ [ 26.696756711013293, 39.324803895189291 ], [ 26.696736977132407, 39.324811118922156 ] ] ] } },
{ "type": "Feature", "properties": { "fid": 9485, "Layer": "Wall" }, "geometry": { "type": "MultiLineString", "coordinates": [ [ [ 26.696755533669034, 39.324801951123526 ], [ 26.696735798884148, 39.324809173056941 ] ] ] } },
{ "type": "Feature", "properties": { "fid": 9486, "Layer": "Wall" }, "geometry": { "type": "MultiLineString", "coordinates": [ [ [ 26.696907305006619, 39.32474303725553 ], [ 26.696874112497998, 39.324758283616454 ] ] ] } },
{ "type": "Feature", "properties": { "fid": 9487, "Layer": "Wall" }, "geometry": { "type": "MultiLineString", "coordinates": [ [ [ 26.696870131084019, 39.324682824947374 ], [ 26.69685724318774, 39.324688288007714 ] ] ] } },
{ "type": "Feature", "properties": { "fid": 9488, "Layer": "Wall" }, "geometry": { "type": "MultiLineString", "coordinates": [ [ [ 26.696871456253156, 39.324684713969056 ], [ 26.696858568350049, 39.324690175229165 ] ] ] } },
{ "type": "Feature", "properties": { "fid": 9489, "Layer": "Wall" }, "geometry": { "type": "MultiLineString", "coordinates": [ [ [ 26.69691087728005, 39.324740128362393 ], [ 26.696995115368971, 39.324709146534389 ], [ 26.696958680645565, 39.324649379998753 ], [ 26.696876193759998, 39.324684337830639 ], [ 26.69691087728005, 39.324740128362393 ] ] ] } },
{ "type": "Feature", "properties": { "fid": 9491, "Layer": "Wall" }, "geometry": { "type": "MultiLineString", "coordinates": [ [ [ 26.696717854595537, 39.324739849935405 ], [ 26.696698119810343, 39.324747071868849 ] ] ] } },
{ "type": "Feature", "properties": { "fid": 9492, "Layer": "Wall" }, "geometry": { "type": "MultiLineString", "coordinates": [ [ [ 26.696719821022636, 39.324743090341336 ], [ 26.696700087138066, 39.324750313174057 ] ] ] } },
{ "type": "Feature", "properties": { "fid": 9494, "Layer": "Wall" }, "geometry": { "type": "MultiLineString", "coordinates": [ [ [ 26.696247598652537, 39.326272067064679 ], [ 26.696104707858591, 39.326122647355284 ], [ 26.696416269679052, 39.325965809156379 ], [ 26.696533065017423, 39.326112330307879 ] ] ] } },
{ "type": "Feature", "properties": { "fid": 9495, "Layer": "Wall" }, "geometry": { "type": "MultiLineString", "coordinates": [ [ [ 26.696251301273435, 39.326269930352233 ], [ 26.696111343395334, 39.326123577332581 ], [ 26.696414827206489, 39.325970804351861 ], [ 26.696529144325062, 39.326114216989119 ] ] ] } },
{ "type": "Feature", "properties": { "fid": 9496, "Layer": "Wall" }, "geometry": { "type": "MultiLineString", "coordinates": [ [ [ 26.696027714444305, 39.325602371676709 ], [ 26.696081119667102, 39.325576115262457 ], [ 26.696267814435611, 39.325796466021984 ] ] ] } },
{ "type": "Feature", "properties": { "fid": 9497, "Layer": "Wall" }, "geometry": { "type": "MultiLineString", "coordinates": [ [ [ 26.695929642194862, 39.325652190454761 ], [ 26.695836824467154, 39.325699337310361 ], [ 26.696124396347585, 39.326054078759164 ], [ 26.696196334963123, 39.326017490697573 ] ] ] } },
{ "type": "Feature", "properties": { "fid": 9498, "Layer": "Wall" }, "geometry": { "type": "MultiLineString", "coordinates": [ [ [ 26.696072821045338, 39.32565784202415 ], [ 26.696130782796253, 39.325628214042631 ] ] ] } },
{ "type": "Feature", "properties": { "fid": 9499, "Layer": "Wall" }, "geometry": { "type": "MultiLineString", "coordinates": [ [ [ 26.695973677020106, 39.325706591559801 ], [ 26.69587844473671, 39.325757690378879 ] ] ] } },
{ "type": "Feature", "properties": { "fid": 9503, "Layer": "Wall" }, "geometry": { "type": "MultiLineString", "coordinates": [ [ [ 26.69588249592627, 39.325639429921701 ], [ 26.695693335344462, 39.325733432543757 ], [ 26.69543562791716, 39.325512270631243 ], [ 26.695685314874691, 39.325400044061382 ] ] ] } },
{ "type": "Feature", "properties": { "fid": 9504, "Layer": "Wall" }, "geometry": { "type": "MultiLineString", "coordinates": [ [ [ 26.695806867520162, 39.325339779305629 ], [ 26.695876438636837, 39.325317681791695 ], [ 26.696066249726897, 39.325548114639929 ], [ 26.696008713814773, 39.325576706185544 ] ] ] } },
{ "type": "Feature", "properties": { "fid": 9505, "Layer": "Wall" }, "geometry": { "type": "MultiLineString", "coordinates": [ [ [ 26.695880010888285, 39.325636412324251 ], [ 26.695694137640288, 39.325728781786964 ], [ 26.695442875096376, 39.325513152342303 ], [ 26.695687625272104, 39.325403144632268 ] ] ] } },
{ "type": "Feature", "properties": { "fid": 9506, "Layer": "Wall" }, "geometry": { "type": "MultiLineString", "coordinates": [ [ [ 26.695808612622248, 39.3253430955277 ], [ 26.695874627136135, 39.325322128254932 ], [ 26.696059877368636, 39.325547026897119 ], [ 26.696006226982192, 39.325573689490327 ] ] ] } },
{ "type": "Feature", "properties": { "fid": 9511, "Layer": "Wall" }, "geometry": { "type": "MultiLineString", "coordinates": [ [ [ 26.697318789482214, 39.326237516376352 ], [ 26.697355400468393, 39.326226807054205 ], [ 26.697466278904091, 39.326373460661529 ], [ 26.697568836619961, 39.32650413230342 ], [ 26.697377490865829, 39.326567339465576 ] ] ] } },
{ "type": "Feature", "properties": { "fid": 9512, "Layer": "Wall" }, "geometry": { "type": "MultiLineString", "coordinates": [ [ [ 26.697319765215774, 39.326239529038602 ], [ 26.697354193979571, 39.326229455421469 ], [ 26.697463904672013, 39.326374563706025 ], [ 26.697564808030183, 39.326503126999967 ], [ 26.697376409400238, 39.32656536020459 ] ] ] } },
{ "type": "Feature", "properties": { "fid": 9513, "Layer": "Wall" }, "geometry": { "type": "MultiLineString", "coordinates": [ [ [ 26.697568836619961, 39.32650413230342 ], [ 26.697679580768671, 39.326637416666728 ] ] ] } },
{ "type": "Feature", "properties": { "fid": 9514, "Layer": "Wall" }, "geometry": { "type": "MultiLineString", "coordinates": [ [ [ 26.697566511974124, 39.326505298310131 ], [ 26.697677256125179, 39.326638582673162 ] ] ] } },
{ "type": "Feature", "properties": { "fid": 9518, "Layer": "Wall" }, "geometry": { "type": "MultiLineString", "coordinates": [ [ [ 26.697022996492521, 39.326352962431848 ], [ 26.69715516724694, 39.326543747162361 ], [ 26.697161612353277, 39.326542259594753 ], [ 26.697354596011845, 39.326758654986833 ] ] ] } },
{ "type": "Feature", "properties": { "fid": 9519, "Layer": "Wall" }, "geometry": { "type": "MultiLineString", "coordinates": [ [ [ 26.69740024621278, 39.326594219357602 ], [ 26.697414290179996, 39.326614577853547 ], [ 26.697258104766679, 39.326650456372946 ] ] ] } },
{ "type": "Feature", "properties": { "fid": 9520, "Layer": "Wall" }, "geometry": { "type": "MultiLineString", "coordinates": [ [ [ 26.697218545226367, 39.326520850618635 ], [ 26.697161612353277, 39.326542259594753 ] ] ] } },
{ "type": "Feature", "properties": { "fid": 9521, "Layer": "Wall" }, "geometry": { "type": "MultiLineString", "coordinates": [ [ [ 26.697276545673827, 39.326420279672476 ], [ 26.697250595291834, 39.32642871082497 ] ] ] } },
{ "type": "Feature", "properties": { "fid": 9522, "Layer": "Wall" }, "geometry": { "type": "MultiLineString", "coordinates": [ [ [ 26.697178821151024, 39.32645151792839 ], [ 26.697107067573732, 39.326474316916716 ] ] ] } },
{ "type": "Feature", "properties": { "fid": 9523, "Layer": "Wall" }, "geometry": { "type": "MultiLineString", "coordinates": [ [ [ 26.697397806148516, 39.326595235152169 ], [ 26.69741024515633, 39.326613263825138 ], [ 26.697257319064793, 39.326648395827021 ] ] ] } },
{ "type": "Feature", "properties": { "fid": 9524, "Layer": "Wall" }, "geometry": { "type": "MultiLineString", "coordinates": [ [ [ 26.697217340114868, 39.326518915578433 ], [ 26.697160406348271, 39.326540325455468 ] ] ] } },
{ "type": "Feature", "properties": { "fid": 9525, "Layer": "Wall" }, "geometry": { "type": "MultiLineString", "coordinates": [ [ [ 26.697277612803138, 39.326422262546593 ], [ 26.697251664218893, 39.326430694597484 ] ] ] } },
{ "type": "Feature", "properties": { "fid": 9526, "Layer": "Wall" }, "geometry": { "type": "MultiLineString", "coordinates": [ [ [ 26.69717986946328, 39.326453507120775 ], [ 26.697108114094711, 39.326476307010907 ] ] ] } },
{ "type": "Feature", "properties": { "fid": 9530, "Layer": "Wall" }, "geometry": { "type": "MultiLineString", "coordinates": [ [ [ 26.697972550525954, 39.326834407763215 ], [ 26.6978382341727, 39.326608607330449 ], [ 26.698253964701259, 39.326451598390015 ], [ 26.698401659068615, 39.326687529975636 ], [ 26.697972550525954, 39.326834407763215 ] ] ] } },
{ "type": "Feature", "properties": { "fid": 9531, "Layer": "Wall" }, "geometry": { "type": "MultiLineString", "coordinates": [ [ [ 26.69797392236103, 39.326831589118328 ], [ 26.697841885942207, 39.32660961748612 ], [ 26.698252684601837, 39.326454471855484 ], [ 26.698397913810041, 39.326686463194797 ], [ 26.69797392236103, 39.326831589118328 ] ] ] } },
{ "type": "Feature", "properties": { "fid": 9533, "Layer": "Wall" }, "geometry": { "type": "MultiLineString", "coordinates": [ [ [ 26.697238707936755, 39.325891446280849 ], [ 26.697373018275258, 39.326039413898926 ], [ 26.697428688352932, 39.326014177014017 ] ] ] } },
{ "type": "Feature", "properties": { "fid": 9534, "Layer": "Wall" }, "geometry": { "type": "MultiLineString", "coordinates": [ [ [ 26.697273797883234, 39.325540060582064 ], [ 26.697409772683777, 39.325491388528903 ], [ 26.697597380878467, 39.32585711929277 ] ] ] } },
{ "type": "Feature", "properties": { "fid": 9537, "Layer": "Wall" }, "geometry": { "type": "MultiLineString", "coordinates": [ [ [ 26.697451843752319, 39.325814893592813 ], [ 26.69755875075731, 39.325781811533119 ] ] ] } },
{ "type": "Feature", "properties": { "fid": 9539, "Layer": "Wall" }, "geometry": { "type": "MultiLineString", "coordinates": [ [ [ 26.697438242334343, 39.325819101643461 ], [ 26.697372708561886, 39.325660844081106 ] ] ] } },
{ "type": "Feature", "properties": { "fid": 9540, "Layer": "Wall" }, "geometry": { "type": "MultiLineString", "coordinates": [ [ [ 26.697355324586937, 39.325666223990488 ], [ 26.69747971241927, 39.325627731318576 ] ] ] } },
{ "type": "Feature", "properties": { "fid": 9541, "Layer": "Wall" }, "geometry": { "type": "MultiLineString", "coordinates": [ [ [ 26.697452867876187, 39.32581689000758 ], [ 26.697559775773968, 39.325783807047003 ] ] ] } },
{ "type": "Feature", "properties": { "fid": 9542, "Layer": "Wall" }, "geometry": { "type": "MultiLineString", "coordinates": [ [ [ 26.697440876651317, 39.325818443917193 ], [ 26.697375342880282, 39.325660186354661 ] ] ] } },
{ "type": "Feature", "properties": { "fid": 9543, "Layer": "Wall" }, "geometry": { "type": "MultiLineString", "coordinates": [ [ [ 26.697354300454268, 39.325664225775746 ], [ 26.697478688290992, 39.325625734003815 ] ] ] } },
{ "type": "Feature", "properties": { "fid": 9547, "Layer": "Wall" }, "geometry": { "type": "MultiLineString", "coordinates": [ [ [ 26.697250705880336, 39.325637842050703 ], [ 26.697275797607823, 39.325696209498965 ] ] ] } },
{ "type": "Feature", "properties": { "fid": 9548, "Layer": "Wall" }, "geometry": { "type": "MultiLineString", "coordinates": [ [ [ 26.697248064321119, 39.325638483581983 ], [ 26.697271809966537, 39.325697476959412 ] ] ] } },
{ "type": "Feature", "properties": { "fid": 9549, "Layer": "Wall" }, "geometry": { "type": "MultiLineString", "coordinates": [ [ [ 26.697146726183284, 39.325737246658996 ], [ 26.697131152718509, 39.325706170090456 ] ] ] } },
{ "type": "Feature", "properties": { "fid": 9550, "Layer": "Wall" }, "geometry": { "type": "MultiLineString", "coordinates": [ [ [ 26.697149305309232, 39.325736466567193 ], [ 26.697133731844541, 39.325705389998646 ] ] ] } },
{ "type": "Feature", "properties": { "fid": 9551, "Layer": "Wall" }, "geometry": { "type": "MultiLineString", "coordinates": [ [ [ 26.697173380292671, 39.325781836344831 ], [ 26.697181832627358, 39.325796876697552 ], [ 26.697199697507248, 39.325828663138829 ], [ 26.69731993808967, 39.32578555578818 ], [ 26.697275797607823, 39.325696209498965 ], [ 26.697241046658039, 39.325708137657948 ] ] ] } },
{ "type": "Feature", "properties": { "fid": 9552, "Layer": "Wall" }, "geometry": { "type": "MultiLineString", "coordinates": [ [ [ 26.697175915147497, 39.325780975283365 ], [ 26.69718436838275, 39.325796016535378 ], [ 26.697201102313603, 39.325825791359158 ], [ 26.697316426764811, 39.32578444739427 ], [ 26.697274254664354, 39.325699088607394 ], [ 26.697242164871941, 39.325710103381148 ] ] ] } },
{ "type": "Feature", "properties": { "fid": 9553, "Layer": "Wall" }, "geometry": { "type": "MultiLineString", "coordinates": [ [ [ 26.697308721092963, 39.325868494108349 ], [ 26.697338728625112, 39.32585845069223 ], [ 26.697299880076283, 39.325792706908175 ] ] ] } },
{ "type": "Feature", "properties": { "fid": 9554, "Layer": "Wall" }, "geometry": { "type": "MultiLineString", "coordinates": [ [ [ 26.697307626176585, 39.32586652026221 ], [ 26.697335031601742, 39.325857346970793 ], [ 26.697297365094872, 39.325793603055637 ] ] ] } },
{ "type": "Feature", "properties": { "fid": 9555, "Layer": "Wall" }, "geometry": { "type": "MultiLineString", "coordinates": [ [ [ 26.697385197435008, 39.325937971839664 ], [ 26.697303349874954, 39.325962659598289 ] ] ] } },
{ "type": "Feature", "properties": { "fid": 9556, "Layer": "Wall" }, "geometry": { "type": "MultiLineString", "coordinates": [ [ [ 26.697386199156337, 39.32593997547616 ], [ 26.697304992354244, 39.325964471816036 ] ] ] } },
{ "type": "Feature", "properties": { "fid": 9557, "Layer": "Wall" }, "geometry": { "type": "MultiLineString", "coordinates": [ [ [ 26.697385197435008, 39.325937971839664 ], [ 26.697364028822822, 39.325901156790295 ], [ 26.697323725310078, 39.325863472849846 ] ] ] } },
{ "type": "Feature", "properties": { "fid": 9558, "Layer": "Wall" }, "geometry": { "type": "MultiLineString", "coordinates": [ [ [ 26.697382671616424, 39.325938849094499 ], [ 26.697361656551227, 39.325902303038497 ], [ 26.697321595245004, 39.325864845703613 ] ] ] } },
{ "type": "Feature", "properties": { "fid": 9560, "Layer": "Wall" }, "geometry": { "type": "MultiLineString", "coordinates": [ [ [ 26.696957544329688, 39.326259329684419 ], [ 26.696928215732544, 39.326267215797358 ], [ 26.69686931742282, 39.326150511441043 ], [ 26.696893110553841, 39.326140555683949 ], [ 26.696957544329688, 39.326259329684419 ] ] ] } },
{ "type": "Feature", "properties": { "fid": 9561, "Layer": "Wall" }, "geometry": { "type": "MultiLineString", "coordinates": [ [ [ 26.696961760970947, 39.326114763080348 ], [ 26.696996631794725, 39.326106020322371 ], [ 26.697022381278313, 39.326167979549851 ], [ 26.69699886800224, 39.326176503857937 ] ] ] } },
{ "type": "Feature", "properties": { "fid": 9562, "Layer": "Wall" }, "geometry": { "type": "MultiLineString", "coordinates": [ [ [ 26.696963178061139, 39.326118171417576 ], [ 26.696993660457505, 39.326110529970286 ], [ 26.697016740565378, 39.326166070223096 ], [ 26.696996918604221, 39.326173258035141 ] ] ] } },
{ "type": "Feature", "properties": { "fid": 9563, "Layer": "Wall" }, "geometry": { "type": "MultiLineString", "coordinates": [ [ [ 26.697040024590709, 39.325979517032827 ], [ 26.697058541512348, 39.326020665007626 ] ] ] } },
{ "type": "Feature", "properties": { "fid": 9564, "Layer": "Wall" }, "geometry": { "type": "MultiLineString", "coordinates": [ [ [ 26.697035799966045, 39.325980988140337 ], [ 26.697054186591377, 39.32602184729771 ] ] ] } },
{ "type": "Feature", "properties": { "fid": 9566, "Layer": "Wall" }, "geometry": { "type": "MultiLineString", "coordinates": [ [ [ 26.69700189696669, 39.32589084836026 ], [ 26.697011997317492, 39.325915504954551 ] ] ] } },
{ "type": "Feature", "properties": { "fid": 9567, "Layer": "Wall" }, "geometry": { "type": "MultiLineString", "coordinates": [ [ [ 26.696997502199473, 39.325891933474423 ], [ 26.697007604354841, 39.325916592767406 ] ] ] } },
{ "type": "Feature", "properties": { "fid": 9569, "Layer": "Wall" }, "geometry": { "type": "MultiLineString", "coordinates": [ [ [ 26.696790453373549, 39.325787566621401 ], [ 26.696721706082648, 39.325808878516114 ], [ 26.696740763986032, 39.3258584817005 ], [ 26.696769042642295, 39.325912653446593 ], [ 26.696835911512995, 39.325888353995801 ], [ 26.696790453373549, 39.325787566621401 ] ] ] } },
{ "type": "Feature", "properties": { "fid": 9574, "Layer": "Wall" }, "geometry": { "type": "MultiLineString", "coordinates": [ [ [ 26.696790643754433, 39.325960297419336 ], [ 26.696847707033815, 39.32607453082904 ], [ 26.696949029514119, 39.326043357649802 ], [ 26.696885109648385, 39.325927880331342 ], [ 26.696790643754433, 39.325960297419336 ] ] ] } },
{ "type": "Feature", "properties": { "fid": 9576, "Layer": "Wall" }, "geometry": { "type": "MultiLineString", "coordinates": [ [ [ 26.696971521110999, 39.326112316515683 ], [ 26.696940595919799, 39.326050407092836 ] ] ] } },
{ "type": "Feature", "properties": { "fid": 9577, "Layer": "Wall" }, "geometry": { "type": "MultiLineString", "coordinates": [ [ [ 26.696968940169803, 39.32611309210899 ], [ 26.696938014992654, 39.326051186286605 ] ] ] } },
{ "type": "Feature", "properties": { "fid": 9578, "Layer": "Wall" }, "geometry": { "type": "MultiLineString", "coordinates": [ [ [ 26.696757087797316, 39.325527394854404 ], [ 26.696783891705042, 39.325557150443686 ] ] ] } },
{ "type": "Feature", "properties": { "fid": 9579, "Layer": "Wall" }, "geometry": { "type": "MultiLineString", "coordinates": [ [ [ 26.696820186133039, 39.325498024935605 ], [ 26.696848658059789, 39.325527583653376 ] ] ] } },
{ "type": "Feature", "properties": { "fid": 9580, "Layer": "Wall" }, "geometry": { "type": "MultiLineString", "coordinates": [ [ [ 26.696817971404975, 39.32549931235674 ], [ 26.696846442437835, 39.325528871975472 ] ] ] } },
{ "type": "Feature", "properties": { "fid": 9581, "Layer": "Wall" }, "geometry": { "type": "MultiLineString", "coordinates": [ [ [ 26.696759354774933, 39.325526163192158 ], [ 26.696786158675941, 39.325555916981202 ] ] ] } },
{ "type": "Feature", "properties": { "fid": 9583, "Layer": "Wall" }, "geometry": { "type": "MultiLineString", "coordinates": [ [ [ 26.696920762886158, 39.32565499163961 ], [ 26.696894656501222, 39.325622755577236 ] ] ] } },
{ "type": "Feature", "properties": { "fid": 9584, "Layer": "Wall" }, "geometry": { "type": "MultiLineString", "coordinates": [ [ [ 26.696923104666887, 39.325653848119671 ], [ 26.6968969991722, 39.325621610256256 ] ] ] } },
{ "type": "Feature", "properties": { "fid": 9585, "Layer": "Wall" }, "geometry": { "type": "MultiLineString", "coordinates": [ [ [ 26.696990641862147, 39.32579277826035 ], [ 26.697011334209524, 39.3258310267327 ], [ 26.69710282660451, 39.325793631152479 ], [ 26.697099656951529, 39.325788954372285 ], [ 26.697086242372727, 39.325756532826389 ] ] ] } },
{ "type": "Feature", "properties": { "fid": 9586, "Layer": "Wall" }, "geometry": { "type": "MultiLineString", "coordinates": [ [ [ 26.696993194772038, 39.325791945985763 ], [ 26.697012716127389, 39.325828034358153 ], [ 26.697099089081863, 39.325792730895941 ], [ 26.69709709508437, 39.32578979025552 ], [ 26.697083607157328, 39.325757191454244 ] ] ] } },
{ "type": "Feature", "properties": { "fid": 9588, "Layer": "Wall" }, "geometry": { "type": "MultiLineString", "coordinates": [ [ [ 26.697025140551887, 39.325856547607017 ], [ 26.697047448105092, 39.325912985082624 ] ] ] } },
{ "type": "Feature", "properties": { "fid": 9589, "Layer": "Wall" }, "geometry": { "type": "MultiLineString", "coordinates": [ [ [ 26.697027786644174, 39.325855917772785 ], [ 26.697050092399664, 39.325912354349938 ] ] ] } },
{ "type": "Feature", "properties": { "fid": 9590, "Layer": "Wall" }, "geometry": { "type": "MultiLineString", "coordinates": [ [ [ 26.697090522592873, 39.325999481688044 ], [ 26.69710740411389, 39.326033381622345 ] ] ] } },
{ "type": "Feature", "properties": { "fid": 9591, "Layer": "Wall" }, "geometry": { "type": "MultiLineString", "coordinates": [ [ [ 26.697093102634856, 39.32599870609576 ], [ 26.697109985950274, 39.326032606028406 ] ] ] } },
{ "type": "Feature", "properties": { "fid": 9592, "Layer": "Wall" }, "geometry": { "type": "MultiLineString", "coordinates": [ [ [ 26.697150594864976, 39.325981436262431 ], [ 26.697222070309284, 39.325964321799859 ], [ 26.697161253689227, 39.325879867797283 ], [ 26.697158803701175, 39.325880868298533 ], [ 26.697108001361045, 39.325895905038848 ] ] ] } },
{ "type": "Feature", "properties": { "fid": 9593, "Layer": "Wall" }, "geometry": { "type": "MultiLineString", "coordinates": [ [ [ 26.697149779564331, 39.325979382046697 ], [ 26.697217985059247, 39.325963050116087 ], [ 26.697160154848792, 39.325882746494592 ], [ 26.697159944333485, 39.325882831300781 ], [ 26.697108986058652, 39.325897914091591 ] ] ] } },
{ "type": "Feature", "properties": { "fid": 9594, "Layer": "Wall" }, "geometry": { "type": "MultiLineString", "coordinates": [ [ [ 26.697249479699757, 39.326023946376516 ], [ 26.697222070309284, 39.325964321799859 ] ] ] } },
{ "type": "Feature", "properties": { "fid": 9595, "Layer": "Wall" }, "geometry": { "type": "MultiLineString", "coordinates": [ [ [ 26.69724687254519, 39.326024669786754 ], [ 26.697219464044945, 39.32596504340907 ] ] ] } },
{ "type": "Feature", "properties": { "fid": 9596, "Layer": "Wall" }, "geometry": { "type": "MultiLineString", "coordinates": [ [ [ 26.697213330345129, 39.326032195247649 ], [ 26.697184946607123, 39.326040570143363 ] ] ] } },
{ "type": "Feature", "properties": { "fid": 9597, "Layer": "Wall" }, "geometry": { "type": "MultiLineString", "coordinates": [ [ [ 26.697214313249749, 39.326034205202419 ], [ 26.697170964235276, 39.326046994642539 ] ] ] } },
{ "type": "Feature", "properties": { "fid": 9600, "Layer": "Wall" }, "geometry": { "type": "MultiLineString", "coordinates": [ [ [ 26.696615877909462, 39.325525059353581 ], [ 26.696538835952314, 39.325563244447601 ], [ 26.696670249391232, 39.325734686205266 ] ] ] } },
{ "type": "Feature", "properties": { "fid": 9601, "Layer": "Wall" }, "geometry": { "type": "MultiLineString", "coordinates": [ [ [ 26.69661736607728, 39.325526871713734 ], [ 26.69654258613232, 39.325563934964805 ], [ 26.696627050349573, 39.325674124842067 ] ] ] } },
{ "type": "Feature", "properties": { "fid": 9602, "Layer": "Wall" }, "geometry": { "type": "MultiLineString", "coordinates": [ [ [ 26.69661736607728, 39.325526871713734 ], [ 26.696671808476072, 39.325499887028585 ], [ 26.696766886536572, 39.325600218869099 ] ] ] } },
{ "type": "Feature", "properties": { "fid": 9603, "Layer": "Wall" }, "geometry": { "type": "MultiLineString", "coordinates": [ [ [ 26.696769114770852, 39.325598944037061 ], [ 26.696806020105008, 39.325637168484675 ] ] ] } },
{ "type": "Feature", "properties": { "fid": 9604, "Layer": "Wall" }, "geometry": { "type": "MultiLineString", "coordinates": [ [ [ 26.696766818069076, 39.325600145122813 ], [ 26.696804336317729, 39.325638170076431 ] ] ] } },
{ "type": "Feature", "properties": { "fid": 9622, "Layer": "Wall" }, "geometry": { "type": "MultiLineString", "coordinates": [ [ [ 26.696703955282807, 39.317407892661009 ], [ 26.696493074267558, 39.317444850252272 ] ] ] } },
{ "type": "Feature", "properties": { "fid": 9623, "Layer": "Wall" }, "geometry": { "type": "MultiLineString", "coordinates": [ [ [ 26.696902287232266, 39.317608580942469 ], [ 26.696993040697414, 39.317614032110058 ] ] ] } },
{ "type": "Feature", "properties": { "fid": 9624, "Layer": "Wall" }, "geometry": { "type": "MultiLineString", "coordinates": [ [ [ 26.696548782114856, 39.317595487881846 ], [ 26.696559449291875, 39.317631756890258 ], [ 26.696616852239544, 39.317621173324873 ] ] ] } },
{ "type": "Feature", "properties": { "fid": 9625, "Layer": "Wall" }, "geometry": { "type": "MultiLineString", "coordinates": [ [ [ 26.696525628009667, 39.31753011027498 ], [ 26.696536909189295, 39.317555112689973 ] ] ] } },
{ "type": "Feature", "properties": { "fid": 9626, "Layer": "Wall" }, "geometry": { "type": "MultiLineString", "coordinates": [ [ [ 26.696884985968158, 39.317458831470894 ], [ 26.696897187714701, 39.317511879280332 ] ] ] } },
{ "type": "Feature", "properties": { "fid": 9627, "Layer": "Wall" }, "geometry": { "type": "MultiLineString", "coordinates": [ [ [ 26.696800197852674, 39.3174676454449 ], [ 26.696811803655201, 39.317507342178139 ] ] ] } },
{ "type": "Feature", "properties": { "fid": 9628, "Layer": "Wall" }, "geometry": { "type": "MultiLineString", "coordinates": [ [ [ 26.696726890939225, 39.317478701849559 ], [ 26.696738184966033, 39.317516344775775 ] ] ] } },
{ "type": "Feature", "properties": { "fid": 9629, "Layer": "Wall" }, "geometry": { "type": "MultiLineString", "coordinates": [ [ [ 26.696523016339395, 39.317530821986026 ], [ 26.696534296618104, 39.317555823501777 ] ] ] } },
{ "type": "Feature", "properties": { "fid": 9630, "Layer": "Wall" }, "geometry": { "type": "MultiLineString", "coordinates": [ [ [ 26.696704563262678, 39.317409990303766 ], [ 26.696493684035698, 39.31744694699352 ] ] ] } },
{ "type": "Feature", "properties": { "fid": 9631, "Layer": "Wall" }, "geometry": { "type": "MultiLineString", "coordinates": [ [ [ 26.696729585081584, 39.317478213294407 ], [ 26.696740881800469, 39.317515856218002 ] ] ] } },
{ "type": "Feature", "properties": { "fid": 9632, "Layer": "Wall" }, "geometry": { "type": "MultiLineString", "coordinates": [ [ [ 26.696797499176693, 39.317468121402598 ], [ 26.696809104081407, 39.317507818136761 ] ] ] } },
{ "type": "Feature", "properties": { "fid": 9633, "Layer": "Wall" }, "geometry": { "type": "MultiLineString", "coordinates": [ [ [ 26.696882260912556, 39.317459210239022 ], [ 26.696894464449183, 39.317512257146802 ] ] ] } },
{ "type": "Feature", "properties": { "fid": 9634, "Layer": "Wall" }, "geometry": { "type": "MultiLineString", "coordinates": [ [ [ 26.696902500877371, 39.317606438436016 ], [ 26.696993253441033, 39.31761188870442 ] ] ] } },
{ "type": "Feature", "properties": { "fid": 9635, "Layer": "Wall" }, "geometry": { "type": "MultiLineString", "coordinates": [ [ [ 26.696437693031598, 39.317454556115614 ], [ 26.696418877171805, 39.317456291813507 ] ] ] } },
{ "type": "Feature", "properties": { "fid": 9636, "Layer": "Wall" }, "geometry": { "type": "MultiLineString", "coordinates": [ [ [ 26.696438019439423, 39.31745669092372 ], [ 26.696419203576081, 39.317458425721512 ] ] ] } },
{ "type": "Feature", "properties": { "fid": 9663, "Layer": "Wall" }, "geometry": { "type": "MultiLineString", "coordinates": [ [ [ 26.695331971800108, 39.319419400080946 ], [ 26.695309926310671, 39.319431537947061 ] ] ] } },
{ "type": "Feature", "properties": { "fid": 9664, "Layer": "Wall" }, "geometry": { "type": "MultiLineString", "coordinates": [ [ [ 26.695244276225637, 39.319307137530451 ], [ 26.695280928056409, 39.319379484977127 ], [ 26.695243070977511, 39.319393742818434 ] ] ] } },
{ "type": "Feature", "properties": { "fid": 9665, "Layer": "Wall" }, "geometry": { "type": "MultiLineString", "coordinates": [ [ [ 26.695243070977511, 39.319393742818434 ], [ 26.695251847116904, 39.319407803755858 ], [ 26.695321099676008, 39.319391515086544 ] ] ] } },
{ "type": "Feature", "properties": { "fid": 9666, "Layer": "Wall" }, "geometry": { "type": "MultiLineString", "coordinates": [ [ [ 26.695240581276074, 39.31939468034782 ], [ 26.695250388999114, 39.319410393872623 ], [ 26.695321901297998, 39.319393572043928 ] ] ] } },
{ "type": "Feature", "properties": { "fid": 9667, "Layer": "Wall" }, "geometry": { "type": "MultiLineString", "coordinates": [ [ [ 26.695241700736918, 39.319307924817203 ], [ 26.695277414440731, 39.319378419761819 ], [ 26.695241864303863, 39.319391809552002 ] ] ] } },
{ "type": "Feature", "properties": { "fid": 9668, "Layer": "Wall" }, "geometry": { "type": "MultiLineString", "coordinates": [ [ [ 26.695333571659365, 39.319421153858862 ], [ 26.695311527063399, 39.319433290824016 ] ] ] } },
{ "type": "Feature", "properties": { "fid": 9669, "Layer": "Wall" }, "geometry": { "type": "MultiLineString", "coordinates": [ [ [ 26.695333571659365, 39.319421153858862 ], [ 26.695392679026082, 39.319400452197804 ] ] ] } },
{ "type": "Feature", "properties": { "fid": 9670, "Layer": "Wall" }, "geometry": { "type": "MultiLineString", "coordinates": [ [ [ 26.695360618713359, 39.319512090615504 ], [ 26.695440831850103, 39.319465612286876 ] ] ] } },
{ "type": "Feature", "properties": { "fid": 9671, "Layer": "Wall" }, "geometry": { "type": "MultiLineString", "coordinates": [ [ [ 26.695390835989585, 39.319518917243322 ], [ 26.695375820536697, 39.319503281435459 ] ] ] } },
{ "type": "Feature", "properties": { "fid": 9672, "Layer": "Wall" }, "geometry": { "type": "MultiLineString", "coordinates": [ [ [ 26.695358964242452, 39.31951036839277 ], [ 26.69543917827178, 39.319463889163345 ] ] ] } },
{ "type": "Feature", "properties": { "fid": 9673, "Layer": "Wall" }, "geometry": { "type": "MultiLineString", "coordinates": [ [ [ 26.695393054361645, 39.319517632513595 ], [ 26.695378039808944, 39.319501997605066 ] ] ] } },
{ "type": "Feature", "properties": { "fid": 9675, "Layer": "Wall" }, "geometry": { "type": "MultiLineString", "coordinates": [ [ [ 26.695329261034395, 39.319533955764882 ], [ 26.695365706590589, 39.319584297910296 ] ] ] } },
{ "type": "Feature", "properties": { "fid": 9676, "Layer": "Wall" }, "geometry": { "type": "MultiLineString", "coordinates": [ [ [ 26.695224723629355, 39.319596398695325 ], [ 26.695294930608064, 39.319632205937232 ] ] ] } },
{ "type": "Feature", "properties": { "fid": 9677, "Layer": "Wall" }, "geometry": { "type": "MultiLineString", "coordinates": [ [ [ 26.695226243009152, 39.319594602436737 ], [ 26.695296449985008, 39.319630408778387 ] ] ] } },
{ "type": "Feature", "properties": { "fid": 9678, "Layer": "Wall" }, "geometry": { "type": "MultiLineString", "coordinates": [ [ [ 26.695326847122594, 39.319535009341429 ], [ 26.695363294468763, 39.319585350585172 ] ] ] } },
{ "type": "Feature", "properties": { "fid": 9692, "Layer": "Wall" }, "geometry": { "type": "MultiLineString", "coordinates": [ [ [ 26.694301148982042, 39.319284822360096 ], [ 26.694271880587497, 39.319322752867606 ], [ 26.694240227432037, 39.319362085269368 ], [ 26.694291919435067, 39.319418767485587 ] ] ] } },
{ "type": "Feature", "properties": { "fid": 9693, "Layer": "Wall" }, "geometry": { "type": "MultiLineString", "coordinates": [ [ [ 26.694371286761172, 39.319492901141807 ], [ 26.694400891855398, 39.319514960376281 ] ] ] } },
{ "type": "Feature", "properties": { "fid": 9694, "Layer": "Wall" }, "geometry": { "type": "MultiLineString", "coordinates": [ [ [ 26.694622345707238, 39.319615467509486 ], [ 26.694700404321306, 39.319586182821524 ] ] ] } },
{ "type": "Feature", "properties": { "fid": 9695, "Layer": "Wall" }, "geometry": { "type": "MultiLineString", "coordinates": [ [ [ 26.694614853103388, 39.319535865141184 ], [ 26.694564231571828, 39.319560223353321 ] ] ] } },
{ "type": "Feature", "properties": { "fid": 9696, "Layer": "Wall" }, "geometry": { "type": "MultiLineString", "coordinates": [ [ [ 26.694469463593808, 39.319470134702257 ], [ 26.69450692147138, 39.319444375410065 ] ] ] } },
{ "type": "Feature", "properties": { "fid": 9697, "Layer": "Wall" }, "geometry": { "type": "MultiLineString", "coordinates": [ [ [ 26.694385909759752, 39.319337909625879 ], [ 26.694401690044931, 39.319353978622608 ] ] ] } },
{ "type": "Feature", "properties": { "fid": 9698, "Layer": "Wall" }, "geometry": { "type": "MultiLineString", "coordinates": [ [ [ 26.694303523338341, 39.319285929135134 ], [ 26.694274242440301, 39.319323874956403 ], [ 26.69424355016719, 39.319362011101461 ], [ 26.694294176512585, 39.319417524129342 ] ] ] } },
{ "type": "Feature", "properties": { "fid": 9699, "Layer": "Wall" }, "geometry": { "type": "MultiLineString", "coordinates": [ [ [ 26.694373201783769, 39.319491350255866 ], [ 26.694402807768803, 39.319513407689172 ] ] ] } },
{ "type": "Feature", "properties": { "fid": 9700, "Layer": "Wall" }, "geometry": { "type": "MultiLineString", "coordinates": [ [ [ 26.694471297055689, 39.319471745146913 ], [ 26.694508755830864, 39.319445985853832 ] ] ] } },
{ "type": "Feature", "properties": { "fid": 9701, "Layer": "Wall" }, "geometry": { "type": "MultiLineString", "coordinates": [ [ [ 26.694613395627506, 39.319534036519514 ], [ 26.694562773202748, 39.319558395632519 ] ] ] } },
{ "type": "Feature", "properties": { "fid": 9702, "Layer": "Wall" }, "geometry": { "type": "MultiLineString", "coordinates": [ [ [ 26.694621141723012, 39.319613531539133 ], [ 26.694699201230062, 39.319584245950395 ] ] ] } },
{ "type": "Feature", "properties": { "fid": 9703, "Layer": "Wall" }, "geometry": { "type": "MultiLineString", "coordinates": [ [ [ 26.694383710323642, 39.319339214138289 ], [ 26.694399488804283, 39.31935528043627 ] ] ] } },
{ "type": "Feature", "properties": { "fid": 9704, "Layer": "Wall" }, "geometry": { "type": "MultiLineString", "coordinates": [ [ [ 26.694383710323642, 39.319339214138289 ], [ 26.694302323347724, 39.319287482963695 ] ] ] } },
{ "type": "Feature", "properties": { "fid": 9725, "Layer": "Wall" }, "geometry": { "type": "MultiLineString", "coordinates": [ [ [ 26.693762648682895, 39.319216717937366 ], [ 26.693836336705708, 39.319195412500868 ] ] ] } },
{ "type": "Feature", "properties": { "fid": 9726, "Layer": "Wall" }, "geometry": { "type": "MultiLineString", "coordinates": [ [ [ 26.693928137330989, 39.319180938587763 ], [ 26.694061478034936, 39.31915431339921 ], [ 26.694176346677974, 39.319142404309886 ] ] ] } },
{ "type": "Feature", "properties": { "fid": 9727, "Layer": "Wall" }, "geometry": { "type": "MultiLineString", "coordinates": [ [ [ 26.694217677583744, 39.31914061642707 ], [ 26.694323410682323, 39.319140276093513 ], [ 26.694327134888752, 39.319154344399884 ] ] ] } },
{ "type": "Feature", "properties": { "fid": 9728, "Layer": "Wall" }, "geometry": { "type": "MultiLineString", "coordinates": [ [ [ 26.693928825085102, 39.319183019956128 ], [ 26.694062007116798, 39.319156427318134 ], [ 26.69417671164452, 39.319144534582058 ] ] ] } },
{ "type": "Feature", "properties": { "fid": 9729, "Layer": "Wall" }, "geometry": { "type": "MultiLineString", "coordinates": [ [ [ 26.694217689151767, 39.319142766827255 ], [ 26.694321154301072, 39.319142433081531 ], [ 26.694324424442119, 39.319154778956744 ] ] ] } },
{ "type": "Feature", "properties": { "fid": 9730, "Layer": "Wall" }, "geometry": { "type": "MultiLineString", "coordinates": [ [ [ 26.694266164449225, 39.31915753746209 ], [ 26.694266084829241, 39.319142608877634 ] ] ] } },
{ "type": "Feature", "properties": { "fid": 9731, "Layer": "Wall" }, "geometry": { "type": "MultiLineString", "coordinates": [ [ [ 26.694268931199602, 39.319157528615108 ], [ 26.694268851579512, 39.319142600030723 ] ] ] } },
{ "type": "Feature", "properties": { "fid": 9732, "Layer": "Wall" }, "geometry": { "type": "MultiLineString", "coordinates": [ [ [ 26.693763614303908, 39.319218733340762 ], [ 26.693837304118023, 39.319197427002436 ] ] ] } },
{ "type": "Feature", "properties": { "fid": 9757, "Layer": "Wall" }, "geometry": { "type": "MultiLineString", "coordinates": [ [ [ 26.69452954018427, 39.318990674666082 ], [ 26.694538084594189, 39.319073855928899 ], [ 26.69450827584123, 39.319099654094344 ], [ 26.6943956770758, 39.319102510334623 ] ] ] } },
{ "type": "Feature", "properties": { "fid": 9758, "Layer": "Wall" }, "geometry": { "type": "MultiLineString", "coordinates": [ [ [ 26.694526780304699, 39.318990844630839 ], [ 26.694535230685997, 39.319073105147154 ], [ 26.694507007499688, 39.319097537255765 ], [ 26.694395587460164, 39.31910036090639 ] ] ] } },
{ "type": "Feature", "properties": { "fid": 9765, "Layer": "Wall" }, "geometry": { "type": "MultiLineString", "coordinates": [ [ [ 26.693653211684733, 39.318914711465276 ], [ 26.693815637813259, 39.318901299584198 ], [ 26.693949497372085, 39.318894866556406 ], [ 26.694276092576199, 39.318893807280055 ] ] ] } },
{ "type": "Feature", "properties": { "fid": 9766, "Layer": "Wall" }, "geometry": { "type": "MultiLineString", "coordinates": [ [ [ 26.693760587528043, 39.319184205333436 ], [ 26.69405243146754, 39.319122689348497 ], [ 26.69427964377326, 39.319104287762521 ] ] ] } },
{ "type": "Feature", "properties": { "fid": 9767, "Layer": "Wall" }, "geometry": { "type": "MultiLineString", "coordinates": [ [ [ 26.69369433409031, 39.319024146600071 ], [ 26.693707841764031, 39.319056176115474 ] ] ] } },
{ "type": "Feature", "properties": { "fid": 9768, "Layer": "Wall" }, "geometry": { "type": "MultiLineString", "coordinates": [ [ [ 26.693653505798306, 39.318916849004445 ], [ 26.69381586914789, 39.318903442581814 ], [ 26.693949587880269, 39.318897015984398 ], [ 26.694276104140574, 39.318895957680738 ] ] ] } },
{ "type": "Feature", "properties": { "fid": 9769, "Layer": "Wall" }, "geometry": { "type": "MultiLineString", "coordinates": [ [ [ 26.693759861225193, 39.319182131201444 ], [ 26.694051921206107, 39.319120570011428 ], [ 26.694279356831057, 39.319102150217518 ] ] ] } },
{ "type": "Feature", "properties": { "fid": 9770, "Layer": "Wall" }, "geometry": { "type": "MultiLineString", "coordinates": [ [ [ 26.693691703475938, 39.319024815115405 ], [ 26.69370521115615, 39.319056846431067 ] ] ] } },
{ "type": "Feature", "properties": { "fid": 9771, "Layer": "Wall" }, "geometry": { "type": "MultiLineString", "coordinates": [ [ [ 26.693689074662622, 39.319025485429272 ], [ 26.693702582335973, 39.319057514944717 ] ] ] } },
{ "type": "Feature", "properties": { "fid": 9772, "Layer": "Wall" }, "geometry": { "type": "MultiLineString", "coordinates": [ [ [ 26.693686444945559, 39.319026153943696 ], [ 26.693699952625355, 39.319058185259415 ] ] ] } },
{ "type": "Feature", "properties": { "fid": 9773, "Layer": "Wall" }, "geometry": { "type": "MultiLineString", "coordinates": [ [ [ 26.693683814338058, 39.319026824259261 ], [ 26.693697322011044, 39.319058853774685 ] ] ] } },
{ "type": "Feature", "properties": { "fid": 9786, "Layer": "Wall" }, "geometry": { "type": "MultiLineString", "coordinates": [ [ [ 26.693598818305517, 39.31679853640113 ], [ 26.693599005410448, 39.316833600850188 ], [ 26.693530940056778, 39.316842861857204 ] ] ] } },
{ "type": "Feature", "properties": { "fid": 9787, "Layer": "Wall" }, "geometry": { "type": "MultiLineString", "coordinates": [ [ [ 26.69359604888685, 39.316798545247707 ], [ 26.693596228386131, 39.316831795938874 ], [ 26.6935304630275, 39.316840745186461 ] ] ] } },
{ "type": "Feature", "properties": { "fid": 9788, "Layer": "Wall" }, "geometry": { "type": "MultiLineString", "coordinates": [ [ [ 26.693523311001769, 39.316801912887556 ], [ 26.693549433493509, 39.316798696110908 ] ] ] } },
{ "type": "Feature", "properties": { "fid": 9789, "Layer": "Wall" }, "geometry": { "type": "MultiLineString", "coordinates": [ [ [ 26.693497733046659, 39.316753453514821 ], [ 26.69349799421094, 39.316801995565491 ] ] ] } },
{ "type": "Feature", "properties": { "fid": 9790, "Layer": "Wall" }, "geometry": { "type": "MultiLineString", "coordinates": [ [ [ 26.693500499772146, 39.316753444670951 ], [ 26.693500761830389, 39.316801985820703 ] ] ] } },
{ "type": "Feature", "properties": { "fid": 9791, "Layer": "Wall" }, "geometry": { "type": "MultiLineString", "coordinates": [ [ [ 26.693522877011674, 39.31679978987632 ], [ 26.69354899950002, 39.316796572199557 ] ] ] } },
{ "type": "Feature", "properties": { "fid": 9792, "Layer": "Wall" }, "geometry": { "type": "MultiLineString", "coordinates": [ [ [ 26.693522877011674, 39.31679978987632 ], [ 26.693500750381965, 39.316799860620776 ] ] ] } },
{ "type": "Feature", "properties": { "fid": 9806, "Layer": "Wall" }, "geometry": { "type": "MultiLineString", "coordinates": [ [ [ 26.696186892010576, 39.316737637106883 ], [ 26.696211953883182, 39.316768381380612 ] ] ] } },
{ "type": "Feature", "properties": { "fid": 9807, "Layer": "Wall" }, "geometry": { "type": "MultiLineString", "coordinates": [ [ [ 26.696415976427438, 39.317020240713518 ], [ 26.696472497669308, 39.317030814651567 ] ] ] } },
{ "type": "Feature", "properties": { "fid": 9808, "Layer": "Wall" }, "geometry": { "type": "MultiLineString", "coordinates": [ [ [ 26.696456646495871, 39.316939267090504 ], [ 26.696503142255793, 39.316964415282129 ] ] ] } },
{ "type": "Feature", "properties": { "fid": 9809, "Layer": "Wall" }, "geometry": { "type": "MultiLineString", "coordinates": [ [ [ 26.696422528188855, 39.316921948523728 ], [ 26.696390145758329, 39.316904111680252 ] ] ] } },
{ "type": "Feature", "properties": { "fid": 9810, "Layer": "Wall" }, "geometry": { "type": "MultiLineString", "coordinates": [ [ [ 26.696099065096313, 39.316968251404298 ], [ 26.696263160082047, 39.316991445969883 ] ] ] } },
{ "type": "Feature", "properties": { "fid": 9812, "Layer": "Wall" }, "geometry": { "type": "MultiLineString", "coordinates": [ [ [ 26.696133151626054, 39.316806582628551 ], [ 26.696053773929677, 39.31684661526954 ], [ 26.69606970357399, 39.316903959621392 ], [ 26.69605880144238, 39.31696255917354 ], [ 26.696099065096313, 39.316968251404298 ], [ 26.696171798656046, 39.316882253407975 ], [ 26.696192866374798, 39.316861416672346 ], [ 26.696133151626054, 39.316806582628551 ] ] ] } },
{ "type": "Feature", "properties": { "fid": 9813, "Layer": "Wall" }, "geometry": { "type": "MultiLineString", "coordinates": [ [ [ 26.696132613969194, 39.316809416735417 ], [ 26.696056882655245, 39.31684761155033 ], [ 26.696072513167113, 39.316903884122013 ], [ 26.696061922448564, 39.31696081634518 ], [ 26.696097758135025, 39.316965880764357 ], [ 26.696169550227445, 39.316880997097186 ], [ 26.696189296799151, 39.31686146676855 ], [ 26.696132613969194, 39.316809416735417 ] ] ] } },
{ "type": "Feature", "properties": { "fid": 9814, "Layer": "Wall" }, "geometry": { "type": "MultiLineString", "coordinates": [ [ [ 26.696184555610529, 39.316738787826509 ], [ 26.696209614787868, 39.316769531202596 ] ] ] } },
{ "type": "Feature", "properties": { "fid": 9815, "Layer": "Wall" }, "geometry": { "type": "MultiLineString", "coordinates": [ [ [ 26.696420926994524, 39.316923702553765 ], [ 26.696388543667002, 39.316905865711092 ] ] ] } },
{ "type": "Feature", "properties": { "fid": 9816, "Layer": "Wall" }, "geometry": { "type": "MultiLineString", "coordinates": [ [ [ 26.696455066872979, 39.316941031902196 ], [ 26.696501561725604, 39.316966177394313 ] ] ] } },
{ "type": "Feature", "properties": { "fid": 9817, "Layer": "Wall" }, "geometry": { "type": "MultiLineString", "coordinates": [ [ [ 26.696416624501637, 39.317018151813379 ], [ 26.696473145739926, 39.31702872485134 ] ] ] } },
{ "type": "Feature", "properties": { "fid": 9843, "Layer": "Wall" }, "geometry": { "type": "MultiLineString", "coordinates": [ [ [ 26.69516049417221, 39.319122356879156 ], [ 26.695173966988495, 39.319116642141715 ], [ 26.695213721219641, 39.319188084821072 ] ] ] } },
{ "type": "Feature", "properties": { "fid": 9844, "Layer": "Wall" }, "geometry": { "type": "MultiLineString", "coordinates": [ [ [ 26.695030286689889, 39.319149981215979 ], [ 26.695048967110093, 39.319176076774795 ], [ 26.695073139246254, 39.319164303308732 ] ] ] } },
{ "type": "Feature", "properties": { "fid": 9845, "Layer": "Wall" }, "geometry": { "type": "MultiLineString", "coordinates": [ [ [ 26.695039626004743, 39.319163029896551 ], [ 26.694976636129425, 39.319182071665473 ], [ 26.695006878070192, 39.319223625306229 ] ] ] } },
{ "type": "Feature", "properties": { "fid": 9846, "Layer": "Wall" }, "geometry": { "type": "MultiLineString", "coordinates": [ [ [ 26.694976636129425, 39.319182071665473 ], [ 26.694938631625725, 39.319193559027298 ], [ 26.694930118363313, 39.319187214652366 ], [ 26.69490197036659, 39.319206066797435 ], [ 26.694960070680736, 39.319267959316669 ] ] ] } },
{ "type": "Feature", "properties": { "fid": 9847, "Layer": "Wall" }, "geometry": { "type": "MultiLineString", "coordinates": [ [ [ 26.69490197036659, 39.319206066797435 ], [ 26.694884217801231, 39.319217958563236 ], [ 26.694910897445457, 39.319292696975907 ] ] ] } },
{ "type": "Feature", "properties": { "fid": 9848, "Layer": "Wall" }, "geometry": { "type": "MultiLineString", "coordinates": [ [ [ 26.694587949845673, 39.319259071185378 ], [ 26.694639757223211, 39.319311985329975 ] ] ] } },
{ "type": "Feature", "properties": { "fid": 9849, "Layer": "Wall" }, "geometry": { "type": "MultiLineString", "coordinates": [ [ [ 26.694798290262529, 39.3193434483007 ], [ 26.694857390032261, 39.319316928250309 ] ] ] } },
{ "type": "Feature", "properties": { "fid": 9850, "Layer": "Wall" }, "geometry": { "type": "MultiLineString", "coordinates": [ [ [ 26.695165529027111, 39.319125028326035 ], [ 26.695172863336921, 39.319121916119641 ], [ 26.695211189993152, 39.319188953078651 ] ] ] } },
{ "type": "Feature", "properties": { "fid": 9851, "Layer": "Wall" }, "geometry": { "type": "MultiLineString", "coordinates": [ [ [ 26.695032704212959, 39.319148935738234 ], [ 26.695049967868712, 39.319173053216581 ], [ 26.695071668333348, 39.319162481000774 ] ] ] } },
{ "type": "Feature", "properties": { "fid": 9852, "Layer": "Wall" }, "geometry": { "type": "MultiLineString", "coordinates": [ [ [ 26.695040630168997, 39.319165031760477 ], [ 26.694980618178015, 39.319183174256864 ], [ 26.695009286571079, 39.319222566334922 ] ] ] } },
{ "type": "Feature", "properties": { "fid": 9853, "Layer": "Wall" }, "geometry": { "type": "MultiLineString", "coordinates": [ [ [ 26.694977638502046, 39.31918407443127 ], [ 26.694937989581785, 39.31919606017965 ], [ 26.694930018794626, 39.319190118563192 ], [ 26.694905708232955, 39.319206402703472 ], [ 26.694962306163095, 39.319266694375173 ] ] ] } },
{ "type": "Feature", "properties": { "fid": 9854, "Layer": "Wall" }, "geometry": { "type": "MultiLineString", "coordinates": [ [ [ 26.694903776093405, 39.319207696169563 ], [ 26.694887353379269, 39.319218696482004 ], [ 26.694913564328665, 39.319292122936844 ] ] ] } },
{ "type": "Feature", "properties": { "fid": 9855, "Layer": "Wall" }, "geometry": { "type": "MultiLineString", "coordinates": [ [ [ 26.694799674293435, 39.31934530939467 ], [ 26.694858773166775, 39.319318789344962 ] ] ] } },
{ "type": "Feature", "properties": { "fid": 9856, "Layer": "Wall" }, "geometry": { "type": "MultiLineString", "coordinates": [ [ [ 26.694590151988312, 39.319257769370282 ], [ 26.6946419611577, 39.319310682612937 ] ] ] } },
{ "type": "Feature", "properties": { "fid": 9857, "Layer": "Wall" }, "geometry": { "type": "MultiLineString", "coordinates": [ [ [ 26.694707178051921, 39.319083923025225 ], [ 26.694823051398942, 39.319089425030469 ] ] ] } },
{ "type": "Feature", "properties": { "fid": 9858, "Layer": "Wall" }, "geometry": { "type": "MultiLineString", "coordinates": [ [ [ 26.694707009278559, 39.319086069090716 ], [ 26.694822882626021, 39.31909157109591 ] ] ] } },
{ "type": "Feature", "properties": { "fid": 9859, "Layer": "Wall" }, "geometry": { "type": "MultiLineString", "coordinates": [ [ [ 26.694856779634929, 39.31923564888509 ], [ 26.694888123321128, 39.319228896945063 ] ] ] } },
{ "type": "Feature", "properties": { "fid": 9860, "Layer": "Wall" }, "geometry": { "type": "MultiLineString", "coordinates": [ [ [ 26.694856040766492, 39.31923357656644 ], [ 26.694887383561927, 39.319226826427588 ] ] ] } },
{ "type": "Feature", "properties": { "fid": 9861, "Layer": "Wall" }, "geometry": { "type": "MultiLineString", "coordinates": [ [ [ 26.694814071134267, 39.319242945967929 ], [ 26.694796760723275, 39.319246096162843 ], [ 26.694771303593299, 39.319195907658845 ] ] ] } },
{ "type": "Feature", "properties": { "fid": 9862, "Layer": "Wall" }, "geometry": { "type": "MultiLineString", "coordinates": [ [ [ 26.694814703322383, 39.31924503998804 ], [ 26.694795063689885, 39.319248611788566 ], [ 26.694768727224048, 39.319196695844944 ] ] ] } },
{ "type": "Feature", "properties": { "fid": 9863, "Layer": "Wall" }, "geometry": { "type": "MultiLineString", "coordinates": [ [ [ 26.694697910894096, 39.319286804655924 ], [ 26.694795063689885, 39.319248611788566 ] ] ] } },
{ "type": "Feature", "properties": { "fid": 9864, "Layer": "Wall" }, "geometry": { "type": "MultiLineString", "coordinates": [ [ [ 26.694638926273409, 39.319307583559734 ], [ 26.694793814922214, 39.319246694761794 ] ] ] } },
{ "type": "Feature", "properties": { "fid": 9865, "Layer": "Wall" }, "geometry": { "type": "MultiLineString", "coordinates": [ [ [ 26.694696073907554, 39.319284245477895 ], [ 26.694652346089825, 39.319236379027011 ] ] ] } },
{ "type": "Feature", "properties": { "fid": 9866, "Layer": "Wall" }, "geometry": { "type": "MultiLineString", "coordinates": [ [ [ 26.69469381771685, 39.319285488834595 ], [ 26.694650087215162, 39.319237624186343 ] ] ] } },
{ "type": "Feature", "properties": { "fid": 9899, "Layer": "Wall" }, "geometry": { "type": "MultiLineString", "coordinates": [ [ [ 26.695678370091404, 39.319382160066212 ], [ 26.695626573783358, 39.319427325925773 ], [ 26.695672333616436, 39.319466529363645 ] ] ] } },
{ "type": "Feature", "properties": { "fid": 9900, "Layer": "Wall" }, "geometry": { "type": "MultiLineString", "coordinates": [ [ [ 26.695595591845791, 39.319397993175272 ], [ 26.695626573783358, 39.319427325925773 ] ] ] } },
{ "type": "Feature", "properties": { "fid": 9901, "Layer": "Wall" }, "geometry": { "type": "MultiLineString", "coordinates": [ [ [ 26.69526221300611, 39.319107836762697 ], [ 26.69523951852781, 39.319148872994667 ], [ 26.695254225515658, 39.319186078909617 ] ] ] } },
{ "type": "Feature", "properties": { "fid": 9902, "Layer": "Wall" }, "geometry": { "type": "MultiLineString", "coordinates": [ [ [ 26.695317753962218, 39.319212480574031 ], [ 26.695295894449828, 39.31920125720049 ] ] ] } },
{ "type": "Feature", "properties": { "fid": 9903, "Layer": "Wall" }, "geometry": { "type": "MultiLineString", "coordinates": [ [ [ 26.695659374698653, 39.319338249466398 ], [ 26.695697353058499, 39.319308059201099 ], [ 26.695747474776176, 39.319337827060686 ] ] ] } },
{ "type": "Feature", "properties": { "fid": 9904, "Layer": "Wall" }, "geometry": { "type": "MultiLineString", "coordinates": [ [ [ 26.695697353058499, 39.319308059201099 ], [ 26.695731456797006, 39.319277918414457 ], [ 26.695778776801102, 39.319306022717505 ] ] ] } },
{ "type": "Feature", "properties": { "fid": 9905, "Layer": "Wall" }, "geometry": { "type": "MultiLineString", "coordinates": [ [ [ 26.695731456797006, 39.319277918414457 ], [ 26.695764333275712, 39.319244891142958 ] ] ] } },
{ "type": "Feature", "properties": { "fid": 9906, "Layer": "Wall" }, "geometry": { "type": "MultiLineString", "coordinates": [ [ [ 26.695683243439206, 39.319226196429803 ], [ 26.695643376661241, 39.319277419064072 ], [ 26.695697353058499, 39.319308059201099 ] ] ] } },
{ "type": "Feature", "properties": { "fid": 9907, "Layer": "Wall" }, "geometry": { "type": "MultiLineString", "coordinates": [ [ [ 26.695643376661241, 39.319277419064072 ], [ 26.695617733112208, 39.319299831634893 ] ] ] } },
{ "type": "Feature", "properties": { "fid": 9908, "Layer": "Wall" }, "geometry": { "type": "MultiLineString", "coordinates": [ [ [ 26.695648311427899, 39.319185045013455 ], [ 26.695622701918726, 39.31922507399068 ], [ 26.695575070111808, 39.319275526971623 ] ] ] } },
{ "type": "Feature", "properties": { "fid": 9909, "Layer": "Wall" }, "geometry": { "type": "MultiLineString", "coordinates": [ [ [ 26.695578436399376, 39.319156751760048 ], [ 26.695502121468152, 39.319232505027294 ] ] ] } },
{ "type": "Feature", "properties": { "fid": 9910, "Layer": "Wall" }, "geometry": { "type": "MultiLineString", "coordinates": [ [ [ 26.695503104143423, 39.319113502471296 ], [ 26.695453407181102, 39.319207212187884 ] ] ] } },
{ "type": "Feature", "properties": { "fid": 9911, "Layer": "Wall" }, "geometry": { "type": "MultiLineString", "coordinates": [ [ [ 26.695680436174833, 39.319383590266575 ], [ 26.695630296937431, 39.3194273143909 ], [ 26.695674382734211, 39.319465084566247 ] ] ] } },
{ "type": "Feature", "properties": { "fid": 9912, "Layer": "Wall" }, "geometry": { "type": "MultiLineString", "coordinates": [ [ [ 26.69559773187574, 39.319396629305793 ], [ 26.695628714714367, 39.319425962955577 ] ] ] } },
{ "type": "Feature", "properties": { "fid": 9913, "Layer": "Wall" }, "geometry": { "type": "MultiLineString", "coordinates": [ [ [ 26.695661238237467, 39.319339978696753 ], [ 26.695697724595384, 39.319310986979715 ], [ 26.695745793573039, 39.31933953525683 ] ] ] } },
{ "type": "Feature", "properties": { "fid": 9914, "Layer": "Wall" }, "geometry": { "type": "MultiLineString", "coordinates": [ [ [ 26.695699430770571, 39.319309480389606 ], [ 26.695731829230855, 39.319280846192264 ], [ 26.695777096491252, 39.319307730012753 ] ] ] } },
{ "type": "Feature", "properties": { "fid": 9915, "Layer": "Wall" }, "geometry": { "type": "MultiLineString", "coordinates": [ [ [ 26.695733646262248, 39.319279234184698 ], [ 26.695766521837456, 39.319246205113686 ] ] ] } },
{ "type": "Feature", "properties": { "fid": 9916, "Layer": "Wall" }, "geometry": { "type": "MultiLineString", "coordinates": [ [ [ 26.695685611573218, 39.319227307706115 ], [ 26.695647056460896, 39.319276846788625 ], [ 26.695698984820922, 39.319306324946787 ] ] ] } },
{ "type": "Feature", "properties": { "fid": 9917, "Layer": "Wall" }, "geometry": { "type": "MultiLineString", "coordinates": [ [ [ 26.695645444532442, 39.319278848363069 ], [ 26.695619801876891, 39.319301260033036 ] ] ] } },
{ "type": "Feature", "properties": { "fid": 9918, "Layer": "Wall" }, "geometry": { "type": "MultiLineString", "coordinates": [ [ [ 26.695650790231714, 39.319186001365694 ], [ 26.695625075480539, 39.319226197864054 ], [ 26.695577301577728, 39.319276799497516 ] ] ] } },
{ "type": "Feature", "properties": { "fid": 9919, "Layer": "Wall" }, "geometry": { "type": "MultiLineString", "coordinates": [ [ [ 26.695580615125156, 39.319158076542337 ], [ 26.6955043001897, 39.319233828909574 ] ] ] } },
{ "type": "Feature", "properties": { "fid": 9920, "Layer": "Wall" }, "geometry": { "type": "MultiLineString", "coordinates": [ [ [ 26.695505663170056, 39.319114320130303 ], [ 26.695455965320541, 39.319208032548111 ] ] ] } },
{ "type": "Feature", "properties": { "fid": 9921, "Layer": "Wall" }, "geometry": { "type": "MultiLineString", "coordinates": [ [ [ 26.695264755986575, 39.319108684141753 ], [ 26.695242462537497, 39.319148996299766 ], [ 26.695256870663009, 39.319185447281086 ] ] ] } },
{ "type": "Feature", "properties": { "fid": 9924, "Layer": "Wall" }, "geometry": { "type": "MultiLineString", "coordinates": [ [ [ 26.69570012796822, 39.319364308433855 ], [ 26.695664586399154, 39.319337316626296 ] ] ] } },
{ "type": "Feature", "properties": { "fid": 9925, "Layer": "Wall" }, "geometry": { "type": "MultiLineString", "coordinates": [ [ [ 26.695698193129545, 39.319365844939114 ], [ 26.695662650663788, 39.319338853132379 ] ] ] } },
{ "type": "Feature", "properties": { "fid": 9947, "Layer": "Wall" }, "geometry": { "type": "MultiLineString", "coordinates": [ [ [ 26.695854089455317, 39.318859490754456 ], [ 26.695829411870594, 39.318849955034374 ], [ 26.695771243445414, 39.318914577688005 ], [ 26.695711595177823, 39.318889926827971 ], [ 26.695788380774726, 39.318752659129146 ], [ 26.695902754515135, 39.318802404647023 ], [ 26.695854089455317, 39.318859490754456 ] ] ] } },
{ "type": "Feature", "properties": { "fid": 9960, "Layer": "Wall" }, "geometry": { "type": "MultiLineString", "coordinates": [ [ [ 26.695814362278732, 39.319118117556393 ], [ 26.695854461605045, 39.319147819950949 ] ] ] } },
{ "type": "Feature", "properties": { "fid": 9961, "Layer": "Wall" }, "geometry": { "type": "MultiLineString", "coordinates": [ [ [ 26.695750889649819, 39.319090176664332 ], [ 26.695731992430815, 39.319083781568054 ] ] ] } },
{ "type": "Feature", "properties": { "fid": 9962, "Layer": "Wall" }, "geometry": { "type": "MultiLineString", "coordinates": [ [ [ 26.695435095228305, 39.318732076592639 ], [ 26.695378358281722, 39.318760063519079 ], [ 26.695338024019748, 39.318813690834183 ] ] ] } },
{ "type": "Feature", "properties": { "fid": 9963, "Layer": "Wall" }, "geometry": { "type": "MultiLineString", "coordinates": [ [ [ 26.696011490484082, 39.31863900820597 ], [ 26.696031566759782, 39.31863313164407 ], [ 26.696140663968499, 39.318701563293921 ] ] ] } },
{ "type": "Feature", "properties": { "fid": 9964, "Layer": "Wall" }, "geometry": { "type": "MultiLineString", "coordinates": [ [ [ 26.696140663968499, 39.318701563293921 ], [ 26.696163161465687, 39.318715672776193 ], [ 26.696163274575103, 39.318736705102843 ], [ 26.696216070670712, 39.318779728498562 ] ] ] } },
{ "type": "Feature", "properties": { "fid": 9965, "Layer": "Wall" }, "geometry": { "type": "MultiLineString", "coordinates": [ [ [ 26.696343883702227, 39.318856302499825 ], [ 26.696393487544473, 39.318877745512374 ], [ 26.696369082785758, 39.31890883240375 ], [ 26.696176642885508, 39.319058024627978 ] ] ] } },
{ "type": "Feature", "properties": { "fid": 9966, "Layer": "Wall" }, "geometry": { "type": "MultiLineString", "coordinates": [ [ [ 26.696342538660868, 39.318858180511121 ], [ 26.696389625513451, 39.318878535789835 ], [ 26.696366893222407, 39.318907493231649 ], [ 26.696174688600845, 39.319056503412362 ] ] ] } },
{ "type": "Feature", "properties": { "fid": 9967, "Layer": "Wall" }, "geometry": { "type": "MultiLineString", "coordinates": [ [ [ 26.696199594644213, 39.318875193445031 ], [ 26.696135589503875, 39.318884840680084 ], [ 26.696151757419486, 39.318925225379424 ] ] ] } },
{ "type": "Feature", "properties": { "fid": 9968, "Layer": "Wall" }, "geometry": { "type": "MultiLineString", "coordinates": [ [ [ 26.695681813240395, 39.318707713083604 ], [ 26.695788380774726, 39.318752659129146 ] ] ] } },
{ "type": "Feature", "properties": { "fid": 9970, "Layer": "Wall" }, "geometry": { "type": "MultiLineString", "coordinates": [ [ [ 26.695639587967015, 39.318856870241063 ], [ 26.695711595177823, 39.318889926827971 ] ] ] } },
{ "type": "Feature", "properties": { "fid": 9971, "Layer": "Wall" }, "geometry": { "type": "MultiLineString", "coordinates": [ [ [ 26.695610762806506, 39.31884392414387 ], [ 26.695558840614911, 39.318822803654015 ] ] ] } },
{ "type": "Feature", "properties": { "fid": 9972, "Layer": "Wall" }, "geometry": { "type": "MultiLineString", "coordinates": [ [ [ 26.69564099590621, 39.318855019176063 ], [ 26.695713004024412, 39.318888078462464 ] ] ] } },
{ "type": "Feature", "properties": { "fid": 9973, "Layer": "Wall" }, "geometry": { "type": "MultiLineString", "coordinates": [ [ [ 26.695612045844506, 39.318842020086358 ], [ 26.695560123652715, 39.318820899596517 ] ] ] } },
{ "type": "Feature", "properties": { "fid": 9974, "Layer": "Wall" }, "geometry": { "type": "MultiLineString", "coordinates": [ [ [ 26.695680490666419, 39.318709600975396 ], [ 26.695787059104262, 39.318754548820394 ] ] ] } },
{ "type": "Feature", "properties": { "fid": 9975, "Layer": "Wall" }, "geometry": { "type": "MultiLineString", "coordinates": [ [ [ 26.695853131769873, 39.318856720138001 ], [ 26.695828510783421, 39.31884720506865 ], [ 26.695770380778463, 39.318911785380763 ], [ 26.695715154196801, 39.318888962207573 ], [ 26.695789699203321, 39.318755695851856 ], [ 26.695898800818544, 39.318803148200097 ], [ 26.695853131769873, 39.318856720138001 ] ] ] } },
{ "type": "Feature", "properties": { "fid": 9976, "Layer": "Wall" }, "geometry": { "type": "MultiLineString", "coordinates": [ [ [ 26.696005217639762, 39.318834956947029 ], [ 26.695959686961761, 39.318834482269757 ] ] ] } },
{ "type": "Feature", "properties": { "fid": 9977, "Layer": "Wall" }, "geometry": { "type": "MultiLineString", "coordinates": [ [ [ 26.695892240448579, 39.318888327231036 ], [ 26.695830197663451, 39.318937858283739 ], [ 26.695932423680269, 39.319032161494881 ], [ 26.695973973214866, 39.319015118818001 ] ] ] } },
{ "type": "Feature", "properties": { "fid": 9978, "Layer": "Wall" }, "geometry": { "type": "MultiLineString", "coordinates": [ [ [ 26.696110210737704, 39.318845730958181 ], [ 26.696135589503875, 39.318884840680084 ] ] ] } },
{ "type": "Feature", "properties": { "fid": 9979, "Layer": "Wall" }, "geometry": { "type": "MultiLineString", "coordinates": [ [ [ 26.696200121036316, 39.318877301962985 ], [ 26.696139151083969, 39.318886493632583 ], [ 26.696154399876725, 39.318924588349972 ] ] ] } },
{ "type": "Feature", "properties": { "fid": 9980, "Layer": "Wall" }, "geometry": { "type": "MultiLineString", "coordinates": [ [ [ 26.696112680609378, 39.318844763740586 ], [ 26.696138062067753, 39.318883873459896 ] ] ] } },
{ "type": "Feature", "properties": { "fid": 9981, "Layer": "Wall" }, "geometry": { "type": "MultiLineString", "coordinates": [ [ [ 26.695930112589807, 39.319033365299767 ], [ 26.695914006642894, 39.319041768464508 ] ] ] } },
{ "type": "Feature", "properties": { "fid": 9983, "Layer": "Wall" }, "geometry": { "type": "MultiLineString", "coordinates": [ [ [ 26.695925899307859, 39.319085219351628 ], [ 26.695950782620958, 39.319103502331721 ] ] ] } },
{ "type": "Feature", "properties": { "fid": 9984, "Layer": "Wall" }, "geometry": { "type": "MultiLineString", "coordinates": [ [ [ 26.695890257550133, 39.31888682854359 ], [ 26.69582646690769, 39.318937755509118 ], [ 26.695931742930803, 39.319034869712723 ], [ 26.695975265006492, 39.319017019600174 ] ] ] } },
{ "type": "Feature", "properties": { "fid": 9985, "Layer": "Wall" }, "geometry": { "type": "MultiLineString", "coordinates": [ [ [ 26.695931655155931, 39.3190351506341 ], [ 26.695915774856882, 39.319043436573892 ] ] ] } },
{ "type": "Feature", "properties": { "fid": 9986, "Layer": "Wall" }, "geometry": { "type": "MultiLineString", "coordinates": [ [ [ 26.695897844036669, 39.319052790158302 ], [ 26.695869915203151, 39.31906477324187 ] ] ] } },
{ "type": "Feature", "properties": { "fid": 9987, "Layer": "Wall" }, "geometry": { "type": "MultiLineString", "coordinates": [ [ [ 26.695896426835112, 39.31905094079908 ], [ 26.695866843342969, 39.319062842596892 ] ] ] } },
{ "type": "Feature", "properties": { "fid": 9988, "Layer": "Wall" }, "geometry": { "type": "MultiLineString", "coordinates": [ [ [ 26.695816271932543, 39.319116563071439 ], [ 26.695856371255978, 39.319146264565816 ] ] ] } },
{ "type": "Feature", "properties": { "fid": 9989, "Layer": "Wall" }, "geometry": { "type": "MultiLineString", "coordinates": [ [ [ 26.695923751241082, 39.319086594930873 ], [ 26.695949048352031, 39.319105175472188 ] ] ] } },
{ "type": "Feature", "properties": { "fid": 9990, "Layer": "Wall" }, "geometry": { "type": "MultiLineString", "coordinates": [ [ [ 26.695751996600723, 39.319088207059842 ], [ 26.695733098477834, 39.319081810164214 ] ] ] } },
{ "type": "Feature", "properties": { "fid": 9991, "Layer": "Wall" }, "geometry": { "type": "MultiLineString", "coordinates": [ [ [ 26.695436578671877, 39.318733890787819 ], [ 26.695380409477384, 39.318761597250635 ], [ 26.695340413567319, 39.318814775089059 ] ] ] } },
{ "type": "Feature", "properties": { "fid": 9992, "Layer": "Wall" }, "geometry": { "type": "MultiLineString", "coordinates": [ [ [ 26.696012466875793, 39.318641018195528 ], [ 26.69603106087451, 39.318635577763501 ], [ 26.696136246329448, 39.31870155386725 ] ] ] } },
{ "type": "Feature", "properties": { "fid": 9993, "Layer": "Wall" }, "geometry": { "type": "MultiLineString", "coordinates": [ [ [ 26.696140891868108, 39.318704467802405 ], [ 26.696160399352063, 39.318716702372349 ], [ 26.696160510948975, 39.318737569076582 ], [ 26.696214068343998, 39.318781212859541 ] ] ] } },
{ "type": "Feature", "properties": { "fid": 9995, "Layer": "Wall" }, "geometry": { "type": "MultiLineString", "coordinates": [ [ [ 26.695794523571593, 39.318924198409633 ], [ 26.695826761201772, 39.318937521203978 ] ] ] } },
{ "type": "Feature", "properties": { "fid": 9996, "Layer": "Wall" }, "geometry": { "type": "MultiLineString", "coordinates": [ [ [ 26.695795823672544, 39.318922298836959 ], [ 26.695828061302791, 39.318935621631304 ] ] ] } },
{ "type": "Feature", "properties": { "fid": 9997, "Layer": "Wall" }, "geometry": { "type": "MultiLineString", "coordinates": [ [ [ 26.695803397278496, 39.319022976764067 ], [ 26.695822568986188, 39.31899844314988 ], [ 26.695782190862687, 39.31897940663994 ], [ 26.695773724943578, 39.318988247420535 ] ] ] } },
{ "type": "Feature", "properties": { "fid": 9998, "Layer": "Wall" }, "geometry": { "type": "MultiLineString", "coordinates": [ [ [ 26.69567285929385, 39.318972221809403 ], [ 26.695713355789106, 39.318953815519023 ], [ 26.695756338483985, 39.31898111192352 ] ] ] } },
{ "type": "Feature", "properties": { "fid": 9999, "Layer": "Wall" }, "geometry": { "type": "MultiLineString", "coordinates": [ [ [ 26.695584834055818, 39.318875548909119 ], [ 26.695610762806506, 39.31884392414387 ] ] ] } },
{ "type": "Feature", "properties": { "fid": 10000, "Layer": "Wall" }, "geometry": { "type": "MultiLineString", "coordinates": [ [ [ 26.695655279059519, 39.318926667146677 ], [ 26.695711595177823, 39.318889926827971 ] ] ] } },
{ "type": "Feature", "properties": { "fid": 10001, "Layer": "Wall" }, "geometry": { "type": "MultiLineString", "coordinates": [ [ [ 26.695713355789106, 39.318953815519023 ], [ 26.695754186574931, 39.318907529198448 ] ] ] } },
{ "type": "Feature", "properties": { "fid": 10002, "Layer": "Wall" }, "geometry": { "type": "MultiLineString", "coordinates": [ [ [ 26.695805764535269, 39.319024093442032 ], [ 26.695826371143994, 39.318997721339677 ], [ 26.695781476000192, 39.318976553887914 ], [ 26.695771504206263, 39.318986964983353 ] ] ] } },
{ "type": "Feature", "properties": { "fid": 10003, "Layer": "Wall" }, "geometry": { "type": "MultiLineString", "coordinates": [ [ [ 26.695674255884061, 39.318974079289745 ], [ 26.695713094543148, 39.318956426136317 ], [ 26.695754587133997, 39.3189827751781 ] ] ] } },
{ "type": "Feature", "properties": { "fid": 10004, "Layer": "Wall" }, "geometry": { "type": "MultiLineString", "coordinates": [ [ [ 26.695715639083993, 39.318955033089445 ], [ 26.695756469860136, 39.318908744068402 ] ] ] } },
{ "type": "Feature", "properties": { "fid": 10005, "Layer": "Wall" }, "geometry": { "type": "MultiLineString", "coordinates": [ [ [ 26.695653499272126, 39.318925020649949 ], [ 26.695709816293434, 39.318888282130764 ] ] ] } },
{ "type": "Feature", "properties": { "fid": 10006, "Layer": "Wall" }, "geometry": { "type": "MultiLineString", "coordinates": [ [ [ 26.69558716735192, 39.318876703425026 ], [ 26.695613098797658, 39.318845079557391 ] ] ] } },
{ "type": "Feature", "properties": { "fid": 10007, "Layer": "Wall" }, "geometry": { "type": "MultiLineString", "coordinates": [ [ [ 26.695674255884061, 39.318974079289745 ], [ 26.695662076348487, 39.31898308101654 ] ] ] } },
{ "type": "Feature", "properties": { "fid": 10008, "Layer": "Wall" }, "geometry": { "type": "MultiLineString", "coordinates": [ [ [ 26.696005255414278, 39.318832808302531 ], [ 26.695959723836324, 39.318832332725904 ] ] ] } },
{ "type": "Feature", "properties": { "fid": 10009, "Layer": "Wall" }, "geometry": { "type": "MultiLineString", "coordinates": [ [ [ 26.695826371143994, 39.318997721339677 ], [ 26.695853639771247, 39.318962823364622 ] ] ] } },
{ "type": "Feature", "properties": { "fid": 10010, "Layer": "Wall" }, "geometry": { "type": "MultiLineString", "coordinates": [ [ [ 26.695824004784185, 39.31899660466091 ], [ 26.695851274305141, 39.318961705784986 ] ] ] } },
{ "type": "Feature", "properties": { "fid": 10012, "Layer": "Wall" }, "geometry": { "type": "MultiLineString", "coordinates": [ [ [ 26.695416052203377, 39.318859446343033 ], [ 26.695463040056801, 39.31888300444205 ] ] ] } },
{ "type": "Feature", "properties": { "fid": 10013, "Layer": "Wall" }, "geometry": { "type": "MultiLineString", "coordinates": [ [ [ 26.695417554508513, 39.318857640197692 ], [ 26.695464539674127, 39.318881199199339 ] ] ] } },
{ "type": "Feature", "properties": { "fid": 10044, "Layer": "Wall" }, "geometry": { "type": "MultiLineString", "coordinates": [ [ [ 26.696125573687478, 39.318266565133136 ], [ 26.696102010857953, 39.318219198614841 ], [ 26.696039567332463, 39.318205484204654 ], [ 26.695938615373588, 39.318205810418625 ], [ 26.695860436724587, 39.318224001214539 ] ] ] } },
{ "type": "Feature", "properties": { "fid": 10045, "Layer": "Wall" }, "geometry": { "type": "MultiLineString", "coordinates": [ [ [ 26.696122991860889, 39.318267340725804 ], [ 26.69609992708083, 39.318220975592936 ], [ 26.696039189536585, 39.318207634963883 ], [ 26.695939026169171, 39.31820795955074 ], [ 26.695861231169022, 39.318226060880207 ] ] ] } },
{ "type": "Feature", "properties": { "fid": 10046, "Layer": "Wall" }, "geometry": { "type": "MultiLineString", "coordinates": [ [ [ 26.696421278755064, 39.318059080667908 ], [ 26.696398127473195, 39.317993532049883 ], [ 26.696330671306058, 39.318010726441081 ] ] ] } },
{ "type": "Feature", "properties": { "fid": 10047, "Layer": "Wall" }, "geometry": { "type": "MultiLineString", "coordinates": [ [ [ 26.696418609132387, 39.318059649312133 ], [ 26.69639622672538, 39.317996279199718 ], [ 26.696331532974977, 39.318012768041548 ] ] ] } },
{ "type": "Feature", "properties": { "fid": 10049, "Layer": "Wall" }, "geometry": { "type": "MultiLineString", "coordinates": [ [ [ 26.696317625501557, 39.318465498528752 ], [ 26.696360093834876, 39.318459822735583 ] ] ] } },
{ "type": "Feature", "properties": { "fid": 10052, "Layer": "Wall" }, "geometry": { "type": "MultiLineString", "coordinates": [ [ [ 26.696317155598344, 39.318463380056698 ], [ 26.69635962482824, 39.318457704262769 ] ] ] } },
{ "type": "Feature", "properties": { "fid": 10056, "Layer": "Wall" }, "geometry": { "type": "MultiLineString", "coordinates": [ [ [ 26.696228556953727, 39.318156483266847 ], [ 26.696351561775629, 39.318129224595793 ], [ 26.696348831514985, 39.318120707383564 ], [ 26.696307694691907, 39.318125916572988 ], [ 26.696293216218173, 39.318090336984383 ], [ 26.696276631167457, 39.318028628560143 ], [ 26.696189352260244, 39.318081325254788 ], [ 26.696228556953727, 39.318156483266847 ] ] ] } },
{ "type": "Feature", "properties": { "fid": 10057, "Layer": "Wall" }, "geometry": { "type": "MultiLineString", "coordinates": [ [ [ 26.695939026169171, 39.31820795955074 ], [ 26.695980695958895, 39.318304344871443 ], [ 26.695946385087179, 39.318316890116733 ] ] ] } },
{ "type": "Feature", "properties": { "fid": 10058, "Layer": "Wall" }, "geometry": { "type": "MultiLineString", "coordinates": [ [ [ 26.69601067352891, 39.318362134384003 ], [ 26.696037452700946, 39.318405157507648 ] ] ] } },
{ "type": "Feature", "properties": { "fid": 10059, "Layer": "Wall" }, "geometry": { "type": "MultiLineString", "coordinates": [ [ [ 26.696101301369172, 39.31841358774993 ], [ 26.696071300407421, 39.318351933109895 ] ] ] } },
{ "type": "Feature", "properties": { "fid": 10060, "Layer": "Wall" }, "geometry": { "type": "MultiLineString", "coordinates": [ [ [ 26.696193442100331, 39.318366484478815 ], [ 26.696151492513522, 39.318377266221297 ], [ 26.696146027859374, 39.31836443630813 ], [ 26.696086300437052, 39.3183827613312 ] ] ] } },
{ "type": "Feature", "properties": { "fid": 10061, "Layer": "Wall" }, "geometry": { "type": "MultiLineString", "coordinates": [ [ [ 26.696095425039172, 39.318401514325409 ], [ 26.69613089357215, 39.318388562048 ], [ 26.696185825929714, 39.318401470553113 ] ] ] } },
{ "type": "Feature", "properties": { "fid": 10062, "Layer": "Wall" }, "geometry": { "type": "MultiLineString", "coordinates": [ [ [ 26.696158359744807, 39.318395015851046 ], [ 26.696329818048731, 39.318365517060265 ] ] ] } },
{ "type": "Feature", "properties": { "fid": 10063, "Layer": "Wall" }, "geometry": { "type": "MultiLineString", "coordinates": [ [ [ 26.696192574158385, 39.318364445584876 ], [ 26.696153251625411, 39.31837455070697 ], [ 26.69614773538591, 39.318361600223973 ], [ 26.696085284610231, 39.318380761279045 ] ] ] } },
{ "type": "Feature", "properties": { "fid": 10064, "Layer": "Wall" }, "geometry": { "type": "MultiLineString", "coordinates": [ [ [ 26.696098713201593, 39.318414347146273 ], [ 26.696068711347159, 39.318352693406979 ] ] ] } },
{ "type": "Feature", "properties": { "fid": 10065, "Layer": "Wall" }, "geometry": { "type": "MultiLineString", "coordinates": [ [ [ 26.696008182013646, 39.318363070116398 ], [ 26.696034962085378, 39.318406094139448 ] ] ] } },
{ "type": "Feature", "properties": { "fid": 10066, "Layer": "Wall" }, "geometry": { "type": "MultiLineString", "coordinates": [ [ [ 26.696094248822, 39.318399568429037 ], [ 26.696130676905604, 39.318386265116118 ], [ 26.696186626626151, 39.31839941211755 ] ] ] } },
{ "type": "Feature", "properties": { "fid": 10067, "Layer": "Wall" }, "geometry": { "type": "MultiLineString", "coordinates": [ [ [ 26.696157759827958, 39.318392916401187 ], [ 26.696329219930597, 39.318363419409344 ] ] ] } },
{ "type": "Feature", "properties": { "fid": 10068, "Layer": "Wall" }, "geometry": { "type": "MultiLineString", "coordinates": [ [ [ 26.696329219930597, 39.318363419409344 ], [ 26.696427544107411, 39.318350895206585 ] ] ] } },
{ "type": "Feature", "properties": { "fid": 10069, "Layer": "Wall" }, "geometry": { "type": "MultiLineString", "coordinates": [ [ [ 26.695941650491676, 39.318207273932408 ], [ 26.695984104854013, 39.318305474991945 ], [ 26.695947563991378, 39.318318836011215 ] ] ] } },
{ "type": "Feature", "properties": { "fid": 10070, "Layer": "Wall" }, "geometry": { "type": "MultiLineString", "coordinates": [ [ [ 26.696549825204354, 39.318353832921609 ], [ 26.696528070174701, 39.318301702176555 ], [ 26.696422892908316, 39.318327853473669 ], [ 26.696443051582762, 39.318376770432707 ], [ 26.696486787614784, 39.318368916952821 ], [ 26.696549825204354, 39.318353832921609 ] ] ] } },
{ "type": "Feature", "properties": { "fid": 10096, "Layer": "Wall" }, "geometry": { "type": "MultiLineString", "coordinates": [ [ [ 26.696609354854434, 39.318720244145815 ], [ 26.696566539038344, 39.318743503405855 ], [ 26.696437895831615, 39.318800666045384 ] ] ] } },
{ "type": "Feature", "properties": { "fid": 10097, "Layer": "Wall" }, "geometry": { "type": "MultiLineString", "coordinates": [ [ [ 26.696515302536103, 39.318684938763752 ], [ 26.696560162819271, 39.318699543367011 ] ] ] } },
{ "type": "Feature", "properties": { "fid": 10098, "Layer": "Wall" }, "geometry": { "type": "MultiLineString", "coordinates": [ [ [ 26.696471272827189, 39.31867703485527 ], [ 26.696405410226983, 39.318724284929402 ] ] ] } },
{ "type": "Feature", "properties": { "fid": 10099, "Layer": "Wall" }, "geometry": { "type": "MultiLineString", "coordinates": [ [ [ 26.696163212682443, 39.318534264171184 ], [ 26.696122437142655, 39.31854520235526 ] ] ] } },
{ "type": "Feature", "properties": { "fid": 10101, "Layer": "Wall" }, "geometry": { "type": "MultiLineString", "coordinates": [ [ [ 26.696563592041358, 39.318557166711635 ], [ 26.696559838325943, 39.31863877952329 ] ] ] } },
{ "type": "Feature", "properties": { "fid": 10102, "Layer": "Wall" }, "geometry": { "type": "MultiLineString", "coordinates": [ [ [ 26.696617244718183, 39.318550105185338 ], [ 26.696607714515199, 39.318592207639789 ], [ 26.696623489975995, 39.318632225439785 ] ] ] } },
{ "type": "Feature", "properties": { "fid": 10103, "Layer": "Wall" }, "geometry": { "type": "MultiLineString", "coordinates": [ [ [ 26.696710584537044, 39.318578127377307 ], [ 26.696607714515199, 39.318592207639789 ], [ 26.696561714278086, 39.318597972218825 ], [ 26.696514779582596, 39.31858765684288 ] ] ] } },
{ "type": "Feature", "properties": { "fid": 10105, "Layer": "Wall" }, "geometry": { "type": "MultiLineString", "coordinates": [ [ [ 26.696198683518471, 39.318583773696318 ], [ 26.696212539093182, 39.318640992065561 ] ] ] } },
{ "type": "Feature", "properties": { "fid": 10106, "Layer": "Wall" }, "geometry": { "type": "MultiLineString", "coordinates": [ [ [ 26.696305526128683, 39.318616157209135 ], [ 26.696255123539725, 39.318602809780508 ], [ 26.69620506415832, 39.318610120909987 ] ] ] } },
{ "type": "Feature", "properties": { "fid": 10107, "Layer": "Wall" }, "geometry": { "type": "MultiLineString", "coordinates": [ [ [ 26.696255123539725, 39.318602809780508 ], [ 26.69625491620538, 39.318564134096015 ] ] ] } },
{ "type": "Feature", "properties": { "fid": 10108, "Layer": "Wall" }, "geometry": { "type": "MultiLineString", "coordinates": [ [ [ 26.696402412533665, 39.318664807131896 ], [ 26.696427244037427, 39.31866913094327 ], [ 26.696422349731922, 39.318701890275534 ], [ 26.696402609556852, 39.318701658256195 ] ] ] } },
{ "type": "Feature", "properties": { "fid": 10109, "Layer": "Wall" }, "geometry": { "type": "MultiLineString", "coordinates": [ [ [ 26.696164116486035, 39.318536295830704 ], [ 26.69612334184621, 39.318547234914199 ] ] ] } },
{ "type": "Feature", "properties": { "fid": 10110, "Layer": "Wall" }, "geometry": { "type": "MultiLineString", "coordinates": [ [ [ 26.696195964810105, 39.3185841704612 ], [ 26.696209818589576, 39.318641388832233 ] ] ] } },
{ "type": "Feature", "properties": { "fid": 10111, "Layer": "Wall" }, "geometry": { "type": "MultiLineString", "coordinates": [ [ [ 26.696304632940528, 39.318618192326376 ], [ 26.696254918244087, 39.318605025189235 ], [ 26.696205576208296, 39.318612233942339 ] ] ] } },
{ "type": "Feature", "properties": { "fid": 10112, "Layer": "Wall" }, "geometry": { "type": "MultiLineString", "coordinates": [ [ [ 26.696257889442059, 39.318602800027691 ], [ 26.696257683908193, 39.318564126141922 ] ] ] } },
{ "type": "Feature", "properties": { "fid": 10113, "Layer": "Wall" }, "geometry": { "type": "MultiLineString", "coordinates": [ [ [ 26.696401806667051, 39.318666904092893 ], [ 26.696424207989015, 39.318670805285649 ], [ 26.696419889698408, 39.318699711531778 ], [ 26.696402651811276, 39.318699508707752 ] ] ] } },
{ "type": "Feature", "properties": { "fid": 10114, "Layer": "Wall" }, "geometry": { "type": "MultiLineString", "coordinates": [ [ [ 26.696473151067437, 39.31867861374942 ], [ 26.696407286672155, 39.318725863825307 ] ] ] } },
{ "type": "Feature", "properties": { "fid": 10115, "Layer": "Wall" }, "geometry": { "type": "MultiLineString", "coordinates": [ [ [ 26.69660776930818, 39.318718484055992 ], [ 26.696565056455064, 39.318741686512823 ], [ 26.69643652252282, 39.318798800444242 ] ] ] } },
{ "type": "Feature", "properties": { "fid": 10116, "Layer": "Wall" }, "geometry": { "type": "MultiLineString", "coordinates": [ [ [ 26.696516372657065, 39.318682955690846 ], [ 26.696561232950089, 39.318697562994551 ] ] ] } },
{ "type": "Feature", "properties": { "fid": 10117, "Layer": "Wall" }, "geometry": { "type": "MultiLineString", "coordinates": [ [ [ 26.69671010296603, 39.318576009817136 ], [ 26.696607253573553, 39.318590088260159 ], [ 26.696561878368289, 39.318595774851083 ], [ 26.696515533587299, 39.318585588549361 ] ] ] } },
{ "type": "Feature", "properties": { "fid": 10118, "Layer": "Wall" }, "geometry": { "type": "MultiLineString", "coordinates": [ [ [ 26.696566356477458, 39.318557243371792 ], [ 26.696562602763336, 39.318638856183242 ] ] ] } },
{ "type": "Feature", "properties": { "fid": 10119, "Layer": "Wall" }, "geometry": { "type": "MultiLineString", "coordinates": [ [ [ 26.696619970777604, 39.318550477123239 ], [ 26.696610555322493, 39.318592072698799 ], [ 26.696626135158393, 39.318631595607968 ] ] ] } },
{ "type": "Feature", "properties": { "fid": 10135, "Layer": "Wall" }, "geometry": { "type": "MultiLineString", "coordinates": [ [ [ 26.696866755197849, 39.318320506572938 ], [ 26.696872168368785, 39.318372335536502 ] ] ] } },
{ "type": "Feature", "properties": { "fid": 10137, "Layer": "Wall" }, "geometry": { "type": "MultiLineString", "coordinates": [ [ [ 26.696863997961735, 39.318320678342332 ], [ 26.696869409344167, 39.318372509107853 ] ] ] } },
{ "type": "Feature", "properties": { "fid": 10179, "Layer": "Wall" }, "geometry": { "type": "MultiLineString", "coordinates": [ [ [ 26.696743974342162, 39.318239871963655 ], [ 26.696804429453667, 39.318223920780653 ] ] ] } },
{ "type": "Feature", "properties": { "fid": 10180, "Layer": "Wall" }, "geometry": { "type": "MultiLineString", "coordinates": [ [ [ 26.697024525857049, 39.318075986561894 ], [ 26.697033830191632, 39.318120626202827 ] ] ] } },
{ "type": "Feature", "properties": { "fid": 10181, "Layer": "Wall" }, "geometry": { "type": "MultiLineString", "coordinates": [ [ [ 26.696831926966631, 39.318052546710796 ], [ 26.696836876827781, 39.318090775154111 ], [ 26.697024525857049, 39.318075986561894 ] ] ] } },
{ "type": "Feature", "properties": { "fid": 10182, "Layer": "Wall" }, "geometry": { "type": "MultiLineString", "coordinates": [ [ [ 26.696834449645699, 39.318080773352072 ], [ 26.696665314324292, 39.318102724265955 ], [ 26.696654368744309, 39.318008423257943 ] ] ] } },
{ "type": "Feature", "properties": { "fid": 10183, "Layer": "Wall" }, "geometry": { "type": "MultiLineString", "coordinates": [ [ [ 26.696665314324292, 39.318102724265955 ], [ 26.696699281413757, 39.318211367393374 ] ] ] } },
{ "type": "Feature", "properties": { "fid": 10184, "Layer": "Wall" }, "geometry": { "type": "MultiLineString", "coordinates": [ [ [ 26.696562102633681, 39.318051284354375 ], [ 26.696659841525154, 39.318055573312819 ] ] ] } },
{ "type": "Feature", "properties": { "fid": 10185, "Layer": "Wall" }, "geometry": { "type": "MultiLineString", "coordinates": [ [ [ 26.696582895571481, 39.318090057170089 ], [ 26.696662194652752, 39.318075837565516 ] ] ] } },
{ "type": "Feature", "properties": { "fid": 10186, "Layer": "Wall" }, "geometry": { "type": "MultiLineString", "coordinates": [ [ [ 26.696611848198813, 39.318147195905262 ], [ 26.69667546693319, 39.318135195182677 ] ] ] } },
{ "type": "Feature", "properties": { "fid": 10187, "Layer": "Wall" }, "geometry": { "type": "MultiLineString", "coordinates": [ [ [ 26.696630134745103, 39.318185061896429 ], [ 26.696685970933736, 39.3181687918363 ] ] ] } },
{ "type": "Feature", "properties": { "fid": 10188, "Layer": "Wall" }, "geometry": { "type": "MultiLineString", "coordinates": [ [ [ 26.696834681349596, 39.318052332638494 ], [ 26.696839353216987, 39.318088420829795 ], [ 26.697024246072615, 39.318073848112157 ] ] ] } },
{ "type": "Feature", "properties": { "fid": 10189, "Layer": "Wall" }, "geometry": { "type": "MultiLineString", "coordinates": [ [ [ 26.696833994985159, 39.318078653065932 ], [ 26.696667802721045, 39.318100221409246 ], [ 26.696657124994179, 39.318008229887411 ] ] ] } },
{ "type": "Feature", "properties": { "fid": 10190, "Layer": "Wall" }, "geometry": { "type": "MultiLineString", "coordinates": [ [ [ 26.696562257942691, 39.318049136501088 ], [ 26.696659998634111, 39.318053427258256 ] ] ] } },
{ "type": "Feature", "properties": { "fid": 10191, "Layer": "Wall" }, "geometry": { "type": "MultiLineString", "coordinates": [ [ [ 26.696583517005685, 39.318092152099176 ], [ 26.696662816081353, 39.318077930694159 ] ] ] } },
{ "type": "Feature", "properties": { "fid": 10192, "Layer": "Wall" }, "geometry": { "type": "MultiLineString", "coordinates": [ [ [ 26.696611196283442, 39.318145107305405 ], [ 26.696674813222636, 39.318133106584582 ] ] ] } },
{ "type": "Feature", "properties": { "fid": 10193, "Layer": "Wall" }, "geometry": { "type": "MultiLineString", "coordinates": [ [ [ 26.696629162824959, 39.31818304920283 ], [ 26.696684999012806, 39.318166779142786 ] ] ] } },
{ "type": "Feature", "properties": { "fid": 10194, "Layer": "Wall" }, "geometry": { "type": "MultiLineString", "coordinates": [ [ [ 26.696723330248176, 39.318071137386383 ], [ 26.696723447322263, 39.318093000531455 ] ] ] } },
{ "type": "Feature", "properties": { "fid": 10195, "Layer": "Wall" }, "geometry": { "type": "MultiLineString", "coordinates": [ [ [ 26.696782134734704, 39.318066110807692 ], [ 26.696786167116823, 39.318084859490405 ] ] ] } },
{ "type": "Feature", "properties": { "fid": 10196, "Layer": "Wall" }, "geometry": { "type": "MultiLineString", "coordinates": [ [ [ 26.696885510700113, 39.318054949215039 ], [ 26.696889368711332, 39.318084477110411 ] ] ] } },
{ "type": "Feature", "properties": { "fid": 10197, "Layer": "Wall" }, "geometry": { "type": "MultiLineString", "coordinates": [ [ [ 26.696925218710771, 39.318039407834831 ], [ 26.696930680732759, 39.318081221919677 ] ] ] } },
{ "type": "Feature", "properties": { "fid": 10198, "Layer": "Wall" }, "geometry": { "type": "MultiLineString", "coordinates": [ [ [ 26.69672609615376, 39.318071127633203 ], [ 26.696726214125384, 39.318092990777359 ] ] ] } },
{ "type": "Feature", "properties": { "fid": 10199, "Layer": "Wall" }, "geometry": { "type": "MultiLineString", "coordinates": [ [ [ 26.696779405100621, 39.318066466177427 ], [ 26.696783437479073, 39.31808521396006 ] ] ] } },
{ "type": "Feature", "properties": { "fid": 10200, "Layer": "Wall" }, "geometry": { "type": "MultiLineString", "coordinates": [ [ [ 26.696882757219932, 39.318055165086882 ], [ 26.69688661434019, 39.318084694783387 ] ] ] } },
{ "type": "Feature", "properties": { "fid": 10201, "Layer": "Wall" }, "geometry": { "type": "MultiLineString", "coordinates": [ [ [ 26.696927972184874, 39.318039190162658 ], [ 26.696933435111415, 39.318081006046839 ] ] ] } },
{ "type": "Feature", "properties": { "fid": 10202, "Layer": "Wall" }, "geometry": { "type": "MultiLineString", "coordinates": [ [ [ 26.697102854593311, 39.318078468828631 ], [ 26.697095619160194, 39.318137189158769 ] ] ] } },
{ "type": "Feature", "properties": { "fid": 10203, "Layer": "Wall" }, "geometry": { "type": "MultiLineString", "coordinates": [ [ [ 26.69716004443352, 39.318337303169002 ], [ 26.697240039287855, 39.318339512032928 ] ] ] } },
{ "type": "Feature", "properties": { "fid": 10204, "Layer": "Wall" }, "geometry": { "type": "MultiLineString", "coordinates": [ [ [ 26.697225619982074, 39.318291225307419 ], [ 26.6971588055154, 39.318284948287186 ] ] ] } },
{ "type": "Feature", "properties": { "fid": 10205, "Layer": "Wall" }, "geometry": { "type": "MultiLineString", "coordinates": [ [ [ 26.697093323591943, 39.318137020253225 ], [ 26.697038520662183, 39.318147699571419 ] ] ] } },
{ "type": "Feature", "properties": { "fid": 10206, "Layer": "Wall" }, "geometry": { "type": "MultiLineString", "coordinates": [ [ [ 26.697092651044045, 39.318134934373766 ], [ 26.697037847221235, 39.318145614592815 ] ] ] } },
{ "type": "Feature", "properties": { "fid": 10207, "Layer": "Wall" }, "geometry": { "type": "MultiLineString", "coordinates": [ [ [ 26.697100099546713, 39.318078264341928 ], [ 26.6970928650099, 39.318136984671341 ] ] ] } },
{ "type": "Feature", "properties": { "fid": 10208, "Layer": "Wall" }, "geometry": { "type": "MultiLineString", "coordinates": [ [ [ 26.697021793483369, 39.31807633023304 ], [ 26.697031096923304, 39.318120970774977 ] ] ] } },
{ "type": "Feature", "properties": { "fid": 10209, "Layer": "Wall" }, "geometry": { "type": "MultiLineString", "coordinates": [ [ [ 26.697225287888962, 39.31829335892062 ], [ 26.697158473428217, 39.318287083700724 ] ] ] } },
{ "type": "Feature", "properties": { "fid": 10210, "Layer": "Wall" }, "geometry": { "type": "MultiLineString", "coordinates": [ [ [ 26.697160142311041, 39.318335154469786 ], [ 26.697240138962091, 39.318337364232363 ] ] ] } },
{ "type": "Feature", "properties": { "fid": 10211, "Layer": "Wall" }, "geometry": { "type": "MultiLineString", "coordinates": [ [ [ 26.696785296216138, 39.318139517973179 ], [ 26.696684999012806, 39.318166779142786 ] ] ] } },
{ "type": "Feature", "properties": { "fid": 10212, "Layer": "Wall" }, "geometry": { "type": "MultiLineString", "coordinates": [ [ [ 26.696786209883488, 39.318141546922583 ], [ 26.696685912678749, 39.318168808092381 ] ] ] } },
{ "type": "Feature", "properties": { "fid": 10213, "Layer": "Wall" }, "geometry": { "type": "MultiLineString", "coordinates": [ [ [ 26.696668003916788, 39.318102216811468 ], [ 26.696701971905394, 39.318210859937828 ] ] ] } },
{ "type": "Feature", "properties": { "fid": 10215, "Layer": "Wall" }, "geometry": { "type": "MultiLineString", "coordinates": [ [ [ 26.697141499933096, 39.318469991253451 ], [ 26.697187130502506, 39.318467550272572 ], [ 26.69723329134127, 39.31845619121998 ], [ 26.69722721122864, 39.318418787463322 ], [ 26.697180997713495, 39.318408737888298 ], [ 26.697186689037739, 39.318371500584306 ], [ 26.697121219389178, 39.31836546085848 ], [ 26.697124826308613, 39.318399575131188 ], [ 26.697141499933096, 39.318469991253451 ] ] ] } },
{ "type": "Feature", "properties": { "fid": 10231, "Layer": "Wall" }, "geometry": { "type": "MultiLineString", "coordinates": [ [ [ 26.697017983707088, 39.31785690373124 ], [ 26.697004808791874, 39.317911465553401 ] ] ] } },
{ "type": "Feature", "properties": { "fid": 10232, "Layer": "Wall" }, "geometry": { "type": "MultiLineString", "coordinates": [ [ [ 26.697138599097038, 39.317887396823785 ], [ 26.697160898067782, 39.31783813554825 ] ] ] } },
{ "type": "Feature", "properties": { "fid": 10233, "Layer": "Wall" }, "geometry": { "type": "MultiLineString", "coordinates": [ [ [ 26.697256026017868, 39.317912790906611 ], [ 26.697270104153336, 39.317853112820785 ] ] ] } },
{ "type": "Feature", "properties": { "fid": 10234, "Layer": "Wall" }, "geometry": { "type": "MultiLineString", "coordinates": [ [ [ 26.697199011287676, 39.317895618655008 ], [ 26.697216065702893, 39.317845702426318 ] ] ] } },
{ "type": "Feature", "properties": { "fid": 10235, "Layer": "Wall" }, "geometry": { "type": "MultiLineString", "coordinates": [ [ [ 26.697327495962057, 39.317901982784498 ], [ 26.697260815007084, 39.317892491264047 ] ] ] } },
{ "type": "Feature", "properties": { "fid": 10236, "Layer": "Wall" }, "geometry": { "type": "MultiLineString", "coordinates": [ [ [ 26.697022517718082, 39.317857564742894 ], [ 26.697009342803941, 39.31791212656492 ] ] ] } },
{ "type": "Feature", "properties": { "fid": 10237, "Layer": "Wall" }, "geometry": { "type": "MultiLineString", "coordinates": [ [ [ 26.697142950258097, 39.317888585479565 ], [ 26.697165249224877, 39.317839323303993 ] ] ] } },
{ "type": "Feature", "properties": { "fid": 10238, "Layer": "Wall" }, "geometry": { "type": "MultiLineString", "coordinates": [ [ [ 26.697194553465128, 39.317894699236753 ], [ 26.697211608778382, 39.317844783007118 ] ] ] } },
{ "type": "Feature", "properties": { "fid": 10239, "Layer": "Wall" }, "geometry": { "type": "MultiLineString", "coordinates": [ [ [ 26.697251488468513, 39.317912146101783 ], [ 26.697265567502335, 39.317852468014983 ] ] ] } },
{ "type": "Feature", "properties": { "fid": 10240, "Layer": "Wall" }, "geometry": { "type": "MultiLineString", "coordinates": [ [ [ 26.697328326200459, 39.317898458910996 ], [ 26.697261647037557, 39.317888966488624 ] ] ] } },
{ "type": "Feature", "properties": { "fid": 10242, "Layer": "Wall" }, "geometry": { "type": "MultiLineString", "coordinates": [ [ [ 26.697076173618239, 39.317865382358754 ], [ 26.697143858163866, 39.317875779396829 ] ] ] } },
{ "type": "Feature", "properties": { "fid": 10243, "Layer": "Wall" }, "geometry": { "type": "MultiLineString", "coordinates": [ [ [ 26.697077068492856, 39.317861868326531 ], [ 26.697144752136893, 39.317872264465443 ] ] ] } },
{ "type": "Feature", "properties": { "fid": 10253, "Layer": "Wall" }, "geometry": { "type": "MultiLineString", "coordinates": [ [ [ 26.696977033216303, 39.317869326407525 ], [ 26.696996521151711, 39.317777958750632 ], [ 26.696839417951267, 39.317805058101314 ], [ 26.696829309049264, 39.31785322167741 ], [ 26.696828417514975, 39.317857394602022 ], [ 26.696977033216303, 39.317869326407525 ] ] ] } },
{ "type": "Feature", "properties": { "fid": 10261, "Layer": "Wall" }, "geometry": { "type": "MultiLineString", "coordinates": [ [ [ 26.697886678421238, 39.318157847519402 ], [ 26.697950743063348, 39.318184780503671 ], [ 26.698004869458899, 39.318214025193548 ], [ 26.698029430723949, 39.318241370019045 ], [ 26.698021872999234, 39.318269816572631 ], [ 26.697926602268854, 39.318286081711364 ] ] ] } },
{ "type": "Feature", "properties": { "fid": 10262, "Layer": "Wall" }, "geometry": { "type": "MultiLineString", "coordinates": [ [ [ 26.697719404040015, 39.318134586073867 ], [ 26.697670014368498, 39.318227501614288 ], [ 26.697658811808999, 39.31826546140433 ] ] ] } },
{ "type": "Feature", "properties": { "fid": 10263, "Layer": "Wall" }, "geometry": { "type": "MultiLineString", "coordinates": [ [ [ 26.697723667076982, 39.318135953933151 ], [ 26.697674424410966, 39.31822859299799 ], [ 26.697663308692778, 39.318266261966009 ] ] ] } },
{ "type": "Feature", "properties": { "fid": 10264, "Layer": "Wall" }, "geometry": { "type": "MultiLineString", "coordinates": [ [ [ 26.697744358714598, 39.318225750601606 ], [ 26.697675818720597, 39.318225970534172 ] ] ] } },
{ "type": "Feature", "properties": { "fid": 10265, "Layer": "Wall" }, "geometry": { "type": "MultiLineString", "coordinates": [ [ [ 26.697744377422296, 39.318229332197838 ], [ 26.697675838330653, 39.318229553930003 ] ] ] } },
{ "type": "Feature", "properties": { "fid": 10266, "Layer": "Wall" }, "geometry": { "type": "MultiLineString", "coordinates": [ [ [ 26.697888523992411, 39.318162696609726 ], [ 26.697948320418764, 39.318187835979174 ], [ 26.698001557729953, 39.318216600821614 ], [ 26.698024511785398, 39.318242155875637 ], [ 26.698017960948334, 39.318266817357348 ], [ 26.697925611330806, 39.318282582025653 ] ] ] } },
{ "type": "Feature", "properties": { "fid": 10267, "Layer": "Wall" }, "geometry": { "type": "MultiLineString", "coordinates": [ [ [ 26.697912097913971, 39.318224649611629 ], [ 26.697886678421238, 39.318157847519402 ] ] ] } },
{ "type": "Feature", "properties": { "fid": 10268, "Layer": "Wall" }, "geometry": { "type": "MultiLineString", "coordinates": [ [ [ 26.697907675070645, 39.318225665442547 ], [ 26.697882256480192, 39.318158864249391 ] ] ] } },
{ "type": "Feature", "properties": { "fid": 10289, "Layer": "Wall" }, "geometry": { "type": "MultiLineString", "coordinates": [ [ [ 26.697628903009985, 39.318260162966425 ], [ 26.697631179090667, 39.318228800365752 ] ] ] } },
{ "type": "Feature", "properties": { "fid": 10290, "Layer": "Wall" }, "geometry": { "type": "MultiLineString", "coordinates": [ [ [ 26.69768049446251, 39.318127725221871 ], [ 26.697668686033467, 39.318143180544325 ] ] ] } },
{ "type": "Feature", "properties": { "fid": 10291, "Layer": "Wall" }, "geometry": { "type": "MultiLineString", "coordinates": [ [ [ 26.697658677520494, 39.317917426571462 ], [ 26.697703367670684, 39.317975494047921 ] ] ] } },
{ "type": "Feature", "properties": { "fid": 10292, "Layer": "Wall" }, "geometry": { "type": "MultiLineString", "coordinates": [ [ [ 26.697547117936331, 39.318114117829879 ], [ 26.697593050835035, 39.318129759262312 ], [ 26.697584619491767, 39.318151529473084 ] ] ] } },
{ "type": "Feature", "properties": { "fid": 10293, "Layer": "Wall" }, "geometry": { "type": "MultiLineString", "coordinates": [ [ [ 26.697484866060648, 39.318145159567671 ], [ 26.69758160265857, 39.318161992660819 ] ] ] } },
{ "type": "Feature", "properties": { "fid": 10294, "Layer": "Wall" }, "geometry": { "type": "MultiLineString", "coordinates": [ [ [ 26.697533233907542, 39.318153577916199 ], [ 26.697493859975033, 39.318229318747655 ], [ 26.697441317413652, 39.318224708202123 ] ] ] } },
{ "type": "Feature", "properties": { "fid": 10295, "Layer": "Wall" }, "geometry": { "type": "MultiLineString", "coordinates": [ [ [ 26.697493859975033, 39.318229318747655 ], [ 26.697520719992891, 39.318231674783071 ], [ 26.697515364478065, 39.318268493212813 ], [ 26.697434578641914, 39.318264713468629 ] ] ] } },
{ "type": "Feature", "properties": { "fid": 10296, "Layer": "Wall" }, "geometry": { "type": "MultiLineString", "coordinates": [ [ [ 26.697515364478065, 39.318268493212813 ], [ 26.697516410609101, 39.318295037055726 ] ] ] } },
{ "type": "Feature", "properties": { "fid": 10297, "Layer": "Wall" }, "geometry": { "type": "MultiLineString", "coordinates": [ [ [ 26.697520719992891, 39.318231674783071 ], [ 26.697561491163356, 39.318225748483066 ] ] ] } },
{ "type": "Feature", "properties": { "fid": 10298, "Layer": "Wall" }, "geometry": { "type": "MultiLineString", "coordinates": [ [ [ 26.697547045550618, 39.318247846494039 ], [ 26.697546938932884, 39.318227863724751 ] ] ] } },
{ "type": "Feature", "properties": { "fid": 10299, "Layer": "Wall" }, "geometry": { "type": "MultiLineString", "coordinates": [ [ [ 26.697513547385167, 39.318191447431559 ], [ 26.697570262492846, 39.318201315376733 ] ] ] } },
{ "type": "Feature", "properties": { "fid": 10300, "Layer": "Wall" }, "geometry": { "type": "MultiLineString", "coordinates": [ [ [ 26.697626140183235, 39.318260041300555 ], [ 26.697628416264486, 39.318228678699754 ] ] ] } },
{ "type": "Feature", "properties": { "fid": 10301, "Layer": "Wall" }, "geometry": { "type": "MultiLineString", "coordinates": [ [ [ 26.697517969290384, 39.318231435188778 ], [ 26.697512909476753, 39.318266226254501 ], [ 26.697434744711384, 39.318262567407167 ] ] ] } },
{ "type": "Feature", "properties": { "fid": 10302, "Layer": "Wall" }, "geometry": { "type": "MultiLineString", "coordinates": [ [ [ 26.697512599661458, 39.318268559675467 ], [ 26.69751364400107, 39.318295104420216 ] ] ] } },
{ "type": "Feature", "properties": { "fid": 10303, "Layer": "Wall" }, "geometry": { "type": "MultiLineString", "coordinates": [ [ [ 26.697549813273223, 39.318247837636925 ], [ 26.697549705758, 39.318227854868503 ] ] ] } },
{ "type": "Feature", "properties": { "fid": 10304, "Layer": "Wall" }, "geometry": { "type": "MultiLineString", "coordinates": [ [ [ 26.697520210625878, 39.318229563550432 ], [ 26.697560982686252, 39.318223635449371 ] ] ] } },
{ "type": "Feature", "properties": { "fid": 10305, "Layer": "Wall" }, "geometry": { "type": "MultiLineString", "coordinates": [ [ [ 26.697530667710488, 39.318152771969984 ], [ 26.697492080344386, 39.318226998957954 ], [ 26.697441628863903, 39.318222572807869 ] ] ] } },
{ "type": "Feature", "properties": { "fid": 10306, "Layer": "Wall" }, "geometry": { "type": "MultiLineString", "coordinates": [ [ [ 26.697485471924256, 39.318143062607056 ], [ 26.69758220671682, 39.318159893001614 ] ] ] } },
{ "type": "Feature", "properties": { "fid": 10307, "Layer": "Wall" }, "geometry": { "type": "MultiLineString", "coordinates": [ [ [ 26.697548228486518, 39.318112150021832 ], [ 26.697596406238091, 39.31812855449094 ], [ 26.697587270230709, 39.318152149914411 ] ] ] } },
{ "type": "Feature", "properties": { "fid": 10308, "Layer": "Wall" }, "geometry": { "type": "MultiLineString", "coordinates": [ [ [ 26.697678113794694, 39.318126629263077 ], [ 26.697666306259443, 39.318142083684599 ] ] ] } },
{ "type": "Feature", "properties": { "fid": 10309, "Layer": "Wall" }, "geometry": { "type": "MultiLineString", "coordinates": [ [ [ 26.697656303235469, 39.317918528721961 ], [ 26.697700992491061, 39.317976597099523 ] ] ] } },
{ "type": "Feature", "properties": { "fid": 10322, "Layer": "Wall" }, "geometry": { "type": "MultiLineString", "coordinates": [ [ [ 26.694517581668833, 39.3166876810972 ], [ 26.694601360168409, 39.316674119158087 ], [ 26.694633648100446, 39.31677979546857 ] ] ] } },
{ "type": "Feature", "properties": { "fid": 10323, "Layer": "Wall" }, "geometry": { "type": "MultiLineString", "coordinates": [ [ [ 26.694482726983836, 39.316893304047149 ], [ 26.694449546975399, 39.316896881087622 ] ] ] } },
{ "type": "Feature", "properties": { "fid": 10324, "Layer": "Wall" }, "geometry": { "type": "MultiLineString", "coordinates": [ [ [ 26.694482345891263, 39.316891173787035 ], [ 26.694449167680645, 39.316894751725947 ] ] ] } },
{ "type": "Feature", "properties": { "fid": 10325, "Layer": "Wall" }, "geometry": { "type": "MultiLineString", "coordinates": [ [ [ 26.694518146576723, 39.31668978508452 ], [ 26.694599289068226, 39.31667665043237 ], [ 26.694630954930311, 39.316780292118501 ] ] ] } },
{ "type": "Feature", "properties": { "fid": 10326, "Layer": "Wall" }, "geometry": { "type": "MultiLineString", "coordinates": [ [ [ 26.694531149106425, 39.31675581575648 ], [ 26.694525937510623, 39.316736387616352 ], [ 26.694514008788587, 39.316691917701505 ], [ 26.694465256965337, 39.316699808992745 ], [ 26.69446323289073, 39.316692256952557 ], [ 26.694418561515, 39.316699487392547 ], [ 26.694419711344434, 39.316702800618508 ], [ 26.694435833063366, 39.31679401049724 ], [ 26.694483631045472, 39.316785100234796 ], [ 26.694477067007313, 39.316763851472807 ], [ 26.694531149106425, 39.31675581575648 ] ] ] } },
{ "type": "Feature", "properties": { "fid": 10358, "Layer": "Wall" }, "geometry": { "type": "MultiLineString", "coordinates": [ [ [ 26.694578131172339, 39.318832481553272 ], [ 26.694586144820008, 39.318731223916366 ], [ 26.694743939214508, 39.318734662062148 ], [ 26.694744523036043, 39.318843687104874 ], [ 26.694712110573317, 39.318842367653751 ], [ 26.694578131172339, 39.318832481553272 ] ] ] } },
{ "type": "Feature", "properties": { "fid": 10360, "Layer": "Wall" }, "geometry": { "type": "MultiLineString", "coordinates": [ [ [ 26.694743939214508, 39.318734662062148 ], [ 26.694822674227549, 39.318739432264053 ], [ 26.694832156618599, 39.318819370402174 ], [ 26.694744449173498, 39.318829821566553 ] ] ] } },
{ "type": "Feature", "properties": { "fid": 10362, "Layer": "Wall" }, "geometry": { "type": "MultiLineString", "coordinates": [ [ [ 26.694579657744711, 39.318929125333348 ], [ 26.694566514049697, 39.318982181205925 ] ] ] } },
{ "type": "Feature", "properties": { "fid": 10363, "Layer": "Wall" }, "geometry": { "type": "MultiLineString", "coordinates": [ [ [ 26.694934504987316, 39.31901355573239 ], [ 26.69506922689397, 39.318942211539735 ] ] ] } },
{ "type": "Feature", "properties": { "fid": 10364, "Layer": "Wall" }, "geometry": { "type": "MultiLineString", "coordinates": [ [ [ 26.69506922689397, 39.318942211539735 ], [ 26.695174978624653, 39.318879195017644 ] ] ] } },
{ "type": "Feature", "properties": { "fid": 10365, "Layer": "Wall" }, "geometry": { "type": "MultiLineString", "coordinates": [ [ [ 26.695069213284178, 39.318939511162071 ], [ 26.695168920828216, 39.318880096228526 ] ] ] } },
{ "type": "Feature", "properties": { "fid": 10366, "Layer": "Wall" }, "geometry": { "type": "MultiLineString", "coordinates": [ [ [ 26.694932948124524, 39.319011779409536 ], [ 26.695063856566314, 39.318942454121469 ] ] ] } },
{ "type": "Feature", "properties": { "fid": 10367, "Layer": "Wall" }, "geometry": { "type": "MultiLineString", "coordinates": [ [ [ 26.695067604657993, 39.318940467681998 ], [ 26.695067668231754, 39.318940434318634 ] ] ] } },
{ "type": "Feature", "properties": { "fid": 10369, "Layer": "Wall" }, "geometry": { "type": "MultiLineString", "coordinates": [ [ [ 26.695173993938354, 39.318879781909601 ], [ 26.695240421803646, 39.318848170243463 ] ] ] } },
{ "type": "Feature", "properties": { "fid": 10370, "Layer": "Wall" }, "geometry": { "type": "MultiLineString", "coordinates": [ [ [ 26.695225674909622, 39.31865364500144 ], [ 26.695254940524375, 39.318668075928898 ] ] ] } },
{ "type": "Feature", "properties": { "fid": 10371, "Layer": "Wall" }, "geometry": { "type": "MultiLineString", "coordinates": [ [ [ 26.695156912514889, 39.318696337619478 ], [ 26.695106387268261, 39.318762212487933 ] ] ] } },
{ "type": "Feature", "properties": { "fid": 10372, "Layer": "Wall" }, "geometry": { "type": "MultiLineString", "coordinates": [ [ [ 26.694901409313385, 39.31874420425801 ], [ 26.694928987514615, 39.318746116839712 ] ] ] } },
{ "type": "Feature", "properties": { "fid": 10373, "Layer": "Wall" }, "geometry": { "type": "MultiLineString", "coordinates": [ [ [ 26.695004643912323, 39.318745872532034 ], [ 26.695106387268261, 39.318762212487933 ] ] ] } },
{ "type": "Feature", "properties": { "fid": 10374, "Layer": "Wall" }, "geometry": { "type": "MultiLineString", "coordinates": [ [ [ 26.695004643912323, 39.318745872532034 ], [ 26.695038198644415, 39.318650236089056 ] ] ] } },
{ "type": "Feature", "properties": { "fid": 10376, "Layer": "Wall" }, "geometry": { "type": "MultiLineString", "coordinates": [ [ [ 26.694595382801499, 39.318605681425886 ], [ 26.694592375959182, 39.318688047927431 ] ] ] } },
{ "type": "Feature", "properties": { "fid": 10377, "Layer": "Wall" }, "geometry": { "type": "MultiLineString", "coordinates": [ [ [ 26.694654881014298, 39.318589617834064 ], [ 26.694799046665075, 39.318642095923764 ], [ 26.694794220093211, 39.318650098026389 ], [ 26.694822045700487, 39.318659948634725 ], [ 26.69484309653642, 39.318640652958749 ] ] ] } },
{ "type": "Feature", "properties": { "fid": 10379, "Layer": "Wall" }, "geometry": { "type": "MultiLineString", "coordinates": [ [ [ 26.694663816903734, 39.318559462438621 ], [ 26.694707956611346, 39.318562909807909 ], [ 26.694743789900222, 39.318570530626147 ], [ 26.694820448314967, 39.318602728817801 ] ] ] } },
{ "type": "Feature", "properties": { "fid": 10380, "Layer": "Wall" }, "geometry": { "type": "MultiLineString", "coordinates": [ [ [ 26.694689515770854, 39.318486673132192 ], [ 26.694712637112875, 39.318563904643604 ] ] ] } },
{ "type": "Feature", "properties": { "fid": 10381, "Layer": "Wall" }, "geometry": { "type": "MultiLineString", "coordinates": [ [ [ 26.694765929233348, 39.318512107978549 ], [ 26.694743789900222, 39.318570530626147 ] ] ] } },
{ "type": "Feature", "properties": { "fid": 10382, "Layer": "Wall" }, "geometry": { "type": "MultiLineString", "coordinates": [ [ [ 26.694468203236568, 39.318455711625134 ], [ 26.694463831872859, 39.318488496603052 ] ] ] } },
{ "type": "Feature", "properties": { "fid": 10383, "Layer": "Wall" }, "geometry": { "type": "MultiLineString", "coordinates": [ [ [ 26.694402188125824, 39.318478991247119 ], [ 26.694406072425288, 39.318450584952267 ] ] ] } },
{ "type": "Feature", "properties": { "fid": 10384, "Layer": "Wall" }, "geometry": { "type": "MultiLineString", "coordinates": [ [ [ 26.694578131172339, 39.318832481553272 ], [ 26.694578383555143, 39.318879480723112 ] ] ] } },
{ "type": "Feature", "properties": { "fid": 10385, "Layer": "Wall" }, "geometry": { "type": "MultiLineString", "coordinates": [ [ [ 26.694672239959331, 39.318884285623319 ], [ 26.694717296718753, 39.318884139723203 ], [ 26.694717073429192, 39.318842569214056 ] ] ] } },
{ "type": "Feature", "properties": { "fid": 10386, "Layer": "Wall" }, "geometry": { "type": "MultiLineString", "coordinates": [ [ [ 26.694581057620315, 39.318830537278231 ], [ 26.694588743059398, 39.318733431344626 ], [ 26.694741183762826, 39.318736752901579 ], [ 26.694741744240329, 39.318841419535083 ], [ 26.694712315245862, 39.318840224255155 ], [ 26.694581057620315, 39.318830537278231 ] ] ] } },
{ "type": "Feature", "properties": { "fid": 10387, "Layer": "Wall" }, "geometry": { "type": "MultiLineString", "coordinates": [ [ [ 26.69467225242223, 39.318886436022957 ], [ 26.694720075047037, 39.318886281275226 ], [ 26.694719841988839, 39.318842561264141 ] ] ] } },
{ "type": "Feature", "properties": { "fid": 10388, "Layer": "Wall" }, "geometry": { "type": "MultiLineString", "coordinates": [ [ [ 26.69458089882745, 39.318832472704514 ], [ 26.694581151213857, 39.318879472774519 ] ] ] } },
{ "type": "Feature", "properties": { "fid": 10389, "Layer": "Wall" }, "geometry": { "type": "MultiLineString", "coordinates": [ [ [ 26.694743723775002, 39.318736805470827 ], [ 26.69482013376442, 39.31874143559309 ], [ 26.694829161480875, 39.31881755219684 ], [ 26.694744028604873, 39.31882769674624 ] ] ] } },
{ "type": "Feature", "properties": { "fid": 10390, "Layer": "Wall" }, "geometry": { "type": "MultiLineString", "coordinates": [ [ [ 26.694885418879828, 39.318745253233985 ], [ 26.694928742466711, 39.31874825937544 ] ] ] } },
{ "type": "Feature", "properties": { "fid": 10391, "Layer": "Wall" }, "geometry": { "type": "MultiLineString", "coordinates": [ [ [ 26.694582374902254, 39.318929530590935 ], [ 26.694569232107746, 39.318982587362854 ] ] ] } },
{ "type": "Feature", "properties": { "fid": 10392, "Layer": "Wall" }, "geometry": { "type": "MultiLineString", "coordinates": [ [ [ 26.695172548108101, 39.318877948776631 ], [ 26.695238975075394, 39.318846337111438 ] ] ] } },
{ "type": "Feature", "properties": { "fid": 10393, "Layer": "Wall" }, "geometry": { "type": "MultiLineString", "coordinates": [ [ [ 26.694656056233644, 39.318587671570278 ], [ 26.694802726502108, 39.318641060085902 ], [ 26.694797911522794, 39.318649043275094 ], [ 26.694821289520561, 39.31865731824999 ], [ 26.69484098488174, 39.318639262401561 ] ] ] } },
{ "type": "Feature", "properties": { "fid": 10394, "Layer": "Wall" }, "geometry": { "type": "MultiLineString", "coordinates": [ [ [ 26.694663540442871, 39.318561602303255 ], [ 26.694707450409055, 39.318565030081189 ], [ 26.694742752166377, 39.318572537072185 ], [ 26.694819131139202, 39.318604619404404 ] ] ] } },
{ "type": "Feature", "properties": { "fid": 10395, "Layer": "Wall" }, "geometry": { "type": "MultiLineString", "coordinates": [ [ [ 26.694768582546015, 39.318512714923919 ], [ 26.694746444103366, 39.318571135770455 ] ] ] } },
{ "type": "Feature", "properties": { "fid": 10396, "Layer": "Wall" }, "geometry": { "type": "MultiLineString", "coordinates": [ [ [ 26.694692212578591, 39.318486187279376 ], [ 26.694715333024327, 39.318563418791491 ] ] ] } },
{ "type": "Feature", "properties": { "fid": 10397, "Layer": "Wall" }, "geometry": { "type": "MultiLineString", "coordinates": [ [ [ 26.694470956489457, 39.318455933223682 ], [ 26.694466584228707, 39.318488718202474 ] ] ] } },
{ "type": "Feature", "properties": { "fid": 10398, "Layer": "Wall" }, "geometry": { "type": "MultiLineString", "coordinates": [ [ [ 26.694399436645526, 39.31847876334578 ], [ 26.694403321842195, 39.318450357050096 ] ] ] } },
{ "type": "Feature", "properties": { "fid": 10399, "Layer": "Wall" }, "geometry": { "type": "MultiLineString", "coordinates": [ [ [ 26.694380407868675, 39.318367062046654 ], [ 26.69442884021537, 39.318375340084827 ] ] ] } },
{ "type": "Feature", "properties": { "fid": 10400, "Layer": "Wall" }, "geometry": { "type": "MultiLineString", "coordinates": [ [ [ 26.694598148918548, 39.318605741888703 ], [ 26.694595142973785, 39.318688108389374 ] ] ] } },
{ "type": "Feature", "properties": { "fid": 10401, "Layer": "Wall" }, "geometry": { "type": "MultiLineString", "coordinates": [ [ [ 26.694379814562048, 39.318369160797175 ], [ 26.694428246011555, 39.318377438836116 ] ] ] } },
{ "type": "Feature", "properties": { "fid": 10402, "Layer": "Wall" }, "geometry": { "type": "MultiLineString", "coordinates": [ [ [ 26.695224191478548, 39.318655460130586 ], [ 26.695253457990262, 39.318669891057183 ] ] ] } },
{ "type": "Feature", "properties": { "fid": 10403, "Layer": "Wall" }, "geometry": { "type": "MultiLineString", "coordinates": [ [ [ 26.695004083826838, 39.318747977552412 ], [ 26.695105825388669, 39.318764317509931 ] ] ] } },
{ "type": "Feature", "properties": { "fid": 10404, "Layer": "Wall" }, "geometry": { "type": "MultiLineString", "coordinates": [ [ [ 26.695154534583857, 39.318695238950887 ], [ 26.695104008430551, 39.318761111119791 ] ] ] } },
{ "type": "Feature", "properties": { "fid": 10405, "Layer": "Wall" }, "geometry": { "type": "MultiLineString", "coordinates": [ [ [ 26.695007314126467, 39.318746438054745 ], [ 26.695040867957928, 39.318650800712426 ] ] ] } },
{ "type": "Feature", "properties": { "fid": 10406, "Layer": "Wall" }, "geometry": { "type": "MultiLineString", "coordinates": [ [ [ 26.694679593449891, 39.318914406211427 ], [ 26.694706077877626, 39.318935153230726 ] ] ] } },
{ "type": "Feature", "properties": { "fid": 10407, "Layer": "Wall" }, "geometry": { "type": "MultiLineString", "coordinates": [ [ [ 26.694720075047037, 39.318886281275226 ], [ 26.694737152895414, 39.318886225944745 ], [ 26.694748357589646, 39.318928369624793 ] ] ] } },
{ "type": "Feature", "properties": { "fid": 10408, "Layer": "Wall" }, "geometry": { "type": "MultiLineString", "coordinates": [ [ [ 26.694852023808007, 39.318832400394278 ], [ 26.694854628176838, 39.318882929505293 ], [ 26.694820897687872, 39.318899725492969 ] ] ] } },
{ "type": "Feature", "properties": { "fid": 10409, "Layer": "Wall" }, "geometry": { "type": "MultiLineString", "coordinates": [ [ [ 26.694889864865829, 39.318831520322554 ], [ 26.694938680678852, 39.318883097829122 ] ] ] } },
{ "type": "Feature", "properties": { "fid": 10410, "Layer": "Wall" }, "geometry": { "type": "MultiLineString", "coordinates": [ [ [ 26.694958425557907, 39.318830025070206 ], [ 26.694889898630063, 39.318832157583635 ] ] ] } },
{ "type": "Feature", "properties": { "fid": 10411, "Layer": "Wall" }, "geometry": { "type": "MultiLineString", "coordinates": [ [ [ 26.69495831531556, 39.318827877461104 ], [ 26.694889787487682, 39.318830009075185 ] ] ] } },
{ "type": "Feature", "properties": { "fid": 10412, "Layer": "Wall" }, "geometry": { "type": "MultiLineString", "coordinates": [ [ [ 26.694887635690467, 39.318832792459283 ], [ 26.694936450608814, 39.318884370866897 ] ] ] } },
{ "type": "Feature", "properties": { "fid": 10413, "Layer": "Wall" }, "geometry": { "type": "MultiLineString", "coordinates": [ [ [ 26.694854787591915, 39.318832313236797 ], [ 26.694857455744462, 39.318884074567272 ], [ 26.69482239186998, 39.318901535178917 ] ] ] } },
{ "type": "Feature", "properties": { "fid": 10414, "Layer": "Wall" }, "geometry": { "type": "MultiLineString", "coordinates": [ [ [ 26.694720064381528, 39.318884131774098 ], [ 26.694739403901693, 39.318884068060164 ], [ 26.694751067150687, 39.318927935067315 ] ] ] } },
{ "type": "Feature", "properties": { "fid": 10415, "Layer": "Wall" }, "geometry": { "type": "MultiLineString", "coordinates": [ [ [ 26.69467762893705, 39.318915920238936 ], [ 26.694704111566768, 39.318936666359804 ] ] ] } },
{ "type": "Feature", "properties": { "fid": 10416, "Layer": "Wall" }, "geometry": { "type": "MultiLineString", "coordinates": [ [ [ 26.694760177651268, 39.318927932079006 ], [ 26.694819353556781, 39.31890283056385 ], [ 26.694852309073411, 39.318976751306693 ], [ 26.694906768128885, 39.31895656523939 ], [ 26.694931058141758, 39.31901234553191 ], [ 26.694838800887595, 39.319042308520359 ], [ 26.694815693577237, 39.319006901580771 ], [ 26.694760177651268, 39.318927932079006 ] ] ] } },
{ "type": "Feature", "properties": { "fid": 10427, "Layer": "Wall" }, "geometry": { "type": "MultiLineString", "coordinates": [ [ [ 26.692595597621477, 39.31381177877045 ], [ 26.692567051103854, 39.313826108974006 ] ] ] } },
{ "type": "Feature", "properties": { "fid": 10428, "Layer": "Wall" }, "geometry": { "type": "MultiLineString", "coordinates": [ [ [ 26.692594095440146, 39.313809974485864 ], [ 26.69256554981985, 39.313824304688566 ] ] ] } },
{ "type": "Feature", "properties": { "fid": 10430, "Layer": "Wall" }, "geometry": { "type": "MultiLineString", "coordinates": [ [ [ 26.692989021838638, 39.313148583187143 ], [ 26.693068561749381, 39.313179538569365 ] ] ] } },
{ "type": "Feature", "properties": { "fid": 10431, "Layer": "Wall" }, "geometry": { "type": "MultiLineString", "coordinates": [ [ [ 26.693005468050323, 39.313183036813527 ], [ 26.693033193598346, 39.313165772036427 ] ] ] } },
{ "type": "Feature", "properties": { "fid": 10432, "Layer": "Wall" }, "geometry": { "type": "MultiLineString", "coordinates": [ [ [ 26.692921871023994, 39.31310131414714 ], [ 26.692903606768166, 39.313125658768605 ] ] ] } },
{ "type": "Feature", "properties": { "fid": 10433, "Layer": "Wall" }, "geometry": { "type": "MultiLineString", "coordinates": [ [ [ 26.692924262284286, 39.31310239660953 ], [ 26.69290599713441, 39.313126742131956 ] ] ] } },
{ "type": "Feature", "properties": { "fid": 10434, "Layer": "Wall" }, "geometry": { "type": "MultiLineString", "coordinates": [ [ [ 26.692990262632016, 39.313146661167373 ], [ 26.693069801642757, 39.313177615650297 ] ] ] } },
{ "type": "Feature", "properties": { "fid": 10435, "Layer": "Wall" }, "geometry": { "type": "MultiLineString", "coordinates": [ [ [ 26.693007199434387, 39.313184714868662 ], [ 26.693034924085545, 39.313167450092337 ] ] ] } },
{ "type": "Feature", "properties": { "fid": 10436, "Layer": "Wall" }, "geometry": { "type": "MultiLineString", "coordinates": [ [ [ 26.69296654338558, 39.313154152239242 ], [ 26.692980573499604, 39.313145406280825 ] ] ] } },
{ "type": "Feature", "properties": { "fid": 10437, "Layer": "Wall" }, "geometry": { "type": "MultiLineString", "coordinates": [ [ [ 26.692964812905405, 39.313152475983536 ], [ 26.69297883943409, 39.313143730928552 ] ] ] } },
{ "type": "Feature", "properties": { "fid": 10438, "Layer": "Wall" }, "geometry": { "type": "MultiLineString", "coordinates": [ [ [ 26.693033965011676, 39.31344609564659 ], [ 26.693034601323301, 39.313463383886848 ], [ 26.693042209690994, 39.313485167281605 ] ] ] } },
{ "type": "Feature", "properties": { "fid": 10439, "Layer": "Wall" }, "geometry": { "type": "MultiLineString", "coordinates": [ [ [ 26.69304987472043, 39.313504321340432 ], [ 26.693053767211811, 39.313509860775149 ] ] ] } },
{ "type": "Feature", "properties": { "fid": 10441, "Layer": "Wall" }, "geometry": { "type": "MultiLineString", "coordinates": [ [ [ 26.69282526668426, 39.314279162847775 ], [ 26.692785362107681, 39.314232716694804 ] ] ] } },
{ "type": "Feature", "properties": { "fid": 10444, "Layer": "Wall" }, "geometry": { "type": "MultiLineString", "coordinates": [ [ [ 26.692606578339731, 39.314102214160116 ], [ 26.69256609945176, 39.314112508330844 ] ] ] } },
{ "type": "Feature", "properties": { "fid": 10447, "Layer": "Wall" }, "geometry": { "type": "MultiLineString", "coordinates": [ [ [ 26.693074694728505, 39.313634358542863 ], [ 26.693051090309915, 39.313617354233905 ] ] ] } },
{ "type": "Feature", "properties": { "fid": 10448, "Layer": "Wall" }, "geometry": { "type": "MultiLineString", "coordinates": [ [ [ 26.693072813900436, 39.313635935500315 ], [ 26.693049208578284, 39.313618929391971 ] ] ] } },
{ "type": "Feature", "properties": { "fid": 10455, "Layer": "Wall" }, "geometry": { "type": "MultiLineString", "coordinates": [ [ [ 26.69293413538345, 39.313625606931801 ], [ 26.692968744677092, 39.31360981384568 ] ] ] } },
{ "type": "Feature", "properties": { "fid": 10456, "Layer": "Wall" }, "geometry": { "type": "MultiLineString", "coordinates": [ [ [ 26.692967602759136, 39.313612516188968 ], [ 26.692935752583821, 39.313554928922073 ] ] ] } },
{ "type": "Feature", "properties": { "fid": 10457, "Layer": "Wall" }, "geometry": { "type": "MultiLineString", "coordinates": [ [ [ 26.692918619447628, 39.313557652251589 ], [ 26.69293978307357, 39.313551450713142 ] ] ] } },
{ "type": "Feature", "properties": { "fid": 10458, "Layer": "Wall" }, "geometry": { "type": "MultiLineString", "coordinates": [ [ [ 26.69290367166602, 39.313564971445736 ], [ 26.692918112397646, 39.313557848045726 ] ] ] } },
{ "type": "Feature", "properties": { "fid": 10459, "Layer": "Wall" }, "geometry": { "type": "MultiLineString", "coordinates": [ [ [ 26.69282987420889, 39.313375834282091 ], [ 26.69289987774329, 39.3135006974411 ] ] ] } },
{ "type": "Feature", "properties": { "fid": 10460, "Layer": "Wall" }, "geometry": { "type": "MultiLineString", "coordinates": [ [ [ 26.69289818395357, 39.313503604620934 ], [ 26.692925976486123, 39.313496684991378 ] ] ] } },
{ "type": "Feature", "properties": { "fid": 10461, "Layer": "Wall" }, "geometry": { "type": "MultiLineString", "coordinates": [ [ [ 26.692898859463096, 39.313503354664142 ], [ 26.692890654560518, 39.313507538808899 ] ] ] } },
{ "type": "Feature", "properties": { "fid": 10462, "Layer": "Wall" }, "geometry": { "type": "MultiLineString", "coordinates": [ [ [ 26.692891670139392, 39.313504878887947 ], [ 26.692922129660754, 39.313558798495883 ] ] ] } },
{ "type": "Feature", "properties": { "fid": 10463, "Layer": "Wall" }, "geometry": { "type": "MultiLineString", "coordinates": [ [ [ 26.693047446417342, 39.313505351520639 ], [ 26.693051337114373, 39.313510890957012 ] ] ] } },
{ "type": "Feature", "properties": { "fid": 10464, "Layer": "Wall" }, "geometry": { "type": "MultiLineString", "coordinates": [ [ [ 26.693031200290019, 39.313446156694162 ], [ 26.693031843830294, 39.31346370146521 ], [ 26.69303953923076, 39.313485730515936 ] ] ] } },
{ "type": "Feature", "properties": { "fid": 10465, "Layer": "Wall" }, "geometry": { "type": "MultiLineString", "coordinates": [ [ [ 26.693031843830294, 39.31346370146521 ], [ 26.692991085556006, 39.313475351491981 ] ] ] } },
{ "type": "Feature", "properties": { "fid": 10466, "Layer": "Wall" }, "geometry": { "type": "MultiLineString", "coordinates": [ [ [ 26.693032799548671, 39.313465716881943 ], [ 26.692992041284068, 39.313477369609117 ] ] ] } },
{ "type": "Feature", "properties": { "fid": 10467, "Layer": "Wall" }, "geometry": { "type": "MultiLineString", "coordinates": [ [ [ 26.692480330689531, 39.313024518017329 ], [ 26.692500588140561, 39.312990665282513 ] ] ] } },
{ "type": "Feature", "properties": { "fid": 10469, "Layer": "Wall" }, "geometry": { "type": "MultiLineString", "coordinates": [ [ [ 26.692234371428004, 39.313089354363463 ], [ 26.692225991494166, 39.3131012680943 ] ] ] } },
{ "type": "Feature", "properties": { "fid": 10470, "Layer": "Wall" }, "geometry": { "type": "MultiLineString", "coordinates": [ [ [ 26.692236800176502, 39.313090386384587 ], [ 26.692228419342186, 39.313102299216069 ] ] ] } },
{ "type": "Feature", "properties": { "fid": 10478, "Layer": "Wall" }, "geometry": { "type": "MultiLineString", "coordinates": [ [ [ 26.691562922884067, 39.313817217625576 ], [ 26.691533401070082, 39.313799954097469 ] ] ] } },
{ "type": "Feature", "properties": { "fid": 10479, "Layer": "Wall" }, "geometry": { "type": "MultiLineString", "coordinates": [ [ [ 26.691561258788607, 39.313818935704283 ], [ 26.691531736074293, 39.313801671276863 ] ] ] } },
{ "type": "Feature", "properties": { "fid": 10480, "Layer": "Wall" }, "geometry": { "type": "MultiLineString", "coordinates": [ [ [ 26.691539626333192, 39.313791005574672 ], [ 26.691543684233359, 39.313782809751395 ] ] ] } },
{ "type": "Feature", "properties": { "fid": 10484, "Layer": "Wall" }, "geometry": { "type": "MultiLineString", "coordinates": [ [ [ 26.69204110476252, 39.312576674828634 ], [ 26.692065516874706, 39.312591575690625 ], [ 26.692045396269812, 39.31261342054141 ] ] ] } },
{ "type": "Feature", "properties": { "fid": 10485, "Layer": "Wall" }, "geometry": { "type": "MultiLineString", "coordinates": [ [ [ 26.692039395715835, 39.312578365043528 ], [ 26.692061726284894, 39.312591996831401 ], [ 26.692043147031882, 39.312612169623812 ] ] ] } },
{ "type": "Feature", "properties": { "fid": 10495, "Layer": "Wall" }, "geometry": { "type": "MultiLineString", "coordinates": [ [ [ 26.691280246632832, 39.31303501259319 ], [ 26.691120879004444, 39.312962103327408 ] ] ] } },
{ "type": "Feature", "properties": { "fid": 10496, "Layer": "Wall" }, "geometry": { "type": "MultiLineString", "coordinates": [ [ [ 26.69204069522543, 39.313139719894636 ], [ 26.692010880293161, 39.313116716504794 ], [ 26.692006198595433, 39.313120946919483 ] ] ] } },
{ "type": "Feature", "properties": { "fid": 10497, "Layer": "Wall" }, "geometry": { "type": "MultiLineString", "coordinates": [ [ [ 26.691980333843368, 39.313158122686474 ], [ 26.692006923369611, 39.313174271837092 ], [ 26.692011143047509, 39.313170526117084 ] ] ] } },
{ "type": "Feature", "properties": { "fid": 10498, "Layer": "Wall" }, "geometry": { "type": "MultiLineString", "coordinates": [ [ [ 26.69197863019189, 39.313159817397576 ], [ 26.692007281450788, 39.313177216738232 ], [ 26.692013225129791, 39.313171941912557 ] ] ] } },
{ "type": "Feature", "properties": { "fid": 10499, "Layer": "Wall" }, "geometry": { "type": "MultiLineString", "coordinates": [ [ [ 26.692038745129718, 39.313141243807017 ], [ 26.692011039085994, 39.313119869519184 ], [ 26.692008296769544, 39.313122347397929 ] ] ] } },
{ "type": "Feature", "properties": { "fid": 10500, "Layer": "Wall" }, "geometry": { "type": "MultiLineString", "coordinates": [ [ [ 26.693842464415276, 39.321369206255419 ], [ 26.693908837305795, 39.321355762123787 ] ] ] } },
{ "type": "Feature", "properties": { "fid": 10501, "Layer": "Wall" }, "geometry": { "type": "MultiLineString", "coordinates": [ [ [ 26.693898972990635, 39.321310788238691 ], [ 26.693892847580624, 39.321290442894643 ] ] ] } },
{ "type": "Feature", "properties": { "fid": 10502, "Layer": "Wall" }, "geometry": { "type": "MultiLineString", "coordinates": [ [ [ 26.693935236619332, 39.32130394002224 ], [ 26.69393014470986, 39.321282873625748 ] ] ] } },
{ "type": "Feature", "properties": { "fid": 10503, "Layer": "Wall" }, "geometry": { "type": "MultiLineString", "coordinates": [ [ [ 26.693991593218584, 39.32131575366278 ], [ 26.693989008043211, 39.321282476534648 ] ] ] } },
{ "type": "Feature", "properties": { "fid": 10505, "Layer": "Wall" }, "geometry": { "type": "MultiLineString", "coordinates": [ [ [ 26.693766657468519, 39.321245837014061 ], [ 26.693659331727453, 39.321267072485391 ] ] ] } },
{ "type": "Feature", "properties": { "fid": 10506, "Layer": "Wall" }, "geometry": { "type": "MultiLineString", "coordinates": [ [ [ 26.693765972356395, 39.321243755649391 ], [ 26.693658649299898, 39.32126498931801 ] ] ] } },
{ "type": "Feature", "properties": { "fid": 10507, "Layer": "Wall" }, "geometry": { "type": "MultiLineString", "coordinates": [ [ [ 26.693710418549589, 39.321160272202526 ], [ 26.69371467739564, 39.321178089911342 ] ] ] } },
{ "type": "Feature", "properties": { "fid": 10508, "Layer": "Wall" }, "geometry": { "type": "MultiLineString", "coordinates": [ [ [ 26.693667591524697, 39.321112567012356 ], [ 26.693686809114723, 39.321181062551979 ] ] ] } },
{ "type": "Feature", "properties": { "fid": 10509, "Layer": "Wall" }, "geometry": { "type": "MultiLineString", "coordinates": [ [ [ 26.693713138097117, 39.321159879946791 ], [ 26.693717396939778, 39.321177696755441 ] ] ] } },
{ "type": "Feature", "properties": { "fid": 10514, "Layer": "Wall" }, "geometry": { "type": "MultiLineString", "coordinates": [ [ [ 26.693274945886607, 39.320770872122928 ], [ 26.693274704188866, 39.320801091446853 ], [ 26.693548558493703, 39.320779900061339 ], [ 26.693529000421588, 39.320660850874376 ] ] ] } },
{ "type": "Feature", "properties": { "fid": 10515, "Layer": "Wall" }, "geometry": { "type": "MultiLineString", "coordinates": [ [ [ 26.693277712685955, 39.320770883982384 ], [ 26.69327749078894, 39.320798714348093 ], [ 26.693545452638038, 39.320777981142818 ], [ 26.693526255309525, 39.320661123436388 ] ] ] } },
{ "type": "Feature", "properties": { "fid": 10516, "Layer": "Wall" }, "geometry": { "type": "MultiLineString", "coordinates": [ [ [ 26.693277712685955, 39.320770883982384 ], [ 26.693274946954883, 39.320770918028472 ] ] ] } },
{ "type": "Feature", "properties": { "fid": 10517, "Layer": "Wall" }, "geometry": { "type": "MultiLineString", "coordinates": [ [ [ 26.693526255309525, 39.320661123436388 ], [ 26.693529000421588, 39.320660850874376 ] ] ] } },
{ "type": "Feature", "properties": { "fid": 10520, "Layer": "Wall" }, "geometry": { "type": "MultiLineString", "coordinates": [ [ [ 26.693453310573677, 39.320602943180532 ], [ 26.693295696044363, 39.320607293442698 ] ] ] } },
{ "type": "Feature", "properties": { "fid": 10521, "Layer": "Wall" }, "geometry": { "type": "MultiLineString", "coordinates": [ [ [ 26.693453410086079, 39.320605091695626 ], [ 26.693295793759386, 39.32060944105929 ] ] ] } },
{ "type": "Feature", "properties": { "fid": 10527, "Layer": "Wall" }, "geometry": { "type": "MultiLineString", "coordinates": [ [ [ 26.690748955931703, 39.31237822005717 ], [ 26.690668292810269, 39.312349422410719 ] ] ] } },
{ "type": "Feature", "properties": { "fid": 10528, "Layer": "Wall" }, "geometry": { "type": "MultiLineString", "coordinates": [ [ [ 26.690896043270506, 39.312427422105308 ], [ 26.690940887587789, 39.312434375856206 ] ] ] } },
{ "type": "Feature", "properties": { "fid": 10529, "Layer": "Wall" }, "geometry": { "type": "MultiLineString", "coordinates": [ [ [ 26.690895502038909, 39.312429530708755 ], [ 26.690940346352701, 39.312436483559559 ] ] ] } },
{ "type": "Feature", "properties": { "fid": 10530, "Layer": "Wall" }, "geometry": { "type": "MultiLineString", "coordinates": [ [ [ 26.690747800499395, 39.312380175302025 ], [ 26.69066713647457, 39.312351375856039 ] ] ] } },
{ "type": "Feature", "properties": { "fid": 10531, "Layer": "Wall" }, "geometry": { "type": "MultiLineString", "coordinates": [ [ [ 26.690842585973432, 39.312059972983242 ], [ 26.690562176069456, 39.31253393144906 ] ] ] } },
{ "type": "Feature", "properties": { "fid": 10532, "Layer": "Wall" }, "geometry": { "type": "MultiLineString", "coordinates": [ [ [ 26.690557199046431, 39.312532054744388 ], [ 26.690268528944951, 39.312970446895562 ] ] ] } },
{ "type": "Feature", "properties": { "fid": 10533, "Layer": "Wall" }, "geometry": { "type": "MultiLineString", "coordinates": [ [ [ 26.690839213434629, 39.312061117445069 ], [ 26.690589937308133, 39.311997964505665 ] ] ] } },
{ "type": "Feature", "properties": { "fid": 10534, "Layer": "Wall" }, "geometry": { "type": "MultiLineString", "coordinates": [ [ [ 26.690989127450504, 39.312093772478171 ], [ 26.690839322980306, 39.312061143448297 ] ] ] } },
{ "type": "Feature", "properties": { "fid": 10535, "Layer": "Wall" }, "geometry": { "type": "MultiLineString", "coordinates": [ [ [ 26.690950403705475, 39.312397396943268 ], [ 26.690987120247343, 39.312091503291086 ] ] ] } },
{ "type": "Feature", "properties": { "fid": 10536, "Layer": "Wall" }, "geometry": { "type": "MultiLineString", "coordinates": [ [ [ 26.690592311991789, 39.311997720190291 ], [ 26.69057783990894, 39.312005075842322 ] ] ] } },
{ "type": "Feature", "properties": { "fid": 10537, "Layer": "Wall" }, "geometry": { "type": "MultiLineString", "coordinates": [ [ [ 26.690578706611774, 39.312004371144482 ], [ 26.690314272969655, 39.312351911342461 ] ] ] } },
{ "type": "Feature", "properties": { "fid": 10538, "Layer": "Wall" }, "geometry": { "type": "MultiLineString", "coordinates": [ [ [ 26.690314303318438, 39.312351869908568 ], [ 26.690134567973708, 39.312600232526172 ] ] ] } },
{ "type": "Feature", "properties": { "fid": 10539, "Layer": "Wall" }, "geometry": { "type": "MultiLineString", "coordinates": [ [ [ 26.69013462953858, 39.312600141556423 ], [ 26.689978570950384, 39.312842303105107 ] ] ] } },
{ "type": "Feature", "properties": { "fid": 10540, "Layer": "Wall" }, "geometry": { "type": "MultiLineString", "coordinates": [ [ [ 26.690133334089825, 39.312597234422576 ], [ 26.690442758209425, 39.312710415457275 ] ] ] } },
{ "type": "Feature", "properties": { "fid": 10541, "Layer": "Wall" }, "geometry": { "type": "MultiLineString", "coordinates": [ [ [ 26.68997859503617, 39.312842266177654 ], [ 26.689877066005749, 39.313007553304729 ] ] ] } },
{ "type": "Feature", "properties": { "fid": 10542, "Layer": "Wall" }, "geometry": { "type": "MultiLineString", "coordinates": [ [ [ 26.689977144359656, 39.31283935108457 ], [ 26.690291845051846, 39.312939359257321 ] ] ] } },
{ "type": "Feature", "properties": { "fid": 10543, "Layer": "Wall" }, "geometry": { "type": "MultiLineString", "coordinates": [ [ [ 26.689875831821627, 39.31300471452375 ], [ 26.690093985394945, 39.313091565005067 ] ] ] } },
{ "type": "Feature", "properties": { "fid": 10545, "Layer": "Wall" }, "geometry": { "type": "MultiLineString", "coordinates": [ [ [ 26.690175889309764, 39.313117965366907 ], [ 26.690215656594741, 39.313060832620415 ], [ 26.690289295895635, 39.313092498241431 ], [ 26.690256432619737, 39.313138157874938 ], [ 26.690175889309764, 39.313117965366907 ] ] ] } },
{ "type": "Feature", "properties": { "fid": 10549, "Layer": "Wall" }, "geometry": { "type": "MultiLineString", "coordinates": [ [ [ 26.690343745840725, 39.312929977245865 ], [ 26.690307712739596, 39.312915659534895 ] ] ] } },
{ "type": "Feature", "properties": { "fid": 10550, "Layer": "Wall" }, "geometry": { "type": "MultiLineString", "coordinates": [ [ [ 26.690342486184598, 39.312931892081437 ], [ 26.690306453086826, 39.312917575270596 ] ] ] } },
{ "type": "Feature", "properties": { "fid": 10551, "Layer": "Wall" }, "geometry": { "type": "MultiLineString", "coordinates": [ [ [ 26.689803096174462, 39.312960061896753 ], [ 26.690075189983919, 39.312518132092919 ] ] ] } },
{ "type": "Feature", "properties": { "fid": 10552, "Layer": "Wall" }, "geometry": { "type": "MultiLineString", "coordinates": [ [ [ 26.689685458727002, 39.312904368099481 ], [ 26.689806980882658, 39.312959131193814 ] ] ] } },
{ "type": "Feature", "properties": { "fid": 10553, "Layer": "Wall" }, "geometry": { "type": "MultiLineString", "coordinates": [ [ [ 26.689714983479981, 39.312557852606496 ], [ 26.689984641650511, 39.312670413887354 ] ] ] } },
{ "type": "Feature", "properties": { "fid": 10554, "Layer": "Wall" }, "geometry": { "type": "MultiLineString", "coordinates": [ [ [ 26.690075298839641, 39.312517971769665 ], [ 26.690445849429352, 39.312027120607212 ] ] ] } },
{ "type": "Feature", "properties": { "fid": 10555, "Layer": "Wall" }, "geometry": { "type": "MultiLineString", "coordinates": [ [ [ 26.689793807393144, 39.312394723307186 ], [ 26.690074885087135, 39.312522768947311 ] ] ] } },
{ "type": "Feature", "properties": { "fid": 10556, "Layer": "Wall" }, "geometry": { "type": "MultiLineString", "coordinates": [ [ [ 26.689786015565179, 39.312811392102041 ], [ 26.689874410873131, 39.312844234122366 ] ] ] } },
{ "type": "Feature", "properties": { "fid": 10557, "Layer": "Wall" }, "geometry": { "type": "MultiLineString", "coordinates": [ [ [ 26.689784822381032, 39.312813330280171 ], [ 26.689873217689254, 39.312846172300482 ] ] ] } },
{ "type": "Feature", "properties": { "fid": 10560, "Layer": "Wall" }, "geometry": { "type": "MultiLineString", "coordinates": [ [ [ 26.689582842743935, 39.311911657744993 ], [ 26.689523943541008, 39.311907091490951 ] ] ] } },
{ "type": "Feature", "properties": { "fid": 10561, "Layer": "Wall" }, "geometry": { "type": "MultiLineString", "coordinates": [ [ [ 26.689210632269624, 39.312683897748336 ], [ 26.689257781004585, 39.312615076310287 ], [ 26.689064557513792, 39.312521602482512 ] ] ] } },
{ "type": "Feature", "properties": { "fid": 10562, "Layer": "Wall" }, "geometry": { "type": "MultiLineString", "coordinates": [ [ [ 26.68920818833211, 39.312682888247032 ], [ 26.689254123527917, 39.312615838481868 ], [ 26.689063095666882, 39.312523427491236 ] ] ] } },
{ "type": "Feature", "properties": { "fid": 10563, "Layer": "Wall" }, "geometry": { "type": "MultiLineString", "coordinates": [ [ [ 26.689064557513792, 39.312521602482512 ], [ 26.689063095666882, 39.312523427491236 ] ] ] } },
{ "type": "Feature", "properties": { "fid": 10564, "Layer": "Wall" }, "geometry": { "type": "MultiLineString", "coordinates": [ [ [ 26.688968210650682, 39.312575103007816 ], [ 26.689029091404212, 39.312602085176216 ] ] ] } },
{ "type": "Feature", "properties": { "fid": 10565, "Layer": "Wall" }, "geometry": { "type": "MultiLineString", "coordinates": [ [ [ 26.689009117522009, 39.312513175111285 ], [ 26.689072960887291, 39.312541198707358 ] ] ] } },
{ "type": "Feature", "properties": { "fid": 10568, "Layer": "Wall" }, "geometry": { "type": "MultiLineString", "coordinates": [ [ [ 26.689486159341328, 39.312588220786424 ], [ 26.689275628212073, 39.312491446733084 ] ] ] } },
{ "type": "Feature", "properties": { "fid": 10569, "Layer": "Wall" }, "geometry": { "type": "MultiLineString", "coordinates": [ [ [ 26.689484728059124, 39.312590061969125 ], [ 26.689274220287945, 39.312493296895674 ] ] ] } },
{ "type": "Feature", "properties": { "fid": 10570, "Layer": "Wall" }, "geometry": { "type": "MultiLineString", "coordinates": [ [ [ 26.689508392184408, 39.312598442051687 ], [ 26.689506992348441, 39.312600295807322 ] ] ] } },
{ "type": "Feature", "properties": { "fid": 10571, "Layer": "Wall" }, "geometry": { "type": "MultiLineString", "coordinates": [ [ [ 26.689486159341328, 39.312588220786424 ], [ 26.689484728059124, 39.312590061969125 ] ] ] } },
{ "type": "Feature", "properties": { "fid": 10572, "Layer": "Wall" }, "geometry": { "type": "MultiLineString", "coordinates": [ [ [ 26.689639382909185, 39.312640112106784 ], [ 26.689544624811589, 39.312837234254687 ] ] ] } },
{ "type": "Feature", "properties": { "fid": 10573, "Layer": "Wall" }, "geometry": { "type": "MultiLineString", "coordinates": [ [ [ 26.690851858921135, 39.313297211755433 ], [ 26.690840576348066, 39.313310463946934 ] ] ] } },
{ "type": "Feature", "properties": { "fid": 10574, "Layer": "Wall" }, "geometry": { "type": "MultiLineString", "coordinates": [ [ [ 26.690849551618591, 39.313296026600092 ], [ 26.69083826993602, 39.313309276990452 ] ] ] } },
{ "type": "Feature", "properties": { "fid": 10577, "Layer": "Wall" }, "geometry": { "type": "MultiLineString", "coordinates": [ [ [ 26.690511695750967, 39.313223399102291 ], [ 26.690654534705935, 39.313288778640036 ] ] ] } },
{ "type": "Feature", "properties": { "fid": 10578, "Layer": "Wall" }, "geometry": { "type": "MultiLineString", "coordinates": [ [ [ 26.690656919705845, 39.313289868310065 ], [ 26.690692797641958, 39.313305180815377 ] ] ] } },
{ "type": "Feature", "properties": { "fid": 10579, "Layer": "Wall" }, "geometry": { "type": "MultiLineString", "coordinates": [ [ [ 26.690658251254362, 39.31328798581287 ], [ 26.690694130080974, 39.313303296517098 ] ] ] } },
{ "type": "Feature", "properties": { "fid": 10580, "Layer": "Wall" }, "geometry": { "type": "MultiLineString", "coordinates": [ [ [ 26.690513100079471, 39.313221547142753 ], [ 26.690655938134071, 39.313286925781242 ] ] ] } },
{ "type": "Feature", "properties": { "fid": 10586, "Layer": "Wall" }, "geometry": { "type": "MultiLineString", "coordinates": [ [ [ 26.691551163034088, 39.313644592175031 ], [ 26.691527577246084, 39.313626777718859 ] ] ] } },
{ "type": "Feature", "properties": { "fid": 10587, "Layer": "Wall" }, "geometry": { "type": "MultiLineString", "coordinates": [ [ [ 26.691549232732736, 39.313646132271948 ], [ 26.691515597094888, 39.313620726330157 ] ] ] } },
{ "type": "Feature", "properties": { "fid": 10588, "Layer": "Wall" }, "geometry": { "type": "MultiLineString", "coordinates": [ [ [ 26.69139195591098, 39.313679114350911 ], [ 26.69141261266509, 39.313695980957576 ], [ 26.691402953912828, 39.3137053619947 ] ] ] } },
{ "type": "Feature", "properties": { "fid": 10589, "Layer": "Wall" }, "geometry": { "type": "MultiLineString", "coordinates": [ [ [ 26.691393960889926, 39.313677632693981 ], [ 26.691416281453936, 39.313695858772334 ], [ 26.691405114664889, 39.31370670390767 ] ] ] } },
{ "type": "Feature", "properties": { "fid": 10590, "Layer": "Wall" }, "geometry": { "type": "MultiLineString", "coordinates": [ [ [ 26.691416281453936, 39.313695858772334 ], [ 26.691456406587427, 39.313666100492121 ] ] ] } },
{ "type": "Feature", "properties": { "fid": 10591, "Layer": "Wall" }, "geometry": { "type": "MultiLineString", "coordinates": [ [ [ 26.691488158490664, 39.313700305150178 ], [ 26.691451552983267, 39.313669697372958 ] ] ] } },
{ "type": "Feature", "properties": { "fid": 10592, "Layer": "Wall" }, "geometry": { "type": "MultiLineString", "coordinates": [ [ [ 26.691414369316416, 39.313694304200062 ], [ 26.691454496237291, 39.313664544117962 ] ] ] } },
{ "type": "Feature", "properties": { "fid": 10593, "Layer": "Wall" }, "geometry": { "type": "MultiLineString", "coordinates": [ [ [ 26.691486131910718, 39.313701767924208 ], [ 26.691449526406899, 39.313671161047033 ] ] ] } },
{ "type": "Feature", "properties": { "fid": 10595, "Layer": "Wall" }, "geometry": { "type": "MultiLineString", "coordinates": [ [ [ 26.694483260471163, 39.32208826767539 ], [ 26.694310215363174, 39.322097204986392 ] ] ] } },
{ "type": "Feature", "properties": { "fid": 10596, "Layer": "Wall" }, "geometry": { "type": "MultiLineString", "coordinates": [ [ [ 26.694483077476438, 39.322086121944736 ], [ 26.694310032371863, 39.32209506015586 ] ] ] } },
{ "type": "Feature", "properties": { "fid": 10598, "Layer": "Wall" }, "geometry": { "type": "MultiLineString", "coordinates": [ [ [ 26.691693885888366, 39.31321475997693 ], [ 26.691746363386734, 39.313244640272742 ] ] ] } },
{ "type": "Feature", "properties": { "fid": 10599, "Layer": "Wall" }, "geometry": { "type": "MultiLineString", "coordinates": [ [ [ 26.691695522109118, 39.31321302572195 ], [ 26.691748000511559, 39.313242907817148 ] ] ] } },
{ "type": "Feature", "properties": { "fid": 10600, "Layer": "Wall" }, "geometry": { "type": "MultiLineString", "coordinates": [ [ [ 26.691651918105649, 39.31328259640209 ], [ 26.691613637347309, 39.313260889768159 ] ] ] } },
{ "type": "Feature", "properties": { "fid": 10601, "Layer": "Wall" }, "geometry": { "type": "MultiLineString", "coordinates": [ [ [ 26.691922329190611, 39.313245155633609 ], [ 26.691932578724757, 39.313250943970807 ] ] ] } },
{ "type": "Feature", "properties": { "fid": 10605, "Layer": "Wall" }, "geometry": { "type": "MultiLineString", "coordinates": [ [ [ 26.691465956780377, 39.313047612283079 ], [ 26.691495025503279, 39.313012961147557 ], [ 26.691537326962568, 39.313034605579801 ] ] ] } },
{ "type": "Feature", "properties": { "fid": 10607, "Layer": "Wall" }, "geometry": { "type": "MultiLineString", "coordinates": [ [ [ 26.693384176435142, 39.315719190534978 ], [ 26.693350246076712, 39.315736433130262 ] ] ] } },
{ "type": "Feature", "properties": { "fid": 10608, "Layer": "Wall" }, "geometry": { "type": "MultiLineString", "coordinates": [ [ [ 26.693383891617572, 39.315719317715264 ], [ 26.693443994524063, 39.315696150706493 ] ] ] } },
{ "type": "Feature", "properties": { "fid": 10609, "Layer": "Wall" }, "geometry": { "type": "MultiLineString", "coordinates": [ [ [ 26.693367396857912, 39.315701329337593 ], [ 26.693380271269053, 39.315718474918064 ] ] ] } },
{ "type": "Feature", "properties": { "fid": 10612, "Layer": "Wall" }, "geometry": { "type": "MultiLineString", "coordinates": [ [ [ 26.692977553635838, 39.315758204074122 ], [ 26.692869502219928, 39.315793331958496 ], [ 26.69289726770041, 39.315846065875391 ], [ 26.692891542667375, 39.315847885800032 ], [ 26.692913821103236, 39.315893281481678 ], [ 26.692990077206016, 39.31586636230039 ], [ 26.692969248326193, 39.315822612529274 ], [ 26.69300705270393, 39.315811751915774 ], [ 26.692977553635838, 39.315758204074122 ] ] ] } },
{ "type": "Feature", "properties": { "fid": 10613, "Layer": "Wall" }, "geometry": { "type": "MultiLineString", "coordinates": [ [ [ 26.693292159714598, 39.315728714764688 ], [ 26.69330940098407, 39.315753284220293 ] ] ] } },
{ "type": "Feature", "properties": { "fid": 10614, "Layer": "Wall" }, "geometry": { "type": "MultiLineString", "coordinates": [ [ [ 26.69330119495481, 39.315757174928322 ], [ 26.693247363320658, 39.31577848009934 ] ] ] } },
{ "type": "Feature", "properties": { "fid": 10615, "Layer": "Wall" }, "geometry": { "type": "MultiLineString", "coordinates": [ [ [ 26.693302451740941, 39.315759091054076 ], [ 26.693248618312161, 39.315780396226792 ] ] ] } },
{ "type": "Feature", "properties": { "fid": 10616, "Layer": "Wall" }, "geometry": { "type": "MultiLineString", "coordinates": [ [ [ 26.693294589829389, 39.315727686381678 ], [ 26.693311830198645, 39.315752254937955 ] ] ] } },
{ "type": "Feature", "properties": { "fid": 10619, "Layer": "Wall" }, "geometry": { "type": "MultiLineString", "coordinates": [ [ [ 26.693414428129191, 39.31540573417977 ], [ 26.69342736374595, 39.315425847438703 ] ] ] } },
{ "type": "Feature", "properties": { "fid": 10620, "Layer": "Wall" }, "geometry": { "type": "MultiLineString", "coordinates": [ [ [ 26.693409484509555, 39.315393240393433 ], [ 26.693429838970502, 39.3154248874242 ] ] ] } },
{ "type": "Feature", "properties": { "fid": 10623, "Layer": "Wall" }, "geometry": { "type": "MultiLineString", "coordinates": [ [ [ 26.69369080181718, 39.315217829769161 ], [ 26.693723153270305, 39.315247429672716 ], [ 26.693736421798508, 39.315238678100897 ], [ 26.693763352759962, 39.315274822441104 ] ] ] } },
{ "type": "Feature", "properties": { "fid": 10624, "Layer": "Wall" }, "geometry": { "type": "MultiLineString", "coordinates": [ [ [ 26.693746558284719, 39.315285214593075 ], [ 26.693733204926417, 39.31526907850305 ], [ 26.693693598967464, 39.315289391266113 ] ] ] } },
{ "type": "Feature", "properties": { "fid": 10625, "Layer": "Wall" }, "geometry": { "type": "MultiLineString", "coordinates": [ [ [ 26.693744230034746, 39.315286376102343 ], [ 26.693732392419587, 39.31527207038723 ], [ 26.693695124445401, 39.315291185626911 ] ] ] } },
{ "type": "Feature", "properties": { "fid": 10626, "Layer": "Wall" }, "geometry": { "type": "MultiLineString", "coordinates": [ [ [ 26.693692911212207, 39.315216438027456 ], [ 26.693723471319252, 39.315244400437436 ], [ 26.693737157791769, 39.315235373941327 ], [ 26.693765746816677, 39.315273746383845 ] ] ] } },
{ "type": "Feature", "properties": { "fid": 10634, "Layer": "Wall" }, "geometry": { "type": "MultiLineString", "coordinates": [ [ [ 26.692879427379776, 39.315395778746684 ], [ 26.692906019015805, 39.315441856369937 ], [ 26.692861406673408, 39.315460571482497 ] ] ] } },
{ "type": "Feature", "properties": { "fid": 10635, "Layer": "Wall" }, "geometry": { "type": "MultiLineString", "coordinates": [ [ [ 26.692879427379776, 39.315395778746684 ], [ 26.692908367177782, 39.315383213328424 ] ] ] } },
{ "type": "Feature", "properties": { "fid": 10636, "Layer": "Wall" }, "geometry": { "type": "MultiLineString", "coordinates": [ [ [ 26.692878076549224, 39.315393903212751 ], [ 26.692907018137959, 39.315381336892735 ] ] ] } },
{ "type": "Feature", "properties": { "fid": 10637, "Layer": "Wall" }, "geometry": { "type": "MultiLineString", "coordinates": [ [ [ 26.692881951339878, 39.315394898799838 ], [ 26.692909594867881, 39.315442799123808 ], [ 26.692862720778336, 39.315462462352407 ] ] ] } },
{ "type": "Feature", "properties": { "fid": 10638, "Layer": "Wall" }, "geometry": { "type": "MultiLineString", "coordinates": [ [ [ 26.692912420287861, 39.315467171196666 ], [ 26.692897163784775, 39.315448014204264 ] ] ] } },
{ "type": "Feature", "properties": { "fid": 10639, "Layer": "Wall" }, "geometry": { "type": "MultiLineString", "coordinates": [ [ [ 26.692914774660579, 39.315466040268788 ], [ 26.692899518160655, 39.315446884176538 ] ] ] } },
{ "type": "Feature", "properties": { "fid": 10641, "Layer": "Wall" }, "geometry": { "type": "MultiLineString", "coordinates": [ [ [ 26.693017979487351, 39.315249994854902 ], [ 26.692978825003909, 39.315185863128356 ] ] ] } },
{ "type": "Feature", "properties": { "fid": 10643, "Layer": "Wall" }, "geometry": { "type": "MultiLineString", "coordinates": [ [ [ 26.692926814756007, 39.314834592175835 ], [ 26.692958349433859, 39.314818251023766 ] ] ] } },
{ "type": "Feature", "properties": { "fid": 10644, "Layer": "Wall" }, "geometry": { "type": "MultiLineString", "coordinates": [ [ [ 26.692925279440498, 39.314832804124045 ], [ 26.692956815015236, 39.314816462971237 ] ] ] } },
{ "type": "Feature", "properties": { "fid": 10645, "Layer": "Wall" }, "geometry": { "type": "MultiLineString", "coordinates": [ [ [ 26.692531091312379, 39.314953215826407 ], [ 26.692505188237142, 39.314932495176443 ] ] ] } },
{ "type": "Feature", "properties": { "fid": 10646, "Layer": "Wall" }, "geometry": { "type": "MultiLineString", "coordinates": [ [ [ 26.69253307740339, 39.314951718883563 ], [ 26.692507173430794, 39.314930998234509 ] ] ] } },
{ "type": "Feature", "properties": { "fid": 10648, "Layer": "Wall" }, "geometry": { "type": "MultiLineString", "coordinates": [ [ [ 26.692466751260692, 39.315085560083155 ], [ 26.692422020734892, 39.315041925864023 ], [ 26.692471612126646, 39.315003080141636 ], [ 26.692489530740495, 39.314989563509656 ], [ 26.692510187158579, 39.315006088062766 ], [ 26.692532581387486, 39.314991558272617 ], [ 26.692569569692129, 39.315025959746642 ], [ 26.692528880766297, 39.315052743630034 ], [ 26.692466751260692, 39.315085560083155 ] ] ] } },
{ "type": "Feature", "properties": { "fid": 10653, "Layer": "Wall" }, "geometry": { "type": "MultiLineString", "coordinates": [ [ [ 26.692339394841284, 39.314886902724851 ], [ 26.692359310556888, 39.314877298933268 ] ] ] } },
{ "type": "Feature", "properties": { "fid": 10654, "Layer": "Wall" }, "geometry": { "type": "MultiLineString", "coordinates": [ [ [ 26.692341825647063, 39.314889948339086 ], [ 26.692361742259973, 39.314880344546609 ] ] ] } },
{ "type": "Feature", "properties": { "fid": 10658, "Layer": "Wall" }, "geometry": { "type": "MultiLineString", "coordinates": [ [ [ 26.693044806923002, 39.314851583600465 ], [ 26.693059644064451, 39.314868688677109 ] ] ] } },
{ "type": "Feature", "properties": { "fid": 10659, "Layer": "Wall" }, "geometry": { "type": "MultiLineString", "coordinates": [ [ [ 26.693047101825215, 39.314850382517029 ], [ 26.693061939860687, 39.314867486692698 ] ] ] } },
{ "type": "Feature", "properties": { "fid": 10666, "Layer": "Wall" }, "geometry": { "type": "MultiLineString", "coordinates": [ [ [ 26.695002847465236, 39.315094863611876 ], [ 26.695099241021651, 39.315076575188527 ] ] ] } },
{ "type": "Feature", "properties": { "fid": 10667, "Layer": "Wall" }, "geometry": { "type": "MultiLineString", "coordinates": [ [ [ 26.694767747825381, 39.315604612734766 ], [ 26.69476928180973, 39.315585419621939 ] ] ] } },
{ "type": "Feature", "properties": { "fid": 10668, "Layer": "Wall" }, "geometry": { "type": "MultiLineString", "coordinates": [ [ [ 26.694764985941273, 39.315604479355265 ], [ 26.694766518134735, 39.315585287144252 ] ] ] } },
{ "type": "Feature", "properties": { "fid": 10698, "Layer": "Wall" }, "geometry": { "type": "MultiLineString", "coordinates": [ [ [ 26.694235135335688, 39.318734360769199 ], [ 26.694235321298461, 39.318762011704358 ] ] ] } },
{ "type": "Feature", "properties": { "fid": 10699, "Layer": "Wall" }, "geometry": { "type": "MultiLineString", "coordinates": [ [ [ 26.69429905849897, 39.318744065664454 ], [ 26.694308884058977, 39.318706824528348 ] ] ] } },
{ "type": "Feature", "properties": { "fid": 10700, "Layer": "Wall" }, "geometry": { "type": "MultiLineString", "coordinates": [ [ [ 26.694370707669552, 39.318736776183492 ], [ 26.694372900747009, 39.31870327041112 ] ] ] } },
{ "type": "Feature", "properties": { "fid": 10701, "Layer": "Wall" }, "geometry": { "type": "MultiLineString", "coordinates": [ [ [ 26.69437347127332, 39.318736886156501 ], [ 26.69437566524774, 39.318703380383312 ] ] ] } },
{ "type": "Feature", "properties": { "fid": 10702, "Layer": "Wall" }, "geometry": { "type": "MultiLineString", "coordinates": [ [ [ 26.69430176946409, 39.318744497032682 ], [ 26.694311595024111, 39.318707255896562 ] ] ] } },
{ "type": "Feature", "properties": { "fid": 10703, "Layer": "Wall" }, "geometry": { "type": "MultiLineString", "coordinates": [ [ [ 26.694237902970865, 39.318734349221316 ], [ 26.694238089837548, 39.318762001955889 ] ] ] } },
{ "type": "Feature", "properties": { "fid": 10704, "Layer": "Wall" }, "geometry": { "type": "MultiLineString", "coordinates": [ [ [ 26.69387972005692, 39.318715170190444 ], [ 26.693870927862676, 39.31875381997753 ] ] ] } },
{ "type": "Feature", "properties": { "fid": 10705, "Layer": "Wall" }, "geometry": { "type": "MultiLineString", "coordinates": [ [ [ 26.693876994061867, 39.318714795542832 ], [ 26.693868202764801, 39.318753445329087 ] ] ] } },
{ "type": "Feature", "properties": { "fid": 10723, "Layer": "Wall" }, "geometry": { "type": "MultiLineString", "coordinates": [ [ [ 26.694027536472412, 39.318292386903167 ], [ 26.693946044373266, 39.31830990549112 ] ] ] } },
{ "type": "Feature", "properties": { "fid": 10724, "Layer": "Wall" }, "geometry": { "type": "MultiLineString", "coordinates": [ [ [ 26.69402827352361, 39.31829445922633 ], [ 26.693946782321149, 39.318311977813458 ] ] ] } },
{ "type": "Feature", "properties": { "fid": 10725, "Layer": "Wall" }, "geometry": { "type": "MultiLineString", "coordinates": [ [ [ 26.694125472565688, 39.318425055290625 ], [ 26.694059463862775, 39.31843403360682 ] ] ] } },
{ "type": "Feature", "properties": { "fid": 10726, "Layer": "Wall" }, "geometry": { "type": "MultiLineString", "coordinates": [ [ [ 26.694111797232189, 39.318487929393939 ], [ 26.694072808392988, 39.318493232824707 ] ] ] } },
{ "type": "Feature", "properties": { "fid": 10727, "Layer": "Wall" }, "geometry": { "type": "MultiLineString", "coordinates": [ [ [ 26.694111319286616, 39.318485812726408 ], [ 26.694072330444225, 39.318491115257032 ] ] ] } },
{ "type": "Feature", "properties": { "fid": 10728, "Layer": "Wall" }, "geometry": { "type": "MultiLineString", "coordinates": [ [ [ 26.694124994620765, 39.318422938623016 ], [ 26.694058986818721, 39.318431917838467 ] ] ] } },
{ "type": "Feature", "properties": { "fid": 10729, "Layer": "Wall" }, "geometry": { "type": "MultiLineString", "coordinates": [ [ [ 26.693697365625059, 39.318609475332764 ], [ 26.693774293705328, 39.318591927659071 ] ] ] } },
{ "type": "Feature", "properties": { "fid": 10730, "Layer": "Wall" }, "geometry": { "type": "MultiLineString", "coordinates": [ [ [ 26.693696564825281, 39.318360455822614 ], [ 26.693622083223428, 39.318377507070807 ] ] ] } },
{ "type": "Feature", "properties": { "fid": 10731, "Layer": "Wall" }, "geometry": { "type": "MultiLineString", "coordinates": [ [ [ 26.693645915966481, 39.318434983708372 ], [ 26.693681239025373, 39.318561149547826 ] ] ] } },
{ "type": "Feature", "properties": { "fid": 10732, "Layer": "Wall" }, "geometry": { "type": "MultiLineString", "coordinates": [ [ [ 26.693715811495693, 39.318414805120959 ], [ 26.693756999107823, 39.318547012643819 ] ] ] } },
{ "type": "Feature", "properties": { "fid": 10742, "Layer": "Wall" }, "geometry": { "type": "MultiLineString", "coordinates": [ [ [ 26.693595044891971, 39.318227962597753 ], [ 26.693504610838882, 39.318235659942772 ] ] ] } },
{ "type": "Feature", "properties": { "fid": 10743, "Layer": "Wall" }, "geometry": { "type": "MultiLineString", "coordinates": [ [ [ 26.693554178952478, 39.318122692057344 ], [ 26.693459377481265, 39.318131062210696 ] ] ] } },
{ "type": "Feature", "properties": { "fid": 10769, "Layer": "Wall" }, "geometry": { "type": "MultiLineString", "coordinates": [ [ [ 26.693677932865679, 39.317837893859597 ], [ 26.693745644184059, 39.317849531506489 ] ] ] } },
{ "type": "Feature", "properties": { "fid": 10770, "Layer": "Wall" }, "geometry": { "type": "MultiLineString", "coordinates": [ [ [ 26.693414921739873, 39.31779958932907 ], [ 26.693440535128492, 39.317801589280485 ], [ 26.693437687295951, 39.317864748694483 ] ] ] } },
{ "type": "Feature", "properties": { "fid": 10771, "Layer": "Wall" }, "geometry": { "type": "MultiLineString", "coordinates": [ [ [ 26.693440535128492, 39.317801589280485 ], [ 26.69353993528091, 39.317815512049251 ] ] ] } },
{ "type": "Feature", "properties": { "fid": 10772, "Layer": "Wall" }, "geometry": { "type": "MultiLineString", "coordinates": [ [ [ 26.69341356453614, 39.317864093069012 ], [ 26.693437687295951, 39.317864748694483 ], [ 26.693545043347743, 39.317864403372589 ] ] ] } },
{ "type": "Feature", "properties": { "fid": 10773, "Layer": "Wall" }, "geometry": { "type": "MultiLineString", "coordinates": [ [ [ 26.693414646160679, 39.317801727393729 ], [ 26.69343767865211, 39.317803527187941 ], [ 26.693434922052997, 39.317864673825014 ] ] ] } },
{ "type": "Feature", "properties": { "fid": 10774, "Layer": "Wall" }, "geometry": { "type": "MultiLineString", "coordinates": [ [ [ 26.693440043257485, 39.317803705040667 ], [ 26.693539443409914, 39.31781762780944 ] ] ] } },
{ "type": "Feature", "properties": { "fid": 10775, "Layer": "Wall" }, "geometry": { "type": "MultiLineString", "coordinates": [ [ [ 26.693413467523168, 39.31786624087087 ], [ 26.69343764501798, 39.317866899146402 ], [ 26.693545053997283, 39.317866552875721 ] ] ] } },
{ "type": "Feature", "properties": { "fid": 10776, "Layer": "Wall" }, "geometry": { "type": "MultiLineString", "coordinates": [ [ [ 26.69340882992682, 39.317929642262641 ], [ 26.69347341721252, 39.317926960812272 ], [ 26.693480410684003, 39.318000943351151 ] ] ] } },
{ "type": "Feature", "properties": { "fid": 10777, "Layer": "Wall" }, "geometry": { "type": "MultiLineString", "coordinates": [ [ [ 26.693474490072429, 39.317938318579337 ], [ 26.693534741418596, 39.317937543087965 ], [ 26.693547062505989, 39.318050886154808 ], [ 26.693480685368307, 39.318052347777503 ] ] ] } },
{ "type": "Feature", "properties": { "fid": 10778, "Layer": "Wall" }, "geometry": { "type": "MultiLineString", "coordinates": [ [ [ 26.693534741418596, 39.317937543087965 ], [ 26.693613138375706, 39.317937289189508 ] ] ] } },
{ "type": "Feature", "properties": { "fid": 10779, "Layer": "Wall" }, "geometry": { "type": "MultiLineString", "coordinates": [ [ [ 26.693618452667184, 39.318012062684687 ], [ 26.69362086681485, 39.318045483227408 ], [ 26.693547062505989, 39.318050886154808 ] ] ] } },
{ "type": "Feature", "properties": { "fid": 10780, "Layer": "Wall" }, "geometry": { "type": "MultiLineString", "coordinates": [ [ [ 26.69362086681485, 39.318045483227408 ], [ 26.693665447711712, 39.318044880558205 ] ] ] } },
{ "type": "Feature", "properties": { "fid": 10781, "Layer": "Wall" }, "geometry": { "type": "MultiLineString", "coordinates": [ [ [ 26.693474536604541, 39.317940467149278 ], [ 26.693532201638131, 39.317939725540022 ], [ 26.693544057459906, 39.318048801513697 ], [ 26.693480606538273, 39.318050199237405 ] ] ] } },
{ "type": "Feature", "properties": { "fid": 10782, "Layer": "Wall" }, "geometry": { "type": "MultiLineString", "coordinates": [ [ [ 26.693534752965999, 39.317939692590187 ], [ 26.693613149923248, 39.317939438691695 ] ] ] } },
{ "type": "Feature", "properties": { "fid": 10783, "Layer": "Wall" }, "geometry": { "type": "MultiLineString", "coordinates": [ [ [ 26.693610437020162, 39.317939447486779 ], [ 26.693617954681677, 39.318043536221097 ], [ 26.693546800694403, 39.318048746784264 ] ] ] } },
{ "type": "Feature", "properties": { "fid": 10784, "Layer": "Wall" }, "geometry": { "type": "MultiLineString", "coordinates": [ [ [ 26.693620818480397, 39.318043332858998 ], [ 26.693665400277631, 39.318042731089157 ] ] ] } },
{ "type": "Feature", "properties": { "fid": 10785, "Layer": "Wall" }, "geometry": { "type": "MultiLineString", "coordinates": [ [ [ 26.693386357393837, 39.317932727864701 ], [ 26.693470856188437, 39.317929220695042 ], [ 26.693477650788758, 39.318001101610839 ] ] ] } },
{ "type": "Feature", "properties": { "fid": 10786, "Layer": "Wall" }, "geometry": { "type": "MultiLineString", "coordinates": [ [ [ 26.69367733417592, 39.317839993515584 ], [ 26.693745046387988, 39.317851630261593 ] ] ] } },
{ "type": "Feature", "properties": { "fid": 10787, "Layer": "Wall" }, "geometry": { "type": "MultiLineString", "coordinates": [ [ [ 26.693549041775608, 39.317902661566649 ], [ 26.693549228167985, 39.31793749556541 ] ] ] } },
{ "type": "Feature", "properties": { "fid": 10788, "Layer": "Wall" }, "geometry": { "type": "MultiLineString", "coordinates": [ [ [ 26.693551808505283, 39.31790265272231 ], [ 26.693551994897742, 39.317937486721057 ] ] ] } },
{ "type": "Feature", "properties": { "fid": 10789, "Layer": "Wall" }, "geometry": { "type": "MultiLineString", "coordinates": [ [ [ 26.693714990324334, 39.318011234919034 ], [ 26.693771211908064, 39.318010475721081 ] ] ] } },
{ "type": "Feature", "properties": { "fid": 10790, "Layer": "Wall" }, "geometry": { "type": "MultiLineString", "coordinates": [ [ [ 26.693724804321949, 39.318056840930588 ], [ 26.69377778911273, 39.318050286064739 ] ] ] } },
{ "type": "Feature", "properties": { "fid": 10791, "Layer": "Wall" }, "geometry": { "type": "MultiLineString", "coordinates": [ [ [ 26.693725240121402, 39.31805896483889 ], [ 26.693778226706659, 39.318052409971365 ] ] ] } },
{ "type": "Feature", "properties": { "fid": 10792, "Layer": "Wall" }, "geometry": { "type": "MultiLineString", "coordinates": [ [ [ 26.693715038651991, 39.318013383487155 ], [ 26.693771259342054, 39.318012625190136 ] ] ] } },
{ "type": "Feature", "properties": { "fid": 10822, "Layer": "Wall" }, "geometry": { "type": "MultiLineString", "coordinates": [ [ [ 26.693898599794487, 39.317549562594941 ], [ 26.693881328291315, 39.317548152669332 ], [ 26.69384615171273, 39.317545278491849 ], [ 26.693831945782019, 39.317606658895514 ] ] ] } },
{ "type": "Feature", "properties": { "fid": 10823, "Layer": "Wall" }, "geometry": { "type": "MultiLineString", "coordinates": [ [ [ 26.693745313706476, 39.317577042324608 ], [ 26.693835871643827, 39.317589691414199 ] ] ] } },
{ "type": "Feature", "properties": { "fid": 10824, "Layer": "Wall" }, "geometry": { "type": "MultiLineString", "coordinates": [ [ [ 26.69384615171273, 39.317545278491849 ], [ 26.693845799524251, 39.317479209187482 ] ] ] } },
{ "type": "Feature", "properties": { "fid": 10825, "Layer": "Wall" }, "geometry": { "type": "MultiLineString", "coordinates": [ [ [ 26.69388112914773, 39.317510830714077 ], [ 26.69384596900808, 39.317510943156471 ] ] ] } },
{ "type": "Feature", "properties": { "fid": 10826, "Layer": "Wall" }, "geometry": { "type": "MultiLineString", "coordinates": [ [ [ 26.693898310756158, 39.317551700672176 ], [ 26.693881039252961, 39.317550290746574 ], [ 26.693848421179943, 39.317547624847215 ], [ 26.693834669102575, 39.317607039847211 ] ] ] } },
{ "type": "Feature", "properties": { "fid": 10827, "Layer": "Wall" }, "geometry": { "type": "MultiLineString", "coordinates": [ [ [ 26.693745802891772, 39.31757492746673 ], [ 26.693836362623422, 39.317587576554665 ] ] ] } },
{ "type": "Feature", "properties": { "fid": 10828, "Layer": "Wall" }, "geometry": { "type": "MultiLineString", "coordinates": [ [ [ 26.693848919347829, 39.317545270546134 ], [ 26.693848565358117, 39.317479199443255 ] ] ] } },
{ "type": "Feature", "properties": { "fid": 10829, "Layer": "Wall" }, "geometry": { "type": "MultiLineString", "coordinates": [ [ [ 26.693881139791532, 39.317512979317378 ], [ 26.693845979655102, 39.317513092659908 ] ] ] } },
{ "type": "Feature", "properties": { "fid": 10830, "Layer": "Wall" }, "geometry": { "type": "MultiLineString", "coordinates": [ [ [ 26.693639199670379, 39.317500197570084 ], [ 26.693650589732005, 39.317474754791633 ] ] ] } },
{ "type": "Feature", "properties": { "fid": 10831, "Layer": "Wall" }, "geometry": { "type": "MultiLineString", "coordinates": [ [ [ 26.693641813848668, 39.317500905370366 ], [ 26.693653203900375, 39.317475459891469 ] ] ] } },
{ "type": "Feature", "properties": { "fid": 10837, "Layer": "Wall" }, "geometry": { "type": "MultiLineString", "coordinates": [ [ [ 26.69371473070175, 39.317620761909268 ], [ 26.693755409308157, 39.317634280483098 ] ] ] } },
{ "type": "Feature", "properties": { "fid": 10838, "Layer": "Wall" }, "geometry": { "type": "MultiLineString", "coordinates": [ [ [ 26.693569641184315, 39.317646345604977 ], [ 26.693561708271709, 39.31769348646435 ] ] ] } },
{ "type": "Feature", "properties": { "fid": 10839, "Layer": "Wall" }, "geometry": { "type": "MultiLineString", "coordinates": [ [ [ 26.693744832352763, 39.317728873284857 ], [ 26.693755711368794, 39.317698916820667 ] ] ] } },
{ "type": "Feature", "properties": { "fid": 10840, "Layer": "Wall" }, "geometry": { "type": "MultiLineString", "coordinates": [ [ [ 26.693742168391587, 39.317728289748885 ], [ 26.693753048304629, 39.317698333283872 ] ] ] } },
{ "type": "Feature", "properties": { "fid": 10841, "Layer": "Wall" }, "geometry": { "type": "MultiLineString", "coordinates": [ [ [ 26.693566897611266, 39.317646066386025 ], [ 26.693558964702024, 39.317693208145577 ] ] ] } },
{ "type": "Feature", "properties": { "fid": 10842, "Layer": "Wall" }, "geometry": { "type": "MultiLineString", "coordinates": [ [ [ 26.693713642613275, 39.317622737797386 ], [ 26.693754321226209, 39.317636258171483 ] ] ] } },
{ "type": "Feature", "properties": { "fid": 10843, "Layer": "Wall" }, "geometry": { "type": "MultiLineString", "coordinates": [ [ [ 26.693406224816115, 39.317360076762668 ], [ 26.693330717593899, 39.317352065681675 ], [ 26.693309772968615, 39.317366325908147 ], [ 26.693309987214747, 39.317406529175244 ] ] ] } },
{ "type": "Feature", "properties": { "fid": 10845, "Layer": "Wall" }, "geometry": { "type": "MultiLineString", "coordinates": [ [ [ 26.694046051116469, 39.317532275895225 ], [ 26.694057787242834, 39.317425325019798 ], [ 26.694150465010935, 39.317436197977827 ] ] ] } },
{ "type": "Feature", "properties": { "fid": 10846, "Layer": "Wall" }, "geometry": { "type": "MultiLineString", "coordinates": [ [ [ 26.693405850518765, 39.317362206817336 ], [ 26.693330342399456, 39.317354195737174 ], [ 26.693312539689252, 39.317366316164389 ], [ 26.693312754839322, 39.317406521230843 ] ] ] } },
{ "type": "Feature", "properties": { "fid": 10848, "Layer": "Wall" }, "geometry": { "type": "MultiLineString", "coordinates": [ [ [ 26.693433133371446, 39.317663333243566 ], [ 26.693391710829353, 39.317659669977907 ] ] ] } },
{ "type": "Feature", "properties": { "fid": 10849, "Layer": "Wall" }, "geometry": { "type": "MultiLineString", "coordinates": [ [ [ 26.693433446644818, 39.317661198744652 ], [ 26.693392023205615, 39.31765753547981 ] ] ] } },
{ "type": "Feature", "properties": { "fid": 10890, "Layer": "Wall" }, "geometry": { "type": "MultiLineString", "coordinates": [ [ [ 26.693930333009632, 39.317241132259412 ], [ 26.693939337868326, 39.317303036807061 ] ] ] } },
{ "type": "Feature", "properties": { "fid": 10891, "Layer": "Wall" }, "geometry": { "type": "MultiLineString", "coordinates": [ [ [ 26.693893367222891, 39.317248838069105 ], [ 26.693894871742184, 39.317279392541593 ] ] ] } },
{ "type": "Feature", "properties": { "fid": 10892, "Layer": "Wall" }, "geometry": { "type": "MultiLineString", "coordinates": [ [ [ 26.693727666325078, 39.317226047873788 ], [ 26.693736685736269, 39.317290924645718 ] ] ] } },
{ "type": "Feature", "properties": { "fid": 10893, "Layer": "Wall" }, "geometry": { "type": "MultiLineString", "coordinates": [ [ [ 26.693688058298196, 39.317226175200474 ], [ 26.693694279661884, 39.317269990573187 ] ] ] } },
{ "type": "Feature", "properties": { "fid": 10894, "Layer": "Wall" }, "geometry": { "type": "MultiLineString", "coordinates": [ [ [ 26.693933082730357, 39.317240889395876 ], [ 26.693942088489898, 39.317302794842767 ] ] ] } },
{ "type": "Feature", "properties": { "fid": 10895, "Layer": "Wall" }, "geometry": { "type": "MultiLineString", "coordinates": [ [ [ 26.693890602552568, 39.317248919822759 ], [ 26.693892107078376, 39.317279476095571 ] ] ] } },
{ "type": "Feature", "properties": { "fid": 10896, "Layer": "Wall" }, "geometry": { "type": "MultiLineString", "coordinates": [ [ [ 26.693730418779978, 39.317225817610058 ], [ 26.693739437294333, 39.317290694382763 ] ] ] } },
{ "type": "Feature", "properties": { "fid": 10897, "Layer": "Wall" }, "geometry": { "type": "MultiLineString", "coordinates": [ [ [ 26.693685308558763, 39.317226411762505 ], [ 26.693691529915561, 39.317270225334994 ] ] ] } },
{ "type": "Feature", "properties": { "fid": 10898, "Layer": "Wall" }, "geometry": { "type": "MultiLineString", "coordinates": [ [ [ 26.693720827270223, 39.317020602782712 ], [ 26.693670511439151, 39.317027865391431 ] ] ] } },
{ "type": "Feature", "properties": { "fid": 10899, "Layer": "Wall" }, "geometry": { "type": "MultiLineString", "coordinates": [ [ [ 26.693721331205793, 39.317022716728054 ], [ 26.693671017165393, 39.317029978435023 ] ] ] } },
{ "type": "Feature", "properties": { "fid": 10900, "Layer": "Wall" }, "geometry": { "type": "MultiLineString", "coordinates": [ [ [ 26.693488244213373, 39.317154419481199 ], [ 26.69351950729698, 39.31715314676363 ], [ 26.693519647849445, 39.317238909348639 ] ] ] } },
{ "type": "Feature", "properties": { "fid": 10901, "Layer": "Wall" }, "geometry": { "type": "MultiLineString", "coordinates": [ [ [ 26.693488099007126, 39.317152271901236 ], [ 26.693522271058598, 39.317150881292939 ], [ 26.693522415497281, 39.317238906804633 ] ] ] } },
{ "type": "Feature", "properties": { "fid": 10902, "Layer": "Wall" }, "geometry": { "type": "MultiLineString", "coordinates": [ [ [ 26.693573313909248, 39.317168457145812 ], [ 26.693522300375072, 39.317168505837984 ] ] ] } },
{ "type": "Feature", "properties": { "fid": 10903, "Layer": "Wall" }, "geometry": { "type": "MultiLineString", "coordinates": [ [ [ 26.693573317375822, 39.317170606656269 ], [ 26.69352230473865, 39.317170655347645 ] ] ] } },
{ "type": "Feature", "properties": { "fid": 10904, "Layer": "Wall" }, "geometry": { "type": "MultiLineString", "coordinates": [ [ [ 26.694051268947625, 39.317137403337412 ], [ 26.694023883410726, 39.317136799329703 ] ] ] } },
{ "type": "Feature", "properties": { "fid": 10905, "Layer": "Wall" }, "geometry": { "type": "MultiLineString", "coordinates": [ [ [ 26.694051679406829, 39.31721390151602 ], [ 26.694017931851288, 39.317211244759115 ] ] ] } },
{ "type": "Feature", "properties": { "fid": 10906, "Layer": "Wall" }, "geometry": { "type": "MultiLineString", "coordinates": [ [ [ 26.694051958582222, 39.317211764347697 ], [ 26.694018211020083, 39.317209105790539 ] ] ] } },
{ "type": "Feature", "properties": { "fid": 10907, "Layer": "Wall" }, "geometry": { "type": "MultiLineString", "coordinates": [ [ [ 26.694051189879215, 39.317139552923663 ], [ 26.694023805236029, 39.317138948014971 ] ] ] } },
{ "type": "Feature", "properties": { "fid": 10908, "Layer": "Wall" }, "geometry": { "type": "MultiLineString", "coordinates": [ [ [ 26.693588532688736, 39.317355350922277 ], [ 26.693647729454806, 39.317366572447696 ] ] ] } },
{ "type": "Feature", "properties": { "fid": 10909, "Layer": "Wall" }, "geometry": { "type": "MultiLineString", "coordinates": [ [ [ 26.693589187040953, 39.317353261116068 ], [ 26.693648387402238, 39.317364484438436 ] ] ] } },
{ "type": "Feature", "properties": { "fid": 10911, "Layer": "Wall" }, "geometry": { "type": "MultiLineString", "coordinates": [ [ [ 26.693779116526294, 39.31726786117698 ], [ 26.693778755037894, 39.317249207188581 ] ] ] } },
{ "type": "Feature", "properties": { "fid": 10912, "Layer": "Wall" }, "geometry": { "type": "MultiLineString", "coordinates": [ [ [ 26.693826135724372, 39.317267709030176 ], [ 26.693826037094432, 39.317249054800193 ] ] ] } },
{ "type": "Feature", "properties": { "fid": 10913, "Layer": "Wall" }, "geometry": { "type": "MultiLineString", "coordinates": [ [ [ 26.693823368991229, 39.317267717874948 ], [ 26.693823270364692, 39.317249064545138 ] ] ] } },
{ "type": "Feature", "properties": { "fid": 10914, "Layer": "Wall" }, "geometry": { "type": "MultiLineString", "coordinates": [ [ [ 26.693781884962917, 39.317267828027177 ], [ 26.693781521683519, 39.317249174940564 ] ] ] } },
{ "type": "Feature", "properties": { "fid": 10930, "Layer": "Wall" }, "geometry": { "type": "MultiLineString", "coordinates": [ [ [ 26.693830949845729, 39.316883625761406 ], [ 26.69398610036453, 39.31685595439037 ], [ 26.694005287947881, 39.31692812458251 ], [ 26.694014306063377, 39.316957494777057 ], [ 26.693922203838248, 39.316969497205619 ], [ 26.693911679587696, 39.316920765668748 ] ] ] } },
{ "type": "Feature", "properties": { "fid": 10931, "Layer": "Wall" }, "geometry": { "type": "MultiLineString", "coordinates": [ [ [ 26.693831788403561, 39.316886464905068 ], [ 26.693984154253858, 39.316859289366327 ], [ 26.694002583879502, 39.316928582535489 ], [ 26.694010927292734, 39.316955755229721 ], [ 26.69392447519861, 39.31696702155616 ], [ 26.693914408253278, 39.316920409408254 ] ] ] } },
{ "type": "Feature", "properties": { "fid": 10932, "Layer": "Wall" }, "geometry": { "type": "MultiLineString", "coordinates": [ [ [ 26.693914408253278, 39.316920409408254 ], [ 26.693911679587696, 39.316920765668748 ] ] ] } },
{ "type": "Feature", "properties": { "fid": 10933, "Layer": "Wall" }, "geometry": { "type": "MultiLineString", "coordinates": [ [ [ 26.694066169385351, 39.316747931607416 ], [ 26.694102764066102, 39.316864227334513 ] ] ] } },
{ "type": "Feature", "properties": { "fid": 10934, "Layer": "Wall" }, "geometry": { "type": "MultiLineString", "coordinates": [ [ [ 26.693421946502689, 39.317021147554378 ], [ 26.693453819334895, 39.317019797767259 ] ] ] } },
{ "type": "Feature", "properties": { "fid": 10939, "Layer": "Wall" }, "geometry": { "type": "MultiLineString", "coordinates": [ [ [ 26.69398610036453, 39.31685595439037 ], [ 26.694019899192888, 39.316849925736271 ] ] ] } },
{ "type": "Feature", "properties": { "fid": 10940, "Layer": "Wall" }, "geometry": { "type": "MultiLineString", "coordinates": [ [ [ 26.693986719067173, 39.316858050227488 ], [ 26.694020518789493, 39.31685202067235 ] ] ] } },
{ "type": "Feature", "properties": { "fid": 10941, "Layer": "Wall" }, "geometry": { "type": "MultiLineString", "coordinates": [ [ [ 26.694063479867204, 39.316748442654777 ], [ 26.694100077238232, 39.316864738379529 ] ] ] } },
{ "type": "Feature", "properties": { "fid": 10942, "Layer": "Wall" }, "geometry": { "type": "MultiLineString", "coordinates": [ [ [ 26.693421795914819, 39.317018999979226 ], [ 26.693453667853138, 39.31701765109306 ] ] ] } },
{ "type": "Feature", "properties": { "fid": 10943, "Layer": "Wall" }, "geometry": { "type": "MultiLineString", "coordinates": [ [ [ 26.693828210329443, 39.316837877300898 ], [ 26.69383183711215, 39.316869316456859 ] ] ] } },
{ "type": "Feature", "properties": { "fid": 10944, "Layer": "Wall" }, "geometry": { "type": "MultiLineString", "coordinates": [ [ [ 26.693830965622766, 39.316837686640284 ], [ 26.693836159660133, 39.316882696536616 ] ] ] } },
{ "type": "Feature", "properties": { "fid": 10945, "Layer": "Wall" }, "geometry": { "type": "MultiLineString", "coordinates": [ [ [ 26.693939018762173, 39.316818142655436 ], [ 26.694077644381366, 39.316793451501432 ] ] ] } },
{ "type": "Feature", "properties": { "fid": 10946, "Layer": "Wall" }, "geometry": { "type": "MultiLineString", "coordinates": [ [ [ 26.693938400063534, 39.316816047718376 ], [ 26.694077026578942, 39.316791356563662 ] ] ] } },
{ "type": "Feature", "properties": { "fid": 10969, "Layer": "Wall" }, "geometry": { "type": "MultiLineString", "coordinates": [ [ [ 26.695074824995572, 39.316582153641534 ], [ 26.694964028013072, 39.316601070152949 ], [ 26.694991849850187, 39.316699398282523 ] ] ] } },
{ "type": "Feature", "properties": { "fid": 10970, "Layer": "Wall" }, "geometry": { "type": "MultiLineString", "coordinates": [ [ [ 26.694964028013072, 39.316601070152949 ], [ 26.694872896176214, 39.316616764991998 ] ] ] } },
{ "type": "Feature", "properties": { "fid": 10971, "Layer": "Wall" }, "geometry": { "type": "MultiLineString", "coordinates": [ [ [ 26.695075418599913, 39.31658425310124 ], [ 26.694967324789932, 39.31660270805817 ], [ 26.694994552121052, 39.316698934928361 ] ] ] } },
{ "type": "Feature", "properties": { "fid": 10972, "Layer": "Wall" }, "geometry": { "type": "MultiLineString", "coordinates": [ [ [ 26.694964626098738, 39.316603168708468 ], [ 26.694873495158198, 39.316618863546793 ] ] ] } },
{ "type": "Feature", "properties": { "fid": 10973, "Layer": "Wall" }, "geometry": { "type": "MultiLineString", "coordinates": [ [ [ 26.695348323579466, 39.316610033684782 ], [ 26.695343200999702, 39.316591161751909 ] ] ] } },
{ "type": "Feature", "properties": { "fid": 10974, "Layer": "Wall" }, "geometry": { "type": "MultiLineString", "coordinates": [ [ [ 26.694752651411189, 39.316647766340047 ], [ 26.694786620211193, 39.316642776261453 ] ] ] } },
{ "type": "Feature", "properties": { "fid": 10975, "Layer": "Wall" }, "geometry": { "type": "MultiLineString", "coordinates": [ [ [ 26.69467046366983, 39.316735088982128 ], [ 26.694676830993117, 39.316758934801712 ] ] ] } },
{ "type": "Feature", "properties": { "fid": 10976, "Layer": "Wall" }, "geometry": { "type": "MultiLineString", "coordinates": [ [ [ 26.694673171421119, 39.316734653527682 ], [ 26.694679541429398, 39.316758497544456 ] ] ] } },
{ "type": "Feature", "properties": { "fid": 10977, "Layer": "Wall" }, "geometry": { "type": "MultiLineString", "coordinates": [ [ [ 26.694753164316982, 39.316649878476134 ], [ 26.694787134017783, 39.31664488929686 ] ] ] } },
{ "type": "Feature", "properties": { "fid": 10978, "Layer": "Wall" }, "geometry": { "type": "MultiLineString", "coordinates": [ [ [ 26.695345615846673, 39.316610477241781 ], [ 26.695340490575731, 39.316591605311409 ] ] ] } },
{ "type": "Feature", "properties": { "fid": null, "Layer": "Wall" }, "geometry": { "type": "MultiLineString", "coordinates": [ [ [ 26.693707085465022, 39.321812722222617 ], [ 26.693751453070853, 39.321800791693803 ] ] ] } },
{ "type": "Feature", "properties": { "fid": null, "Layer": "Wall" }, "geometry": { "type": "MultiLineString", "coordinates": [ [ [ 26.694563514283185, 39.322947265944592 ], [ 26.694466963151303, 39.32297468646977 ] ] ] } },
{ "type": "Feature", "properties": { "fid": null, "Layer": "Wall" }, "geometry": { "type": "MultiLineString", "coordinates": [ [ [ 26.697391414388065, 39.324084913196138 ], [ 26.697471624701389, 39.324048705447943 ] ] ] } },
{ "type": "Feature", "properties": { "fid": null, "Layer": "Wall" }, "geometry": { "type": "MultiLineString", "coordinates": [ [ [ 26.697386720580681, 39.324077659130836 ], [ 26.697470189053846, 39.324041671774005 ] ] ] } },
{ "type": "Feature", "properties": { "fid": null, "Layer": "Wall" }, "geometry": { "type": "MultiLineString", "coordinates": [ [ [ 26.697495183173483, 39.326238678543994 ], [ 26.697752282418818, 39.326145570270647 ], [ 26.6976526203518, 39.325966615821216 ] ] ] } },
{ "type": "Feature", "properties": { "fid": null, "Layer": "Wall" }, "geometry": { "type": "MultiLineString", "coordinates": [ [ [ 26.697641065329538, 39.325971457466871 ], [ 26.697653101811067, 39.325992499999877 ], [ 26.697624454985036, 39.32600348680662 ] ] ] } },
{ "type": "Feature", "properties": { "fid": null, "Layer": "Wall" }, "geometry": { "type": "MultiLineString", "coordinates": [ [ [ 26.697631917603587, 39.326010935488178 ], [ 26.697657675674041, 39.326001624636106 ], [ 26.697735190615063, 39.326143708103928 ], [ 26.697491331499407, 39.326231788536035 ] ] ] } },
{ "type": "Feature", "properties": { "fid": null, "Layer": "Wall" }, "geometry": { "type": "MultiLineString", "coordinates": [ [ [ 26.696234878028395, 39.324459175278548 ], [ 26.69627762209868, 39.324435084305854 ] ] ] } },
{ "type": "Feature", "properties": { "fid": null, "Layer": "Wall" }, "geometry": { "type": "MultiLineString", "coordinates": [ [ [ 26.696275735813149, 39.324432934239077 ], [ 26.696233743084029, 39.324457891022455 ] ] ] } },
{ "type": "Feature", "properties": { "fid": null, "Layer": "Wall" }, "geometry": { "type": "MultiLineString", "coordinates": [ [ [ 26.695826279768266, 39.324226969451786 ], [ 26.695894291262778, 39.324181051500645 ] ] ] } },
{ "type": "Feature", "properties": { "fid": null, "Layer": "Wall" }, "geometry": { "type": "MultiLineString", "coordinates": [ [ [ 26.695823629930533, 39.324224564409576 ], [ 26.69589018810715, 39.324179740972305 ] ] ] } },
{ "type": "Feature", "properties": { "fid": null, "Layer": "Wall" }, "geometry": { "type": "MultiLineString", "coordinates": [ [ [ 26.69632176445667, 39.324242815126475 ], [ 26.696290621400529, 39.324206385998892 ], [ 26.69635, 39.32417 ], [ 26.696376858680573, 39.324198760881565 ] ] ] } },
{ "type": "Feature", "properties": { "fid": null, "Layer": "Wall" }, "geometry": { "type": "MultiLineString", "coordinates": [ [ [ 26.696323154697577, 39.324241703467386 ], [ 26.696294207570631, 39.324206824024593 ], [ 26.696349698834229, 39.324172621509973 ], [ 26.696375661326829, 39.32419971830555 ] ] ] } },
{ "type": "Feature", "properties": { "fid": null, "Layer": "Wall" }, "geometry": { "type": "MultiLineString", "coordinates": [ [ [ 26.696550146868102, 39.32420726205028 ], [ 26.69646, 39.32412 ], [ 26.69654, 39.32406 ], [ 26.69659, 39.32412 ] ] ] } },
{ "type": "Feature", "properties": { "fid": null, "Layer": "Wall" }, "geometry": { "type": "MultiLineString", "coordinates": [ [ [ 26.69658825736159, 39.324121151289518 ], [ 26.69653976584932, 39.32406253091191 ], [ 26.696462946310955, 39.324119912372602 ], [ 26.696551656834373, 39.324206349496784 ] ] ] } },
{ "type": "Feature", "properties": { "fid": null, "Layer": "Wall" }, "geometry": { "type": "MultiLineString", "coordinates": [ [ [ 26.696081874365156, 39.32413681610516 ], [ 26.696042420680811, 39.324099544149576 ], [ 26.696102082047425, 39.324057822125724 ], [ 26.696070750245447, 39.324024897116445 ], [ 26.695973902123402, 39.324085386966388 ] ] ] } },
{ "type": "Feature", "properties": { "fid": null, "Layer": "Wall" }, "geometry": { "type": "MultiLineString", "coordinates": [ [ [ 26.69597220054176, 39.324083738511767 ], [ 26.69606914590619, 39.324023437026973 ], [ 26.696019694507882, 39.323970216745266 ], [ 26.695916692210801, 39.324024551454627 ] ] ] } },
{ "type": "Feature", "properties": { "fid": null, "Layer": "Wall" }, "geometry": { "type": "MultiLineString", "coordinates": [ [ [ 26.695913318557363, 39.324020699359387 ], [ 26.696020981165859, 39.32396464155714 ], [ 26.696146806426515, 39.324095411646375 ] ] ] } },
{ "type": "Feature", "properties": { "fid": null, "Layer": "Wall" }, "geometry": { "type": "MultiLineString", "coordinates": [ [ [ 26.696084824168508, 39.324135466020827 ], [ 26.696047440139761, 39.324100091682539 ], [ 26.696105007607251, 39.324059355218907 ], [ 26.696143532731444, 39.324097527184712 ] ] ] } },
{ "type": "Feature", "properties": { "fid": null, "Layer": "Wall" }, "geometry": { "type": "MultiLineString", "coordinates": [ [ [ 26.695894533347644, 39.323942733326895 ], [ 26.695910010447083, 39.323934994776636 ] ] ] } },
{ "type": "Feature", "properties": { "fid": null, "Layer": "Wall" }, "geometry": { "type": "MultiLineString", "coordinates": [ [ [ 26.69589520201805, 39.32394354450615 ], [ 26.695910727162353, 39.323935800081387 ] ] ] } },
{ "type": "Feature", "properties": { "fid": null, "Layer": "Wall" }, "geometry": { "type": "MultiLineString", "coordinates": [ [ [ 26.695493428610543, 39.32303925617186 ], [ 26.69547153636854, 39.32295724396851 ] ] ] } },
{ "type": "Feature", "properties": { "fid": null, "Layer": "Wall" }, "geometry": { "type": "MultiLineString", "coordinates": [ [ [ 26.695467385649302, 39.322958360817147 ], [ 26.69548931344244, 39.323040184390173 ] ] ] } },
{ "type": "Feature", "properties": { "fid": null, "Layer": "Wall" }, "geometry": { "type": "MultiLineString", "coordinates": [ [ [ 26.695723113527716, 39.323012587344699 ], [ 26.695742971649441, 39.32312188660358 ] ] ] } },
{ "type": "Feature", "properties": { "fid": null, "Layer": "Wall" }, "geometry": { "type": "MultiLineString", "coordinates": [ [ [ 26.695719874622323, 39.323013043487123 ], [ 26.695740131700916, 39.323122324027189 ] ] ] } },
{ "type": "Feature", "properties": { "fid": null, "Layer": "Wall" }, "geometry": { "type": "MultiLineString", "coordinates": [ [ [ 26.696383202274475, 39.320530044831614 ], [ 26.696430054993662, 39.320554216659446 ], [ 26.696461097093593, 39.320517623019029 ], [ 26.696416307735266, 39.320492666865533 ] ] ] } },
{ "type": "Feature", "properties": { "fid": null, "Layer": "Wall" }, "geometry": { "type": "MultiLineString", "coordinates": [ [ [ 26.696430054993662, 39.320554216659431 ], [ 26.696461097093593, 39.320517623019029 ], [ 26.696479574534017, 39.320499897967586 ], [ 26.696503964755397, 39.320515907691664 ], [ 26.696490660998286, 39.320532489187755 ], [ 26.696561780631836, 39.320575496800643 ], [ 26.696580502236767, 39.320554434998101 ], [ 26.696611133909915, 39.320573657023139 ], [ 26.696556440686223, 39.32062740388286 ], [ 26.696430054993662, 39.320554216659431 ] ] ] } },
{ "type": "Feature", "properties": { "fid": null, "Layer": "Wall" }, "geometry": { "type": "MultiLineString", "coordinates": [ [ [ 26.696479574534017, 39.320499897967586 ], [ 26.696495095583991, 39.320483030575723 ], [ 26.696622589922985, 39.320561935628035 ], [ 26.696611133909915, 39.320573657023139 ] ] ] } },
{ "type": "Feature", "properties": { "fid": null, "Layer": "Wall" }, "geometry": { "type": "MultiLineString", "coordinates": [ [ [ 26.694568930979084, 39.314470991991008 ], [ 26.694610967905437, 39.314533996856987 ] ] ] } },
{ "type": "Feature", "properties": { "fid": null, "Layer": "Wall" }, "geometry": { "type": "MultiLineString", "coordinates": [ [ [ 26.694607171503694, 39.314535384188474 ], [ 26.69456595867365, 39.314472312531848 ] ] ] } },
{ "type": "Feature", "properties": { "fid": null, "Layer": "Wall" }, "geometry": { "type": "MultiLineString", "coordinates": [ [ [ 26.695923404904885, 39.314826306192877 ], [ 26.695983306073956, 39.314809498872471 ], [ 26.69603131248055, 39.314795997907268 ], [ 26.696091641006362, 39.314778253777597 ] ] ] } },
{ "type": "Feature", "properties": { "fid": null, "Layer": "Wall" }, "geometry": { "type": "MultiLineString", "coordinates": [ [ [ 26.696092638172065, 39.314780678441537 ], [ 26.696003463066631, 39.314806468043784 ], [ 26.695924615748975, 39.314828896173047 ] ] ] } },
{ "type": "Feature", "properties": { "fid": null, "Layer": "Wall" }, "geometry": { "type": "MultiLineString", "coordinates": [ [ [ 26.695451004489382, 39.314931999002617 ], [ 26.695649186490943, 39.314890421246552 ], [ 26.695685580737329, 39.314882785883015 ], [ 26.695763573485888, 39.314866423321618 ] ] ] } },
{ "type": "Feature", "properties": { "fid": null, "Layer": "Wall" }, "geometry": { "type": "MultiLineString", "coordinates": [ [ [ 26.695763146129149, 39.314869068406217 ], [ 26.695650866214546, 39.31489283427144 ], [ 26.695569775165328, 39.314909998502365 ], [ 26.695539611550565, 39.314916383117769 ], [ 26.695451981480652, 39.314934931431672 ] ] ] } },
{ "type": "Feature", "properties": { "fid": null, "Layer": "Wall" }, "geometry": { "type": "MultiLineString", "coordinates": [ [ [ 26.696041160061551, 39.315007167452734 ], [ 26.696018990361313, 39.315013666212415 ], [ 26.695999238208657, 39.314965592452182 ] ] ] } },
{ "type": "Feature", "properties": { "fid": null, "Layer": "Wall" }, "geometry": { "type": "MultiLineString", "coordinates": [ [ [ 26.69600554830647, 39.314963870769752 ], [ 26.696025027756978, 39.315008324081099 ], [ 26.69603967589499, 39.315003999131179 ] ] ] } },
{ "type": "Feature", "properties": { "fid": null, "Layer": "Wall" }, "geometry": { "type": "MultiLineString", "coordinates": [ [ [ 26.6950216387675, 39.32026342543665 ], [ 26.695038313446599, 39.320239290320622 ], [ 26.695086548574768, 39.320250442450629 ] ] ] } },
{ "type": "Feature", "properties": { "fid": null, "Layer": "Wall" }, "geometry": { "type": "MultiLineString", "coordinates": [ [ [ 26.695082420662263, 39.320253022370395 ], [ 26.695039927125222, 39.320243035425364 ], [ 26.695025132707855, 39.320264414916252 ] ] ] } },
{ "type": "Feature", "properties": { "fid": null, "Layer": "Wall" }, "geometry": { "type": "MultiLineString", "coordinates": [ [ [ 26.695362647983735, 39.320131890439235 ], [ 26.695235002940844, 39.320027067390093 ], [ 26.695249507207954, 39.320018692583552 ], [ 26.695262240038833, 39.320011827713188 ] ] ] } },
{ "type": "Feature", "properties": { "fid": null, "Layer": "Wall" }, "geometry": { "type": "MultiLineString", "coordinates": [ [ [ 26.695266468589843, 39.320016707300304 ], [ 26.695244631781396, 39.320027684109419 ], [ 26.695366160464047, 39.320127557416384 ] ] ] } },
{ "type": "Feature", "properties": { "fid": null, "Layer": "Wall" }, "geometry": { "type": "MultiLineString", "coordinates": [ [ [ 26.695203986421941, 39.319932747764994 ], [ 26.69524388677295, 39.319972517086676 ] ] ] } },
{ "type": "Feature", "properties": { "fid": null, "Layer": "Wall" }, "geometry": { "type": "MultiLineString", "coordinates": [ [ [ 26.695207339868986, 39.319930649011006 ], [ 26.695248512213457, 39.319969831854415 ] ] ] } },
{ "type": "Feature", "properties": { "fid": null, "Layer": "Wall" }, "geometry": { "type": "MultiLineString", "coordinates": [ [ [ 26.695370247407936, 39.319785168634169 ], [ 26.695323237624525, 39.319733237625591 ], [ 26.695387532468224, 39.31970135170895 ] ] ] } },
{ "type": "Feature", "properties": { "fid": null, "Layer": "Wall" }, "geometry": { "type": "MultiLineString", "coordinates": [ [ [ 26.695388963336221, 39.3197031082764 ], [ 26.695328954896148, 39.319734115463469 ], [ 26.695373228246371, 39.319783619255858 ] ] ] } },
{ "type": "Feature", "properties": { "fid": null, "Layer": "Wall" }, "geometry": { "type": "MultiLineString", "coordinates": [ [ [ 26.695728030959145, 39.31985476510701 ], [ 26.695761958659673, 39.31989862365662 ], [ 26.695726536172621, 39.31992569056623 ] ] ] } },
{ "type": "Feature", "properties": { "fid": null, "Layer": "Wall" }, "geometry": { "type": "MultiLineString", "coordinates": [ [ [ 26.695724167285874, 39.319923048169876 ], [ 26.695756221135682, 39.31989779140703 ], [ 26.695724299294366, 39.319857171395057 ] ] ] } },
{ "type": "Feature", "properties": { "fid": null, "Layer": "Wall" }, "geometry": { "type": "MultiLineString", "coordinates": [ [ [ 26.69538504962166, 39.320211260775146 ], [ 26.695425698237997, 39.32016352666065 ] ] ] } },
{ "type": "Feature", "properties": { "fid": null, "Layer": "Wall" }, "geometry": { "type": "MultiLineString", "coordinates": [ [ [ 26.695382497646495, 39.320210561432411 ], [ 26.695423426010819, 39.320162626422118 ] ] ] } },
{ "type": "Feature", "properties": { "fid": null, "Layer": "Wall" }, "geometry": { "type": "MultiLineString", "coordinates": [ [ [ 26.695352622182597, 39.320283121904431 ], [ 26.695352231557365, 39.320314883440957 ] ] ] } },
{ "type": "Feature", "properties": { "fid": null, "Layer": "Wall" }, "geometry": { "type": "MultiLineString", "coordinates": [ [ [ 26.69535697855067, 39.320316042902682 ], [ 26.695357257941417, 39.320284780501495 ] ] ] } },
{ "type": "Feature", "properties": { "fid": null, "Layer": "Wall" }, "geometry": { "type": "MultiLineString", "coordinates": [ [ [ 26.695279556648856, 39.314175642394574 ], [ 26.695403657286839, 39.314146819379097 ] ] ] } },
{ "type": "Feature", "properties": { "fid": null, "Layer": "Wall" }, "geometry": { "type": "MultiLineString", "coordinates": [ [ [ 26.695281618343174, 39.314180255794376 ], [ 26.695405902189325, 39.314151643947497 ] ] ] } },
{ "type": "Feature", "properties": { "fid": null, "Layer": "Wall" }, "geometry": { "type": "MultiLineString", "coordinates": [ [ [ 26.695077107464932, 39.314237315588315 ], [ 26.695168754683365, 39.314211155026619 ] ] ] } },
{ "type": "Feature", "properties": { "fid": null, "Layer": "Wall" }, "geometry": { "type": "MultiLineString", "coordinates": [ [ [ 26.69507520299717, 39.314233416268635 ], [ 26.695166830899648, 39.314206234822947 ] ] ] } },
{ "type": "Feature", "properties": { "fid": null, "Layer": "Wall" }, "geometry": { "type": "MultiLineString", "coordinates": [ [ [ 26.695612475514409, 39.31408043548408 ], [ 26.695627965277964, 39.314106914150614 ], [ 26.695678747853407, 39.31408935255925 ], [ 26.695665580650722, 39.31405588012634 ] ] ] } },
{ "type": "Feature", "properties": { "fid": null, "Layer": "Wall" }, "geometry": { "type": "MultiLineString", "coordinates": [ [ [ 26.695658021197119, 39.314059375553121 ], [ 26.695667927850021, 39.314083818465399 ], [ 26.69562989118505, 39.314095738820022 ], [ 26.695620886385782, 39.314076546370153 ] ] ] } },
{ "type": "Feature", "properties": { "fid": null, "Layer": "Wall" }, "geometry": { "type": "MultiLineString", "coordinates": [ [ [ 26.695697598856079, 39.31413727378974 ], [ 26.695671521785389, 39.314091851472817 ] ] ] } },
{ "type": "Feature", "properties": { "fid": null, "Layer": "Wall" }, "geometry": { "type": "MultiLineString", "coordinates": [ [ [ 26.695678747853407, 39.31408935255925 ], [ 26.695705547189068, 39.31413477299413 ] ] ] } },
{ "type": "Feature", "properties": { "fid": null, "Layer": null }, "geometry": { "type": "MultiLineString", "coordinates": [ [ [ 26.695453631086927, 39.314020960834839 ], [ 26.695480462075757, 39.314008524751848 ], [ 26.695463122046768, 39.313981958205162 ], [ 26.695439231527789, 39.313990394378209 ], [ 26.695429062742789, 39.313969161760966 ] ] ] } },
{ "type": "Feature", "properties": { "fid": null, "Layer": null }, "geometry": { "type": "MultiLineString", "coordinates": [ [ [ 26.695456067726614, 39.314024524584667 ], [ 26.695485074214453, 39.314010536490784 ], [ 26.69546459223255, 39.313978924974158 ], [ 26.695442294414839, 39.31398641326296 ], [ 26.695433105753693, 39.313967929510667 ] ] ] } },
{ "type": "Feature", "properties": { "fid": null, "Layer": null }, "geometry": { "type": "MultiLineString", "coordinates": [ [ [ 26.695483056598007, 39.314007422539056 ], [ 26.695519754153189, 39.313989592776345 ] ] ] } },
{ "type": "Feature", "properties": { "fid": null, "Layer": null }, "geometry": { "type": "MultiLineString", "coordinates": [ [ [ 26.695520723897417, 39.313992877072224 ], [ 26.695485074214453, 39.314010536490784 ] ] ] } },
{ "type": "Feature", "properties": { "fid": null, "Layer": null }, "geometry": { "type": "MultiLineString", "coordinates": [ [ [ 26.695530383046357, 39.313904705562031 ], [ 26.695565973793855, 39.313894136635525 ] ] ] } },
{ "type": "Feature", "properties": { "fid": null, "Layer": null }, "geometry": { "type": "MultiLineString", "coordinates": [ [ [ 26.695567185636783, 39.313896535396047 ], [ 26.695531295417947, 39.313907456962639 ] ] ] } },
{ "type": "Feature", "properties": { "fid": null, "Layer": null }, "geometry": { "type": "MultiLineString", "coordinates": [ [ [ 26.695584434999851, 39.313910776110319 ], [ 26.69558055313621, 39.313900629653354 ], [ 26.695576008538698, 39.313890986635798 ], [ 26.695571743994229, 39.313881042048223 ] ] ] } },
{ "type": "Feature", "properties": { "fid": null, "Layer": null }, "geometry": { "type": "MultiLineString", "coordinates": [ [ [ 26.695574252867797, 39.31388056158012 ], [ 26.695586230244349, 39.313910318443014 ] ] ] } },
{ "type": "Feature", "properties": { "fid": null, "Layer": null }, "geometry": { "type": "MultiLineString", "coordinates": [ [ [ 26.695554374155254, 39.313801155752799 ], [ 26.695550097623872, 39.313784328218965 ] ] ] } },
{ "type": "Feature", "properties": { "fid": null, "Layer": null }, "geometry": { "type": "MultiLineString", "coordinates": [ [ [ 26.69556, 39.3138 ], [ 26.695555406833495, 39.313783494571261 ] ] ] } },
{ "type": "Feature", "properties": { "fid": null, "Layer": null }, "geometry": { "type": "MultiLineString", "coordinates": [ [ [ 26.695121738999266, 39.313837721275355 ], [ 26.695128636418602, 39.313858532610759 ], [ 26.695182619509399, 39.3138482881158 ], [ 26.695175496110522, 39.313827030476936 ] ] ] } },
{ "type": "Feature", "properties": { "fid": null, "Layer": null }, "geometry": { "type": "MultiLineString", "coordinates": [ [ [ 26.695185043895204, 39.313825131687217 ], [ 26.695193430053727, 39.313853720217473 ], [ 26.695123840750909, 39.313867644299727 ], [ 26.695115264861638, 39.313839008801665 ] ] ] } }
]
}
