{
"type": "FeatureCollection",
"name": "kayip_yapi",
"crs": { "type": "name", "properties": { "name": "urn:ogc:def:crs:OGC:1.3:CRS84" } },
"features": [
{ "type": "Feature", "properties": { "fid": 5397, "AdaNO": "187", "ParselNO": "07", "YapiNO": "187006", "PreviousIn": " " }, "geometry": { "type": "MultiPolygon", "coordinates": [ [ [ [ 26.692172810000045, 39.318312957000046, 0.0 ], [ 26.692102524000063, 39.318333666000058, 0.0 ], [ 26.692024677000063, 39.318376250000028, 0.0 ], [ 26.692073110000024, 39.318471672000044, 0.0 ], [ 26.692075017000036, 39.318475836000061, 0.0 ], [ 26.692077798000071, 39.31847969100005, 0.0 ], [ 26.692081382000026, 39.318483130000061, 0.0 ], [ 26.692085666000025, 39.31848605700003, 0.0 ], [ 26.692090519000033, 39.318488376000062, 0.0 ], [ 26.692095813000037, 39.318490031000067, 0.0 ], [ 26.692101392000041, 39.318490976000078, 0.0 ], [ 26.692107096000029, 39.318491177000055, 0.0 ], [ 26.692112765000047, 39.318490632000078, 0.0 ], [ 26.692118236000056, 39.318489358000079, 0.0 ], [ 26.692123355000035, 39.318487386000072, 0.0 ], [ 26.692127976000052, 39.318484780000063, 0.0 ], [ 26.692131962000076, 39.31848160900006, 0.0 ], [ 26.692249078000032, 39.318429119000029, 0.0 ], [ 26.692172810000045, 39.318312957000046, 0.0 ] ] ] ] } },
{ "type": "Feature", "properties": { "fid": 5398, "AdaNO": "187", "ParselNO": "09", "YapiNO": " ", "PreviousIn": " " }, "geometry": { "type": "MultiPolygon", "coordinates": [ [ [ [ 26.692425826000033, 39.318251334000024, 0.0 ], [ 26.692444063000039, 39.318171025000026, 0.0 ], [ 26.692358128000023, 39.318154424000056, 0.0 ], [ 26.692360181000026, 39.318143690000056, 0.0 ], [ 26.692277646000036, 39.318127594000032, 0.0 ], [ 26.692252433000078, 39.318202749000079, 0.0 ], [ 26.692407114000048, 39.318242346000034, 0.0 ], [ 26.692425826000033, 39.318251334000024, 0.0 ] ] ] ] } },
{ "type": "Feature", "properties": { "fid": 5399, "AdaNO": "187", "ParselNO": "08", "YapiNO": " ", "PreviousIn": " " }, "geometry": { "type": "MultiPolygon", "coordinates": [ [ [ [ 26.692263069000035, 39.318205473000035, 0.0 ], [ 26.692287018000059, 39.318295626000065, 0.0 ], [ 26.692297088000032, 39.318309585000065, 0.0 ], [ 26.692432260000032, 39.318274472000041, 0.0 ], [ 26.692425826000033, 39.318251334000024, 0.0 ], [ 26.692263069000035, 39.318205473000035, 0.0 ] ] ] ] } },
{ "type": "Feature", "properties": { "fid": 3444, "AdaNO": "188", "ParselNO": "07", "YapiNO": "188007", "PreviousIn": " " }, "geometry": { "type": "MultiPolygon", "coordinates": [ [ [ [ 26.691633054000079, 39.318595952000067, 0.0 ], [ 26.691590008000048, 39.318525961000034, 0.0 ], [ 26.691438535000032, 39.318579580000062, 0.0 ], [ 26.691484254000045, 39.318650555000033, 0.0 ], [ 26.691633054000079, 39.318595952000067, 0.0 ] ] ] ] } },
{ "type": "Feature", "properties": { "fid": 5400, "AdaNO": "188", "ParselNO": "08", "YapiNO": "188008", "PreviousIn": " " }, "geometry": { "type": "MultiPolygon", "coordinates": [ [ [ [ 26.691673599000069, 39.318493957000044, 0.0 ], [ 26.691704752000078, 39.31855470000005, 0.0 ], [ 26.691735483000059, 39.318545032000031, 0.0 ], [ 26.691731861000051, 39.318536445000063, 0.0 ], [ 26.69174726600005, 39.31853316400003, 0.0 ], [ 26.691750284000022, 39.318540320000068, 0.0 ], [ 26.691784806000044, 39.318530441000064, 0.0 ], [ 26.691781189000039, 39.318521856000075, 0.0 ], [ 26.691791644000034, 39.318517212000074, 0.0 ], [ 26.691763103000028, 39.31846469900006, 0.0 ], [ 26.691673599000069, 39.318493957000044, 0.0 ] ] ] ] } },
{ "type": "Feature", "properties": { "fid": 5401, "AdaNO": "189", "ParselNO": "04", "YapiNO": " ", "PreviousIn": " " }, "geometry": { "type": "MultiPolygon", "coordinates": [ [ [ [ 26.69136969300007, 39.318688762000079, 0.0 ], [ 26.691443500000048, 39.318662586000073, 0.0 ], [ 26.691408025000044, 39.318594305000033, 0.0 ], [ 26.691336969000076, 39.318619499000079, 0.0 ], [ 26.69136969300007, 39.318688762000079, 0.0 ] ] ] ] } },
{ "type": "Feature", "properties": { "fid": 5402, "AdaNO": "189", "ParselNO": "03", "YapiNO": " ", "PreviousIn": " " }, "geometry": { "type": "MultiPolygon", "coordinates": [ [ [ [ 26.69136969300007, 39.318688762000079, 0.0 ], [ 26.691336969000076, 39.318619499000079, 0.0 ], [ 26.691207218000045, 39.318665519000035, 0.0 ], [ 26.691246671000044, 39.318732392000072, 0.0 ], [ 26.69136969300007, 39.318688762000079, 0.0 ] ] ] ] } },
{ "type": "Feature", "properties": { "fid": 10585, "AdaNO": null, "ParselNO": null, "YapiNO": null, "PreviousIn": null }, "geometry": { "type": "MultiPolygon", "coordinates": [ [ [ [ 26.691462597439177, 39.313721370992027, 0.0 ], [ 26.691516700145367, 39.313761598616743, 0.0 ], [ 26.691544375822637, 39.313731580824395, 0.0 ], [ 26.691488158490664, 39.313700305150178, 0.0 ], [ 26.691462597439177, 39.313721370992027, 0.0 ] ] ] ] } },
{ "type": "Feature", "properties": { "fid": 10584, "AdaNO": null, "ParselNO": null, "YapiNO": null, "PreviousIn": null }, "geometry": { "type": "MultiPolygon", "coordinates": [ [ [ [ 26.691758651832227, 39.313374309130538, 0.0 ], [ 26.691778559552038, 39.313385122137369, 0.0 ], [ 26.691764808741045, 39.31340898194432, 0.0 ], [ 26.69173845009, 39.313398005634554, 0.0 ], [ 26.691758651832227, 39.313374309130538, 0.0 ] ] ] ] } },
{ "type": "Feature", "properties": { "fid": 10606, "AdaNO": null, "ParselNO": null, "YapiNO": null, "PreviousIn": null }, "geometry": { "type": "MultiPolygon", "coordinates": [ [ [ [ 26.693082522955699, 39.315976822547519, 0.0 ], [ 26.693115016488761, 39.315964059431494, 0.0 ], [ 26.693092802112371, 39.315929936044711, 0.0 ], [ 26.693059720939665, 39.315943663741216, 0.0 ], [ 26.693082522955699, 39.315976822547519, 0.0 ] ] ] ] } },
{ "type": "Feature", "properties": { "fid": 10604, "AdaNO": null, "ParselNO": null, "YapiNO": null, "PreviousIn": null }, "geometry": { "type": "MultiPolygon", "coordinates": [ [ [ [ 26.691846177591415, 39.313201247821532, 0.0 ], [ 26.691894567773474, 39.313227482735194, 0.0 ], [ 26.691840083384069, 39.313278608010052, 0.0 ], [ 26.691836916214331, 39.313282645306657, 0.0 ], [ 26.691790031996941, 39.31325996272821, 0.0 ], [ 26.691846177591415, 39.313201247821532, 0.0 ] ] ] ] } },
{ "type": "Feature", "properties": { "fid": 10611, "AdaNO": null, "ParselNO": null, "YapiNO": null, "PreviousIn": null }, "geometry": { "type": "MultiPolygon", "coordinates": [ [ [ [ 26.694072180018971, 39.315477900821719, 0.0 ], [ 26.694015309856827, 39.315415314741692, 0.0 ], [ 26.693980498975751, 39.31543440252586, 0.0 ], [ 26.694033865005178, 39.315493129363922, 0.0 ], [ 26.694072180018971, 39.315477900821719, 0.0 ] ] ] ] } },
{ "type": "Feature", "properties": { "fid": 10610, "AdaNO": null, "ParselNO": null, "YapiNO": null, "PreviousIn": null }, "geometry": { "type": "MultiPolygon", "coordinates": [ [ [ [ 26.694033860526194, 39.315493131168303, 0.0 ], [ 26.694072180018971, 39.315477900821719, 0.0 ], [ 26.694120495407311, 39.315548566242121, 0.0 ], [ 26.69409554270646, 39.315556383420535, 0.0 ], [ 26.694033860526194, 39.315493131168303, 0.0 ] ] ] ] } },
{ "type": "Feature", "properties": { "fid": 10628, "AdaNO": null, "ParselNO": null, "YapiNO": null, "PreviousIn": null }, "geometry": { "type": "MultiPolygon", "coordinates": [ [ [ [ 26.693022812360365, 39.315510220307047, 0.0 ], [ 26.69297993132114, 39.31553496741509, 0.0 ], [ 26.692941593855227, 39.315484358518482, 0.0 ], [ 26.692989336473875, 39.315462535974248, 0.0 ], [ 26.693022812360365, 39.315510220307047, 0.0 ] ] ] ] } },
{ "type": "Feature", "properties": { "fid": 10618, "AdaNO": null, "ParselNO": null, "YapiNO": null, "PreviousIn": null }, "geometry": { "type": "MultiPolygon", "coordinates": [ [ [ [ 26.693182895081211, 39.315638071975613, 0.0 ], [ 26.693225403346066, 39.315619985280215, 0.0 ], [ 26.693193048196495, 39.315570189114695, 0.0 ], [ 26.693148732848108, 39.315588687929427, 0.0 ], [ 26.693182895081211, 39.315638071975613, 0.0 ] ] ] ] } },
{ "type": "Feature", "properties": { "fid": 10630, "AdaNO": null, "ParselNO": null, "YapiNO": null, "PreviousIn": null }, "geometry": { "type": "MultiPolygon", "coordinates": [ [ [ [ 26.693011817575684, 39.315494560013413, 0.0 ], [ 26.693041662304914, 39.315481916350485, 0.0 ], [ 26.692997399748823, 39.315426334269169, 0.0 ], [ 26.692972365856154, 39.315438364122897, 0.0 ], [ 26.693011817575684, 39.315494560013413, 0.0 ] ] ] ] } },
{ "type": "Feature", "properties": { "fid": 10629, "AdaNO": null, "ParselNO": null, "YapiNO": null, "PreviousIn": null }, "geometry": { "type": "MultiPolygon", "coordinates": [ [ [ [ 26.692941593855227, 39.315484358518482, 0.0 ], [ 26.692923621690348, 39.315461789821114, 0.0 ], [ 26.692972365856154, 39.315438364122897, 0.0 ], [ 26.692989336473875, 39.315462535974248, 0.0 ], [ 26.692941593855227, 39.315484358518482, 0.0 ] ] ] ] } },
{ "type": "Feature", "properties": { "fid": 10633, "AdaNO": null, "ParselNO": null, "YapiNO": null, "PreviousIn": null }, "geometry": { "type": "MultiPolygon", "coordinates": [ [ [ [ 26.693098934579162, 39.315252160016321, 0.0 ], [ 26.693038515960421, 39.315281628223239, 0.0 ], [ 26.693068952988945, 39.315319284279255, 0.0 ], [ 26.693128847739366, 39.315290071289681, 0.0 ], [ 26.693098934579162, 39.315252160016321, 0.0 ] ] ] ] } },
{ "type": "Feature", "properties": { "fid": 10632, "AdaNO": null, "ParselNO": null, "YapiNO": null, "PreviousIn": null }, "geometry": { "type": "MultiPolygon", "coordinates": [ [ [ [ 26.693325035445216, 39.31523174074141, 0.0 ], [ 26.693403433004541, 39.315182473813714, 0.0 ], [ 26.693347937730405, 39.315120670450241, 0.0 ], [ 26.693259353087381, 39.315168671247399, 0.0 ], [ 26.693325035445216, 39.31523174074141, 0.0 ] ] ] ] } },
{ "type": "Feature", "properties": { "fid": 10650, "AdaNO": null, "ParselNO": null, "YapiNO": null, "PreviousIn": null }, "geometry": { "type": "MultiPolygon", "coordinates": [ [ [ [ 26.692103205724109, 39.314724508083991, 0.0 ], [ 26.692128828694333, 39.314778686895394, 0.0 ], [ 26.692232507543981, 39.314758952621339, 0.0 ], [ 26.692181007615662, 39.314677277841668, 0.0 ], [ 26.692103205724109, 39.314724508083991, 0.0 ] ] ] ] } },
{ "type": "Feature", "properties": { "fid": 10649, "AdaNO": null, "ParselNO": null, "YapiNO": null, "PreviousIn": null }, "geometry": { "type": "MultiPolygon", "coordinates": [ [ [ [ 26.692568947002428, 39.314630730452677, 0.0 ], [ 26.692591085251511, 39.314655446643719, 0.0 ], [ 26.692605975632201, 39.314647398393269, 0.0 ], [ 26.692661503922913, 39.314717466763597, 0.0 ], [ 26.692677405202858, 39.314737531399757, 0.0 ], [ 26.692696959229682, 39.314730554523145, 0.0 ], [ 26.692712654144405, 39.314689197957513, 0.0 ], [ 26.692706105741792, 39.314672133872691, 0.0 ], [ 26.692682401245069, 39.314631194246381, 0.0 ], [ 26.692617952311387, 39.314594731486871, 0.0 ], [ 26.692568947002428, 39.314630730452677, 0.0 ] ] ] ] } },
{ "type": "Feature", "properties": { "fid": 10652, "AdaNO": null, "ParselNO": null, "YapiNO": null, "PreviousIn": null }, "geometry": { "type": "MultiPolygon", "coordinates": [ [ [ [ 26.692217935729573, 39.314654862157028, 0.0 ], [ 26.692258811311074, 39.314630048497023, 0.0 ], [ 26.692336344021676, 39.314757832925423, 0.0 ], [ 26.692283138344035, 39.314777312926381, 0.0 ], [ 26.692267910170926, 39.314752214131964, 0.0 ], [ 26.692217935729573, 39.314654862157028, 0.0 ] ] ] ] } },
{ "type": "Feature", "properties": { "fid": 10651, "AdaNO": null, "ParselNO": null, "YapiNO": null, "PreviousIn": null }, "geometry": { "type": "MultiPolygon", "coordinates": [ [ [ [ 26.692181007615662, 39.314677277841668, 0.0 ], [ 26.692217935729573, 39.314654862157028, 0.0 ], [ 26.692267910170926, 39.314752214131964, 0.0 ], [ 26.692232507543981, 39.314758952621339, 0.0 ], [ 26.692181007615662, 39.314677277841668, 0.0 ] ] ] ] } },
{ "type": "Feature", "properties": { "fid": 10663, "AdaNO": null, "ParselNO": null, "YapiNO": null, "PreviousIn": null }, "geometry": { "type": "MultiPolygon", "coordinates": [ [ [ [ 26.695017293272862, 39.314777694440984, 0.0 ], [ 26.694983027444898, 39.314715462069536, 0.0 ], [ 26.695049121846992, 39.314696439114719, 0.0 ], [ 26.695079312327497, 39.314759730185884, 0.0 ], [ 26.695017293272862, 39.314777694440984, 0.0 ] ] ] ] } },
{ "type": "Feature", "properties": { "fid": 10661, "AdaNO": null, "ParselNO": null, "YapiNO": null, "PreviousIn": null }, "geometry": { "type": "MultiPolygon", "coordinates": [ [ [ [ 26.693524149259282, 39.314855841030351, 0.0 ], [ 26.693499872592611, 39.314870318550113, 0.0 ], [ 26.693434301820925, 39.314801771657812, 0.0 ], [ 26.693463215429954, 39.31478769403806, 0.0 ], [ 26.693524149259282, 39.314855841030351, 0.0 ] ] ] ] } },
{ "type": "Feature", "properties": { "fid": 10665, "AdaNO": null, "ParselNO": null, "YapiNO": null, "PreviousIn": null }, "geometry": { "type": "MultiPolygon", "coordinates": [ [ [ [ 26.69528587957684, 39.314970736178942, 0.0 ], [ 26.695299017952799, 39.315022074781133, 0.0 ], [ 26.69515954405005, 39.315043611814609, 0.0 ], [ 26.695149775445881, 39.314998844668295, 0.0 ], [ 26.69528587957684, 39.314970736178942, 0.0 ] ] ] ] } },
{ "type": "Feature", "properties": { "fid": null, "AdaNO": null, "ParselNO": null, "YapiNO": null, "PreviousIn": null }, "geometry": { "type": "MultiPolygon", "coordinates": [ [ [ [ 26.696369814056894, 39.326206387708545, 0.0 ], [ 26.696390149244408, 39.326245189527647, 0.0 ], [ 26.6965299718808, 39.326194972459511, 0.0 ], [ 26.696498221139606, 39.326156297490535, 0.0 ], [ 26.696369814056894, 39.326206387708545, 0.0 ] ] ] ] } },
{ "type": "Feature", "properties": { "fid": 9235, "AdaNO": null, "ParselNO": null, "YapiNO": null, "PreviousIn": null }, "geometry": { "type": "MultiPolygon", "coordinates": [ [ [ [ 26.69284359076963, 39.320437291095416, 0.0 ], [ 26.692711888704487, 39.320465000107731, 0.0 ], [ 26.692678093035823, 39.320380453260242, 0.0 ], [ 26.692810950012024, 39.320349210181014, 0.0 ], [ 26.69284359076963, 39.320437291095416, 0.0 ] ] ] ] } },
{ "type": "Feature", "properties": { "fid": 9507, "AdaNO": null, "ParselNO": null, "YapiNO": null, "PreviousIn": null }, "geometry": { "type": "MultiPolygon", "coordinates": [ [ [ [ 26.69748917954244, 39.32717543188032, 0.0 ], [ 26.697549165315756, 39.327148766973231, 0.0 ], [ 26.697427905816888, 39.32695241713602, 0.0 ], [ 26.697352831165343, 39.32698806032198, 0.0 ], [ 26.697463023563909, 39.327146945671203, 0.0 ], [ 26.69748917954244, 39.32717543188032, 0.0 ] ] ] ] } },
{ "type": "Feature", "properties": { "fid": 9501, "AdaNO": null, "ParselNO": null, "YapiNO": null, "PreviousIn": null }, "geometry": { "type": "MultiPolygon", "coordinates": [ [ [ [ 26.695808612622248, 39.3253430955277, 0.0 ], [ 26.695932757471915, 39.325509112859429, 0.0 ], [ 26.695818528235211, 39.325561769576019, 0.0 ], [ 26.695685314874691, 39.325400044061382, 0.0 ], [ 26.695808612622248, 39.3253430955277, 0.0 ] ] ] ] } },
{ "type": "Feature", "properties": { "fid": 9516, "AdaNO": null, "ParselNO": null, "YapiNO": null, "PreviousIn": null }, "geometry": { "type": "MultiPolygon", "coordinates": [ [ [ [ 26.697057938472273, 39.326319797574989, 0.0 ], [ 26.697068117636395, 39.326340201044019, 0.0 ], [ 26.697029422379387, 39.326351846631312, 0.0 ], [ 26.697018991189562, 39.326330051811468, 0.0 ], [ 26.697057938472273, 39.326319797574989, 0.0 ] ] ] ] } },
{ "type": "Feature", "properties": { "fid": 9515, "AdaNO": null, "ParselNO": null, "YapiNO": null, "PreviousIn": null }, "geometry": { "type": "MultiPolygon", "coordinates": [ [ [ [ 26.697031519739003, 39.326272190453885, 0.0 ], [ 26.69704727912362, 39.326304761061024, 0.0 ], [ 26.697005784606727, 39.326314983452995, 0.0 ], [ 26.696990426771837, 39.326283957977829, 0.0 ], [ 26.697031519739003, 39.326272190453885, 0.0 ] ] ] ] } },
{ "type": "Feature", "properties": { "fid": 9572, "AdaNO": null, "ParselNO": null, "YapiNO": null, "PreviousIn": null }, "geometry": { "type": "MultiPolygon", "coordinates": [ [ [ [ 26.696955143285127, 39.326045329546297, 0.0 ], [ 26.696920863414189, 39.326055877394786, 0.0 ], [ 26.696892258971687, 39.325999785092407, 0.0 ], [ 26.696926537058012, 39.325989240846567, 0.0 ], [ 26.696955143285127, 39.326045329546297, 0.0 ] ] ] ] } },
{ "type": "Feature", "properties": { "fid": 9517, "AdaNO": null, "ParselNO": null, "YapiNO": null, "PreviousIn": null }, "geometry": { "type": "MultiPolygon", "coordinates": [ [ [ [ 26.697145421188914, 39.326244192445429, 0.0 ], [ 26.697271417770967, 39.3262017562704, 0.0 ], [ 26.6972915106806, 39.326236932252854, 0.0 ], [ 26.697167234550665, 39.326278695429302, 0.0 ], [ 26.697145421188914, 39.326244192445429, 0.0 ] ] ] ] } },
{ "type": "Feature", "properties": { "fid": 9612, "AdaNO": null, "ParselNO": null, "YapiNO": null, "PreviousIn": null }, "geometry": { "type": "MultiPolygon", "coordinates": [ [ [ [ 26.696703955282807, 39.317407892661009, 0.0 ], [ 26.696493074267558, 39.317444850252272, 0.0 ], [ 26.696536909189295, 39.317555112689973, 0.0 ], [ 26.696591558934784, 39.31753297489562, 0.0 ], [ 26.696681977962768, 39.317516304804897, 0.0 ], [ 26.69669088180552, 39.317545443706514, 0.0 ], [ 26.696743980483784, 39.317535655322061, 0.0 ], [ 26.696726890939225, 39.317478701849559, 0.0 ], [ 26.696703955282807, 39.317407892661009, 0.0 ] ] ] ] } },
{ "type": "Feature", "properties": { "fid": 9573, "AdaNO": null, "ParselNO": null, "YapiNO": null, "PreviousIn": null }, "geometry": { "type": "MultiPolygon", "coordinates": [ [ [ [ 26.696784749196802, 39.325958404530354, 0.0 ], [ 26.696836127551755, 39.325940772207993, 0.0 ], [ 26.696858719314896, 39.325983281886231, 0.0 ], [ 26.69680522948418, 39.325999400365703, 0.0 ], [ 26.696784749196802, 39.325958404530354, 0.0 ] ] ] ] } },
{ "type": "Feature", "properties": { "fid": 9940, "AdaNO": null, "ParselNO": null, "YapiNO": null, "PreviousIn": null }, "geometry": { "type": "MultiPolygon", "coordinates": [ [ [ [ 26.695984143071819, 39.318582623187403, 0.0 ], [ 26.696011490484082, 39.31863900820597, 0.0 ], [ 26.696013732900397, 39.318654827720309, 0.0 ], [ 26.695909312126037, 39.318671284784358, 0.0 ], [ 26.695893111616915, 39.318609263669664, 0.0 ], [ 26.695984143071819, 39.318582623187403, 0.0 ] ] ] ] } },
{ "type": "Feature", "properties": { "fid": 9621, "AdaNO": null, "ParselNO": null, "YapiNO": null, "PreviousIn": null }, "geometry": { "type": "MultiPolygon", "coordinates": [ [ [ [ 26.696993040697414, 39.317614032110058, 0.0 ], [ 26.696902287232266, 39.317608580942469, 0.0 ], [ 26.696897187714701, 39.317511879280332, 0.0 ], [ 26.69698262932625, 39.317511603327361, 0.0 ], [ 26.696988636904582, 39.317543078030084, 0.0 ], [ 26.696993040697414, 39.317614032110058, 0.0 ] ] ] ] } },
{ "type": "Feature", "properties": { "fid": 10313, "AdaNO": null, "ParselNO": null, "YapiNO": null, "PreviousIn": null }, "geometry": { "type": "MultiPolygon", "coordinates": [ [ [ [ 26.694370069859694, 39.316911777559184, 0.0 ], [ 26.694449550620604, 39.316896896386503, 0.0 ], [ 26.694443366859137, 39.316862283926284, 0.0 ], [ 26.694361565617918, 39.316873153546908, 0.0 ], [ 26.694370069859694, 39.316911777559184, 0.0 ] ] ] ] } },
{ "type": "Feature", "properties": { "fid": 10011, "AdaNO": null, "ParselNO": null, "YapiNO": null, "PreviousIn": null }, "geometry": { "type": "MultiPolygon", "coordinates": [ [ [ [ 26.696271931367772, 39.318814499370831, 0.0 ], [ 26.696229416728624, 39.31877705180105, 0.0 ], [ 26.6961503310431, 39.318792918441829, 0.0 ], [ 26.696158405593014, 39.318837147864393, 0.0 ], [ 26.696179289290654, 39.318833429063773, 0.0 ], [ 26.696271931367772, 39.318814499370831, 0.0 ] ] ] ] } },
{ "type": "Feature", "properties": { "fid": 10315, "AdaNO": null, "ParselNO": null, "YapiNO": null, "PreviousIn": null }, "geometry": { "type": "MultiPolygon", "coordinates": [ [ [ [ 26.694436122250583, 39.316821735175346, 0.0 ], [ 26.694429026954882, 39.316782017107506, 0.0 ], [ 26.694343985963748, 39.316793316367885, 0.0 ], [ 26.694352684547351, 39.31683282233147, 0.0 ], [ 26.694436122250583, 39.316821735175346, 0.0 ] ] ] ] } },
{ "type": "Feature", "properties": { "fid": 10314, "AdaNO": null, "ParselNO": null, "YapiNO": null, "PreviousIn": null }, "geometry": { "type": "MultiPolygon", "coordinates": [ [ [ [ 26.694443366859137, 39.316862283926284, 0.0 ], [ 26.694436122250583, 39.316821735175346, 0.0 ], [ 26.694352684547351, 39.31683282233147, 0.0 ], [ 26.694361565617918, 39.316873153546908, 0.0 ], [ 26.694443366859137, 39.316862283926284, 0.0 ] ] ] ] } },
{ "type": "Feature", "properties": { "fid": 10317, "AdaNO": null, "ParselNO": null, "YapiNO": null, "PreviousIn": null }, "geometry": { "type": "MultiPolygon", "coordinates": [ [ [ [ 26.694421774116915, 39.316741423356191, 0.0 ], [ 26.694415006833371, 39.31670355025458, 0.0 ], [ 26.694328216685477, 39.316721704721289, 0.0 ], [ 26.694335094866847, 39.316752939253433, 0.0 ], [ 26.694421774116915, 39.316741423356191, 0.0 ] ] ] ] } },
{ "type": "Feature", "properties": { "fid": 10316, "AdaNO": null, "ParselNO": null, "YapiNO": null, "PreviousIn": null }, "geometry": { "type": "MultiPolygon", "coordinates": [ [ [ [ 26.694429026954882, 39.316782017107506, 0.0 ], [ 26.694421774116915, 39.316741423356191, 0.0 ], [ 26.694335094866847, 39.316752939253433, 0.0 ], [ 26.694343985963748, 39.316793316367885, 0.0 ], [ 26.694429026954882, 39.316782017107506, 0.0 ] ] ] ] } },
{ "type": "Feature", "properties": { "fid": 10429, "AdaNO": null, "ParselNO": null, "YapiNO": null, "PreviousIn": null }, "geometry": { "type": "MultiPolygon", "coordinates": [ [ [ [ 26.692527539297902, 39.313738124087322, 0.0 ], [ 26.692590831940269, 39.313705710741679, 0.0 ], [ 26.692652618904908, 39.313778512455542, 0.0 ], [ 26.692596113827911, 39.31380872144959, 0.0 ], [ 26.692527539297902, 39.313738124087322, 0.0 ] ] ] ] } },
{ "type": "Feature", "properties": { "fid": 10417, "AdaNO": null, "ParselNO": null, "YapiNO": null, "PreviousIn": null }, "geometry": { "type": "MultiPolygon", "coordinates": [ [ [ [ 26.695332746657783, 39.318755098128534, 0.0 ], [ 26.695314807853542, 39.318771946192271, 0.0 ], [ 26.695248368063531, 39.318729270134234, 0.0 ], [ 26.695289711194203, 39.318706964619935, 0.0 ], [ 26.695332746657783, 39.318755098128534, 0.0 ] ] ] ] } },
{ "type": "Feature", "properties": { "fid": 10453, "AdaNO": null, "ParselNO": null, "YapiNO": null, "PreviousIn": null }, "geometry": { "type": "MultiPolygon", "coordinates": [ [ [ [ 26.692260070073154, 39.313857988158958, 0.0 ], [ 26.692221271130784, 39.313829100752123, 0.0 ], [ 26.692185816918172, 39.31380270543896, 0.0 ], [ 26.692139355838176, 39.313840362795759, 0.0 ], [ 26.692162207523769, 39.313857375906423, 0.0 ], [ 26.692173589955665, 39.313848073397196, 0.0 ], [ 26.692221875659079, 39.31388439168272, 0.0 ], [ 26.692260070073154, 39.313857988158958, 0.0 ] ] ] ] } },
{ "type": "Feature", "properties": { "fid": 10452, "AdaNO": null, "ParselNO": null, "YapiNO": null, "PreviousIn": null }, "geometry": { "type": "MultiPolygon", "coordinates": [ [ [ [ 26.692371954803431, 39.313618169589049, 0.0 ], [ 26.692425791723892, 39.313673103793732, 0.0 ], [ 26.692375650467653, 39.313704893871609, 0.0 ], [ 26.692324258064836, 39.313655981101327, 0.0 ], [ 26.692371954803431, 39.313618169589049, 0.0 ] ] ] ] } },
{ "type": "Feature", "properties": { "fid": 10472, "AdaNO": null, "ParselNO": null, "YapiNO": null, "PreviousIn": null }, "geometry": { "type": "MultiPolygon", "coordinates": [ [ [ [ 26.692206161772479, 39.313124398072247, 0.0 ], [ 26.692185050152258, 39.313151433997199, 0.0 ], [ 26.692268895437437, 39.313190943897865, 0.0 ], [ 26.692300874607238, 39.313158993178639, 0.0 ], [ 26.692206161772479, 39.313124398072247, 0.0 ] ] ] ] } },
{ "type": "Feature", "properties": { "fid": 10471, "AdaNO": null, "ParselNO": null, "YapiNO": null, "PreviousIn": null }, "geometry": { "type": "MultiPolygon", "coordinates": [ [ [ [ 26.692235962265375, 39.313090145018521, 0.0 ], [ 26.692317775919083, 39.313130717137007, 0.0 ], [ 26.692311984995907, 39.313140666204895, 0.0 ], [ 26.692320015201524, 39.313143585159338, 0.0 ], [ 26.692300918662816, 39.313159019241951, 0.0 ], [ 26.692206161772479, 39.313124398072247, 0.0 ], [ 26.692235962265375, 39.313090145018521, 0.0 ] ] ] ] } },
{ "type": "Feature", "properties": { "fid": 10474, "AdaNO": null, "ParselNO": null, "YapiNO": null, "PreviousIn": null }, "geometry": { "type": "MultiPolygon", "coordinates": [ [ [ [ 26.692162302360579, 39.313177550590154, 0.0 ], [ 26.692134774100563, 39.313212240823063, 0.0 ], [ 26.692253958267969, 39.31326005709883, 0.0 ], [ 26.692278500647873, 39.313219961616312, 0.0 ], [ 26.692262465284916, 39.313213133539513, 0.0 ], [ 26.692256860126772, 39.313215823777583, 0.0 ], [ 26.692162302360579, 39.313177550590154, 0.0 ] ] ] ] } },
{ "type": "Feature", "properties": { "fid": 10473, "AdaNO": null, "ParselNO": null, "YapiNO": null, "PreviousIn": null }, "geometry": { "type": "MultiPolygon", "coordinates": [ [ [ [ 26.692185127835661, 39.313151334911417, 0.0 ], [ 26.692292508577598, 39.313202071245968, 0.0 ], [ 26.692278500647873, 39.313219961616312, 0.0 ], [ 26.692262465284916, 39.313213133539513, 0.0 ], [ 26.692256860126772, 39.313215823777583, 0.0 ], [ 26.692162302360579, 39.313177550590154, 0.0 ], [ 26.692185127835661, 39.313151334911417, 0.0 ] ] ] ] } },
{ "type": "Feature", "properties": { "fid": 10486, "AdaNO": null, "ParselNO": null, "YapiNO": null, "PreviousIn": null }, "geometry": { "type": "MultiPolygon", "coordinates": [ [ [ [ 26.691839741856413, 39.312671067407408, 0.0 ], [ 26.691885929826753, 39.312618577966283, 0.0 ], [ 26.691837003142631, 39.312592599191284, 0.0 ], [ 26.691791711381985, 39.312645565778126, 0.0 ], [ 26.691839741856413, 39.312671067407408, 0.0 ] ] ] ] } },
{ "type": "Feature", "properties": { "fid": 10475, "AdaNO": null, "ParselNO": null, "YapiNO": null, "PreviousIn": null }, "geometry": { "type": "MultiPolygon", "coordinates": [ [ [ [ 26.691691176781234, 39.313674290403554, 0.0 ], [ 26.691659959601825, 39.313708040691722, 0.0 ], [ 26.691664665661563, 39.313713309342617, 0.0 ], [ 26.691747187025264, 39.313766266642006, 0.0 ], [ 26.691782760763459, 39.313723082574462, 0.0 ], [ 26.691691176781234, 39.313674290403554, 0.0 ] ] ] ] } },
{ "type": "Feature", "properties": { "fid": 10489, "AdaNO": null, "ParselNO": null, "YapiNO": null, "PreviousIn": null }, "geometry": { "type": "MultiPolygon", "coordinates": [ [ [ [ 26.691787185040685, 39.312595304811978, 0.0 ], [ 26.691805766770674, 39.312573380363396, 0.0 ], [ 26.691780447721371, 39.31256043181746, 0.0 ], [ 26.691761434558554, 39.31258213612967, 0.0 ], [ 26.691787185040685, 39.312595304811978, 0.0 ] ] ] ] } },
{ "type": "Feature", "properties": { "fid": 10488, "AdaNO": null, "ParselNO": null, "YapiNO": null, "PreviousIn": null }, "geometry": { "type": "MultiPolygon", "coordinates": [ [ [ [ 26.691747815317072, 39.312641758014017, 0.0 ], [ 26.69172206664031, 39.312628591129815, 0.0 ], [ 26.691761434558554, 39.31258213612967, 0.0 ], [ 26.691787185040685, 39.312595304811978, 0.0 ], [ 26.691747815317072, 39.312641758014017, 0.0 ] ] ] ] } },
{ "type": "Feature", "properties": { "fid": 10513, "AdaNO": null, "ParselNO": null, "YapiNO": null, "PreviousIn": null }, "geometry": { "type": "MultiPolygon", "coordinates": [ [ [ [ 26.693153890041469, 39.320783249407548, 0.0 ], [ 26.693163494966615, 39.32081098343069, 0.0 ], [ 26.693274704188866, 39.320801091446853, 0.0 ], [ 26.693274945886607, 39.320770872122928, 0.0 ], [ 26.693153890041469, 39.320783249407548, 0.0 ] ] ] ] } },
{ "type": "Feature", "properties": { "fid": 10490, "AdaNO": null, "ParselNO": null, "YapiNO": null, "PreviousIn": null }, "geometry": { "type": "MultiPolygon", "coordinates": [ [ [ [ 26.69172206664031, 39.312628591129815, 0.0 ], [ 26.691747815317072, 39.312641758014017, 0.0 ], [ 26.691715678920062, 39.312679678534813, 0.0 ], [ 26.691689928452604, 39.31266651165182, 0.0 ], [ 26.69172206664031, 39.312628591129815, 0.0 ] ] ] ] } },
{ "type": "Feature", "properties": { "fid": 8155, "AdaNO": null, "ParselNO": null, "YapiNO": null, "PreviousIn": null }, "geometry": { "type": "MultiPolygon", "coordinates": [ [ [ [ 26.691134413896435, 39.313044295395265, 0.0 ], [ 26.691113240475932, 39.313075958948907, 0.0 ], [ 26.691058161466639, 39.313051697861276, 0.0 ], [ 26.691081202476745, 39.313018277337612, 0.0 ], [ 26.691134413896435, 39.313044295395265, 0.0 ] ] ] ] } },
{ "type": "Feature", "properties": { "fid": 8154, "AdaNO": null, "ParselNO": null, "YapiNO": null, "PreviousIn": null }, "geometry": { "type": "MultiPolygon", "coordinates": [ [ [ [ 26.690989514467102, 39.31326975379951, 0.0 ], [ 26.69101549499684, 39.313236711328351, 0.0 ], [ 26.690952656026457, 39.313204002427703, 0.0 ], [ 26.690928279449817, 39.313238713169824, 0.0 ], [ 26.690989514467102, 39.31326975379951, 0.0 ] ] ] ] } },
{ "type": "Feature", "properties": { "fid": 8164, "AdaNO": null, "ParselNO": null, "YapiNO": null, "PreviousIn": null }, "geometry": { "type": "MultiPolygon", "coordinates": [ [ [ [ 26.688975510397725, 39.312704148964144, 0.0 ], [ 26.688988894350658, 39.312679819624286, 0.0 ], [ 26.689000287016611, 39.312681991069795, 0.0 ], [ 26.689011048876107, 39.312673228304497, 0.0 ], [ 26.689092628731075, 39.312708827312115, 0.0 ], [ 26.689068146647884, 39.312734208304299, 0.0 ], [ 26.689054603235501, 39.312729283533635, 0.0 ], [ 26.689048960742848, 39.312738134307139, 0.0 ], [ 26.688975510397725, 39.312704148964144, 0.0 ] ] ] ] } },
{ "type": "Feature", "properties": { "fid": 8163, "AdaNO": null, "ParselNO": null, "YapiNO": null, "PreviousIn": null }, "geometry": { "type": "MultiPolygon", "coordinates": [ [ [ [ 26.688941258223792, 39.312684389269812, 0.0 ], [ 26.688873166210321, 39.312761791112742, 0.0 ], [ 26.688828276660647, 39.312738142731043, 0.0 ], [ 26.68886935417504, 39.312673580885445, 0.0 ], [ 26.688852953300341, 39.312666457924344, 0.0 ], [ 26.688884299711354, 39.31261791925575, 0.0 ], [ 26.688953671476202, 39.312648190796423, 0.0 ], [ 26.688929139426136, 39.312679459591045, 0.0 ], [ 26.688941258223792, 39.312684389269812, 0.0 ] ] ] ] } },
{ "type": "Feature", "properties": { "fid": 8166, "AdaNO": null, "ParselNO": null, "YapiNO": null, "PreviousIn": null }, "geometry": { "type": "MultiPolygon", "coordinates": [ [ [ [ 26.689090406014767, 39.312766355828437, 0.0 ], [ 26.689125530409129, 39.312723184766853, 0.0 ], [ 26.6892015326532, 39.312756349557425, 0.0 ], [ 26.689107082504954, 39.312885023687201, 0.0 ], [ 26.689016672590576, 39.312837394429948, 0.0 ], [ 26.689074024612228, 39.312762544427301, 0.0 ], [ 26.689090406014767, 39.312766355828437, 0.0 ] ] ] ] } },
{ "type": "Feature", "properties": { "fid": 8165, "AdaNO": null, "ParselNO": null, "YapiNO": null, "PreviousIn": null }, "geometry": { "type": "MultiPolygon", "coordinates": [ [ [ [ 26.688928816443227, 39.312745350373319, 0.0 ], [ 26.68901868527983, 39.312789769346082, 0.0 ], [ 26.688989527126257, 39.312823093793952, 0.0 ], [ 26.688900282049687, 39.312776077369705, 0.0 ], [ 26.688928816443227, 39.312745350373319, 0.0 ] ] ] ] } },
{ "type": "Feature", "properties": { "fid": 8168, "AdaNO": null, "ParselNO": null, "YapiNO": null, "PreviousIn": null }, "geometry": { "type": "MultiPolygon", "coordinates": [ [ [ [ 26.693838382460864, 39.31646589492204, 0.0 ], [ 26.693766372173609, 39.316486998093666, 0.0 ], [ 26.693780559880103, 39.316529809708079, 0.0 ], [ 26.693823969426283, 39.316518625273766, 0.0 ], [ 26.693814542686695, 39.316498342275324, 0.0 ], [ 26.693848195381783, 39.316487987729872, 0.0 ], [ 26.693838382460864, 39.31646589492204, 0.0 ] ] ] ] } },
{ "type": "Feature", "properties": { "fid": 8167, "AdaNO": null, "ParselNO": null, "YapiNO": null, "PreviousIn": null }, "geometry": { "type": "MultiPolygon", "coordinates": [ [ [ [ 26.690857718600736, 39.313340784442282, 0.0 ], [ 26.690920106723663, 39.313367542088955, 0.0 ], [ 26.69090188759607, 39.313398508935919, 0.0 ], [ 26.690834547732535, 39.313369429894813, 0.0 ], [ 26.690857718600736, 39.313340784442282, 0.0 ] ] ] ] } },
{ "type": "Feature", "properties": { "fid": 8170, "AdaNO": null, "ParselNO": null, "YapiNO": null, "PreviousIn": null }, "geometry": { "type": "MultiPolygon", "coordinates": [ [ [ [ 26.693882817928014, 39.316672429744671, 0.0 ], [ 26.693919040471158, 39.316665345712053, 0.0 ], [ 26.693903121243551, 39.316624956147621, 0.0 ], [ 26.693868131494682, 39.316632074151364, 0.0 ], [ 26.693882817928014, 39.316672429744671, 0.0 ] ] ] ] } },
{ "type": "Feature", "properties": { "fid": 8169, "AdaNO": null, "ParselNO": null, "YapiNO": null, "PreviousIn": null }, "geometry": { "type": "MultiPolygon", "coordinates": [ [ [ [ 26.693679936805889, 39.316701660797371, 0.0 ], [ 26.693729225321384, 39.316706989273612, 0.0 ], [ 26.693724279332447, 39.316655297469325, 0.0 ], [ 26.693678329123436, 39.316656779018977, 0.0 ], [ 26.693679936805889, 39.316701660797371, 0.0 ] ] ] ] } },
{ "type": "Feature", "properties": { "fid": 8470, "AdaNO": null, "ParselNO": null, "YapiNO": null, "PreviousIn": null }, "geometry": { "type": "MultiPolygon", "coordinates": [ [ [ [ 26.69284190916246, 39.31764950864634, 0.0 ], [ 26.692845463380305, 39.317636603800565, 0.0 ], [ 26.692876899661517, 39.317638042133076, 0.0 ], [ 26.692898819888669, 39.317640881710751, 0.0 ], [ 26.692893860968329, 39.317655538602359, 0.0 ], [ 26.69284190916246, 39.31764950864634, 0.0 ] ] ] ] } },
{ "type": "Feature", "properties": { "fid": 8469, "AdaNO": null, "ParselNO": null, "YapiNO": null, "PreviousIn": null }, "geometry": { "type": "MultiPolygon", "coordinates": [ [ [ [ 26.692803644476669, 39.317645065647419, 0.0 ], [ 26.692808833806197, 39.31760491412804, 0.0 ], [ 26.69288171244229, 39.317610562106452, 0.0 ], [ 26.692876899661517, 39.317638042133076, 0.0 ], [ 26.692845463380305, 39.317636603800565, 0.0 ], [ 26.69284190916246, 39.31764950864634, 0.0 ], [ 26.692803644476669, 39.317645065647419, 0.0 ] ] ] ] } },
{ "type": "Feature", "properties": { "fid": 8495, "AdaNO": null, "ParselNO": null, "YapiNO": null, "PreviousIn": null }, "geometry": { "type": "MultiPolygon", "coordinates": [ [ [ [ 26.692469867899661, 39.317463811273846, 0.0 ], [ 26.692522135715794, 39.317469202759916, 0.0 ], [ 26.692527709528957, 39.317432577598751, 0.0 ], [ 26.692474227248972, 39.317428950585466, 0.0 ], [ 26.692469867899661, 39.317463811273846, 0.0 ] ] ] ] } },
{ "type": "Feature", "properties": { "fid": 8471, "AdaNO": null, "ParselNO": null, "YapiNO": null, "PreviousIn": null }, "geometry": { "type": "MultiPolygon", "coordinates": [ [ [ [ 26.692893860968329, 39.317655538602359, 0.0 ], [ 26.692898819888669, 39.317640881710751, 0.0 ], [ 26.692876899661517, 39.317638042133076, 0.0 ], [ 26.69288171244229, 39.317610562106452, 0.0 ], [ 26.692923200475118, 39.317613777063315, 0.0 ], [ 26.692912335447573, 39.31765768554417, 0.0 ], [ 26.692893860968329, 39.317655538602359, 0.0 ] ] ] ] } },
{ "type": "Feature", "properties": { "fid": 8497, "AdaNO": null, "ParselNO": null, "YapiNO": null, "PreviousIn": null }, "geometry": { "type": "MultiPolygon", "coordinates": [ [ [ [ 26.692336863972844, 39.318158576300419, 0.0 ], [ 26.692301090224529, 39.318150855426289, 0.0 ], [ 26.692270219097612, 39.31822882790842, 0.0 ], [ 26.692322591534758, 39.318239707400728, 0.0 ], [ 26.692336863972844, 39.318158576300419, 0.0 ] ] ] ] } },
{ "type": "Feature", "properties": { "fid": 8496, "AdaNO": null, "ParselNO": null, "YapiNO": null, "PreviousIn": null }, "geometry": { "type": "MultiPolygon", "coordinates": [ [ [ [ 26.692431772776427, 39.318262684683305, 0.0 ], [ 26.692322539671348, 39.318239995490224, 0.0 ], [ 26.692336863972844, 39.318158576300419, 0.0 ], [ 26.69236387976278, 39.318165757937493, 0.0 ], [ 26.692449666961018, 39.318182291064396, 0.0 ], [ 26.692431772776427, 39.318262684683305, 0.0 ] ] ] ] } },
{ "type": "Feature", "properties": { "fid": 8553, "AdaNO": null, "ParselNO": null, "YapiNO": null, "PreviousIn": null }, "geometry": { "type": "MultiPolygon", "coordinates": [ [ [ [ 26.692222073288416, 39.318018168578931, 0.0 ], [ 26.692229150971173, 39.317951847628606, 0.0 ], [ 26.692338380602749, 39.317961019566866, 0.0 ], [ 26.692329980007891, 39.318024528823138, 0.0 ], [ 26.692222073288416, 39.318018168578931, 0.0 ] ] ] ] } },
{ "type": "Feature", "properties": { "fid": 8550, "AdaNO": null, "ParselNO": null, "YapiNO": null, "PreviousIn": null }, "geometry": { "type": "MultiPolygon", "coordinates": [ [ [ [ 26.692496150935149, 39.317859618023498, 0.0 ], [ 26.692495207865697, 39.317937838478279, 0.0 ], [ 26.692438223905405, 39.317932706061242, 0.0 ], [ 26.692440363495642, 39.317856114644769, 0.0 ], [ 26.692496150935149, 39.317859618023498, 0.0 ] ] ] ] } },
{ "type": "Feature", "properties": { "fid": 8555, "AdaNO": null, "ParselNO": null, "YapiNO": null, "PreviousIn": null }, "geometry": { "type": "MultiPolygon", "coordinates": [ [ [ [ 26.692496150935149, 39.317859618023498, 0.0 ], [ 26.692495653823993, 39.317900786874581, 0.0 ], [ 26.69258239659008, 39.317903288776272, 0.0 ], [ 26.692585177755571, 39.317864775914209, 0.0 ], [ 26.692496150935149, 39.317859618023498, 0.0 ] ] ] ] } },
{ "type": "Feature", "properties": { "fid": 8554, "AdaNO": null, "ParselNO": null, "YapiNO": null, "PreviousIn": null }, "geometry": { "type": "MultiPolygon", "coordinates": [ [ [ [ 26.692491471899537, 39.318030307867225, 0.0 ], [ 26.692494689770648, 39.317973819891499, 0.0 ], [ 26.692383003211997, 39.317968387563965, 0.0 ], [ 26.69237829596219, 39.318026289212817, 0.0 ], [ 26.692491471899537, 39.318030307867225, 0.0 ] ] ] ] } },
{ "type": "Feature", "properties": { "fid": 8557, "AdaNO": null, "ParselNO": null, "YapiNO": null, "PreviousIn": null }, "geometry": { "type": "MultiPolygon", "coordinates": [ [ [ [ 26.692669937787873, 39.317663169496655, 0.0 ], [ 26.692718173782033, 39.317664633806316, 0.0 ], [ 26.692716051480193, 39.317704954431676, 0.0 ], [ 26.692748946552065, 39.31770520235348, 0.0 ], [ 26.692740564293047, 39.317756970295505, 0.0 ], [ 26.692665622321638, 39.317758596365564, 0.0 ], [ 26.692669937787873, 39.317663169496655, 0.0 ] ] ] ] } },
{ "type": "Feature", "properties": { "fid": 8556, "AdaNO": null, "ParselNO": null, "YapiNO": null, "PreviousIn": null }, "geometry": { "type": "MultiPolygon", "coordinates": [ [ [ [ 26.692942367601258, 39.317967603695024, 0.0 ], [ 26.692944078962551, 39.318009180073915, 0.0 ], [ 26.693081091940432, 39.31801971173055, 0.0 ], [ 26.693078452340959, 39.31798306172211, 0.0 ], [ 26.692942367601258, 39.317967603695024, 0.0 ] ] ] ] } },
{ "type": "Feature", "properties": { "fid": 8564, "AdaNO": null, "ParselNO": null, "YapiNO": null, "PreviousIn": null }, "geometry": { "type": "MultiPolygon", "coordinates": [ [ [ [ 26.692949962436497, 39.318353889692077, 0.0 ], [ 26.692946250657734, 39.318240212882024, 0.0 ], [ 26.69301653514556, 39.318238909722673, 0.0 ], [ 26.693018365704859, 39.318350666482011, 0.0 ], [ 26.692949962436497, 39.318353889692077, 0.0 ] ] ] ] } },
{ "type": "Feature", "properties": { "fid": 8563, "AdaNO": null, "ParselNO": null, "YapiNO": null, "PreviousIn": null }, "geometry": { "type": "MultiPolygon", "coordinates": [ [ [ [ 26.69284818496304, 39.318361204950442, 0.0 ], [ 26.692844271023603, 39.318300001453046, 0.0 ], [ 26.692825020779189, 39.318242461172858, 0.0 ], [ 26.692946250657734, 39.318240212882024, 0.0 ], [ 26.692946474981593, 39.318282123667707, 0.0 ], [ 26.692949962436497, 39.318353889692077, 0.0 ], [ 26.69284818496304, 39.318361204950442, 0.0 ] ] ] ] } },
{ "type": "Feature", "properties": { "fid": 8572, "AdaNO": null, "ParselNO": null, "YapiNO": null, "PreviousIn": null }, "geometry": { "type": "MultiPolygon", "coordinates": [ [ [ [ 26.692946140913342, 39.318134281980022, 0.0 ], [ 26.692922499583933, 39.31812915675286, 0.0 ], [ 26.692868840636493, 39.318116377386609, 0.0 ], [ 26.692871198090355, 39.318099606681585, 0.0 ], [ 26.692848361169645, 39.318097784194443, 0.0 ], [ 26.692846346487368, 39.318102218290143, 0.0 ], [ 26.692826361234072, 39.318100069135575, 0.0 ], [ 26.692831261682034, 39.318242344723167, 0.0 ], [ 26.692941611016657, 39.318240299056782, 0.0 ], [ 26.692946140913342, 39.318134281980022, 0.0 ] ] ] ] } },
{ "type": "Feature", "properties": { "fid": 8571, "AdaNO": null, "ParselNO": null, "YapiNO": null, "PreviousIn": null }, "geometry": { "type": "MultiPolygon", "coordinates": [ [ [ [ 26.693022389900516, 39.318238930446725, 0.0 ], [ 26.693016085546283, 39.318167661176751, 0.0 ], [ 26.693023360229109, 39.318087436625049, 0.0 ], [ 26.692924861915639, 39.318080514207075, 0.0 ], [ 26.692922499583933, 39.31812915675286, 0.0 ], [ 26.692946140913342, 39.318134281980022, 0.0 ], [ 26.692941611016657, 39.318240299056782, 0.0 ], [ 26.693022389900516, 39.318238930446725, 0.0 ], [ 26.693016085546283, 39.318167661176751, 0.0 ], [ 26.693022389900516, 39.318238930446725, 0.0 ] ] ] ] } },
{ "type": "Feature", "properties": { "fid": 8688, "AdaNO": null, "ParselNO": null, "YapiNO": null, "PreviousIn": null }, "geometry": { "type": "MultiPolygon", "coordinates": [ [ [ [ 26.694802566210083, 39.323081759719074, 0.0 ], [ 26.6949020285914, 39.323052429349069, 0.0 ], [ 26.694883349411992, 39.32301105626123, 0.0 ], [ 26.694892404406648, 39.323005604873536, 0.0 ], [ 26.69487524740175, 39.322980979848147, 0.0 ], [ 26.694780403364081, 39.323030880946732, 0.0 ], [ 26.694802566210083, 39.323081759719074, 0.0 ] ] ] ] } },
{ "type": "Feature", "properties": { "fid": 8573, "AdaNO": null, "ParselNO": null, "YapiNO": null, "PreviousIn": null }, "geometry": { "type": "MultiPolygon", "coordinates": [ [ [ [ 26.692770027581957, 39.318071678550901, 0.0 ], [ 26.692772653059748, 39.318158532472637, 0.0 ], [ 26.692715082371219, 39.318162627847649, 0.0 ], [ 26.692709920892007, 39.318072432269261, 0.0 ], [ 26.692770027581957, 39.318071678550901, 0.0 ] ] ] ] } },
{ "type": "Feature", "properties": { "fid": 8908, "AdaNO": null, "ParselNO": null, "YapiNO": null, "PreviousIn": null }, "geometry": { "type": "MultiPolygon", "coordinates": [ [ [ [ 26.695260984653796, 39.321483180940859, 0.0 ], [ 26.695213132186105, 39.321482261051671, 0.0 ], [ 26.695216002175709, 39.321435710139788, 0.0 ], [ 26.695263162160405, 39.321436904307092, 0.0 ], [ 26.695260984653796, 39.321483180940859, 0.0 ] ] ] ] } },
{ "type": "Feature", "properties": { "fid": 8689, "AdaNO": null, "ParselNO": null, "YapiNO": null, "PreviousIn": null }, "geometry": { "type": "MultiPolygon", "coordinates": [ [ [ [ 26.695471618631736, 39.322809370204254, 0.0 ], [ 26.695555617768708, 39.322797658476304, 0.0 ], [ 26.695548612510237, 39.322759402546374, 0.0 ], [ 26.695506964880568, 39.322764145087369, 0.0 ], [ 26.695461054928469, 39.322771280485142, 0.0 ], [ 26.695471618631736, 39.322809370204254, 0.0 ] ] ] ] } },
{ "type": "Feature", "properties": { "fid": null, "AdaNO": null, "ParselNO": null, "YapiNO": null, "PreviousIn": null }, "geometry": { "type": "MultiPolygon", "coordinates": [ [ [ [ 26.695643811086246, 39.321296590394887, 0.0 ], [ 26.695591100614379, 39.321310842862133, 0.0 ], [ 26.695620863888319, 39.321391806508274, 0.0 ], [ 26.695676215314723, 39.321380431593433, 0.0 ], [ 26.695643811086246, 39.321296590394887, 0.0 ] ] ] ] } },
{ "type": "Feature", "properties": { "fid": 8909, "AdaNO": null, "ParselNO": null, "YapiNO": null, "PreviousIn": null }, "geometry": { "type": "MultiPolygon", "coordinates": [ [ [ [ 26.694736982836318, 39.321119471622595, 0.0 ], [ 26.694821211006008, 39.321111596213363, 0.0 ], [ 26.694810271959764, 39.321084890503471, 0.0 ], [ 26.694733138681144, 39.321105565491301, 0.0 ], [ 26.694736982836318, 39.321119471622595, 0.0 ] ] ] ] } },
{ "type": "Feature", "properties": { "fid": 4881, "AdaNO": null, "ParselNO": null, "YapiNO": null, "PreviousIn": null }, "geometry": { "type": "MultiPolygon", "coordinates": [ [ [ [ 26.693593623165118, 39.314555681407512, 0.0 ], [ 26.693569241920077, 39.314529493775666, 0.0 ], [ 26.693525623456186, 39.314555463942384, 0.0 ], [ 26.693549109393082, 39.314580690156838, 0.0 ], [ 26.693593623165118, 39.314555681407512, 0.0 ] ] ] ] } },
{ "type": "Feature", "properties": { "fid": 4633, "AdaNO": null, "ParselNO": null, "YapiNO": null, "PreviousIn": null }, "geometry": { "type": "MultiPolygon", "coordinates": [ [ [ [ 26.691145894405988, 39.312930093299329, 0.0 ], [ 26.691183535797947, 39.312946778684861, 0.0 ], [ 26.691230560342536, 39.312882763189926, 0.0 ], [ 26.691189225699553, 39.312864439355934, 0.0 ], [ 26.691145894405988, 39.312930093299329, 0.0 ] ] ] ] } },
{ "type": "Feature", "properties": { "fid": null, "AdaNO": null, "ParselNO": null, "YapiNO": null, "PreviousIn": null }, "geometry": { "type": "MultiPolygon", "coordinates": [ [ [ [ 26.691460666360157, 39.317312610465123, 0.0 ], [ 26.691467806924848, 39.317454008128045, 0.0 ], [ 26.69172368241885, 39.317460637554767, 0.0 ], [ 26.69172213992891, 39.317323861635636, 0.0 ], [ 26.691460666360157, 39.317312610465123, 0.0 ] ] ] ] } },
{ "type": "Feature", "properties": { "fid": 5454, "AdaNO": null, "ParselNO": null, "YapiNO": null, "PreviousIn": null }, "geometry": { "type": "MultiPolygon", "coordinates": [ [ [ [ 26.691057995875319, 39.319194841805519, 0.0 ], [ 26.690960596465708, 39.319231895021396, 0.0 ], [ 26.690986601095801, 39.319273143012417, 0.0 ], [ 26.691083971680968, 39.319236544389831, 0.0 ], [ 26.691057995875319, 39.319194841805519, 0.0 ] ] ] ] } },
{ "type": "Feature", "properties": { "fid": 5610, "AdaNO": null, "ParselNO": null, "YapiNO": null, "PreviousIn": null }, "geometry": { "type": "MultiPolygon", "coordinates": [ [ [ [ 26.693142871506112, 39.319743612483371, 0.0 ], [ 26.693184946022996, 39.319732005354588, 0.0 ], [ 26.693165517542745, 39.319681005664144, 0.0 ], [ 26.693126072962954, 39.319692974028719, 0.0 ], [ 26.693142871506112, 39.319743612483371, 0.0 ] ] ] ] } },
{ "type": "Feature", "properties": { "fid": 5609, "AdaNO": null, "ParselNO": null, "YapiNO": null, "PreviousIn": null }, "geometry": { "type": "MultiPolygon", "coordinates": [ [ [ [ 26.693098776048334, 39.319755777747197, 0.0 ], [ 26.693142871506112, 39.319743612483371, 0.0 ], [ 26.693126072962954, 39.319692974028719, 0.0 ], [ 26.693078095970311, 39.319702578390171, 0.0 ], [ 26.693098776048334, 39.319755777747197, 0.0 ] ] ] ] } },
{ "type": "Feature", "properties": { "fid": 6090, "AdaNO": null, "ParselNO": null, "YapiNO": null, "PreviousIn": null }, "geometry": { "type": "MultiPolygon", "coordinates": [ [ [ [ 26.690930624241791, 39.314543645442065, 0.0 ], [ 26.690988373392713, 39.314517021434746, 0.0 ], [ 26.690974800400141, 39.314492394585791, 0.0 ], [ 26.690913109290509, 39.314515864549307, 0.0 ], [ 26.690930624241791, 39.314543645442065, 0.0 ] ] ] ] } },
{ "type": "Feature", "properties": { "fid": 5654, "AdaNO": null, "ParselNO": null, "YapiNO": null, "PreviousIn": null }, "geometry": { "type": "MultiPolygon", "coordinates": [ [ [ [ 26.693973082484643, 39.319539905971133, 0.0 ], [ 26.694005673699095, 39.319591828778712, 0.0 ], [ 26.694079102071186, 39.319573045729413, 0.0 ], [ 26.694070123510851, 39.319517247745125, 0.0 ], [ 26.693973082484643, 39.319539905971133, 0.0 ] ] ] ] } },
{ "type": "Feature", "properties": { "fid": 6580, "AdaNO": null, "ParselNO": null, "YapiNO": null, "PreviousIn": null }, "geometry": { "type": "MultiPolygon", "coordinates": [ [ [ [ 26.695949640692969, 39.319414662821934, 0.0 ], [ 26.695928922320864, 39.319436062709627, 0.0 ], [ 26.695893908209506, 39.319415608073633, 0.0 ], [ 26.695916971716112, 39.319391785574759, 0.0 ], [ 26.695928503186867, 39.319398378283672, 0.0 ], [ 26.695949640692969, 39.319414662821934, 0.0 ] ] ] ] } },
{ "type": "Feature", "properties": { "fid": 6431, "AdaNO": null, "ParselNO": null, "YapiNO": null, "PreviousIn": null }, "geometry": { "type": "MultiPolygon", "coordinates": [ [ [ [ 26.697381634081005, 39.319082447597857, 0.0 ], [ 26.697420386405568, 39.318983437244754, 0.0 ], [ 26.697571984853397, 39.318989740269622, 0.0 ], [ 26.697654769333401, 39.318989473831351, 0.0 ], [ 26.697655422630408, 39.319111112081252, 0.0 ], [ 26.697652654887452, 39.319111120040425, 0.0 ], [ 26.697534837539951, 39.319098358902899, 0.0 ], [ 26.697423618465297, 39.319089070650584, 0.0 ], [ 26.697381634081005, 39.319082447597857, 0.0 ] ] ] ] } },
{ "type": "Feature", "properties": { "fid": 7333, "AdaNO": null, "ParselNO": null, "YapiNO": null, "PreviousIn": null }, "geometry": { "type": "MultiPolygon", "coordinates": [ [ [ [ 26.69712182076546, 39.326140630922716, 0.0 ], [ 26.697088059058956, 39.326077170520222, 0.0 ], [ 26.696996811988228, 39.326106454012688, 0.0 ], [ 26.697022381278313, 39.326167979549851, 0.0 ], [ 26.697054403636152, 39.326160676020848, 0.0 ], [ 26.69712182076546, 39.326140630922716, 0.0 ] ] ] ] } },
{ "type": "Feature", "properties": { "fid": 6987, "AdaNO": null, "ParselNO": null, "YapiNO": null, "PreviousIn": null }, "geometry": { "type": "MultiPolygon", "coordinates": [ [ [ [ 26.695326550670227, 39.325143811556615, 0.0 ], [ 26.69536735528488, 39.325202701896877, 0.0 ], [ 26.695209329623133, 39.32527902513646, 0.0 ], [ 26.695167807292989, 39.325216345045121, 0.0 ], [ 26.695326550670227, 39.325143811556615, 0.0 ] ] ] ] } },
{ "type": "Feature", "properties": { "fid": 7459, "AdaNO": null, "ParselNO": null, "YapiNO": null, "PreviousIn": null }, "geometry": { "type": "MultiPolygon", "coordinates": [ [ [ [ 26.693984126807635, 39.321689148458461, 0.0 ], [ 26.693960868132592, 39.321696238544682, 0.0 ], [ 26.69394964741263, 39.321667420514281, 0.0 ], [ 26.69397348673818, 39.321661822303653, 0.0 ], [ 26.693984126807635, 39.321689148458461, 0.0 ] ] ] ] } },
{ "type": "Feature", "properties": { "fid": null, "AdaNO": null, "ParselNO": null, "YapiNO": null, "PreviousIn": null }, "geometry": { "type": "MultiPolygon", "coordinates": [ [ [ [ 26.697131949866364, 39.325239268806534, 0.0 ], [ 26.697093921737117, 39.325174825087643, 0.0 ], [ 26.697119168058407, 39.325165634442925, 0.0 ], [ 26.697104500038765, 39.325138969876789, 0.0 ], [ 26.697156540824651, 39.325118983958795, 0.0 ], [ 26.697202182162535, 39.325212931690231, 0.0 ], [ 26.697131949866364, 39.325239268806534, 0.0 ] ] ] ] } },
{ "type": "Feature", "properties": { "fid": 7636, "AdaNO": null, "ParselNO": null, "YapiNO": null, "PreviousIn": null }, "geometry": { "type": "MultiPolygon", "coordinates": [ [ [ [ 26.693043994994394, 39.317898408156992, 0.0 ], [ 26.693029997750603, 39.317979043054741, 0.0 ], [ 26.693088465606778, 39.317983891442957, 0.0 ], [ 26.693107489886941, 39.317898762071891, 0.0 ], [ 26.693043994994394, 39.317898408156992, 0.0 ] ] ] ] } },
{ "type": "Feature", "properties": { "fid": 7635, "AdaNO": null, "ParselNO": null, "YapiNO": null, "PreviousIn": null }, "geometry": { "type": "MultiPolygon", "coordinates": [ [ [ [ 26.692774474019711, 39.31795860181137, 0.0 ], [ 26.69277767602086, 39.317883037369121, 0.0 ], [ 26.692862055733432, 39.317876048642923, 0.0 ], [ 26.692852420659992, 39.317962827427465, 0.0 ], [ 26.692774474019711, 39.31795860181137, 0.0 ] ] ] ] } },
{ "type": "Feature", "properties": { "fid": 7639, "AdaNO": null, "ParselNO": null, "YapiNO": null, "PreviousIn": null }, "geometry": { "type": "MultiPolygon", "coordinates": [ [ [ [ 26.692125019609438, 39.318020892385441, 0.0 ], [ 26.692163844808025, 39.31802192518883, 0.0 ], [ 26.6921684751483, 39.317973298561441, 0.0 ], [ 26.692129956986459, 39.317971598479218, 0.0 ], [ 26.692125019609438, 39.318020892385441, 0.0 ] ] ] ] } },
{ "type": "Feature", "properties": { "fid": 7637, "AdaNO": null, "ParselNO": null, "YapiNO": null, "PreviousIn": null }, "geometry": { "type": "MultiPolygon", "coordinates": [ [ [ [ 26.692775439366923, 39.318004648026495, 0.0 ], [ 26.692774842098274, 39.317958670783327, 0.0 ], [ 26.692915507511131, 39.317966150358494, 0.0 ], [ 26.69290948806653, 39.318009360377019, 0.0 ], [ 26.692775439366923, 39.318004648026495, 0.0 ] ] ] ] } },
{ "type": "Feature", "properties": { "fid": 7641, "AdaNO": null, "ParselNO": null, "YapiNO": null, "PreviousIn": null }, "geometry": { "type": "MultiPolygon", "coordinates": [ [ [ [ 26.692187151644024, 39.318022994745199, 0.0 ], [ 26.692220988854544, 39.318024762134037, 0.0 ], [ 26.692228910877358, 39.317976652759349, 0.0 ], [ 26.69219165794345, 39.317975030728036, 0.0 ], [ 26.692191310586157, 39.317977892563427, 0.0 ], [ 26.692187151644024, 39.318022994745199, 0.0 ] ] ] ] } },
{ "type": "Feature", "properties": { "fid": 7640, "AdaNO": null, "ParselNO": null, "YapiNO": null, "PreviousIn": null }, "geometry": { "type": "MultiPolygon", "coordinates": [ [ [ [ 26.692163744507305, 39.318021730852685, 0.0 ], [ 26.692186680716699, 39.318023254415365, 0.0 ], [ 26.69219171306522, 39.317974895657734, 0.0 ], [ 26.692168552751458, 39.317973177872652, 0.0 ], [ 26.692163744507305, 39.318021730852685, 0.0 ] ] ] ] } },
{ "type": "Feature", "properties": { "fid": 7643, "AdaNO": null, "ParselNO": null, "YapiNO": null, "PreviousIn": null }, "geometry": { "type": "MultiPolygon", "coordinates": [ [ [ [ 26.692327613364053, 39.317906765956238, 0.0 ], [ 26.69232941445755, 39.317847303444189, 0.0 ], [ 26.692404463030879, 39.317852698314809, 0.0 ], [ 26.692401380236912, 39.317911756044928, 0.0 ], [ 26.692327613364053, 39.317906765956238, 0.0 ] ] ] ] } },
{ "type": "Feature", "properties": { "fid": 7642, "AdaNO": null, "ParselNO": null, "YapiNO": null, "PreviousIn": null }, "geometry": { "type": "MultiPolygon", "coordinates": [ [ [ [ 26.692129846203599, 39.317971480663729, 0.0 ], [ 26.69222874217138, 39.317976640312438, 0.0 ], [ 26.692232013519625, 39.317945982446545, 0.0 ], [ 26.692135945385203, 39.317936728205794, 0.0 ], [ 26.692129846203599, 39.317971480663729, 0.0 ] ] ] ] } },
{ "type": "Feature", "properties": { "fid": 7939, "AdaNO": null, "ParselNO": null, "YapiNO": null, "PreviousIn": null }, "geometry": { "type": "MultiPolygon", "coordinates": [ ] } },
{ "type": "Feature", "properties": { "fid": null, "AdaNO": null, "ParselNO": null, "YapiNO": null, "PreviousIn": null }, "geometry": { "type": "MultiPolygon", "coordinates": [ [ [ [ 26.691464720339258, 39.317392887508426, 0.0 ], [ 26.691403653436875, 39.317392984943957, 0.0 ], [ 26.6914, 39.31731, 0.0 ], [ 26.691460666360157, 39.317312610465123, 0.0 ], [ 26.691464720339258, 39.317392887508426, 0.0 ] ] ] ] } },
{ "type": "Feature", "properties": { "fid": 7943, "AdaNO": null, "ParselNO": null, "YapiNO": null, "PreviousIn": null }, "geometry": { "type": "MultiPolygon", "coordinates": [ ] } },
{ "type": "Feature", "properties": { "fid": 7940, "AdaNO": null, "ParselNO": null, "YapiNO": null, "PreviousIn": null }, "geometry": { "type": "MultiPolygon", "coordinates": [ ] } },
{ "type": "Feature", "properties": { "fid": 7945, "AdaNO": null, "ParselNO": null, "YapiNO": null, "PreviousIn": null }, "geometry": { "type": "MultiPolygon", "coordinates": [ ] } },
{ "type": "Feature", "properties": { "fid": 7944, "AdaNO": null, "ParselNO": null, "YapiNO": null, "PreviousIn": null }, "geometry": { "type": "MultiPolygon", "coordinates": [ ] } },
{ "type": "Feature", "properties": { "fid": 7947, "AdaNO": null, "ParselNO": null, "YapiNO": null, "PreviousIn": null }, "geometry": { "type": "MultiPolygon", "coordinates": [ ] } },
{ "type": "Feature", "properties": { "fid": 7946, "AdaNO": null, "ParselNO": null, "YapiNO": null, "PreviousIn": null }, "geometry": { "type": "MultiPolygon", "coordinates": [ ] } },
{ "type": "Feature", "properties": { "fid": 8153, "AdaNO": null, "ParselNO": null, "YapiNO": null, "PreviousIn": null }, "geometry": { "type": "MultiPolygon", "coordinates": [ [ [ [ 26.690989514467102, 39.31326975379951, 0.0 ], [ 26.690976561702637, 39.313286227293965, 0.0 ], [ 26.690915319660501, 39.313257167859888, 0.0 ], [ 26.690928279449817, 39.313238713169824, 0.0 ], [ 26.690989514467102, 39.31326975379951, 0.0 ] ] ] ] } },
{ "type": "Feature", "properties": { "fid": 7948, "AdaNO": null, "ParselNO": null, "YapiNO": null, "PreviousIn": null }, "geometry": { "type": "MultiPolygon", "coordinates": [ [ [ [ 26.689741210995212, 39.312797762058594, 0.0 ], [ 26.689786015565179, 39.312811392102041, 0.0 ], [ 26.689762974716579, 39.312847778563992, 0.0 ], [ 26.689721765098156, 39.312834677196761, 0.0 ], [ 26.689741210995212, 39.312797762058594, 0.0 ] ] ] ] } },
{ "type": "Feature", "properties": { "fid": 2606, "AdaNO": null, "ParselNO": null, "YapiNO": null, "PreviousIn": null }, "geometry": { "type": "MultiPolygon", "coordinates": [ [ [ [ 26.692247542289078, 39.319619742622997, 0.0 ], [ 26.692488127644982, 39.319544663314836, 0.0 ], [ 26.692483233166286, 39.319533378382957, 0.0 ], [ 26.692490682911611, 39.319531445263763, 0.0 ], [ 26.692472722234985, 39.319497337839991, 0.0 ], [ 26.692465610941714, 39.319499575792385, 0.0 ], [ 26.692461408054044, 39.319490921304045, 0.0 ], [ 26.692218034844455, 39.319562251433013, 0.0 ], [ 26.692247542289078, 39.319619742622997, 0.0 ] ] ] ] } },
{ "type": "Feature", "properties": { "fid": 2605, "AdaNO": null, "ParselNO": null, "YapiNO": null, "PreviousIn": null }, "geometry": { "type": "MultiPolygon", "coordinates": [ [ [ [ 26.692371270885683, 39.319330951093306, 0.0 ], [ 26.692347195292921, 39.319285197994077, 0.0 ], [ 26.692355764241427, 39.319282187291684, 0.0 ], [ 26.692330169754339, 39.319232787357798, 0.0 ], [ 26.69228633873918, 39.319245334013054, 0.0 ], [ 26.692288877755423, 39.319250207685705, 0.0 ], [ 26.692247710872397, 39.319263144349769, 0.0 ], [ 26.69225741467119, 39.319282849185754, 0.0 ], [ 26.692294178856205, 39.31935750280703, 0.0 ], [ 26.692371270885683, 39.319330951093306, 0.0 ] ] ] ] } },
{ "type": "Feature", "properties": { "fid": 2612, "AdaNO": null, "ParselNO": null, "YapiNO": null, "PreviousIn": null }, "geometry": { "type": "MultiPolygon", "coordinates": [ ] } },
{ "type": "Feature", "properties": { "fid": 2611, "AdaNO": null, "ParselNO": null, "YapiNO": null, "PreviousIn": null }, "geometry": { "type": "MultiPolygon", "coordinates": [ ] } },
{ "type": "Feature", "properties": { "fid": 2616, "AdaNO": null, "ParselNO": null, "YapiNO": null, "PreviousIn": null }, "geometry": { "type": "MultiPolygon", "coordinates": [ ] } },
{ "type": "Feature", "properties": { "fid": 2615, "AdaNO": null, "ParselNO": null, "YapiNO": null, "PreviousIn": null }, "geometry": { "type": "MultiPolygon", "coordinates": [ ] } },
{ "type": "Feature", "properties": { "fid": 2619, "AdaNO": null, "ParselNO": null, "YapiNO": null, "PreviousIn": null }, "geometry": { "type": "MultiPolygon", "coordinates": [ [ [ [ 26.69248755965738, 39.319839188922614, 0.0 ], [ 26.692603052185184, 39.319809953768321, 0.0 ], [ 26.692564353074761, 39.319719270662233, 0.0 ], [ 26.69249245214942, 39.319740348417909, 0.0 ], [ 26.692509394437693, 39.319772221745495, 0.0 ], [ 26.692462616518462, 39.319785284176177, 0.0 ], [ 26.69248755965738, 39.319839188922614, 0.0 ] ] ] ] } },
{ "type": "Feature", "properties": { "fid": 2618, "AdaNO": null, "ParselNO": null, "YapiNO": null, "PreviousIn": null }, "geometry": { "type": "MultiPolygon", "coordinates": [ [ [ [ 26.692501087728701, 39.319907799659113, 0.0 ], [ 26.69262542209313, 39.319871259937813, 0.0 ], [ 26.692603194105892, 39.319809517975358, 0.0 ], [ 26.692471822335953, 39.319845004708583, 0.0 ], [ 26.692501087728701, 39.319907799659113, 0.0 ] ] ] ] } },
{ "type": "Feature", "properties": { "fid": 2643, "AdaNO": null, "ParselNO": null, "YapiNO": null, "PreviousIn": null }, "geometry": { "type": "MultiPolygon", "coordinates": [ [ [ [ 26.692216200654929, 39.319066487662724, 0.0 ], [ 26.692082763530525, 39.319103146465622, 0.0 ], [ 26.692058447924083, 39.319049737966019, 0.0 ], [ 26.692006167037967, 39.318980342722604, 0.0 ], [ 26.692140732250738, 39.318928071024629, 0.0 ], [ 26.692216200654929, 39.319066487662724, 0.0 ] ] ] ] } },
{ "type": "Feature", "properties": { "fid": 2640, "AdaNO": null, "ParselNO": null, "YapiNO": null, "PreviousIn": null }, "geometry": { "type": "MultiPolygon", "coordinates": [ [ [ [ 26.692145816037751, 39.319233628134135, 0.0 ], [ 26.692208789267713, 39.319214866511111, 0.0 ], [ 26.69214501535588, 39.319086044443956, 0.0 ], [ 26.692082763530525, 39.319103146465622, 0.0 ], [ 26.692145816037751, 39.319233628134135, 0.0 ] ] ] ] } },
{ "type": "Feature", "properties": { "fid": 2650, "AdaNO": null, "ParselNO": null, "YapiNO": null, "PreviousIn": null }, "geometry": { "type": "MultiPolygon", "coordinates": [ ] } },
{ "type": "Feature", "properties": { "fid": 2649, "AdaNO": null, "ParselNO": null, "YapiNO": null, "PreviousIn": null }, "geometry": { "type": "MultiPolygon", "coordinates": [ [ [ [ 26.691953452150475, 39.318906879283148, 0.0 ], [ 26.69213452241744, 39.318839075441289, 0.0 ], [ 26.692104469058002, 39.318782323712014, 0.0 ], [ 26.691916562524963, 39.318855406795045, 0.0 ], [ 26.691953452150475, 39.318906879283148, 0.0 ] ] ] ] } },
{ "type": "Feature", "properties": { "fid": 2665, "AdaNO": null, "ParselNO": null, "YapiNO": null, "PreviousIn": null }, "geometry": { "type": "MultiPolygon", "coordinates": [ [ [ [ 26.691774877043201, 39.318984129476569, 0.0 ], [ 26.691820450780916, 39.319069427179883, 0.0 ], [ 26.691969099007203, 39.319007510279889, 0.0 ], [ 26.691913059571334, 39.318926847051351, 0.0 ], [ 26.691774877043201, 39.318984129476569, 0.0 ] ] ] ] } },
{ "type": "Feature", "properties": { "fid": 2654, "AdaNO": null, "ParselNO": null, "YapiNO": null, "PreviousIn": null }, "geometry": { "type": "MultiPolygon", "coordinates": [ ] } },
{ "type": "Feature", "properties": { "fid": 2667, "AdaNO": null, "ParselNO": null, "YapiNO": null, "PreviousIn": null }, "geometry": { "type": "MultiPolygon", "coordinates": [ [ [ [ 26.691662668483048, 39.318955894581684, 0.0 ], [ 26.69187096565037, 39.318866890212512, 0.0 ], [ 26.691835343741371, 39.318813980849654, 0.0 ], [ 26.691625062215621, 39.31888946708569, 0.0 ], [ 26.691662668483048, 39.318955894581684, 0.0 ] ] ] ] } },
{ "type": "Feature", "properties": { "fid": 2666, "AdaNO": null, "ParselNO": null, "YapiNO": null, "PreviousIn": null }, "geometry": { "type": "MultiPolygon", "coordinates": [ [ [ [ 26.69179362773291, 39.318899935684371, 0.0 ], [ 26.69183727976645, 39.318958387874694, 0.0 ], [ 26.691913339046131, 39.318926731578102, 0.0 ], [ 26.691871184792838, 39.318867197855873, 0.0 ], [ 26.69179362773291, 39.318899935684371, 0.0 ] ] ] ] } },
{ "type": "Feature", "properties": { "fid": 3142, "AdaNO": null, "ParselNO": null, "YapiNO": null, "PreviousIn": null }, "geometry": { "type": "MultiPolygon", "coordinates": [ [ [ [ 26.692263941883123, 39.313925156927688, 0.0 ], [ 26.692201003064152, 39.313955721076184, 0.0 ], [ 26.692235192655939, 39.314002591946121, 0.0 ], [ 26.692299783437864, 39.313969694038519, 0.0 ], [ 26.692263941883123, 39.313925156927688, 0.0 ] ] ] ] } },
{ "type": "Feature", "properties": { "fid": 2671, "AdaNO": null, "ParselNO": null, "YapiNO": null, "PreviousIn": null }, "geometry": { "type": "MultiPolygon", "coordinates": [ [ [ [ 26.691703024217389, 39.319013789915829, 0.0 ], [ 26.691673269153757, 39.318951366197119, 0.0 ], [ 26.691793651918498, 39.318899925760718, 0.0 ], [ 26.69183727976645, 39.318958387874694, 0.0 ], [ 26.691703024217389, 39.319013789915829, 0.0 ] ] ] ] } },
{ "type": "Feature", "properties": { "fid": 3668, "AdaNO": null, "ParselNO": null, "YapiNO": null, "PreviousIn": null }, "geometry": { "type": "MultiPolygon", "coordinates": [ [ [ [ 26.692736289025305, 39.313660486886, 0.0 ], [ 26.692769661498389, 39.313643813708914, 0.0 ], [ 26.692733155593416, 39.313603296306518, 0.0 ], [ 26.692700554952236, 39.31362102012779, 0.0 ], [ 26.692736289025305, 39.313660486886, 0.0 ] ] ] ] } },
{ "type": "Feature", "properties": { "fid": 3366, "AdaNO": null, "ParselNO": null, "YapiNO": null, "PreviousIn": null }, "geometry": { "type": "MultiPolygon", "coordinates": [ [ [ [ 26.693146592512253, 39.313209955256347, 0.0 ], [ 26.693167012952543, 39.313169948167328, 0.0 ], [ 26.69312229886954, 39.313150216047468, 0.0 ], [ 26.693104056935699, 39.313193935077102, 0.0 ], [ 26.693146592512253, 39.313209955256347, 0.0 ] ] ] ] } },
{ "type": "Feature", "properties": { "fid": 3886, "AdaNO": null, "ParselNO": null, "YapiNO": null, "PreviousIn": null }, "geometry": { "type": "MultiPolygon", "coordinates": [ [ [ [ 26.693907834255718, 39.313287279387168, 0.0 ], [ 26.693833019941941, 39.313307182515281, 0.0 ], [ 26.693816878207315, 39.313281810941341, 0.0 ], [ 26.693887181533235, 39.313254819824074, 0.0 ], [ 26.693907834255718, 39.313287279387168, 0.0 ] ] ] ] } },
{ "type": "Feature", "properties": { "fid": 3885, "AdaNO": null, "ParselNO": null, "YapiNO": null, "PreviousIn": null }, "geometry": { "type": "MultiPolygon", "coordinates": [ [ [ [ 26.693971113958629, 39.313267316644279, 0.0 ], [ 26.693907834255718, 39.313287279387168, 0.0 ], [ 26.693887181533235, 39.313254819824074, 0.0 ], [ 26.693942605575565, 39.313233542907149, 0.0 ], [ 26.693971113958629, 39.313267316644279, 0.0 ] ] ] ] } },
{ "type": "Feature", "properties": { "fid": 4004, "AdaNO": null, "ParselNO": null, "YapiNO": null, "PreviousIn": null }, "geometry": { "type": "MultiPolygon", "coordinates": [ [ [ [ 26.694186278999481, 39.313647473931077, 0.0 ], [ 26.6942033324232, 39.313663194356195, 0.0 ], [ 26.694269055064201, 39.313622842278562, 0.0 ], [ 26.694253327627031, 39.313608343014089, 0.0 ], [ 26.694186278999481, 39.313647473931077, 0.0 ] ] ] ] } },
{ "type": "Feature", "properties": { "fid": 4003, "AdaNO": null, "ParselNO": null, "YapiNO": null, "PreviousIn": null }, "geometry": { "type": "MultiPolygon", "coordinates": [ [ [ [ 26.69429863571553, 39.313650111576827, 0.0 ], [ 26.694351796002834, 39.313625325311442, 0.0 ], [ 26.694298775973262, 39.313579871499094, 0.0 ], [ 26.69425549261193, 39.31361033841597, 0.0 ], [ 26.69429863571553, 39.313650111576827, 0.0 ] ] ] ] } },
{ "type": "Feature", "properties": { "fid": 4225, "AdaNO": null, "ParselNO": null, "YapiNO": null, "PreviousIn": null }, "geometry": { "type": "MultiPolygon", "coordinates": [ [ [ [ 26.691546762380671, 39.312510148986114, 0.0 ], [ 26.691591160976685, 39.312453419777746, 0.0 ], [ 26.691540344044633, 39.312428897351573, 0.0 ], [ 26.691495059479028, 39.312485729086852, 0.0 ], [ 26.691546762380671, 39.312510148986114, 0.0 ] ] ] ] } },
{ "type": "Feature", "properties": { "fid": 4006, "AdaNO": null, "ParselNO": null, "YapiNO": null, "PreviousIn": null }, "geometry": { "type": "MultiPolygon", "coordinates": [ [ [ [ 26.694203611639548, 39.313454707478741, 0.0 ], [ 26.694136599315701, 39.313500730663158, 0.0 ], [ 26.694167522575686, 39.313527897915421, 0.0 ], [ 26.694235787484907, 39.313495016395812, 0.0 ], [ 26.694203611639548, 39.313454707478741, 0.0 ] ] ] ] } },
{ "type": "Feature", "properties": { "fid": 4232, "AdaNO": null, "ParselNO": null, "YapiNO": null, "PreviousIn": null }, "geometry": { "type": "MultiPolygon", "coordinates": [ [ [ [ 26.691587616328295, 39.312473743489186, 0.0 ], [ 26.691604495644082, 39.312448520725489, 0.0 ], [ 26.691688724619421, 39.312486725975944, 0.0 ], [ 26.69166192277714, 39.312522040217118, 0.0 ], [ 26.69160783237691, 39.312483499453855, 0.0 ], [ 26.691587616328295, 39.312473743489186, 0.0 ] ] ] ] } },
{ "type": "Feature", "properties": { "fid": 4231, "AdaNO": null, "ParselNO": null, "YapiNO": null, "PreviousIn": null }, "geometry": { "type": "MultiPolygon", "coordinates": [ [ [ [ 26.691648441456334, 39.312468429087005, 0.0 ], [ 26.691596508593587, 39.312444900529584, 0.0 ], [ 26.691600873524404, 39.312439440828655, 0.0 ], [ 26.691631539687467, 39.312401090500842, 0.0 ], [ 26.691680996790989, 39.312422034353595, 0.0 ], [ 26.691648441456334, 39.312468429087005, 0.0 ] ] ] ] } },
{ "type": "Feature", "properties": { "fid": 4258, "AdaNO": null, "ParselNO": null, "YapiNO": null, "PreviousIn": null }, "geometry": { "type": "MultiPolygon", "coordinates": [ [ [ [ 26.691900759328341, 39.312771042069031, 0.0 ], [ 26.69185686075766, 39.312748862630052, 0.0 ], [ 26.691909054957112, 39.31269539193044, 0.0 ], [ 26.691946919021412, 39.312717206954211, 0.0 ], [ 26.691900759328341, 39.312771042069031, 0.0 ] ] ] ] } },
{ "type": "Feature", "properties": { "fid": 4239, "AdaNO": null, "ParselNO": null, "YapiNO": null, "PreviousIn": null }, "geometry": { "type": "MultiPolygon", "coordinates": [ [ [ [ 26.691446334769786, 39.31254798457082, 0.0 ], [ 26.691412130122121, 39.312590641676017, 0.0 ], [ 26.691444779398715, 39.312607663788256, 0.0 ], [ 26.69147699448547, 39.312563864442268, 0.0 ], [ 26.691446334769786, 39.31254798457082, 0.0 ] ] ] ] } },
{ "type": "Feature", "properties": { "fid": 4542, "AdaNO": null, "ParselNO": null, "YapiNO": null, "PreviousIn": null }, "geometry": { "type": "MultiPolygon", "coordinates": [ [ [ [ 26.694366050290895, 39.315362259890655, 0.0 ], [ 26.69440727123196, 39.315413273848826, 0.0 ], [ 26.694522633055961, 39.315351174815667, 0.0 ], [ 26.694480778768785, 39.315302604400863, 0.0 ], [ 26.694366050290895, 39.315362259890655, 0.0 ] ] ] ] } },
{ "type": "Feature", "properties": { "fid": 4321, "AdaNO": null, "ParselNO": null, "YapiNO": null, "PreviousIn": null }, "geometry": { "type": "MultiPolygon", "coordinates": [ [ [ [ 26.693194164317649, 39.31553016463198, 0.0 ], [ 26.693264468677338, 39.315501238216619, 0.0 ], [ 26.693288859561765, 39.315535622441899, 0.0 ], [ 26.693255823324375, 39.315550346544853, 0.0 ], [ 26.693261614579438, 39.31555818857241, 0.0 ], [ 26.693226886130024, 39.315569453223269, 0.0 ], [ 26.693222027038775, 39.315560409563453, 0.0 ], [ 26.693214926448608, 39.315563132684645, 0.0 ], [ 26.693193776417186, 39.31553031531039, 0.0 ], [ 26.693194164317649, 39.31553016463198, 0.0 ] ] ] ] } },
{ "type": "Feature", "properties": { "fid": 1685, "AdaNO": null, "ParselNO": null, "YapiNO": null, "PreviousIn": null }, "geometry": { "type": "MultiPolygon", "coordinates": [ [ [ [ 26.696656923455276, 39.326729754046873, 0.0 ], [ 26.696680873393184, 39.326777501207118, 0.0 ], [ 26.69654425894953, 39.326818837070064, 0.0 ], [ 26.696523115974117, 39.326766278866693, 0.0 ], [ 26.696656923455276, 39.326729754046873, 0.0 ] ] ] ] } },
{ "type": "Feature", "properties": { "fid": 1778, "AdaNO": null, "ParselNO": null, "YapiNO": null, "PreviousIn": null }, "geometry": { "type": "MultiPolygon", "coordinates": [ [ [ [ 26.69658449847962, 39.325622816098587, 0.0 ], [ 26.696625346392651, 39.325674072413577, 0.0 ], [ 26.696769114770852, 39.325598944037061, 0.0 ], [ 26.696724929916964, 39.325549966316402, 0.0 ], [ 26.696584659657837, 39.325622498207402, 0.0 ], [ 26.69658449847962, 39.325622816098587, 0.0 ] ] ] ] } },
{ "type": "Feature", "properties": { "fid": 1777, "AdaNO": null, "ParselNO": null, "YapiNO": null, "PreviousIn": null }, "geometry": { "type": "MultiPolygon", "coordinates": [ [ [ [ 26.696672502629713, 39.325496994304572, 0.0 ], [ 26.696538835952314, 39.325563244447601, 0.0 ], [ 26.696584365490548, 39.325622762214721, 0.0 ], [ 26.696725130301893, 39.325549107417629, 0.0 ], [ 26.696672535707791, 39.325497198600885, 0.0 ], [ 26.696672502629713, 39.325496994304572, 0.0 ] ] ] ] } },
{ "type": "Feature", "properties": { "fid": 2491, "AdaNO": null, "ParselNO": null, "YapiNO": null, "PreviousIn": null }, "geometry": { "type": "MultiPolygon", "coordinates": [ [ [ [ 26.692029538848228, 39.319914920589298, 0.0 ], [ 26.692019089207736, 39.319918077034245, 0.0 ], [ 26.691994553613995, 39.319869065916791, 0.0 ], [ 26.692193996602832, 39.319808818080716, 0.0 ], [ 26.692218532189667, 39.319857831000121, 0.0 ], [ 26.692029538848228, 39.319914920589298, 0.0 ] ] ] ] } },
{ "type": "Feature", "properties": { "fid": null, "AdaNO": null, "ParselNO": null, "YapiNO": null, "PreviousIn": null }, "geometry": { "type": "MultiPolygon", "coordinates": [ [ [ [ 26.696017643856582, 39.326066399664427, 0.0 ], [ 26.696132746359343, 39.325978198476783, 0.0 ], [ 26.696014524411797, 39.325885207102111, 0.0 ], [ 26.695899378859249, 39.325985013410062, 0.0 ], [ 26.696017643856582, 39.326066399664427, 0.0 ] ] ] ] } },
{ "type": "Feature", "properties": { "fid": 2509, "AdaNO": null, "ParselNO": null, "YapiNO": null, "PreviousIn": null }, "geometry": { "type": "MultiPolygon", "coordinates": [ [ [ [ 26.692175854179542, 39.319642293682293, 0.0 ], [ 26.692247941044148, 39.319619617138827, 0.0 ], [ 26.692218034844455, 39.319562251433013, 0.0 ], [ 26.692150267081985, 39.319583571116652, 0.0 ], [ 26.692175854179542, 39.319642293682293, 0.0 ] ] ] ] } },
{ "type": "Feature", "properties": { "fid": null, "AdaNO": null, "ParselNO": null, "YapiNO": null, "PreviousIn": null }, "geometry": { "type": "MultiPolygon", "coordinates": [ [ [ [ 26.691403653436875, 39.317392984943957, 0.0 ], [ 26.691404705133397, 39.317419835151512, 0.0 ], [ 26.691466123245913, 39.317420667896137, 0.0 ], [ 26.691464720339258, 39.317392887508426, 0.0 ], [ 26.691403653436875, 39.317392984943957, 0.0 ] ] ] ] } },
{ "type": "Feature", "properties": { "fid": 2511, "AdaNO": null, "ParselNO": null, "YapiNO": null, "PreviousIn": null }, "geometry": { "type": "MultiPolygon", "coordinates": [ [ [ [ 26.692339587871537, 39.319526625202954, 0.0 ], [ 26.692289485850118, 39.319541310018565, 0.0 ], [ 26.692254395547117, 39.319469062722384, 0.0 ], [ 26.692299901764844, 39.319452975223662, 0.0 ], [ 26.692339587871537, 39.319526625202954, 0.0 ] ] ] ] } },
{ "type": "Feature", "properties": { "fid": 2510, "AdaNO": null, "ParselNO": null, "YapiNO": null, "PreviousIn": null }, "geometry": { "type": "MultiPolygon", "coordinates": [ [ [ [ 26.692390386219849, 39.319511736316535, 0.0 ], [ 26.692339587871537, 39.319526625202954, 0.0 ], [ 26.692299901764844, 39.319452975223662, 0.0 ], [ 26.692352988826507, 39.319433050709421, 0.0 ], [ 26.692391104044024, 39.31951152772735, 0.0 ], [ 26.692390386219849, 39.319511736316535, 0.0 ] ] ] ] } },
{ "type": "Feature", "properties": { "fid": 2514, "AdaNO": null, "ParselNO": null, "YapiNO": null, "PreviousIn": null }, "geometry": { "type": "MultiPolygon", "coordinates": [ ] } },
{ "type": "Feature", "properties": { "fid": 2512, "AdaNO": null, "ParselNO": null, "YapiNO": null, "PreviousIn": null }, "geometry": { "type": "MultiPolygon", "coordinates": [ [ [ [ 26.692150267081985, 39.319583571116652, 0.0 ], [ 26.692218034844455, 39.319562251433013, 0.0 ], [ 26.692289485850118, 39.319541310018565, 0.0 ], [ 26.692254395547117, 39.319469062722384, 0.0 ], [ 26.692118794713938, 39.31951562762081, 0.0 ], [ 26.692150267081985, 39.319583571116652, 0.0 ] ] ] ] } },
{ "type": "Feature", "properties": { "fid": 2516, "AdaNO": null, "ParselNO": null, "YapiNO": null, "PreviousIn": null }, "geometry": { "type": "MultiPolygon", "coordinates": [ ] } },
{ "type": "Feature", "properties": { "fid": 2515, "AdaNO": null, "ParselNO": null, "YapiNO": null, "PreviousIn": null }, "geometry": { "type": "MultiPolygon", "coordinates": [ ] } },
{ "type": "Feature", "properties": { "fid": 2518, "AdaNO": null, "ParselNO": null, "YapiNO": null, "PreviousIn": null }, "geometry": { "type": "MultiPolygon", "coordinates": [ ] } },
{ "type": "Feature", "properties": { "fid": 2517, "AdaNO": null, "ParselNO": null, "YapiNO": null, "PreviousIn": null }, "geometry": { "type": "MultiPolygon", "coordinates": [ ] } },
{ "type": "Feature", "properties": { "fid": 2521, "AdaNO": null, "ParselNO": null, "YapiNO": null, "PreviousIn": null }, "geometry": { "type": "MultiPolygon", "coordinates": [ [ [ [ 26.691964825641161, 39.319689514692193, 0.0 ], [ 26.69211322372519, 39.31964414514357, 0.0 ], [ 26.692093657660433, 39.319608475669803, 0.0 ], [ 26.691947392013137, 39.319659150425331, 0.0 ], [ 26.691964825641161, 39.319689514692193, 0.0 ] ] ] ] } },
{ "type": "Feature", "properties": { "fid": 2519, "AdaNO": null, "ParselNO": null, "YapiNO": null, "PreviousIn": null }, "geometry": { "type": "MultiPolygon", "coordinates": [ ] } },
{ "type": "Feature", "properties": { "fid": 2526, "AdaNO": null, "ParselNO": null, "YapiNO": null, "PreviousIn": null }, "geometry": { "type": "MultiPolygon", "coordinates": [ [ [ [ 26.691521190956287, 39.319681436388869, 0.0 ], [ 26.69144775033087, 39.319707183585415, 0.0 ], [ 26.691434408610668, 39.319675159322713, 0.0 ], [ 26.691504732913231, 39.31965310821689, 0.0 ], [ 26.691521190956287, 39.319681436388869, 0.0 ] ] ] ] } },
{ "type": "Feature", "properties": { "fid": 2525, "AdaNO": null, "ParselNO": null, "YapiNO": null, "PreviousIn": null }, "geometry": { "type": "MultiPolygon", "coordinates": [ [ [ [ 26.69155666814498, 39.319669000043049, 0.0 ], [ 26.691521190956287, 39.319681436388869, 0.0 ], [ 26.691504732913231, 39.31965310821689, 0.0 ], [ 26.691543520659959, 39.319639510365647, 0.0 ], [ 26.69155666814498, 39.319669000043049, 0.0 ] ] ] ] } },
{ "type": "Feature", "properties": { "fid": 2533, "AdaNO": null, "ParselNO": null, "YapiNO": null, "PreviousIn": null }, "geometry": { "type": "MultiPolygon", "coordinates": [ [ [ [ 26.691936739833654, 39.319422791556399, 0.0 ], [ 26.691987365253983, 39.319406052172745, 0.0 ], [ 26.691965335997129, 39.319365853696127, 0.0 ], [ 26.691913207562102, 39.319379847263725, 0.0 ], [ 26.691936739833654, 39.319422791556399, 0.0 ] ] ] ] } },
{ "type": "Feature", "properties": { "fid": 2532, "AdaNO": null, "ParselNO": null, "YapiNO": null, "PreviousIn": null }, "geometry": { "type": "MultiPolygon", "coordinates": [ [ [ [ 26.691911294932563, 39.31948228558803, 0.0 ], [ 26.691940430057816, 39.319547520944162, 0.0 ], [ 26.692046834583291, 39.319509138943424, 0.0 ], [ 26.692011061936853, 39.319449297856067, 0.0 ], [ 26.691911294932563, 39.31948228558803, 0.0 ] ] ] ] } },
{ "type": "Feature", "properties": { "fid": 2539, "AdaNO": null, "ParselNO": null, "YapiNO": null, "PreviousIn": null }, "geometry": { "type": "MultiPolygon", "coordinates": [ [ [ [ 26.692263659058639, 39.319368015544477, 0.0 ], [ 26.692294178856205, 39.31935750280703, 0.0 ], [ 26.69225741467119, 39.319282849185754, 0.0 ], [ 26.69222122800084, 39.319293678571867, 0.0 ], [ 26.692263659058639, 39.319368015544477, 0.0 ] ] ] ] } },
{ "type": "Feature", "properties": { "fid": 2537, "AdaNO": null, "ParselNO": null, "YapiNO": null, "PreviousIn": null }, "geometry": { "type": "MultiPolygon", "coordinates": [ [ [ [ 26.692223921030283, 39.319450454417549, 0.0 ], [ 26.692296242036868, 39.31942509886391, 0.0 ], [ 26.69222122800084, 39.319293678571867, 0.0 ], [ 26.692168802565785, 39.319309370966934, 0.0 ], [ 26.692185079365018, 39.31933263338135, 0.0 ], [ 26.692151451269005, 39.319346832302308, 0.0 ], [ 26.6921823830017, 39.31938976529964, 0.0 ], [ 26.692223921030283, 39.319450454417549, 0.0 ] ] ] ] } },
{ "type": "Feature", "properties": { "fid": 2542, "AdaNO": null, "ParselNO": null, "YapiNO": null, "PreviousIn": null }, "geometry": { "type": "MultiPolygon", "coordinates": [ [ [ [ 26.692151451269005, 39.319346832302308, 0.0 ], [ 26.692185079365018, 39.31933263338135, 0.0 ], [ 26.692168802565785, 39.319309370966934, 0.0 ], [ 26.692132201459742, 39.319319963096838, 0.0 ], [ 26.692151451269005, 39.319346832302308, 0.0 ] ] ] ] } },
{ "type": "Feature", "properties": { "fid": 2541, "AdaNO": null, "ParselNO": null, "YapiNO": null, "PreviousIn": null }, "geometry": { "type": "MultiPolygon", "coordinates": [ [ [ [ 26.692132655867471, 39.319405864772854, 0.0 ], [ 26.6921823830017, 39.31938976529964, 0.0 ], [ 26.692132201459742, 39.319319963096838, 0.0 ], [ 26.692092433920958, 39.319330908283398, 0.0 ], [ 26.692132655867471, 39.319405864772854, 0.0 ] ] ] ] } },
{ "type": "Feature", "properties": { "fid": 2545, "AdaNO": null, "ParselNO": null, "YapiNO": null, "PreviousIn": null }, "geometry": { "type": "MultiPolygon", "coordinates": [ [ [ [ 26.691603177971743, 39.319345923321066, 0.0 ], [ 26.691692892541891, 39.31931919802868, 0.0 ], [ 26.691672666383475, 39.319278229180213, 0.0 ], [ 26.691579871804766, 39.319305873632608, 0.0 ], [ 26.691603177971743, 39.319345923321066, 0.0 ] ] ] ] } },
{ "type": "Feature", "properties": { "fid": 2544, "AdaNO": null, "ParselNO": null, "YapiNO": null, "PreviousIn": null }, "geometry": { "type": "MultiPolygon", "coordinates": [ [ [ [ 26.691692892541891, 39.31931919802868, 0.0 ], [ 26.691772660063229, 39.319295434288343, 0.0 ], [ 26.691749989894483, 39.319253190398442, 0.0 ], [ 26.691672666383475, 39.319278229180213, 0.0 ], [ 26.691692892541891, 39.31931919802868, 0.0 ] ] ] ] } },
{ "type": "Feature", "properties": { "fid": 2548, "AdaNO": null, "ParselNO": null, "YapiNO": null, "PreviousIn": null }, "geometry": { "type": "MultiPolygon", "coordinates": [ [ [ [ 26.691545655454441, 39.319247142758663, 0.0 ], [ 26.691724584074667, 39.319192003981861, 0.0 ], [ 26.691699409927804, 39.319142711667055, 0.0 ], [ 26.691521347185851, 39.319206112843844, 0.0 ], [ 26.691545655454441, 39.319247142758663, 0.0 ] ] ] ] } },
{ "type": "Feature", "properties": { "fid": 2547, "AdaNO": null, "ParselNO": null, "YapiNO": null, "PreviousIn": null }, "geometry": { "type": "MultiPolygon", "coordinates": [ [ [ [ 26.691579871804766, 39.319305873632608, 0.0 ], [ 26.691672666383475, 39.319278229180213, 0.0 ], [ 26.691750695083797, 39.319252962018233, 0.0 ], [ 26.691736099535703, 39.319220515829976, 0.0 ], [ 26.691560513965651, 39.319272609098014, 0.0 ], [ 26.691579871804766, 39.319305873632608, 0.0 ] ] ] ] } },
{ "type": "Feature", "properties": { "fid": 2604, "AdaNO": null, "ParselNO": null, "YapiNO": null, "PreviousIn": null }, "geometry": { "type": "MultiPolygon", "coordinates": [ [ [ [ 26.692011061936853, 39.319449297856067, 0.0 ], [ 26.69201976860889, 39.31944641754864, 0.0 ], [ 26.691998443854143, 39.319407501112245, 0.0 ], [ 26.691989736277822, 39.319410379620322, 0.0 ], [ 26.691987365253983, 39.319406052172745, 0.0 ], [ 26.691936739833654, 39.319422791556399, 0.0 ], [ 26.691913207562102, 39.319379847263725, 0.0 ], [ 26.691863915755718, 39.319394781561442, 0.0 ], [ 26.691911294932563, 39.31948228558803, 0.0 ], [ 26.692011061936853, 39.319449297856067, 0.0 ] ] ] ] } },
{ "type": "Feature", "properties": { "fid": 2552, "AdaNO": null, "ParselNO": null, "YapiNO": null, "PreviousIn": null }, "geometry": { "type": "MultiPolygon", "coordinates": [ [ [ [ 26.691983109751831, 39.319271345342891, 0.0 ], [ 26.691927018690954, 39.319153128757769, 0.0 ], [ 26.691984244701338, 39.319135285149443, 0.0 ], [ 26.692046306237334, 39.319254256863921, 0.0 ], [ 26.691983109751831, 39.319271345342891, 0.0 ] ] ] ] } },
{ "type": "Feature", "properties": { "fid": 10519, "AdaNO": null, "ParselNO": null, "YapiNO": null, "PreviousIn": null }, "geometry": { "type": "MultiPolygon", "coordinates": [ [ [ [ 26.693475449732645, 39.320783397654012, 0.0 ], [ 26.693425585291646, 39.320787255530277, 0.0 ], [ 26.693411634501224, 39.320700757030117, 0.0 ], [ 26.693464195523482, 39.320695640996085, 0.0 ], [ 26.693475449732645, 39.320783397654012, 0.0 ] ] ] ] } },
{ "type": "Feature", "properties": { "fid": 10518, "AdaNO": null, "ParselNO": null, "YapiNO": null, "PreviousIn": null }, "geometry": { "type": "MultiPolygon", "coordinates": [ [ [ [ 26.693526258978594, 39.320661145036127, 0.0 ], [ 26.693460671428802, 39.320668157016989, 0.0 ], [ 26.693475449732645, 39.320783397654012, 0.0 ], [ 26.693545452638038, 39.320777981142818, 0.0 ], [ 26.693526258978594, 39.320661145036127, 0.0 ] ] ] ] } },
{ "type": "Feature", "properties": { "fid": 10524, "AdaNO": null, "ParselNO": null, "YapiNO": null, "PreviousIn": null }, "geometry": { "type": "MultiPolygon", "coordinates": [ [ [ [ 26.690515354734778, 39.313148104249485, 0.0 ], [ 26.690484594467755, 39.3131872522005, 0.0 ], [ 26.690404431837813, 39.313153785097761, 0.0 ], [ 26.690437487359478, 39.313114262385163, 0.0 ], [ 26.690515354734778, 39.313148104249485, 0.0 ] ] ] ] } },
{ "type": "Feature", "properties": { "fid": 10523, "AdaNO": null, "ParselNO": null, "YapiNO": null, "PreviousIn": null }, "geometry": { "type": "MultiPolygon", "coordinates": [ [ [ [ 26.690285695539767, 39.313331852801774, 0.0 ], [ 26.690320962208798, 39.313355561391674, 0.0 ], [ 26.690290308280758, 39.313386848403582, 0.0 ], [ 26.69025301521247, 39.313367077949422, 0.0 ], [ 26.690285695539767, 39.313331852801774, 0.0 ] ] ] ] } },
{ "type": "Feature", "properties": { "fid": 10526, "AdaNO": null, "ParselNO": null, "YapiNO": null, "PreviousIn": null }, "geometry": { "type": "MultiPolygon", "coordinates": [ [ [ [ 26.690787734306198, 39.312772490453753, 0.0 ], [ 26.690810322822514, 39.31274068698697, 0.0 ], [ 26.690734635241736, 39.312708250931664, 0.0 ], [ 26.690712528048017, 39.312740905480041, 0.0 ], [ 26.690787734306198, 39.312772490453753, 0.0 ] ] ] ] } },
{ "type": "Feature", "properties": { "fid": 10525, "AdaNO": null, "ParselNO": null, "YapiNO": null, "PreviousIn": null }, "geometry": { "type": "MultiPolygon", "coordinates": [ [ [ [ 26.690549451476379, 39.313102429084488, 0.0 ], [ 26.690468763237636, 39.313066081144015, 0.0 ], [ 26.690502709961642, 39.313017447387224, 0.0 ], [ 26.69058662729228, 39.313056310930492, 0.0 ], [ 26.690549451476379, 39.313102429084488, 0.0 ] ] ] ] } },
{ "type": "Feature", "properties": { "fid": 10547, "AdaNO": null, "ParselNO": null, "YapiNO": null, "PreviousIn": null }, "geometry": { "type": "MultiPolygon", "coordinates": [ [ [ [ 26.690204506822795, 39.31312890269205, 0.0 ], [ 26.690258614229428, 39.313142469301653, 0.0 ], [ 26.690295581392572, 39.31309110626831, 0.0 ], [ 26.690246486125275, 39.313069992855631, 0.0 ], [ 26.690204506822795, 39.31312890269205, 0.0 ] ] ] ] } },
{ "type": "Feature", "properties": { "fid": 10546, "AdaNO": null, "ParselNO": null, "YapiNO": null, "PreviousIn": null }, "geometry": { "type": "MultiPolygon", "coordinates": [ [ [ [ 26.690169193697042, 39.313120050818185, 0.0 ], [ 26.690204506822795, 39.31312890269205, 0.0 ], [ 26.690246486125275, 39.313069992855631, 0.0 ], [ 26.690213637060531, 39.313056196997842, 0.0 ], [ 26.690169193697042, 39.313120050818185, 0.0 ] ] ] ] } },
{ "type": "Feature", "properties": { "fid": 10581, "AdaNO": null, "ParselNO": null, "YapiNO": null, "PreviousIn": null }, "geometry": { "type": "MultiPolygon", "coordinates": [ [ [ [ 26.691180792115993, 39.313066973037593, 0.0 ], [ 26.691237726129089, 39.313098442475003, 0.0 ], [ 26.691210497933099, 39.313132511337841, 0.0 ], [ 26.691152358327386, 39.313104474307323, 0.0 ], [ 26.691180792115993, 39.313066973037593, 0.0 ] ] ] ] } },
{ "type": "Feature", "properties": { "fid": 10548, "AdaNO": null, "ParselNO": null, "YapiNO": null, "PreviousIn": null }, "geometry": { "type": "MultiPolygon", "coordinates": [ [ [ [ 26.690295581392572, 39.31309110626831, 0.0 ], [ 26.690323744850847, 39.31305351432858, 0.0 ], [ 26.690282913317361, 39.313034424025112, 0.0 ], [ 26.69026333736457, 39.313025271460035, 0.0 ], [ 26.6902354388003, 39.313065353820029, 0.0 ], [ 26.690295581392572, 39.31309110626831, 0.0 ] ] ] ] } },
{ "type": "Feature", "properties": { "fid": 10583, "AdaNO": null, "ParselNO": null, "YapiNO": null, "PreviousIn": null }, "geometry": { "type": "MultiPolygon", "coordinates": [ [ [ [ 26.691134413896435, 39.313044295395265, 0.0 ], [ 26.691180792115993, 39.313066973037593, 0.0 ], [ 26.691147038316227, 39.3131114903141, 0.0 ], [ 26.69110170679841, 39.313096506033276, 0.0 ], [ 26.69111301582927, 39.313075860140721, 0.0 ], [ 26.691134413896435, 39.313044295395265, 0.0 ] ] ] ] } },
{ "type": "Feature", "properties": { "fid": 10582, "AdaNO": null, "ParselNO": null, "YapiNO": null, "PreviousIn": null }, "geometry": { "type": "MultiPolygon", "coordinates": [ [ [ [ 26.691152358327386, 39.313104474307323, 0.0 ], [ 26.691131472894252, 39.313132020396793, 0.0 ], [ 26.691188386590913, 39.31316018277122, 0.0 ], [ 26.691210497933099, 39.313132511337841, 0.0 ], [ 26.691152358327386, 39.313104474307323, 0.0 ] ] ] ] } },
{ "type": "Feature", "properties": { "fid": 1026, "AdaNO": "204", "ParselNO": "14", "YapiNO": "204014", "PreviousIn": " " }, "geometry": { "type": "MultiPolygon", "coordinates": [ [ [ [ 26.693610344365634, 39.321912024381909, 0.0 ], [ 26.693575501402311, 39.321845712114992, 0.0 ], [ 26.693448935746279, 39.321883999152163, 0.0 ], [ 26.693479818449713, 39.321947268320841, 0.0 ], [ 26.693610344365634, 39.321912024381909, 0.0 ] ] ] ] } },
{ "type": "Feature", "properties": { "fid": 1036, "AdaNO": "204", "ParselNO": "01", "YapiNO": "204001", "PreviousIn": " " }, "geometry": { "type": "MultiPolygon", "coordinates": [ [ [ [ 26.693630783421316, 39.321969043415471, 0.0 ], [ 26.693610344365634, 39.321912024381909, 0.0 ], [ 26.693479818449713, 39.321947268320841, 0.0 ], [ 26.693502161198861, 39.321996860917729, 0.0 ], [ 26.693630783421316, 39.321969043415471, 0.0 ] ] ] ] } },
{ "type": "Feature", "properties": { "fid": null, "AdaNO": null, "ParselNO": null, "YapiNO": null, "PreviousIn": null }, "geometry": { "type": "MultiPolygon", "coordinates": [ [ [ [ 26.694505279513045, 39.324414595221874, 0.0 ], [ 26.69448480322832, 39.324375539716215, 0.0 ], [ 26.694679875009523, 39.324300572430644, 0.0 ], [ 26.694705509442304, 39.324337814253511, 0.0 ], [ 26.694566314255134, 39.324393338557044, 0.0 ], [ 26.694505279513045, 39.324414595221874, 0.0 ] ] ] ] } },
{ "type": "Feature", "properties": { "fid": null, "AdaNO": null, "ParselNO": null, "YapiNO": null, "PreviousIn": null }, "geometry": { "type": "MultiPolygon", "coordinates": [ [ [ [ 26.697655501210374, 39.325304643728344, 0.0 ], [ 26.697636585957987, 39.325245254630964, 0.0 ], [ 26.697717508221178, 39.325226917758236, 0.0 ], [ 26.697735530659074, 39.325285297596757, 0.0 ], [ 26.697735530659074, 39.325285297596757, 0.0 ], [ 26.697655501210374, 39.325304643728344, 0.0 ] ] ] ] } },
{ "type": "Feature", "properties": { "fid": null, "AdaNO": null, "ParselNO": null, "YapiNO": null, "PreviousIn": null }, "geometry": { "type": "MultiPolygon", "coordinates": [ [ [ [ 26.69731811143502, 39.324376325663295, 0.0 ], [ 26.697411895945212, 39.324349240718099, 0.0 ], [ 26.697442532218549, 39.324415985742732, 0.0 ], [ 26.697351901936397, 39.324445874197032, 0.0 ], [ 26.69731811143502, 39.324376325663295, 0.0 ] ] ] ] } },
{ "type": "Feature", "properties": { "fid": null, "AdaNO": null, "ParselNO": null, "YapiNO": null, "PreviousIn": null }, "geometry": { "type": "MultiPolygon", "coordinates": [ [ [ [ 26.697115197152705, 39.324145003055392, 0.0 ], [ 26.697055588880719, 39.324172061298974, 0.0 ], [ 26.697091566787986, 39.324224443868594, 0.0 ], [ 26.697155475940686, 39.32419843658861, 0.0 ], [ 26.697115197152705, 39.324145003055392, 0.0 ] ] ] ] } },
{ "type": "Feature", "properties": { "fid": null, "AdaNO": null, "ParselNO": null, "YapiNO": null, "PreviousIn": null }, "geometry": { "type": "MultiPolygon", "coordinates": [ [ [ [ 26.699542199998596, 39.318738412653666, 0.0 ], [ 26.699552939543349, 39.318706265466304, 0.0 ], [ 26.69942, 39.31868, 0.0 ], [ 26.699411123320719, 39.318712547842033, 0.0 ], [ 26.699542199998596, 39.318738412653666, 0.0 ] ] ] ] } },
{ "type": "Feature", "properties": { "fid": null, "AdaNO": null, "ParselNO": null, "YapiNO": null, "PreviousIn": null }, "geometry": { "type": "MultiPolygon", "coordinates": [ [ [ [ 26.699555523110185, 39.318956256360302, 0.0 ], [ 26.699353585483536, 39.318899243550867, 0.0 ], [ 26.699369857854805, 39.31885042644835, 0.0 ], [ 26.699574967651436, 39.318908341945935, 0.0 ], [ 26.699555523110185, 39.318956256360302, 0.0 ] ] ] ] } },
{ "type": "Feature", "properties": { "fid": null, "AdaNO": null, "ParselNO": null, "YapiNO": null, "PreviousIn": null }, "geometry": { "type": "MultiPolygon", "coordinates": [ [ [ [ 26.69939, 39.31879, 0.0 ], [ 26.699495749150064, 39.318813627309375, 0.0 ], [ 26.69948926763632, 39.318839255988387, 0.0 ], [ 26.699378845008503, 39.318823464988007, 0.0 ], [ 26.69939, 39.31879, 0.0 ] ] ] ] } },
{ "type": "Feature", "properties": { "fid": null, "AdaNO": null, "ParselNO": null, "YapiNO": null, "PreviousIn": null }, "geometry": { "type": "MultiPolygon", "coordinates": [ [ [ [ 26.697017898388758, 39.327418243645461, 0.0 ], [ 26.697071283874838, 39.327390924979348, 0.0 ], [ 26.69721, 39.32756, 0.0 ], [ 26.697152176372988, 39.327587165346515, 0.0 ], [ 26.697017898388758, 39.327418243645461, 0.0 ] ] ] ] } },
{ "type": "Feature", "properties": { "fid": null, "AdaNO": null, "ParselNO": null, "YapiNO": null, "PreviousIn": null }, "geometry": { "type": "MultiPolygon", "coordinates": [ [ [ [ 26.696419157286666, 39.324240771007595, 9000.0 ], [ 26.69635, 39.32417, 0.0 ], [ 26.696380275652967, 39.324152508817484, 0.0 ], [ 26.696405567589437, 39.324178790374553, 0.0 ], [ 26.696420667253012, 39.324169445822058, 0.0 ], [ 26.696448412884827, 39.324197479475828, 9000.0 ], [ 26.69642746210161, 39.324208284110213, 0.0 ], [ 26.696444460365058, 39.324223863077187, 0.0 ], [ 26.696419157286666, 39.324240771007595, 9000.0 ] ] ] ] } },
{ "type": "Feature", "properties": { "fid": null, "AdaNO": null, "ParselNO": null, "YapiNO": null, "PreviousIn": null }, "geometry": { "type": "MultiPolygon", "coordinates": [ [ [ [ 26.696453152234543, 39.324194669132268, 0.0 ], [ 26.69641, 39.32415, 0.0 ], [ 26.69646, 39.32412, 0.0 ], [ 26.696503821799702, 39.324164623044162, 8085.322234504003973 ], [ 26.696453152234543, 39.324194669132268, 0.0 ] ] ] ] } },
{ "type": "Feature", "properties": { "fid": null, "AdaNO": null, "ParselNO": null, "YapiNO": null, "PreviousIn": null }, "geometry": { "type": "MultiPolygon", "coordinates": [ [ [ [ 26.694342369019481, 39.314515592041893, 0.0 ], [ 26.694310872761033, 39.314464317655158, 0.0 ], [ 26.694369928245621, 39.314442487954352, 0.0 ], [ 26.694385676374843, 39.314462286985609, 0.0 ], [ 26.694396831299709, 39.314458733313742, 0.0 ], [ 26.694415860289183, 39.314490208686834, 0.0 ], [ 26.694342369019481, 39.314515592041893, 0.0 ] ] ] ] } },
{ "type": "Feature", "properties": { "fid": null, "AdaNO": null, "ParselNO": null, "YapiNO": null, "PreviousIn": null }, "geometry": { "type": "MultiPolygon", "coordinates": [ [ [ [ 26.695583577438168, 39.315260255732142, 0.0 ], [ 26.695509605209761, 39.315039740165069, 0.0 ], [ 26.695600203085274, 39.315025217099951, 0.0 ], [ 26.695612294464983, 39.315061466890732, 0.0 ], [ 26.695823391556015, 39.315028976883923, 0.0 ], [ 26.695836586506786, 39.315074984509273, 0.0 ], [ 26.695876841552611, 39.315067763910783, 0.0 ], [ 26.695890018342794, 39.315108679291718, 0.0 ], [ 26.695848236965428, 39.315116330307632, 0.0 ], [ 26.69586319059405, 39.315167292785439, 0.0 ], [ 26.695657637138908, 39.315202957829911, 0.0 ], [ 26.695669728518627, 39.315245054252451, 0.0 ], [ 26.695583577438168, 39.315260255732142, 0.0 ] ] ] ] } },
{ "type": "Feature", "properties": { "fid": null, "AdaNO": null, "ParselNO": null, "YapiNO": null, "PreviousIn": null }, "geometry": { "type": "MultiPolygon", "coordinates": [ [ [ [ 26.69547, 39.32012, 0.0 ], [ 26.695402646219868, 39.320091843999883, 0.0 ], [ 26.695438319564953, 39.320054003923325, 0.0 ], [ 26.695509258947983, 39.320089006120057, 0.0 ], [ 26.69547, 39.32012, 0.0 ] ] ] ] } },
{ "type": "Feature", "properties": { "fid": null, "AdaNO": null, "ParselNO": null, "YapiNO": null, "PreviousIn": null }, "geometry": { "type": "MultiPolygon", "coordinates": [ [ [ [ 26.695438319564953, 39.320054003923325, 0.0 ], [ 26.695478408239321, 39.320016731031878, 3.31859580020944 ], [ 26.695549314608005, 39.320056319533478, 29.281487805993713 ], [ 26.695509258947983, 39.320089006120057, 0.0 ], [ 26.695438319564953, 39.320054003923325, 0.0 ] ] ] ] } },
{ "type": "Feature", "properties": { "fid": null, "AdaNO": null, "ParselNO": null, "YapiNO": null, "PreviousIn": null }, "geometry": { "type": "MultiPolygon", "coordinates": [ [ [ [ 26.695478408239321, 39.320016731031878, 3.31859580020944 ], [ 26.695534609271586, 39.31997172287295, 0.0 ], [ 26.695595497049688, 39.320018206082082, 0.0 ], [ 26.695549314608005, 39.320056319533478, 29.281487805993713 ], [ 26.695478408239321, 39.320016731031878, 3.31859580020944 ] ] ] ] } },
{ "type": "Feature", "properties": { "fid": null, "AdaNO": null, "ParselNO": null, "YapiNO": null, "PreviousIn": null }, "geometry": { "type": "MultiPolygon", "coordinates": [ [ [ [ 26.695534609271586, 39.31997172287295, 0.0 ], [ 26.695598439225957, 39.319927058844748, 0.0 ], [ 26.695648422305513, 39.319974527894651, 0.0 ], [ 26.695595497049688, 39.320018206082082, 0.0 ], [ 26.695534609271586, 39.31997172287295, 0.0 ] ] ] ] } },
{ "type": "Feature", "properties": { "fid": null, "AdaNO": null, "ParselNO": null, "YapiNO": null, "PreviousIn": null }, "geometry": { "type": "MultiPolygon", "coordinates": [ [ [ [ 26.69054, 39.31537, 0.0 ], [ 26.69047, 39.31528, 0.0 ], [ 26.690600308817661, 39.315229269590418, 0.0 ], [ 26.69066, 39.31532, 0.0 ], [ 26.69054, 39.31537, 0.0 ] ] ] ] } },
{ "type": "Feature", "properties": { "fid": null, "AdaNO": null, "ParselNO": null, "YapiNO": null, "PreviousIn": null }, "geometry": { "type": "MultiPolygon", "coordinates": [ [ [ [ 26.69047, 39.31528, 0.0 ], [ 26.6904, 39.31516, 0.0 ], [ 26.690384421125071, 39.315093263376788, 0.0 ], [ 26.690486285837626, 39.315055954691999, 0.0 ], [ 26.690600308817661, 39.315229269590418, 0.0 ], [ 26.69047, 39.31528, 0.0 ] ] ] ] } },
{ "type": "Feature", "properties": { "fid": null, "AdaNO": null, "ParselNO": null, "YapiNO": null, "PreviousIn": null }, "geometry": { "type": "MultiPolygon", "coordinates": [ [ [ [ 26.690384421125071, 39.315093263376788, 0.0 ], [ 26.690486285837626, 39.315055954691999, 0.0 ], [ 26.69041, 39.31494, 0.0 ], [ 26.69036, 39.31495, 0.0 ], [ 26.690384421125071, 39.315093263376788, 0.0 ] ] ] ] } },
{ "type": "Feature", "properties": { "fid": null, "AdaNO": null, "ParselNO": null, "YapiNO": null, "PreviousIn": null }, "geometry": { "type": "MultiPolygon", "coordinates": [ [ [ [ 26.690801508131933, 39.315805713746357, 0.0 ], [ 26.690590347745154, 39.315499541953805, 0.0 ], [ 26.69067577214593, 39.315452218092972, 0.0 ], [ 26.690894719861696, 39.315752939512478, 0.0 ], [ 26.690801508131933, 39.315805713746357, 0.0 ] ] ] ] } },
{ "type": "Feature", "properties": { "fid": null, "AdaNO": null, "ParselNO": null, "YapiNO": null, "PreviousIn": null }, "geometry": { "type": "MultiPolygon", "coordinates": [ [ [ [ 26.690894719861696, 39.315752939512478, 0.0 ], [ 26.690852214251258, 39.315694558792103, 0.0 ], [ 26.690882478103354, 39.315674966331095, 0.0 ], [ 26.690933353275966, 39.315726044005984, 0.0 ], [ 26.690894719861696, 39.315752939512478, 0.0 ] ] ] ] } },
{ "type": "Feature", "properties": { "fid": null, "AdaNO": null, "ParselNO": null, "YapiNO": null, "PreviousIn": null }, "geometry": { "type": "MultiPolygon", "coordinates": [ [ [ [ 26.690933353275966, 39.315726044005984, 0.0 ], [ 26.690882478103354, 39.315674966331095, 0.0 ], [ 26.690909898281376, 39.315657831876415, 0.0 ], [ 26.690967849960504, 39.315702028366722, 0.0 ], [ 26.690933353275966, 39.315726044005984, 0.0 ] ] ] ] } },
{ "type": "Feature", "properties": { "fid": null, "AdaNO": null, "ParselNO": null, "YapiNO": null, "PreviousIn": null }, "geometry": { "type": "MultiPolygon", "coordinates": [ [ [ [ 26.690967849960504, 39.315702028366722, 0.0 ], [ 26.690909898281376, 39.315657831876415, 0.0 ], [ 26.691056768588673, 39.315531390957645, 0.0 ], [ 26.691128802239884, 39.3155929329046, 0.0 ], [ 26.690967849960504, 39.315702028366722, 0.0 ] ] ] ] } },
{ "type": "Feature", "properties": { "fid": null, "AdaNO": null, "ParselNO": null, "YapiNO": null, "PreviousIn": null }, "geometry": { "type": "MultiPolygon", "coordinates": [ [ [ [ 26.690949094818333, 39.315624087527716, 0.0 ], [ 26.690825528502842, 39.315525651656415, 0.0 ], [ 26.690937318459412, 39.315453849950771, 0.0 ], [ 26.690974230237519, 39.315458745523955, 0.0 ], [ 26.691056768588673, 39.315531390957645, 0.0 ], [ 26.690949094818333, 39.315624087527716, 0.0 ] ] ] ] } },
{ "type": "Feature", "properties": { "fid": null, "AdaNO": null, "ParselNO": null, "YapiNO": null, "PreviousIn": null }, "geometry": { "type": "MultiPolygon", "coordinates": [ [ [ [ 26.691445814560272, 39.317014804140562, 0.0 ], [ 26.691438686754669, 39.316950418056109, 0.0 ], [ 26.691350003298737, 39.316956842271622, 0.0 ], [ 26.691353040541664, 39.31702, 0.0 ], [ 26.691445814560272, 39.317014804140562, 0.0 ] ] ] ] } },
{ "type": "Feature", "properties": { "fid": null, "AdaNO": null, "ParselNO": null, "YapiNO": null, "PreviousIn": null }, "geometry": { "type": "MultiPolygon", "coordinates": [ [ [ [ 26.691584968719489, 39.316939821412426, 0.0 ], [ 26.691574397168988, 39.316872695815135, 0.0 ], [ 26.691322638550638, 39.316895831308862, 0.0 ], [ 26.691330110825, 39.316957959192202, 0.0 ], [ 26.691584968719489, 39.316939821412426, 0.0 ] ] ] ] } },
{ "type": "Feature", "properties": { "fid": null, "AdaNO": null, "ParselNO": null, "YapiNO": null, "PreviousIn": null }, "geometry": { "type": "MultiPolygon", "coordinates": [ [ [ [ 26.691584968719489, 39.316939821412426, 0.0 ], [ 26.691696398451842, 39.316931749458178, 0.0 ], [ 26.691689735056784, 39.31686209677531, 0.0 ], [ 26.691574397168985, 39.316872695815135, 0.0 ], [ 26.691584968719489, 39.316939821412426, 0.0 ] ] ] ] } },
{ "type": "Feature", "properties": { "fid": null, "AdaNO": null, "ParselNO": null, "YapiNO": null, "PreviousIn": null }, "geometry": { "type": "MultiPolygon", "coordinates": [ [ [ [ 26.691625827669572, 39.317289513935194, 0.0 ], [ 26.69162279347751, 39.317237577127315, 0.0 ], [ 26.691713770046153, 39.317235692377679, 0.0 ], [ 26.691715252057381, 39.317291579617226, 0.0 ], [ 26.691625827669572, 39.317289513935194, 0.0 ] ] ] ] } },
{ "type": "Feature", "properties": { "fid": null, "AdaNO": null, "ParselNO": null, "YapiNO": null, "PreviousIn": null }, "geometry": { "type": "MultiPolygon", "coordinates": [ [ [ [ 26.691466123245913, 39.31742066789613, 0.0 ], [ 26.691467806924848, 39.317454008128045, 0.0 ], [ 26.691403653436875, 39.317453194485942, 0.0 ], [ 26.691404705133397, 39.317419835151505, 0.0 ], [ 26.691466123245913, 39.31742066789613, 0.0 ] ] ] ] } },
{ "type": "Feature", "properties": { "fid": null, "AdaNO": null, "ParselNO": null, "YapiNO": null, "PreviousIn": null }, "geometry": { "type": "MultiPolygon", "coordinates": [ [ [ [ 26.691604996316215, 39.317457562540476, 0.0 ], [ 26.691600846535135, 39.317531914315701, 0.0 ], [ 26.691717107375123, 39.317534168489544, 0.0 ], [ 26.691720309619296, 39.317498356721089, 0.0 ], [ 26.691684982257065, 39.317498148198034, 0.0 ], [ 26.691687548066685, 39.31745970135713, 0.0 ], [ 26.691604996316215, 39.317457562540476, 0.0 ] ] ] ] } },
{ "type": "Feature", "properties": { "fid": null, "AdaNO": null, "ParselNO": null, "YapiNO": null, "PreviousIn": null }, "geometry": { "type": "MultiPolygon", "coordinates": [ [ [ [ 26.695818528235211, 39.325561769576019, 0.0 ], [ 26.695866407480054, 39.325618638718701, 0.0 ], [ 26.695977054107498, 39.32557005976205, 0.0 ], [ 26.695932757471915, 39.325509112859429, 0.0 ], [ 26.695818528235211, 39.325561769576019, 0.0 ] ] ] ] } },
{ "type": "Feature", "properties": { "fid": null, "AdaNO": null, "ParselNO": null, "YapiNO": null, "PreviousIn": null }, "geometry": { "type": "MultiPolygon", "coordinates": [ [ [ [ 26.69682937507314, 39.325223546480551, 0.0 ], [ 26.696930125997874, 39.325187226911559, 0.0 ], [ 26.696995359352851, 39.32529322703342, 0.0 ], [ 26.6969, 39.32533, 0.0 ], [ 26.69682937507314, 39.325223546480551, 0.0 ] ] ] ] } },
{ "type": "Feature", "properties": { "fid": null, "AdaNO": null, "ParselNO": null, "YapiNO": null, "PreviousIn": null }, "geometry": { "type": "MultiPolygon", "coordinates": [ [ [ [ 26.696503398962445, 39.322843831026006, 0.0 ], [ 26.696513321745048, 39.322906151179595, 0.0 ], [ 26.696576478725714, 39.322902819992137, 0.0 ], [ 26.696563020578466, 39.322839247600356, 0.0 ], [ 26.696503398962445, 39.322843831026006, 0.0 ] ] ] ] } },
{ "type": "Feature", "properties": { "fid": null, "AdaNO": null, "ParselNO": null, "YapiNO": null, "PreviousIn": null }, "geometry": { "type": "MultiPolygon", "coordinates": [ [ [ [ 26.69651390508071, 39.322611571821355, 0.0 ], [ 26.696512521056604, 39.322606470303057, 0.0 ], [ 26.696499962793418, 39.322570659758611, 0.0 ], [ 26.696547131617635, 39.322560433395665, 0.0 ], [ 26.696562381212043, 39.322601697699724, 0.0 ], [ 26.69651390508071, 39.322611571821355, 0.0 ] ] ] ] } },
{ "type": "Feature", "properties": { "fid": null, "AdaNO": null, "ParselNO": null, "YapiNO": null, "PreviousIn": null }, "geometry": { "type": "MultiPolygon", "coordinates": [ [ [ [ 26.696443266467707, 39.322581818421234, 0.0 ], [ 26.696499962793414, 39.322570659758611, 0.0 ], [ 26.69648175617337, 39.322519232496319, 0.0 ], [ 26.696423291957583, 39.322530180655178, 0.0 ], [ 26.696443266467707, 39.322581818421234, 0.0 ] ] ] ] } },
{ "type": "Feature", "properties": { "fid": null, "AdaNO": null, "ParselNO": null, "YapiNO": null, "PreviousIn": null }, "geometry": { "type": "MultiPolygon", "coordinates": [ [ [ [ 26.69598640386825, 39.320857741261534, 0.0 ], [ 26.695981483474743, 39.320945226366455, 0.0 ], [ 26.696015288604418, 39.32094447198358, 0.0 ], [ 26.696020164344272, 39.320859981049772, 0.0 ], [ 26.69598640386825, 39.320857741261534, 0.0 ] ] ] ] } },
{ "type": "Feature", "properties": { "fid": null, "AdaNO": null, "ParselNO": null, "YapiNO": null, "PreviousIn": null }, "geometry": { "type": "MultiPolygon", "coordinates": [ [ [ [ 26.696016029786179, 39.32093162816718, 0.0 ], [ 26.696065346200285, 39.320929132863291, 0.0 ], [ 26.696065346200285, 39.320860986894829, 0.0 ], [ 26.696020164344269, 39.320859981049772, 0.0 ], [ 26.696016029786179, 39.32093162816718, 0.0 ] ] ] ] } },
{ "type": "Feature", "properties": { "fid": null, "AdaNO": null, "ParselNO": null, "YapiNO": null, "PreviousIn": null }, "geometry": { "type": "MultiPolygon", "coordinates": [ [ [ [ 26.696555352725124, 39.320264874313182, 0.0 ], [ 26.696658842418934, 39.320178437951157, 0.0 ], [ 26.69669822943878, 39.320217911378457, 0.0 ], [ 26.696596750471254, 39.320292482897948, 0.0 ], [ 26.696555352725124, 39.320264874313182, 0.0 ] ] ] ] } },
{ "type": "Feature", "properties": { "fid": null, "AdaNO": null, "ParselNO": null, "YapiNO": null, "PreviousIn": null }, "geometry": { "type": "MultiPolygon", "coordinates": [ [ [ [ 26.696631724429196, 39.320217387521929, 0.0 ], [ 26.696553718007699, 39.320159698058518, 0.0 ], [ 26.696589246821127, 39.320126305060683, 0.0 ], [ 26.696667983793461, 39.320187599382066, 0.0 ], [ 26.696631724429196, 39.320217387521929, 0.0 ] ] ] ] } },
{ "type": "Feature", "properties": { "fid": null, "AdaNO": null, "ParselNO": null, "YapiNO": null, "PreviousIn": null }, "geometry": { "type": "MultiPolygon", "coordinates": [ [ [ [ 26.696665853592052, 39.320344097980659, 0.0 ], [ 26.696723977165185, 39.32039090741393, 0.0 ], [ 26.696769657436775, 39.320358329328606, 0.0 ], [ 26.696711154991824, 39.320315201675854, 0.0 ], [ 26.696665853592052, 39.320344097980659, 0.0 ] ] ] ] } },
{ "type": "Feature", "properties": { "fid": null, "AdaNO": null, "ParselNO": null, "YapiNO": null, "PreviousIn": null }, "geometry": { "type": "MultiPolygon", "coordinates": [ [ [ [ 26.696611855580276, 39.320058923202446, 0.0 ], [ 26.696701784513174, 39.320142356423112, 0.0 ], [ 26.696773143074921, 39.32010034514105, 0.0 ], [ 26.696878861836058, 39.320085970419939, 0.0 ], [ 26.696894564429421, 39.320068853048149, 0.0 ], [ 26.696817901214626, 39.320047608220392, 0.0 ], [ 26.696740592621499, 39.319963809344955, 0.0 ], [ 26.696611855580276, 39.320058923202446, 0.0 ] ] ] ] } },
{ "type": "Feature", "properties": { "fid": null, "AdaNO": null, "ParselNO": null, "YapiNO": null, "PreviousIn": null }, "geometry": { "type": "MultiPolygon", "coordinates": [ [ [ [ 26.69701, 39.31989, 0.0 ], [ 26.697053731625751, 39.319885531255295, 0.0 ], [ 26.69706372418516, 39.319930257399676, 0.0 ], [ 26.697018764658882, 39.319934397960864, 0.0 ], [ 26.69701, 39.31989, 0.0 ] ] ] ] } },
{ "type": "Feature", "properties": { "fid": null, "AdaNO": null, "ParselNO": null, "YapiNO": null, "PreviousIn": null }, "geometry": { "type": "MultiPolygon", "coordinates": [ [ [ [ 26.696467726976376, 39.319925571093556, 0.0 ], [ 26.696425970934179, 39.319882923776433, 0.0 ], [ 26.696472385300815, 39.319856285705157, 0.0 ], [ 26.696513856418459, 39.319898548028689, 0.0 ], [ 26.696467726976376, 39.319925571093556, 0.0 ] ] ] ] } },
{ "type": "Feature", "properties": { "fid": null, "AdaNO": null, "ParselNO": null, "YapiNO": null, "PreviousIn": null }, "geometry": { "type": "MultiPolygon", "coordinates": [ [ [ [ 26.697296693343286, 39.319787150115289, 0.0 ], [ 26.697335186450378, 39.319785677918496, 0.0 ], [ 26.697339546656465, 39.319746270073274, 0.0 ], [ 26.697295880662917, 39.319746269580264, 0.0 ], [ 26.697296693343286, 39.319787150115289, 0.0 ] ] ] ] } },
{ "type": "Feature", "properties": { "fid": null, "AdaNO": null, "ParselNO": null, "YapiNO": null, "PreviousIn": null }, "geometry": { "type": "MultiPolygon", "coordinates": [ [ [ [ 26.69729533762872, 39.319710418554124, 0.0 ], [ 26.697370002128828, 39.3197117269602, 0.0 ], [ 26.697377870345893, 39.319651431986962, 0.0 ], [ 26.69730033044786, 39.319653479918507, 0.0 ], [ 26.69729533762872, 39.319710418554124, 0.0 ] ] ] ] } },
{ "type": "Feature", "properties": { "fid": null, "AdaNO": null, "ParselNO": null, "YapiNO": null, "PreviousIn": null }, "geometry": { "type": "MultiPolygon", "coordinates": [ [ [ [ 26.697234834255912, 39.319610593185608, 0.0 ], [ 26.69723689253253, 39.319581172125567, 0.0 ], [ 26.697279059869533, 39.319579990782408, 0.0 ], [ 26.697277674675938, 39.319593564616881, 0.0 ], [ 26.697259667159226, 39.319593921823, 0.0 ], [ 26.69725828298516, 39.319610464424635, 0.0 ], [ 26.697234834255912, 39.319610593185608, 0.0 ] ] ] ] } },
{ "type": "Feature", "properties": { "fid": null, "AdaNO": null, "ParselNO": null, "YapiNO": null, "PreviousIn": null }, "geometry": { "type": "MultiPolygon", "coordinates": [ [ [ [ 26.697939797213849, 39.319773417675016, 0.0 ], [ 26.697951076839455, 39.319696058002471, 0.0 ], [ 26.698065667414639, 39.319705429202997, 0.0 ], [ 26.698053881521275, 39.319782812268308, 0.0 ], [ 26.697939797213849, 39.319773417675016, 0.0 ] ] ] ] } },
{ "type": "Feature", "properties": { "fid": null, "AdaNO": null, "ParselNO": null, "YapiNO": null, "PreviousIn": null }, "geometry": { "type": "MultiPolygon", "coordinates": [ [ [ [ 26.698016744471012, 39.319698666568158, 0.0 ], [ 26.698021523635891, 39.319655182648113, 0.0 ], [ 26.698078778304435, 39.319655539853947, 0.0 ], [ 26.698080625229231, 39.319642680443252, 0.0 ], [ 26.698150864949039, 39.319644780573491, 0.0 ], [ 26.69813418604819, 39.319723051721212, 0.0 ], [ 26.69807046714287, 39.319716622022383, 0.0 ], [ 26.698071314658463, 39.31970394584603, 0.0 ], [ 26.698016744471012, 39.319698666568158, 0.0 ] ] ] ] } },
{ "type": "Feature", "properties": { "fid": null, "AdaNO": null, "ParselNO": null, "YapiNO": null, "PreviousIn": null }, "geometry": { "type": "MultiPolygon", "coordinates": [ [ [ [ 26.69786610109476, 39.319563503276072, 0.0 ], [ 26.697980211431037, 39.319578951248531, 0.0 ], [ 26.697989087019224, 39.319537885088302, 0.0 ], [ 26.69787515484612, 39.319525025655985, 0.0 ], [ 26.69786610109476, 39.319563503276072, 0.0 ] ] ] ] } },
{ "type": "Feature", "properties": { "fid": null, "AdaNO": null, "ParselNO": null, "YapiNO": null, "PreviousIn": null }, "geometry": { "type": "MultiPolygon", "coordinates": [ [ [ [ 26.700326592026446, 39.31818507748271, 0.0 ], [ 26.700364289100293, 39.318185456235064, 0.0 ], [ 26.700377507554755, 39.318326351971102, 0.0 ], [ 26.700376038837589, 39.318339987027279, 0.0 ], [ 26.700292811531696, 39.318333927002641, 0.0 ], [ 26.700295602945349, 39.318267296498156, 0.0 ], [ 26.700328550315998, 39.318265751689324, 0.0 ], [ 26.700326592026446, 39.31818507748271, 0.0 ] ] ] ] } },
{ "type": "Feature", "properties": { "fid": null, "AdaNO": null, "ParselNO": null, "YapiNO": null, "PreviousIn": null }, "geometry": { "type": "MultiPolygon", "coordinates": [ [ [ [ 26.699475202934103, 39.317494505292196, 0.0 ], [ 26.699477880044107, 39.317582321468578, 0.0 ], [ 26.699582229175057, 39.317568241092104, 0.0 ], [ 26.699582303025355, 39.317507164904484, 0.0 ], [ 26.699529308105493, 39.317509359921878, 0.0 ], [ 26.699528745134259, 39.317495333747203, 0.0 ], [ 26.699475202934103, 39.317494505292196, 0.0 ] ] ] ] } },
{ "type": "Feature", "properties": { "fid": null, "AdaNO": null, "ParselNO": null, "YapiNO": null, "PreviousIn": null }, "geometry": { "type": "MultiPolygon", "coordinates": [ [ [ [ 26.698715214854364, 39.317274285188958, 0.0 ], [ 26.69879937220232, 39.317274285188958, 0.0 ], [ 26.698790021385875, 39.317341201986032, 0.0 ], [ 26.698710539446143, 39.317338489144149, 0.0 ], [ 26.698715214854364, 39.317274285188958, 0.0 ] ] ] ] } },
{ "type": "Feature", "properties": { "fid": null, "AdaNO": null, "ParselNO": null, "YapiNO": null, "PreviousIn": null }, "geometry": { "type": "MultiPolygon", "coordinates": [ [ [ [ 26.698633102997508, 39.317308873946793, 0.0 ], [ 26.698712539692472, 39.317311021234204, 0.0 ], [ 26.698709370594091, 39.317364713277918, 0.0 ], [ 26.698629304228334, 39.317362000436958, 0.0 ], [ 26.698633102997508, 39.317308873946793, 0.0 ] ] ] ] } },
{ "type": "Feature", "properties": { "fid": null, "AdaNO": null, "ParselNO": null, "YapiNO": null, "PreviousIn": null }, "geometry": { "type": "MultiPolygon", "coordinates": [ [ [ [ 26.695602749397079, 39.32134253051364, 0.0 ], [ 26.695588631591935, 39.321346099559499, 0.0 ], [ 26.695555796394057, 39.321303995779417, 0.0 ], [ 26.695536904910341, 39.321307823396822, 0.0 ], [ 26.695512615859862, 39.321283813793201, 0.0 ], [ 26.695477981473065, 39.321297732405007, 0.0 ], [ 26.695559504389944, 39.321406916694556, 0.0 ], [ 26.695620863888319, 39.321391806508274, 0.0 ], [ 26.695602749397079, 39.32134253051364, 0.0 ] ] ] ] } },
{ "type": "Feature", "properties": { "fid": null, "AdaNO": null, "ParselNO": null, "YapiNO": null, "PreviousIn": null }, "geometry": { "type": "MultiPolygon", "coordinates": [ [ [ [ 26.695653751322688, 39.321059222599935, 0.0 ], [ 26.695695925506687, 39.321056766859968, 0.0 ], [ 26.695690937162343, 39.321030104534763, 0.0 ], [ 26.69570816962462, 39.321027648793759, 0.0 ], [ 26.695704541737829, 39.321005547120976, 0.0 ], [ 26.695688669733094, 39.321007301222252, 0.0 ], [ 26.69568549533215, 39.320974324111006, 0.0 ], [ 26.69564, 39.320979937237418, 0.0 ], [ 26.695653751322688, 39.321059222599935, 0.0 ] ] ] ] } },
{ "type": "Feature", "properties": { "fid": null, "AdaNO": null, "ParselNO": null, "YapiNO": null, "PreviousIn": null }, "geometry": { "type": "MultiPolygon", "coordinates": [ [ [ [ 26.695496904938178, 39.321026110102061, 0.0 ], [ 26.695542193803718, 39.321025719282943, 0.0 ], [ 26.695541723952147, 39.321032294315856, 0.0 ], [ 26.69558027154596, 39.321032089643133, 0.0 ], [ 26.695579833129219, 39.321025719282943, 0.0 ], [ 26.695623482081629, 39.321025020130215, 0.0 ], [ 26.69562336882613, 39.320978710028243, 0.0 ], [ 26.695614230360267, 39.320979612530444, 0.0 ], [ 26.695613844567934, 39.320962396215883, 0.0 ], [ 26.695547749005375, 39.320966342946129, 0.0 ], [ 26.69554865597707, 39.320980200352714, 0.0 ], [ 26.695533464201112, 39.320980901993501, 0.0 ], [ 26.695533690944039, 39.320965992125679, 0.0 ], [ 26.695473830811899, 39.320968623279043, 0.0 ], [ 26.695476551726994, 39.321026157808141, 0.0 ], [ 26.695496904938178, 39.321026110102061, 0.0 ] ] ] ] } },
{ "type": "Feature", "properties": { "fid": null, "AdaNO": null, "ParselNO": null, "YapiNO": null, "PreviousIn": null }, "geometry": { "type": "MultiPolygon", "coordinates": [ [ [ [ 26.695717352713082, 39.32087705908333, 0.0 ], [ 26.695712817854584, 39.320844783552801, 0.0 ], [ 26.695658399552642, 39.320838819594449, 0.0 ], [ 26.695663841382842, 39.32080163254853, 0.0 ], [ 26.695746897512414, 39.320811474257575, 0.0 ], [ 26.695756236856383, 39.320877076532625, 0.0 ], [ 26.695717352713082, 39.32087705908333, 0.0 ] ] ] ] } },
{ "type": "Feature", "properties": { "fid": null, "AdaNO": null, "ParselNO": null, "YapiNO": null, "PreviousIn": null }, "geometry": { "type": "MultiPolygon", "coordinates": [ [ [ [ 26.695656731514841, 39.320602190888565, 0.0 ], [ 26.695690009078241, 39.32061191698515, 0.0 ], [ 26.695659986753128, 39.320691649990451, 0.0 ], [ 26.695585249595492, 39.320668701074624, 0.0 ], [ 26.695596232291233, 39.320641026792757, 0.0 ], [ 26.695637085717724, 39.320651831701085, 0.0 ], [ 26.695656731514841, 39.320602190888565, 0.0 ] ] ] ] } },
{ "type": "Feature", "properties": { "fid": null, "AdaNO": null, "ParselNO": null, "YapiNO": null, "PreviousIn": null }, "geometry": { "type": "MultiPolygon", "coordinates": [ [ [ [ 26.695957092353911, 39.320768684190341, 0.0 ], [ 26.695918533453298, 39.320764019815478, 0.0 ], [ 26.695922895174348, 39.320750149506587, 0.0 ], [ 26.69588344190544, 39.320743834718584, 0.0 ], [ 26.695892965108282, 39.320720680491057, 0.0 ], [ 26.69592768195378, 39.320726759935106, 0.0 ], [ 26.695937248046604, 39.32069869571189, 0.0 ], [ 26.695969624270553, 39.320708466221319, 0.0 ], [ 26.695957092353911, 39.320768684190341, 0.0 ] ] ] ] } },
{ "type": "Feature", "properties": { "fid": null, "AdaNO": null, "ParselNO": null, "YapiNO": null, "PreviousIn": null }, "geometry": { "type": "MultiPolygon", "coordinates": [ [ [ [ 26.695938657115377, 39.320321044305814, 0.0 ], [ 26.6958640466645, 39.3204069237608, 0.0 ], [ 26.695917879215791, 39.320437376785847, 0.0 ], [ 26.695994847603483, 39.320350357184047, 0.0 ], [ 26.695938657115377, 39.320321044305814, 0.0 ] ] ] ] } },
{ "type": "Feature", "properties": { "fid": null, "AdaNO": null, "ParselNO": null, "YapiNO": null, "PreviousIn": null }, "geometry": { "type": "MultiPolygon", "coordinates": [ [ [ [ 26.695829023603498, 39.32051246750985, 0.0 ], [ 26.695796372622336, 39.320499837890367, 0.0 ], [ 26.695831744518593, 39.320459844080339, 0.0 ], [ 26.695796372622336, 39.320446512805262, 0.0 ], [ 26.695832107103374, 39.32040821509878, 0.0 ], [ 26.695891612393009, 39.320439749087825, 0.0 ], [ 26.695829023603498, 39.32051246750985, 0.0 ] ] ] ] } },
{ "type": "Feature", "properties": { "fid": null, "AdaNO": null, "ParselNO": null, "YapiNO": null, "PreviousIn": null }, "geometry": { "type": "MultiPolygon", "coordinates": [ [ [ [ 26.695949117085775, 39.320118073328345, 0.0 ], [ 26.69596370890083, 39.320102529947029, 0.0 ], [ 26.695988650622553, 39.320116913761829, 0.0 ], [ 26.69599908079709, 39.320104634895721, 0.0 ], [ 26.696037173608449, 39.320123930255782, 0.0 ], [ 26.696011950531751, 39.320153943660813, 0.0 ], [ 26.695949117085775, 39.320118073328345, 0.0 ] ] ] ] } },
{ "type": "Feature", "properties": { "fid": null, "AdaNO": null, "ParselNO": null, "YapiNO": null, "PreviousIn": null }, "geometry": { "type": "MultiPolygon", "coordinates": [ [ [ [ 26.696206793373992, 39.320309544922551, 0.0 ], [ 26.696136035689644, 39.320268403314067, 0.0 ], [ 26.696193758149231, 39.320202857568184, 0.0 ], [ 26.696213879029767, 39.320214467689098, 0.0 ], [ 26.696224463264279, 39.320204970709931, 0.0 ], [ 26.696252579386947, 39.32022181027304, 0.0 ], [ 26.696243556753736, 39.320231592282276, 0.0 ], [ 26.696264696287027, 39.320243790179653, 0.0 ], [ 26.696206793373992, 39.320309544922551, 0.0 ] ] ] ] } },
{ "type": "Feature", "properties": { "fid": null, "AdaNO": null, "ParselNO": null, "YapiNO": null, "PreviousIn": null }, "geometry": { "type": "MultiPolygon", "coordinates": [ [ [ [ 26.696094076852553, 39.319957006157274, 0.0 ], [ 26.696193172740678, 39.320025348451239, 0.0 ], [ 26.696166022081087, 39.320045975194489, 0.0 ], [ 26.696141873340444, 39.32002457064511, 0.0 ], [ 26.696124726278967, 39.320037269365741, 0.0 ], [ 26.696049631098084, 39.319979250811478, 0.0 ], [ 26.696094076852553, 39.319957006157274, 0.0 ] ] ] ] } },
{ "type": "Feature", "properties": { "fid": null, "AdaNO": null, "ParselNO": null, "YapiNO": null, "PreviousIn": null }, "geometry": { "type": "MultiPolygon", "coordinates": [ [ [ [ 26.696452862428192, 39.319960164658383, 0.0 ], [ 26.696367704443681, 39.32001373575914, 0.0 ], [ 26.69645347361827, 39.320072359008833, 0.0 ], [ 26.69650154311832, 39.320031663304114, 0.0 ], [ 26.696486994757883, 39.320022631055885, 0.0 ], [ 26.696510141708146, 39.32000811336836, 0.0 ], [ 26.696452862428192, 39.319960164658383, 0.0 ] ] ] ] } },
{ "type": "Feature", "properties": { "fid": null, "AdaNO": null, "ParselNO": null, "YapiNO": null, "PreviousIn": null }, "geometry": { "type": "MultiPolygon", "coordinates": [ [ [ [ 26.696876243398485, 39.319123640762868, 0.0 ], [ 26.696851917622819, 39.319128808972842, 0.0 ], [ 26.696854936720392, 39.319135037400684, 0.0 ], [ 26.696812933485983, 39.319143236379617, 0.0 ], [ 26.696805680573728, 39.319130209451664, 0.0 ], [ 26.696792964462389, 39.319134422247338, 0.0 ], [ 26.696753482024807, 39.3190507168569, 0.0 ], [ 26.69678, 39.31905, 0.0 ], [ 26.69679, 39.31906, 0.0 ], [ 26.696846326931233, 39.319047822711035, 0.0 ], [ 26.696876243398485, 39.319123640762868, 0.0 ] ] ] ] } },
{ "type": "Feature", "properties": { "fid": null, "AdaNO": null, "ParselNO": null, "YapiNO": null, "PreviousIn": null }, "geometry": { "type": "MultiPolygon", "coordinates": [ [ [ [ 26.696787977065743, 39.319413931203407, 0.0 ], [ 26.69687368494359, 39.319395439014464, 0.0 ], [ 26.69690516738542, 39.319485308202026, 0.0 ], [ 26.696823365282039, 39.319502752719401, 0.0 ], [ 26.696787977065743, 39.319413931203407, 0.0 ] ] ] ] } },
{ "type": "Feature", "properties": { "fid": null, "AdaNO": null, "ParselNO": null, "YapiNO": null, "PreviousIn": null }, "geometry": { "type": "MultiPolygon", "coordinates": [ [ [ [ 26.696787977065743, 39.319413931203407, 0.0 ], [ 26.69687368494359, 39.319395439014464, 0.0 ], [ 26.696839603083866, 39.319300327679684, 0.0 ], [ 26.696742921688173, 39.319316857302006, 0.0 ], [ 26.696787977065743, 39.319413931203407, 0.0 ] ] ] ] } },
{ "type": "Feature", "properties": { "fid": null, "AdaNO": null, "ParselNO": null, "YapiNO": null, "PreviousIn": null }, "geometry": { "type": "MultiPolygon", "coordinates": [ [ [ [ 26.697940281892066, 39.319455612898224, 0.0 ], [ 26.697941894347672, 39.319440643663306, 0.0 ], [ 26.697926172905586, 39.319440331804216, 0.0 ], [ 26.697928591588983, 39.319397918954358, 0.0 ], [ 26.697940281892066, 39.319398230813633, 0.0 ], [ 26.697941491233763, 39.319381390410321, 0.0 ], [ 26.698002764546501, 39.319382949707098, 0.0 ], [ 26.698000748977002, 39.319399166391477, 0.0 ], [ 26.698012439280092, 39.319399478250766, 0.0 ], [ 26.698005183229899, 39.319444697831415, 0.0 ], [ 26.697995105382411, 39.319444697831415, 0.0 ], [ 26.697994702268517, 39.319456548475301, 0.0 ], [ 26.697940281892066, 39.319455612898224, 0.0 ] ] ] ] } },
{ "type": "Feature", "properties": { "fid": null, "AdaNO": null, "ParselNO": null, "YapiNO": null, "PreviousIn": null }, "geometry": { "type": "MultiPolygon", "coordinates": [ [ [ [ 26.697941491233763, 39.319381390410321, 0.0 ], [ 26.697947134828361, 39.319316835493375, 0.0 ], [ 26.698008811254994, 39.319318706651224, 0.0 ], [ 26.698002764546501, 39.319382949707098, 0.0 ], [ 26.697941491233763, 39.319381390410321, 0.0 ] ] ] ] } },
{ "type": "Feature", "properties": { "fid": null, "AdaNO": null, "ParselNO": null, "YapiNO": null, "PreviousIn": null }, "geometry": { "type": "MultiPolygon", "coordinates": [ [ [ [ 26.697795807756634, 39.319166530403997, 0.0 ], [ 26.697792343931361, 39.319111139737075, 0.0 ], [ 26.69785947295123, 39.319105177032789, 0.0 ], [ 26.697863602017907, 39.319161323211468, 0.0 ], [ 26.697795807756634, 39.319166530403997, 0.0 ] ] ] ] } },
{ "type": "Feature", "properties": { "fid": null, "AdaNO": null, "ParselNO": null, "YapiNO": null, "PreviousIn": null }, "geometry": { "type": "MultiPolygon", "coordinates": [ [ [ [ 26.69771, 39.31871, 0.0 ], [ 26.697814154673981, 39.31872720816343, 0.0 ], [ 26.697806617222554, 39.318770206167905, 0.0 ], [ 26.697700509515858, 39.318757452421501, 0.0 ], [ 26.69771, 39.31871, 0.0 ] ] ] ] } },
{ "type": "Feature", "properties": { "fid": null, "AdaNO": null, "ParselNO": null, "YapiNO": null, "PreviousIn": null }, "geometry": { "type": "MultiPolygon", "coordinates": [ [ [ [ 26.697847845611403, 39.318889890614741, 0.0 ], [ 26.697844704400822, 39.318824884366997, 0.0 ], [ 26.697914596336194, 39.318828833346387, 0.0 ], [ 26.697917343850616, 39.31889035876749, 0.0 ], [ 26.697847845611403, 39.318889890614741, 0.0 ] ] ] ] } },
{ "type": "Feature", "properties": { "fid": null, "AdaNO": null, "ParselNO": null, "YapiNO": null, "PreviousIn": null }, "geometry": { "type": "MultiPolygon", "coordinates": [ [ [ [ 26.697712327110896, 39.318999308448277, 0.0 ], [ 26.697753072008908, 39.318998197721349, 0.0 ], [ 26.697753216642724, 39.319028104632302, 0.0 ], [ 26.697740570841376, 39.319027659942805, 0.0 ], [ 26.69774015348403, 39.319074219290492, 0.0 ], [ 26.697754590922358, 39.319074353108014, 0.0 ], [ 26.697753840915023, 39.319094113446852, 0.0 ], [ 26.697711344379648, 39.319092518852315, 0.0 ], [ 26.697712327110896, 39.318999308448277, 0.0 ] ] ] ] } },
{ "type": "Feature", "properties": { "fid": null, "AdaNO": null, "ParselNO": null, "YapiNO": null, "PreviousIn": null }, "geometry": { "type": "MultiPolygon", "coordinates": [ [ [ [ 26.697871594973339, 39.319107461484982, 0.0 ], [ 26.69786816531732, 39.319080504380786, 0.0 ], [ 26.697853650893645, 39.319079763079031, 0.0 ], [ 26.697848442824931, 39.319037459785221, 0.0 ], [ 26.69792627771302, 39.319037065751502, 0.0 ], [ 26.697925492410373, 39.319081415680415, 0.0 ], [ 26.69791057166012, 39.319081719446956, 0.0 ], [ 26.697912534916746, 39.319106172649036, 0.0 ], [ 26.697871594973339, 39.319107461484982, 0.0 ] ] ] ] } },
{ "type": "Feature", "properties": { "fid": null, "AdaNO": null, "ParselNO": null, "YapiNO": null, "PreviousIn": null }, "geometry": { "type": "MultiPolygon", "coordinates": [ [ [ [ 26.69792627771302, 39.319037065751502, 0.0 ], [ 26.697947656620471, 39.319037618694779, 0.0 ], [ 26.697967506101858, 39.319078074248388, 0.0 ], [ 26.697983212154757, 39.319077466715285, 0.0 ], [ 26.697983997457399, 39.319088402310499, 0.0 ], [ 26.697960438378061, 39.319087491010954, 0.0 ], [ 26.69793923520665, 39.319048001353032, 0.0 ], [ 26.697926095163304, 39.319047375240309, 0.0 ], [ 26.69792627771302, 39.319037065751502, 0.0 ] ] ] ] } },
{ "type": "Feature", "properties": { "fid": null, "AdaNO": null, "ParselNO": null, "YapiNO": null, "PreviousIn": null }, "geometry": { "type": "MultiPolygon", "coordinates": [ [ [ [ 26.698393821264602, 39.319471962583719, 0.0 ], [ 26.698400121515995, 39.319439435764941, 0.0 ], [ 26.698448000682212, 39.319444535548271, 0.0 ], [ 26.698440902933495, 39.319476853935441, 0.0 ], [ 26.698393821264602, 39.319471962583719, 0.0 ] ] ] ] } },
{ "type": "Feature", "properties": { "fid": null, "AdaNO": null, "ParselNO": null, "YapiNO": null, "PreviousIn": null }, "geometry": { "type": "MultiPolygon", "coordinates": [ [ [ [ 26.698301587579731, 39.319336366380057, 0.0 ], [ 26.698309220490284, 39.31929986260316, 0.0 ], [ 26.698310933126734, 39.319290002889574, 0.0 ], [ 26.698342709869873, 39.319292147182871, 0.0 ], [ 26.698348455054663, 39.319267046736549, 0.0 ], [ 26.698386937397768, 39.319270874296166, 0.0 ], [ 26.698391794704477, 39.319247254185285, 0.0 ], [ 26.698421095172364, 39.319233616471948, 0.0 ], [ 26.698509162836501, 39.319241260344207, 0.0 ], [ 26.698500438926018, 39.319308642383568, 0.0 ], [ 26.698409836129429, 39.319298788962364, 0.0 ], [ 26.698380692289128, 39.31930898854916, 0.0 ], [ 26.698371671576648, 39.31934549232129, 0.0 ], [ 26.698301587579731, 39.319336366380057, 0.0 ] ] ] ] } },
{ "type": "Feature", "properties": { "fid": null, "AdaNO": null, "ParselNO": null, "YapiNO": null, "PreviousIn": null }, "geometry": { "type": "MultiPolygon", "coordinates": [ [ [ [ 26.698421095172364, 39.319233616471948, 0.0 ], [ 26.698427183653425, 39.319200550760762, 0.0 ], [ 26.698514391994944, 39.319208252949601, 0.0 ], [ 26.698509162836501, 39.319241260344207, 0.0 ], [ 26.698421095172364, 39.319233616471948, 0.0 ] ] ] ] } },
{ "type": "Feature", "properties": { "fid": null, "AdaNO": null, "ParselNO": null, "YapiNO": null, "PreviousIn": null }, "geometry": { "type": "MultiPolygon", "coordinates": [ [ [ [ 26.698349750860967, 39.319250758258967, 0.0 ], [ 26.69837097767569, 39.319252622393002, 0.0 ], [ 26.698381528580171, 39.319199566330063, 0.0 ], [ 26.698348078944019, 39.319196256191439, 0.0 ], [ 26.698340864656856, 39.319227203782809, 0.0 ], [ 26.698353576054952, 39.319228272683745, 0.0 ], [ 26.698349750860967, 39.319250758258967, 0.0 ] ] ] ] } },
{ "type": "Feature", "properties": { "fid": null, "AdaNO": null, "ParselNO": null, "YapiNO": null, "PreviousIn": null }, "geometry": { "type": "MultiPolygon", "coordinates": [ [ [ [ 26.698427183653425, 39.319200550760762, 0.0 ], [ 26.698435618653665, 39.319160721514329, 0.0 ], [ 26.698520159575676, 39.319171846918096, 0.0 ], [ 26.698514391994944, 39.319208252949601, 0.0 ], [ 26.698427183653425, 39.319200550760762, 0.0 ] ] ] ] } },
{ "type": "Feature", "properties": { "fid": null, "AdaNO": null, "ParselNO": null, "YapiNO": null, "PreviousIn": null }, "geometry": { "type": "MultiPolygon", "coordinates": [ [ [ [ 26.698624475485964, 39.319362873249531, 0.0 ], [ 26.69864524202999, 39.319306740614095, 0.0 ], [ 26.698694108154726, 39.319317560233372, 0.0 ], [ 26.698671957216924, 39.319373037894124, 0.0 ], [ 26.698624475485964, 39.319362873249531, 0.0 ] ] ] ] } },
{ "type": "Feature", "properties": { "fid": null, "AdaNO": null, "ParselNO": null, "YapiNO": null, "PreviousIn": null }, "geometry": { "type": "MultiPolygon", "coordinates": [ [ [ [ 26.69937, 39.31795, 0.0 ], [ 26.69957, 39.31795, 0.0 ], [ 26.69958431802641, 39.318041292867292, 0.0 ], [ 26.69937, 39.318047356444801, 0.0 ], [ 26.69937, 39.31795, 0.0 ] ] ] ] } },
{ "type": "Feature", "properties": { "fid": null, "AdaNO": null, "ParselNO": null, "YapiNO": null, "PreviousIn": null }, "geometry": { "type": "MultiPolygon", "coordinates": [ [ [ [ 26.698934810229247, 39.318032218250693, 0.0 ], [ 26.698985963530255, 39.318030682449312, 0.0 ], [ 26.699004693480724, 39.318049211734106, 0.0 ], [ 26.69900489095664, 39.318085841107312, 0.0 ], [ 26.698980500243728, 39.318104263093929, 0.0 ], [ 26.698933316401181, 39.318103257038885, 0.0 ], [ 26.698934810229247, 39.318032218250693, 0.0 ] ] ] ] } },
{ "type": "Feature", "properties": { "fid": null, "AdaNO": null, "ParselNO": null, "YapiNO": null, "PreviousIn": null }, "geometry": { "type": "MultiPolygon", "coordinates": [ [ [ [ 26.6986, 39.317877939891275, 0.0 ], [ 26.698668990148271, 39.317884246026601, 0.0 ], [ 26.698664078136407, 39.317919858258954, 0.0 ], [ 26.698594965688098, 39.317909141015427, 0.0 ], [ 26.6986, 39.317877939891275, 0.0 ] ] ] ] } },
{ "type": "Feature", "properties": { "fid": null, "AdaNO": null, "ParselNO": null, "YapiNO": null, "PreviousIn": null }, "geometry": { "type": "MultiPolygon", "coordinates": [ [ [ [ 26.698612333929546, 39.317810851696365, 0.0 ], [ 26.698614439632095, 39.31778334779321, 0.0 ], [ 26.698746740309247, 39.317795960080353, 0.0 ], [ 26.698742351187253, 39.317821184647784, 0.0 ], [ 26.698612333929546, 39.317810851696365, 0.0 ] ] ] ] } },
{ "type": "Feature", "properties": { "fid": null, "AdaNO": null, "ParselNO": null, "YapiNO": null, "PreviousIn": null }, "geometry": { "type": "MultiPolygon", "coordinates": [ [ [ [ 26.698666350604253, 39.317788296491401, 0.0 ], [ 26.698669073381481, 39.317771905294428, 0.0 ], [ 26.698748661917524, 39.317783243569842, 0.0 ], [ 26.698746740309247, 39.317795960080353, 0.0 ], [ 26.698666350604253, 39.317788296491401, 0.0 ] ] ] ] } },
{ "type": "Feature", "properties": { "fid": null, "AdaNO": null, "ParselNO": null, "YapiNO": null, "PreviousIn": null }, "geometry": { "type": "MultiPolygon", "coordinates": [ [ [ [ 26.698240517420537, 39.317149982687575, 0.0 ], [ 26.698218020843676, 39.31721906807639, 0.0 ], [ 26.698266589059465, 39.317225416093471, 0.0 ], [ 26.698283532666682, 39.317155080582772, 0.0 ], [ 26.698240517420537, 39.317149982687575, 0.0 ] ] ] ] } },
{ "type": "Feature", "properties": { "fid": null, "AdaNO": null, "ParselNO": null, "YapiNO": null, "PreviousIn": null }, "geometry": { "type": "MultiPolygon", "coordinates": [ [ [ [ 26.698187402581937, 39.317447463267207, 0.0 ], [ 26.698280633534896, 39.317455330584913, 0.0 ], [ 26.698340276262048, 39.317430142194155, 0.0 ], [ 26.69834717345374, 39.317389394583699, 0.0 ], [ 26.698193662843483, 39.31737296426904, 0.0 ], [ 26.698187402581937, 39.317447463267207, 0.0 ] ] ] ] } },
{ "type": "Feature", "properties": { "fid": null, "AdaNO": null, "ParselNO": null, "YapiNO": null, "PreviousIn": null }, "geometry": { "type": "MultiPolygon", "coordinates": [ [ [ [ 26.698215425700447, 39.317021286050839, 0.0 ], [ 26.698291341566513, 39.317020732537522, 0.0 ], [ 26.698298269868911, 39.317104642329973, 0.0 ], [ 26.6982217415243, 39.31710983050521, 0.0 ], [ 26.698215425700447, 39.317021286050839, 0.0 ] ] ] ] } },
{ "type": "Feature", "properties": { "fid": null, "AdaNO": null, "ParselNO": null, "YapiNO": null, "PreviousIn": null }, "geometry": { "type": "MultiPolygon", "coordinates": [ [ [ [ 26.693808187964425, 39.313350002101075, 0.0 ], [ 26.693871244044331, 39.313325760464039, 0.0 ], [ 26.693858785858968, 39.313307797226244, 0.0 ], [ 26.6939734089909, 39.31327020501525, 0.0 ], [ 26.693942605575561, 39.313233542907156, 0.0 ], [ 26.693766800000873, 39.313298674101475, 0.0 ], [ 26.693808187964425, 39.313350002101075, 0.0 ] ] ] ] } },
{ "type": "Feature", "properties": { "fid": null, "AdaNO": null, "ParselNO": null, "YapiNO": null, "PreviousIn": null }, "geometry": { "type": "MultiPolygon", "coordinates": [ [ [ [ 26.690459545951644, 39.314366081340218, 0.0 ], [ 26.690431488293569, 39.314324041580086, 0.0 ], [ 26.690545804082056, 39.314276939914521, 0.0 ], [ 26.690571649676151, 39.314317105863317, 0.0 ], [ 26.690459545951644, 39.314366081340218, 0.0 ] ] ] ] } },
{ "type": "Feature", "properties": { "fid": null, "AdaNO": null, "ParselNO": null, "YapiNO": null, "PreviousIn": null }, "geometry": { "type": "MultiPolygon", "coordinates": [ [ [ [ 26.691218895745212, 39.315101894888841, 0.0 ], [ 26.691144532822378, 39.314999916177229, 0.0 ], [ 26.691189162872476, 39.314984578650751, 0.0 ], [ 26.691201213585963, 39.315003428928769, 0.0 ], [ 26.691233001039731, 39.314998699479226, 0.0 ], [ 26.691283191776176, 39.315075286149565, 0.0 ], [ 26.691218895745212, 39.315101894888841, 0.0 ] ] ] ] } },
{ "type": "Feature", "properties": { "fid": null, "AdaNO": null, "ParselNO": null, "YapiNO": null, "PreviousIn": null }, "geometry": { "type": "MultiPolygon", "coordinates": [ [ [ [ 26.691254038185082, 39.315030800331748, 0.0 ], [ 26.691291222254055, 39.315019250207136, 0.0 ], [ 26.691318201711084, 39.315060797378024, 0.0 ], [ 26.691283191776176, 39.315075286149565, 0.0 ], [ 26.691254038185082, 39.315030800331748, 0.0 ] ] ] ] } },
{ "type": "Feature", "properties": { "fid": null, "AdaNO": null, "ParselNO": null, "YapiNO": null, "PreviousIn": null }, "geometry": { "type": "MultiPolygon", "coordinates": [ [ [ [ 26.691188376345035, 39.315031805619412, 0.0 ], [ 26.691188987642221, 39.315017617275529, 0.0 ], [ 26.691207937855037, 39.315018563165211, 0.0 ], [ 26.691207326557848, 39.315032278564154, 0.0 ], [ 26.691188376345035, 39.315031805619412, 0.0 ] ] ] ] } },
{ "type": "Feature", "properties": { "fid": null, "AdaNO": null, "ParselNO": null, "YapiNO": null, "PreviousIn": null }, "geometry": { "type": "MultiPolygon", "coordinates": [ [ [ [ 26.691983427603212, 39.317007732840118, 0.0 ], [ 26.691974193850466, 39.316943107863167, 0.0 ], [ 26.692065965442847, 39.316934029324685, 0.0 ], [ 26.692066253815252, 39.317005607395551, 0.0 ], [ 26.691983427603212, 39.317007732840118, 0.0 ] ] ] ] } },
{ "type": "Feature", "properties": { "fid": null, "AdaNO": null, "ParselNO": null, "YapiNO": null, "PreviousIn": null }, "geometry": { "type": "MultiPolygon", "coordinates": [ [ [ [ 26.691744832619257, 39.316850414144142, 0.0 ], [ 26.691714597569405, 39.316697578593725, 0.0 ], [ 26.691826194995414, 39.316672401605402, 0.0 ], [ 26.691831257973988, 39.316688172089023, 0.0 ], [ 26.691877147469299, 39.316677068750408, 0.0 ], [ 26.691895713035706, 39.316673286706646, 0.0 ], [ 26.691933576112742, 39.316826394987046, 0.0 ], [ 26.691744832619257, 39.316850414144142, 0.0 ] ] ] ] } },
{ "type": "Feature", "properties": { "fid": null, "AdaNO": null, "ParselNO": null, "YapiNO": null, "PreviousIn": null }, "geometry": { "type": "MultiPolygon", "coordinates": [ [ [ [ 26.691933576112742, 39.316826394987046, 0.0 ], [ 26.692059815853185, 39.316810329940409, 0.0 ], [ 26.692046313803118, 39.316702250344505, 0.0 ], [ 26.692055525323557, 39.316701471526834, 0.0 ], [ 26.692049154563215, 39.316635701102058, 0.0 ], [ 26.692038257874188, 39.31663776512832, 0.0 ], [ 26.692024009917866, 39.316566003313291, 0.0 ], [ 26.691876953726695, 39.316595138397247, 0.0 ], [ 26.691933576112742, 39.316826394987046, 0.0 ] ] ] ] } },
{ "type": "Feature", "properties": { "fid": null, "AdaNO": null, "ParselNO": null, "YapiNO": null, "PreviousIn": null }, "geometry": { "type": "MultiPolygon", "coordinates": [ [ [ [ 26.691876953726695, 39.316595138397247, 0.0 ], [ 26.691855411360926, 39.316513172065996, 0.0 ], [ 26.692004751978853, 39.316477887399891, 0.0 ], [ 26.692024009917866, 39.316566003313284, 0.0 ], [ 26.691876953726695, 39.316595138397247, 0.0 ] ] ] ] } },
{ "type": "Feature", "properties": { "fid": null, "AdaNO": null, "ParselNO": null, "YapiNO": null, "PreviousIn": null }, "geometry": { "type": "MultiPolygon", "coordinates": [ [ [ [ 26.691855411360926, 39.316513172065989, 0.0 ], [ 26.691893199340939, 39.316656977205085, 0.0 ], [ 26.691714800066521, 39.316697573737713, 0.0 ], [ 26.69166621086163, 39.31655787803269, 0.0 ], [ 26.691855411360926, 39.316513172065989, 0.0 ] ] ] ] } },
{ "type": "Feature", "properties": { "fid": null, "AdaNO": null, "ParselNO": null, "YapiNO": null, "PreviousIn": null }, "geometry": { "type": "MultiPolygon", "coordinates": [ [ [ [ 26.691655164021565, 39.316708501642673, 0.0 ], [ 26.691630918173949, 39.316627328068584, 0.0 ], [ 26.691638614300722, 39.316625095259496, 0.0 ], [ 26.691619254651254, 39.31656897271175, 0.0 ], [ 26.69166621086163, 39.31655787803269, 0.0 ], [ 26.691714800066521, 39.316697573737713, 0.0 ], [ 26.691655164021565, 39.316708501642673, 0.0 ] ] ] ] } },
{ "type": "Feature", "properties": { "fid": null, "AdaNO": null, "ParselNO": null, "YapiNO": null, "PreviousIn": null }, "geometry": { "type": "MultiPolygon", "coordinates": [ [ [ [ 26.691655164021565, 39.316708501642673, 0.0 ], [ 26.691522233160782, 39.31673293325732, 0.0 ], [ 26.691510666193135, 39.316686125349136, 0.0 ], [ 26.691641486877298, 39.316662711434773, 0.0 ], [ 26.691655164021565, 39.316708501642673, 0.0 ] ] ] ] } },
{ "type": "Feature", "properties": { "fid": null, "AdaNO": null, "ParselNO": null, "YapiNO": null, "PreviousIn": null }, "geometry": { "type": "MultiPolygon", "coordinates": [ [ [ [ 26.691510666193135, 39.316686125349136, 0.0 ], [ 26.691489062515743, 39.316599734127863, 0.0 ], [ 26.691613168783476, 39.316570410663033, 0.0 ], [ 26.691641486877298, 39.316662711434773, 0.0 ], [ 26.691510666193135, 39.316686125349136, 0.0 ] ] ] ] } },
{ "type": "Feature", "properties": { "fid": null, "AdaNO": null, "ParselNO": null, "YapiNO": null, "PreviousIn": null }, "geometry": { "type": "MultiPolygon", "coordinates": [ [ [ [ 26.691316416919701, 39.316820370922891, 0.0 ], [ 26.691362996760706, 39.316813395242839, 0.0 ], [ 26.691356778345764, 39.316789340721087, 0.0 ], [ 26.691379110526128, 39.316785857332249, 0.0 ], [ 26.691339982690145, 39.316634959004865, 0.0 ], [ 26.691263810391817, 39.316652957139816, 0.0 ], [ 26.691316416919701, 39.316820370922891, 0.0 ] ] ] ] } },
{ "type": "Feature", "properties": { "fid": null, "AdaNO": null, "ParselNO": null, "YapiNO": null, "PreviousIn": null }, "geometry": { "type": "MultiPolygon", "coordinates": [ [ [ [ 26.691333512480703, 39.316874775349859, 0.0 ], [ 26.691574205667987, 39.316840849842976, 0.0 ], [ 26.691550181694467, 39.316763274336772, 0.0 ], [ 26.691363958776542, 39.316791439342019, 0.0 ], [ 26.691369971375583, 39.316818419049682, 0.0 ], [ 26.691317929737718, 39.316825185273622, 0.0 ], [ 26.691333512480703, 39.316874775349859, 0.0 ] ] ] ] } },
{ "type": "Feature", "properties": { "fid": null, "AdaNO": null, "ParselNO": null, "YapiNO": null, "PreviousIn": null }, "geometry": { "type": "MultiPolygon", "coordinates": [ [ [ [ 26.69138557460899, 39.316788170088515, 0.0 ], [ 26.691362395500786, 39.316689939727922, 0.0 ], [ 26.691505525091308, 39.31666556654109, 0.0 ], [ 26.691529807882723, 39.316766355743852, 0.0 ], [ 26.69138557460899, 39.316788170088515, 0.0 ] ] ] ] } },
{ "type": "Feature", "properties": { "fid": null, "AdaNO": null, "ParselNO": null, "YapiNO": null, "PreviousIn": null }, "geometry": { "type": "MultiPolygon", "coordinates": [ [ [ [ 26.691362395500786, 39.316689939727922, 0.0 ], [ 26.6913491759842, 39.31663278679563, 0.0 ], [ 26.691469820588239, 39.31660428064967, 0.0 ], [ 26.691478318410326, 39.316633375259457, 0.0 ], [ 26.691496404611982, 39.316629094542208, 0.0 ], [ 26.691505525091308, 39.31666556654109, 0.0 ], [ 26.691362395500786, 39.316689939727922, 0.0 ] ] ] ] } },
{ "type": "Feature", "properties": { "fid": null, "AdaNO": null, "ParselNO": null, "YapiNO": null, "PreviousIn": null }, "geometry": { "type": "MultiPolygon", "coordinates": [ [ [ [ 26.699179305140255, 39.317718662459093, 0.0 ], [ 26.69920685463309, 39.317718662459093, 0.0 ], [ 26.699226951849361, 39.317701647558586, 0.0 ], [ 26.69922607145681, 39.317679187299184, 0.0 ], [ 26.69920417198383, 39.317663542996122, 0.0 ], [ 26.699172655262679, 39.317664643719425, 0.0 ], [ 26.699155080586223, 39.317682649970607, 0.0 ], [ 26.699156505559984, 39.317706535806877, 0.0 ], [ 26.699179305140255, 39.317718662459093, 0.0 ] ] ] ] } },
{ "type": "Feature", "properties": { "fid": null, "AdaNO": null, "ParselNO": null, "YapiNO": null, "PreviousIn": null }, "geometry": { "type": "MultiPolygon", "coordinates": [ [ [ [ 26.699166955367609, 39.317836805339617, 0.0 ], [ 26.699240222768797, 39.317836162260697, 0.0 ], [ 26.699241885238195, 39.31779169793365, 0.0 ], [ 26.699177405175234, 39.317791973539073, 0.0 ], [ 26.699177405175234, 39.317811817126454, 0.0 ], [ 26.699165886637282, 39.31781218460025, 0.0 ], [ 26.699166955367609, 39.317836805339617, 0.0 ] ] ] ] } },
{ "type": "Feature", "properties": { "fid": null, "AdaNO": null, "ParselNO": null, "YapiNO": null, "PreviousIn": null }, "geometry": { "type": "MultiPolygon", "coordinates": [ [ [ [ 26.699154605594959, 39.317833130602935, 0.0 ], [ 26.699109956416926, 39.317832395655572, 0.0 ], [ 26.699108056451905, 39.31782210639178, 0.0 ], [ 26.699072907098984, 39.317821371444317, 0.0 ], [ 26.699073857081494, 39.317780949321424, 0.0 ], [ 26.699169805315144, 39.317780949321424, 0.0 ], [ 26.69916885533263, 39.317806672493234, 0.0 ], [ 26.699159830498775, 39.317806948098593, 0.0 ], [ 26.699159355507518, 39.317833130602935, 0.0 ], [ 26.699154605594959, 39.317833130602935, 0.0 ] ] ] ] } },
{ "type": "Feature", "properties": { "fid": null, "AdaNO": null, "ParselNO": null, "YapiNO": null, "PreviousIn": null }, "geometry": { "type": "MultiPolygon", "coordinates": [ [ [ [ 26.699129850153206, 39.317983014984819, 0.0 ], [ 26.699129074814966, 39.317940157229309, 0.0 ], [ 26.699073366628294, 39.317936533489366, 0.0 ], [ 26.69906299724812, 39.317978011009899, 0.0 ], [ 26.699129850153206, 39.317983014984819, 0.0 ] ] ] ] } },
{ "type": "Feature", "properties": { "fid": null, "AdaNO": null, "ParselNO": null, "YapiNO": null, "PreviousIn": null }, "geometry": { "type": "MultiPolygon", "coordinates": [ [ [ [ 26.692950952066862, 39.313860622601503, 0.0 ], [ 26.692978548939209, 39.3138418383325, 0.0 ], [ 26.692982888543746, 39.313847615683926, 0.0 ], [ 26.692994581522857, 39.313841148248038, 0.0 ], [ 26.692989966868854, 39.313835630513566, 0.0 ], [ 26.69300464985886, 39.313826867052043, 0.0 ], [ 26.692979059504861, 39.313799278369693, 0.0 ], [ 26.692965005785858, 39.313806743543637, 0.0 ], [ 26.692961649673862, 39.313802361811206, 0.0 ], [ 26.692950075266001, 39.313808194766708, 0.0 ], [ 26.692954118112052, 39.313813577056095, 0.0 ], [ 26.692943191057857, 39.313818915021187, 0.0 ], [ 26.692950952066862, 39.313860622601503, 0.0 ] ] ] ] } },
{ "type": "Feature", "properties": { "fid": null, "AdaNO": null, "ParselNO": null, "YapiNO": null, "PreviousIn": null }, "geometry": { "type": "MultiPolygon", "coordinates": [ [ [ [ 26.69300464985886, 39.313826867052043, 0.0 ], [ 26.693014298680851, 39.313840174530228, 0.0 ], [ 26.693057928136852, 39.313831086496606, 0.0 ], [ 26.693103235648842, 39.313792786913446, 0.0 ], [ 26.693000035204857, 39.313725275732757, 0.0 ], [ 26.692953510388868, 39.313766656728539, 0.0 ], [ 26.69300464985886, 39.313826867052043, 0.0 ] ] ] ] } },
{ "type": "Feature", "properties": { "fid": null, "AdaNO": null, "ParselNO": null, "YapiNO": null, "PreviousIn": null }, "geometry": { "type": "MultiPolygon", "coordinates": [ [ [ [ 26.693066318416847, 39.313720731708635, 0.0 ], [ 26.693102816134839, 39.31374767127587, 0.0 ], [ 26.693140152880837, 39.313721056281786, 0.0 ], [ 26.693127147946836, 39.313711643659502, 0.0 ], [ 26.693157001799925, 39.313682702099804, 0.0 ], [ 26.693092973304871, 39.313636403720089, 0.0 ], [ 26.693037164393534, 39.313683151110524, 0.0 ], [ 26.693076482243267, 39.313711003576373, 0.0 ], [ 26.693066318416847, 39.313720731708635, 0.0 ] ] ] ] } },
{ "type": "Feature", "properties": { "fid": null, "AdaNO": null, "ParselNO": null, "YapiNO": null, "PreviousIn": null }, "geometry": { "type": "MultiPolygon", "coordinates": [ [ [ [ 26.691996085763606, 39.314143121832103, 0.0 ], [ 26.691986436941601, 39.314149775541438, 0.0 ], [ 26.692030905425604, 39.314207549186108, 0.0 ], [ 26.69206948756435, 39.314244393940115, 0.0 ], [ 26.692164004399711, 39.314189491217839, 0.0 ], [ 26.692089311883443, 39.31408906922865, 0.0 ], [ 26.691996085763606, 39.314143121832103, 0.0 ] ] ] ] } }
]
}
