{
"type": "FeatureCollection",
"name": "yapino",
"crs": { "type": "name", "properties": { "name": "urn:ogc:def:crs:OGC:1.3:CRS84" } },
"features": [
{ "type": "Feature", "properties": { "fid": 1, "Yapı No_Text": "-02" }, "geometry": { "type": "Point", "coordinates": [ 26.695474995000041, 39.317795629000045 ] } },
{ "type": "Feature", "properties": { "fid": 2, "Yapı No_Text": "-07" }, "geometry": { "type": "Point", "coordinates": [ 26.69636670400007, 39.317821515000048 ] } },
{ "type": "Feature", "properties": { "fid": 3, "Yapı No_Text": "-08" }, "geometry": { "type": "Point", "coordinates": [ 26.696347240000023, 39.317767992000029 ] } },
{ "type": "Feature", "properties": { "fid": 4, "Yapı No_Text": "-06B" }, "geometry": { "type": "Point", "coordinates": [ 26.696269280000024, 39.317769815000077 ] } },
{ "type": "Feature", "properties": { "fid": 5, "Yapı No_Text": "-06A" }, "geometry": { "type": "Point", "coordinates": [ 26.696221527000034, 39.317810515000076 ] } },
{ "type": "Feature", "properties": { "fid": 6, "Yapı No_Text": "-05" }, "geometry": { "type": "Point", "coordinates": [ 26.696159031000036, 39.317830395000044 ] } },
{ "type": "Feature", "properties": { "fid": 7, "Yapı No_Text": "-09" }, "geometry": { "type": "Point", "coordinates": [ 26.696101757000065, 39.317902056000037 ] } },
{ "type": "Feature", "properties": { "fid": 8, "Yapı No_Text": "-10" }, "geometry": { "type": "Point", "coordinates": [ 26.69602694200006, 39.317922061000047 ] } },
{ "type": "Feature", "properties": { "fid": 9, "Yapı No_Text": "-11B" }, "geometry": { "type": "Point", "coordinates": [ 26.695891781000057, 39.317912253000031 ] } },
{ "type": "Feature", "properties": { "fid": 10, "Yapı No_Text": "-11A" }, "geometry": { "type": "Point", "coordinates": [ 26.695952997000063, 39.318020051000076 ] } },
{ "type": "Feature", "properties": { "fid": 11, "Yapı No_Text": "-12" }, "geometry": { "type": "Point", "coordinates": [ 26.695807554000055, 39.317945053000074 ] } },
{ "type": "Feature", "properties": { "fid": 12, "Yapı No_Text": "-04" }, "geometry": { "type": "Point", "coordinates": [ 26.695860078000067, 39.318071983000038 ] } },
{ "type": "Feature", "properties": { "fid": 13, "Yapı No_Text": "-13" }, "geometry": { "type": "Point", "coordinates": [ 26.695748033000029, 39.317980610000063 ] } },
{ "type": "Feature", "properties": { "fid": 14, "Yapı No_Text": "-14" }, "geometry": { "type": "Point", "coordinates": [ 26.695700111000065, 39.31799983500008 ] } },
{ "type": "Feature", "properties": { "fid": 15, "Yapı No_Text": "-15" }, "geometry": { "type": "Point", "coordinates": [ 26.695636241000045, 39.318042707000075 ] } },
{ "type": "Feature", "properties": { "fid": 16, "Yapı No_Text": "-01" }, "geometry": { "type": "Point", "coordinates": [ 26.695620316000031, 39.318123932000049 ] } },
{ "type": "Feature", "properties": { "fid": 17, "Yapı No_Text": "-02" }, "geometry": { "type": "Point", "coordinates": [ 26.69573510400005, 39.31811523600004 ] } },
{ "type": "Feature", "properties": { "fid": 18, "Yapı No_Text": "-03" }, "geometry": { "type": "Point", "coordinates": [ 26.695793940000044, 39.318102730000078 ] } },
{ "type": "Feature", "properties": { "fid": 19, "Yapı No_Text": "-01" }, "geometry": { "type": "Point", "coordinates": [ 26.696480961000077, 39.317736517000071 ] } },
{ "type": "Feature", "properties": { "fid": 20, "Yapı No_Text": "-02" }, "geometry": { "type": "Point", "coordinates": [ 26.696577231000049, 39.317713224000045 ] } },
{ "type": "Feature", "properties": { "fid": 21, "Yapı No_Text": "-03" }, "geometry": { "type": "Point", "coordinates": [ 26.696642723000025, 39.317700212000034 ] } },
{ "type": "Feature", "properties": { "fid": 22, "Yapı No_Text": "-04" }, "geometry": { "type": "Point", "coordinates": [ 26.696694505000039, 39.31767853100007 ] } },
{ "type": "Feature", "properties": { "fid": 23, "Yapı No_Text": "-05" }, "geometry": { "type": "Point", "coordinates": [ 26.696772230000079, 39.317674189000059 ] } },
{ "type": "Feature", "properties": { "fid": 24, "Yapı No_Text": "-06" }, "geometry": { "type": "Point", "coordinates": [ 26.696858402000032, 39.317662959000074 ] } },
{ "type": "Feature", "properties": { "fid": 25, "Yapı No_Text": "474" }, "geometry": { "type": "Point", "coordinates": [ 26.69669718800003, 39.31768948000007 ] } },
{ "type": "Feature", "properties": { "fid": 26, "Yapı No_Text": "507" }, "geometry": { "type": "Point", "coordinates": [ 26.696000139000034, 39.317951 ] } },
{ "type": "Feature", "properties": { "fid": 27, "Yapı No_Text": "509" }, "geometry": { "type": "Point", "coordinates": [ 26.695176832000072, 39.317774345000032 ] } },
{ "type": "Feature", "properties": { "fid": 28, "Yapı No_Text": "-06" }, "geometry": { "type": "Point", "coordinates": [ 26.695467677000067, 39.318096824000065 ] } },
{ "type": "Feature", "properties": { "fid": 29, "Yapı No_Text": "-07" }, "geometry": { "type": "Point", "coordinates": [ 26.69541207900005, 39.318093581000028 ] } },
{ "type": "Feature", "properties": { "fid": 30, "Yapı No_Text": "-08" }, "geometry": { "type": "Point", "coordinates": [ 26.695349939000039, 39.318089507000025 ] } },
{ "type": "Feature", "properties": { "fid": 31, "Yapı No_Text": "-05" }, "geometry": { "type": "Point", "coordinates": [ 26.695396370000026, 39.318152661000056 ] } },
{ "type": "Feature", "properties": { "fid": 32, "Yapı No_Text": "-04" }, "geometry": { "type": "Point", "coordinates": [ 26.695253243000025, 39.318107490000045 ] } },
{ "type": "Feature", "properties": { "fid": 33, "Yapı No_Text": "-09" }, "geometry": { "type": "Point", "coordinates": [ 26.695125688000076, 39.318096397000033 ] } },
{ "type": "Feature", "properties": { "fid": 34, "Yapı No_Text": "-10" }, "geometry": { "type": "Point", "coordinates": [ 26.695025384000076, 39.318084396000074 ] } },
{ "type": "Feature", "properties": { "fid": 35, "Yapı No_Text": "-11" }, "geometry": { "type": "Point", "coordinates": [ 26.694943339000076, 39.318080382000062 ] } },
{ "type": "Feature", "properties": { "fid": 36, "Yapı No_Text": "-12" }, "geometry": { "type": "Point", "coordinates": [ 26.694891544000029, 39.318069958000081 ] } },
{ "type": "Feature", "properties": { "fid": 37, "Yapı No_Text": "-13" }, "geometry": { "type": "Point", "coordinates": [ 26.694824501000028, 39.318068428000061 ] } },
{ "type": "Feature", "properties": { "fid": 38, "Yapı No_Text": "-03" }, "geometry": { "type": "Point", "coordinates": [ 26.694709596000052, 39.318126472000074 ] } },
{ "type": "Feature", "properties": { "fid": 39, "Yapı No_Text": "-14" }, "geometry": { "type": "Point", "coordinates": [ 26.694703996000044, 39.31803412000005 ] } },
{ "type": "Feature", "properties": { "fid": 40, "Yapı No_Text": "-02" }, "geometry": { "type": "Point", "coordinates": [ 26.694621802000029, 39.318097999000031 ] } },
{ "type": "Feature", "properties": { "fid": 41, "Yapı No_Text": "-01" }, "geometry": { "type": "Point", "coordinates": [ 26.694479956000066, 39.318132143000071 ] } },
{ "type": "Feature", "properties": { "fid": 42, "Yapı No_Text": "-16" }, "geometry": { "type": "Point", "coordinates": [ 26.694510941000033, 39.318082729000025 ] } },
{ "type": "Feature", "properties": { "fid": 43, "Yapı No_Text": "-15" }, "geometry": { "type": "Point", "coordinates": [ 26.694558911000058, 39.31806989100005 ] } },
{ "type": "Feature", "properties": { "fid": 44, "Yapı No_Text": "506" }, "geometry": { "type": "Point", "coordinates": [ 26.695002818000034, 39.318107296000051 ] } },
{ "type": "Feature", "properties": { "fid": 45, "Yapı No_Text": "-01" }, "geometry": { "type": "Point", "coordinates": [ 26.695224193000058, 39.317590726000049 ] } },
{ "type": "Feature", "properties": { "fid": 46, "Yapı No_Text": "-12" }, "geometry": { "type": "Point", "coordinates": [ 26.695171520000031, 39.317525274000047 ] } },
{ "type": "Feature", "properties": { "fid": 47, "Yapı No_Text": "-02" }, "geometry": { "type": "Point", "coordinates": [ 26.695343769000033, 39.317568041000072 ] } },
{ "type": "Feature", "properties": { "fid": 48, "Yapı No_Text": "-03" }, "geometry": { "type": "Point", "coordinates": [ 26.695286766000038, 39.317498734000026 ] } },
{ "type": "Feature", "properties": { "fid": 49, "Yapı No_Text": "-04" }, "geometry": { "type": "Point", "coordinates": [ 26.695306512000059, 39.317437677000044 ] } },
{ "type": "Feature", "properties": { "fid": 50, "Yapı No_Text": "-11" }, "geometry": { "type": "Point", "coordinates": [ 26.695184237000035, 39.317450729000029 ] } },
{ "type": "Feature", "properties": { "fid": 51, "Yapı No_Text": "-10" }, "geometry": { "type": "Point", "coordinates": [ 26.695151472000077, 39.317376341000056 ] } },
{ "type": "Feature", "properties": { "fid": 52, "Yapı No_Text": "-05" }, "geometry": { "type": "Point", "coordinates": [ 26.695281750000049, 39.317386999000064 ] } },
{ "type": "Feature", "properties": { "fid": 53, "Yapı No_Text": "-06" }, "geometry": { "type": "Point", "coordinates": [ 26.695259160000035, 39.317252954000026 ] } },
{ "type": "Feature", "properties": { "fid": 54, "Yapı No_Text": "-07" }, "geometry": { "type": "Point", "coordinates": [ 26.695177394000041, 39.317223107000075 ] } },
{ "type": "Feature", "properties": { "fid": 55, "Yapı No_Text": "-08" }, "geometry": { "type": "Point", "coordinates": [ 26.695109316000071, 39.317248998000025 ] } },
{ "type": "Feature", "properties": { "fid": 56, "Yapı No_Text": "-09" }, "geometry": { "type": "Point", "coordinates": [ 26.695128725000075, 39.317308722000064 ] } },
{ "type": "Feature", "properties": { "fid": 57, "Yapı No_Text": "511" }, "geometry": { "type": "Point", "coordinates": [ 26.695214089000046, 39.317410165000069 ] } },
{ "type": "Feature", "properties": { "fid": 58, "Yapı No_Text": "-02" }, "geometry": { "type": "Point", "coordinates": [ 26.695050856000023, 39.317605324000056 ] } },
{ "type": "Feature", "properties": { "fid": 59, "Yapı No_Text": "-01" }, "geometry": { "type": "Point", "coordinates": [ 26.694901383000058, 39.317614829000036 ] } },
{ "type": "Feature", "properties": { "fid": 60, "Yapı No_Text": "-09" }, "geometry": { "type": "Point", "coordinates": [ 26.694876747000023, 39.317521953000039 ] } },
{ "type": "Feature", "properties": { "fid": 61, "Yapı No_Text": "-08" }, "geometry": { "type": "Point", "coordinates": [ 26.694833930000073, 39.31748826900008 ] } },
{ "type": "Feature", "properties": { "fid": 62, "Yapı No_Text": "-07" }, "geometry": { "type": "Point", "coordinates": [ 26.694890968000038, 39.317452894000041 ] } },
{ "type": "Feature", "properties": { "fid": 63, "Yapı No_Text": "-06" }, "geometry": { "type": "Point", "coordinates": [ 26.694937356000025, 39.317397507000067 ] } },
{ "type": "Feature", "properties": { "fid": 64, "Yapı No_Text": "-05" }, "geometry": { "type": "Point", "coordinates": [ 26.695017552000024, 39.317366465000077 ] } },
{ "type": "Feature", "properties": { "fid": 65, "Yapı No_Text": "-04" }, "geometry": { "type": "Point", "coordinates": [ 26.695031698000037, 39.31746596000005 ] } },
{ "type": "Feature", "properties": { "fid": 66, "Yapı No_Text": "-03" }, "geometry": { "type": "Point", "coordinates": [ 26.695079316000033, 39.317543271000034 ] } },
{ "type": "Feature", "properties": { "fid": 67, "Yapı No_Text": "-10" }, "geometry": { "type": "Point", "coordinates": [ 26.69488076500005, 39.31755486000003 ] } },
{ "type": "Feature", "properties": { "fid": 68, "Yapı No_Text": "512" }, "geometry": { "type": "Point", "coordinates": [ 26.694963094000059, 39.317507315000057 ] } },
{ "type": "Feature", "properties": { "fid": 69, "Yapı No_Text": "-01" }, "geometry": { "type": "Point", "coordinates": [ 26.695790422000073, 39.317517089000035 ] } },
{ "type": "Feature", "properties": { "fid": 70, "Yapı No_Text": "-02" }, "geometry": { "type": "Point", "coordinates": [ 26.695895151000059, 39.317510611000046 ] } },
{ "type": "Feature", "properties": { "fid": 71, "Yapı No_Text": "-03" }, "geometry": { "type": "Point", "coordinates": [ 26.695892957000069, 39.31745591300006 ] } },
{ "type": "Feature", "properties": { "fid": 72, "Yapı No_Text": "-04" }, "geometry": { "type": "Point", "coordinates": [ 26.695878415000038, 39.317413133000059 ] } },
{ "type": "Feature", "properties": { "fid": 73, "Yapı No_Text": "-05" }, "geometry": { "type": "Point", "coordinates": [ 26.695837800000049, 39.317346177000047 ] } },
{ "type": "Feature", "properties": { "fid": 74, "Yapı No_Text": "-06" }, "geometry": { "type": "Point", "coordinates": [ 26.695838102000039, 39.317282753000029 ] } },
{ "type": "Feature", "properties": { "fid": 75, "Yapı No_Text": "-07" }, "geometry": { "type": "Point", "coordinates": [ 26.695833051000079, 39.317199191000043 ] } },
{ "type": "Feature", "properties": { "fid": 76, "Yapı No_Text": "-08" }, "geometry": { "type": "Point", "coordinates": [ 26.695811537000054, 39.317108554000072 ] } },
{ "type": "Feature", "properties": { "fid": 77, "Yapı No_Text": "-09" }, "geometry": { "type": "Point", "coordinates": [ 26.695751099000063, 39.317136258000062 ] } },
{ "type": "Feature", "properties": { "fid": 78, "Yapı No_Text": " -10" }, "geometry": { "type": "Point", "coordinates": [ 26.69568517600004, 39.317146498000056 ] } },
{ "type": "Feature", "properties": { "fid": 79, "Yapı No_Text": "-11" }, "geometry": { "type": "Point", "coordinates": [ 26.695642165000038, 39.317155606000028 ] } },
{ "type": "Feature", "properties": { "fid": 80, "Yapı No_Text": "-12" }, "geometry": { "type": "Point", "coordinates": [ 26.695662209000034, 39.317198805000032 ] } },
{ "type": "Feature", "properties": { "fid": 81, "Yapı No_Text": "-13" }, "geometry": { "type": "Point", "coordinates": [ 26.695728369000051, 39.317221344000075 ] } },
{ "type": "Feature", "properties": { "fid": 82, "Yapı No_Text": "-14" }, "geometry": { "type": "Point", "coordinates": [ 26.695703607000041, 39.317289268000025 ] } },
{ "type": "Feature", "properties": { "fid": 83, "Yapı No_Text": "-15" }, "geometry": { "type": "Point", "coordinates": [ 26.695745818000034, 39.317395913000041 ] } },
{ "type": "Feature", "properties": { "fid": 84, "Yapı No_Text": "-16" }, "geometry": { "type": "Point", "coordinates": [ 26.695774449000055, 39.317437514000062 ] } },
{ "type": "Feature", "properties": { "fid": 85, "Yapı No_Text": "-17" }, "geometry": { "type": "Point", "coordinates": [ 26.695769510000048, 39.317476566000039 ] } },
{ "type": "Feature", "properties": { "fid": 86, "Yapı No_Text": "479" }, "geometry": { "type": "Point", "coordinates": [ 26.695775527000023, 39.317280431000029 ] } },
{ "type": "Feature", "properties": { "fid": 87, "Yapı No_Text": "510" }, "geometry": { "type": "Point", "coordinates": [ 26.695505264000076, 39.317347856000026 ] } },
{ "type": "Feature", "properties": { "fid": 88, "Yapı No_Text": "-01" }, "geometry": { "type": "Point", "coordinates": [ 26.695492223000031, 39.317549113000041 ] } },
{ "type": "Feature", "properties": { "fid": 89, "Yapı No_Text": "-02" }, "geometry": { "type": "Point", "coordinates": [ 26.695625756000027, 39.317487215000028 ] } },
{ "type": "Feature", "properties": { "fid": 90, "Yapı No_Text": "-03" }, "geometry": { "type": "Point", "coordinates": [ 26.695604862000039, 39.317405608000058 ] } },
{ "type": "Feature", "properties": { "fid": 91, "Yapı No_Text": "-04" }, "geometry": { "type": "Point", "coordinates": [ 26.695601096000075, 39.317367141000034 ] } },
{ "type": "Feature", "properties": { "fid": 92, "Yapı No_Text": "-06" }, "geometry": { "type": "Point", "coordinates": [ 26.695562704000054, 39.317291931000057 ] } },
{ "type": "Feature", "properties": { "fid": 93, "Yapı No_Text": "-07" }, "geometry": { "type": "Point", "coordinates": [ 26.695560399000044, 39.317218683000078 ] } },
{ "type": "Feature", "properties": { "fid": 94, "Yapı No_Text": "-08" }, "geometry": { "type": "Point", "coordinates": [ 26.695547550000072, 39.31715678900008 ] } },
{ "type": "Feature", "properties": { "fid": 95, "Yapı No_Text": "-09" }, "geometry": { "type": "Point", "coordinates": [ 26.695484629000077, 39.317149333000032 ] } },
{ "type": "Feature", "properties": { "fid": 96, "Yapı No_Text": "-10" }, "geometry": { "type": "Point", "coordinates": [ 26.695441634000076, 39.317153746000031 ] } },
{ "type": "Feature", "properties": { "fid": 97, "Yapı No_Text": "-11" }, "geometry": { "type": "Point", "coordinates": [ 26.695365206000076, 39.317162960000076 ] } },
{ "type": "Feature", "properties": { "fid": 98, "Yapı No_Text": "-12" }, "geometry": { "type": "Point", "coordinates": [ 26.695387483000047, 39.317237234000061 ] } },
{ "type": "Feature", "properties": { "fid": 99, "Yapı No_Text": "-13" }, "geometry": { "type": "Point", "coordinates": [ 26.695407074000059, 39.317309963000071 ] } },
{ "type": "Feature", "properties": { "fid": 100, "Yapı No_Text": "-14" }, "geometry": { "type": "Point", "coordinates": [ 26.695437635000076, 39.317389663000029 ] } },
{ "type": "Feature", "properties": { "fid": 101, "Yapı No_Text": "-15" }, "geometry": { "type": "Point", "coordinates": [ 26.695448473000056, 39.317443732000072 ] } },
{ "type": "Feature", "properties": { "fid": 102, "Yapı No_Text": "-16" }, "geometry": { "type": "Point", "coordinates": [ 26.695474362000027, 39.317479791000039 ] } },
{ "type": "Feature", "properties": { "fid": 103, "Yapı No_Text": "-05" }, "geometry": { "type": "Point", "coordinates": [ 26.695585809000079, 39.317330237000078 ] } },
{ "type": "Feature", "properties": { "fid": 104, "Yapı No_Text": "-14B" }, "geometry": { "type": "Point", "coordinates": [ 26.696065409000028, 39.317435662000037 ] } },
{ "type": "Feature", "properties": { "fid": 105, "Yapı No_Text": "-01" }, "geometry": { "type": "Point", "coordinates": [ 26.696176722000075, 39.317415522000033 ] } },
{ "type": "Feature", "properties": { "fid": 106, "Yapı No_Text": "-02" }, "geometry": { "type": "Point", "coordinates": [ 26.696247458000073, 39.317401527000072 ] } },
{ "type": "Feature", "properties": { "fid": 107, "Yapı No_Text": "-03" }, "geometry": { "type": "Point", "coordinates": [ 26.696181446000026, 39.317343477000065 ] } },
{ "type": "Feature", "properties": { "fid": 108, "Yapı No_Text": "-04" }, "geometry": { "type": "Point", "coordinates": [ 26.696185046000039, 39.317267830000048 ] } },
{ "type": "Feature", "properties": { "fid": 109, "Yapı No_Text": "-05" }, "geometry": { "type": "Point", "coordinates": [ 26.696160723000048, 39.317202360000067 ] } },
{ "type": "Feature", "properties": { "fid": 110, "Yapı No_Text": "-06" }, "geometry": { "type": "Point", "coordinates": [ 26.696095075000073, 39.317141892000052 ] } },
{ "type": "Feature", "properties": { "fid": 111, "Yapı No_Text": "-07" }, "geometry": { "type": "Point", "coordinates": [ 26.69615496800003, 39.317095674000029 ] } },
{ "type": "Feature", "properties": { "fid": 112, "Yapı No_Text": "-08" }, "geometry": { "type": "Point", "coordinates": [ 26.696087852000062, 39.317055094000068 ] } },
{ "type": "Feature", "properties": { "fid": 113, "Yapı No_Text": "-09" }, "geometry": { "type": "Point", "coordinates": [ 26.696005360000072, 39.31702963500004 ] } },
{ "type": "Feature", "properties": { "fid": 114, "Yapı No_Text": "-10" }, "geometry": { "type": "Point", "coordinates": [ 26.695931460000054, 39.317066405000048 ] } },
{ "type": "Feature", "properties": { "fid": 115, "Yapı No_Text": "-11" }, "geometry": { "type": "Point", "coordinates": [ 26.695970349000049, 39.317163857000025 ] } },
{ "type": "Feature", "properties": { "fid": 116, "Yapı No_Text": "-12" }, "geometry": { "type": "Point", "coordinates": [ 26.695989073000078, 39.31722806700003 ] } },
{ "type": "Feature", "properties": { "fid": 117, "Yapı No_Text": "-13" }, "geometry": { "type": "Point", "coordinates": [ 26.696008568000025, 39.317297040000028 ] } },
{ "type": "Feature", "properties": { "fid": 118, "Yapı No_Text": "-14A" }, "geometry": { "type": "Point", "coordinates": [ 26.696017986000072, 39.317364154000074 ] } },
{ "type": "Feature", "properties": { "fid": 119, "Yapı No_Text": "478" }, "geometry": { "type": "Point", "coordinates": [ 26.696068173000072, 39.317215395000062 ] } },
{ "type": "Feature", "properties": { "fid": 120, "Yapı No_Text": "-01" }, "geometry": { "type": "Point", "coordinates": [ 26.696363139000027, 39.317375450000043 ] } },
{ "type": "Feature", "properties": { "fid": 121, "Yapı No_Text": "-02" }, "geometry": { "type": "Point", "coordinates": [ 26.696454619000065, 39.317364834000045 ] } },
{ "type": "Feature", "properties": { "fid": 122, "Yapı No_Text": "-03B" }, "geometry": { "type": "Point", "coordinates": [ 26.696337218000053, 39.317307115000062 ] } },
{ "type": "Feature", "properties": { "fid": 123, "Yapı No_Text": "-04" }, "geometry": { "type": "Point", "coordinates": [ 26.696463363000078, 39.317124106000051 ] } },
{ "type": "Feature", "properties": { "fid": 124, "Yapı No_Text": "-05" }, "geometry": { "type": "Point", "coordinates": [ 26.696380869000052, 39.317112831000031 ] } },
{ "type": "Feature", "properties": { "fid": 125, "Yapı No_Text": "-06" }, "geometry": { "type": "Point", "coordinates": [ 26.696268729000053, 39.31706839800006 ] } },
{ "type": "Feature", "properties": { "fid": 126, "Yapı No_Text": "-03A" }, "geometry": { "type": "Point", "coordinates": [ 26.696345736000069, 39.317228176000071 ] } },
{ "type": "Feature", "properties": { "fid": 127, "Yapı No_Text": "477" }, "geometry": { "type": "Point", "coordinates": [ 26.696382253000024, 39.317189735000056 ] } },
{ "type": "Feature", "properties": { "fid": 128, "Yapı No_Text": "-01" }, "geometry": { "type": "Point", "coordinates": [ 26.696595499000068, 39.317311651000068 ] } },
{ "type": "Feature", "properties": { "fid": 129, "Yapı No_Text": "-02" }, "geometry": { "type": "Point", "coordinates": [ 26.696692739000071, 39.317299432000027 ] } },
{ "type": "Feature", "properties": { "fid": 130, "Yapı No_Text": "-03" }, "geometry": { "type": "Point", "coordinates": [ 26.696784104000074, 39.317288475000055 ] } },
{ "type": "Feature", "properties": { "fid": 131, "Yapı No_Text": "-04" }, "geometry": { "type": "Point", "coordinates": [ 26.696864795000067, 39.317286220000028 ] } },
{ "type": "Feature", "properties": { "fid": 132, "Yapı No_Text": "-05" }, "geometry": { "type": "Point", "coordinates": [ 26.696943314000066, 39.317261643000052 ] } },
{ "type": "Feature", "properties": { "fid": 133, "Yapı No_Text": "-06A" }, "geometry": { "type": "Point", "coordinates": [ 26.696876947000078, 39.317201013000044 ] } },
{ "type": "Feature", "properties": { "fid": 134, "Yapı No_Text": "-06B" }, "geometry": { "type": "Point", "coordinates": [ 26.696817613000064, 39.31717207500003 ] } },
{ "type": "Feature", "properties": { "fid": 135, "Yapı No_Text": "-07" }, "geometry": { "type": "Point", "coordinates": [ 26.696775243000047, 39.317172822000032 ] } },
{ "type": "Feature", "properties": { "fid": 136, "Yapı No_Text": "-08" }, "geometry": { "type": "Point", "coordinates": [ 26.696710131000032, 39.317150127000048 ] } },
{ "type": "Feature", "properties": { "fid": 137, "Yapı No_Text": "-09" }, "geometry": { "type": "Point", "coordinates": [ 26.696642245000078, 39.31714160000007 ] } },
{ "type": "Feature", "properties": { "fid": 138, "Yapı No_Text": "-10" }, "geometry": { "type": "Point", "coordinates": [ 26.696579083000074, 39.317125538000028 ] } },
{ "type": "Feature", "properties": { "fid": 139, "Yapı No_Text": "476" }, "geometry": { "type": "Point", "coordinates": [ 26.696709078000026, 39.317219826000041 ] } },
{ "type": "Feature", "properties": { "fid": 140, "Yapı No_Text": "505" }, "geometry": { "type": "Point", "coordinates": [ 26.694657792000044, 39.318290094000076 ] } },
{ "type": "Feature", "properties": { "fid": 141, "Yapı No_Text": "-01" }, "geometry": { "type": "Point", "coordinates": [ 26.694346318000044, 39.318274661000032 ] } },
{ "type": "Feature", "properties": { "fid": 142, "Yapı No_Text": "-02" }, "geometry": { "type": "Point", "coordinates": [ 26.694460030000073, 39.318305592000058 ] } },
{ "type": "Feature", "properties": { "fid": 143, "Yapı No_Text": "-03" }, "geometry": { "type": "Point", "coordinates": [ 26.694588699000064, 39.31830579700005 ] } },
{ "type": "Feature", "properties": { "fid": 144, "Yapı No_Text": "-04" }, "geometry": { "type": "Point", "coordinates": [ 26.69468885200007, 39.318333834000043 ] } },
{ "type": "Feature", "properties": { "fid": 145, "Yapı No_Text": "-05" }, "geometry": { "type": "Point", "coordinates": [ 26.694763910000063, 39.318344345000071 ] } },
{ "type": "Feature", "properties": { "fid": 146, "Yapı No_Text": "-06" }, "geometry": { "type": "Point", "coordinates": [ 26.694795515000067, 39.318369711000059 ] } },
{ "type": "Feature", "properties": { "fid": 147, "Yapı No_Text": "-07" }, "geometry": { "type": "Point", "coordinates": [ 26.694841054000051, 39.318346965000046 ] } },
{ "type": "Feature", "properties": { "fid": 148, "Yapı No_Text": "-08" }, "geometry": { "type": "Point", "coordinates": [ 26.694874619000075, 39.318402975000026 ] } },
{ "type": "Feature", "properties": { "fid": 149, "Yapı No_Text": "-09" }, "geometry": { "type": "Point", "coordinates": [ 26.69492144000003, 39.318414862000054 ] } },
{ "type": "Feature", "properties": { "fid": 150, "Yapı No_Text": "-10" }, "geometry": { "type": "Point", "coordinates": [ 26.694916593000073, 39.318368747000079 ] } },
{ "type": "Feature", "properties": { "fid": 151, "Yapı No_Text": "-11" }, "geometry": { "type": "Point", "coordinates": [ 26.694928150000067, 39.318326282000044 ] } },
{ "type": "Feature", "properties": { "fid": 152, "Yapı No_Text": "-12" }, "geometry": { "type": "Point", "coordinates": [ 26.694926034000048, 39.318281175000038 ] } },
{ "type": "Feature", "properties": { "fid": 153, "Yapı No_Text": "-01" }, "geometry": { "type": "Point", "coordinates": [ 26.695333131000041, 39.318638166000028 ] } },
{ "type": "Feature", "properties": { "fid": 154, "Yapı No_Text": "-02" }, "geometry": { "type": "Point", "coordinates": [ 26.695423840000046, 39.318604807000042 ] } },
{ "type": "Feature", "properties": { "fid": 155, "Yapı No_Text": "-03" }, "geometry": { "type": "Point", "coordinates": [ 26.69549500100004, 39.318599370000072 ] } },
{ "type": "Feature", "properties": { "fid": 156, "Yapı No_Text": "-04" }, "geometry": { "type": "Point", "coordinates": [ 26.695559003000028, 39.318604736000054 ] } },
{ "type": "Feature", "properties": { "fid": 157, "Yapı No_Text": "-05" }, "geometry": { "type": "Point", "coordinates": [ 26.695541628000058, 39.318554302000052 ] } },
{ "type": "Feature", "properties": { "fid": 158, "Yapı No_Text": "-06" }, "geometry": { "type": "Point", "coordinates": [ 26.695497974000034, 39.31850748200003 ] } },
{ "type": "Feature", "properties": { "fid": 159, "Yapı No_Text": "-07" }, "geometry": { "type": "Point", "coordinates": [ 26.695471433000023, 39.318459885000038 ] } },
{ "type": "Feature", "properties": { "fid": 160, "Yapı No_Text": "-08" }, "geometry": { "type": "Point", "coordinates": [ 26.69541969900007, 39.318356093000034 ] } },
{ "type": "Feature", "properties": { "fid": 161, "Yapı No_Text": "-09" }, "geometry": { "type": "Point", "coordinates": [ 26.695231755000066, 39.318374531000075 ] } },
{ "type": "Feature", "properties": { "fid": 162, "Yapı No_Text": "-10" }, "geometry": { "type": "Point", "coordinates": [ 26.69508047100004, 39.31831513700007 ] } },
{ "type": "Feature", "properties": { "fid": 163, "Yapı No_Text": "-11" }, "geometry": { "type": "Point", "coordinates": [ 26.695045444000073, 39.318378406000079 ] } },
{ "type": "Feature", "properties": { "fid": 164, "Yapı No_Text": "-12" }, "geometry": { "type": "Point", "coordinates": [ 26.695037309000043, 39.31842608200003 ] } },
{ "type": "Feature", "properties": { "fid": 165, "Yapı No_Text": "-13" }, "geometry": { "type": "Point", "coordinates": [ 26.695051549000027, 39.318485558000077 ] } },
{ "type": "Feature", "properties": { "fid": 166, "Yapı No_Text": "-14" }, "geometry": { "type": "Point", "coordinates": [ 26.695168418000037, 39.318524473000025 ] } },
{ "type": "Feature", "properties": { "fid": 167, "Yapı No_Text": "-15" }, "geometry": { "type": "Point", "coordinates": [ 26.695253802000025, 39.318566281000074 ] } },
{ "type": "Feature", "properties": { "fid": 168, "Yapı No_Text": "463" }, "geometry": { "type": "Point", "coordinates": [ 26.695259268000029, 39.31845424100004 ] } },
{ "type": "Feature", "properties": { "fid": 169, "Yapı No_Text": "464" }, "geometry": { "type": "Point", "coordinates": [ 26.695676186000071, 39.31843178500003 ] } },
{ "type": "Feature", "properties": { "fid": 170, "Yapı No_Text": "? " }, "geometry": { "type": "Point", "coordinates": [ 26.695205965000071, 39.31891842400006 ] } },
{ "type": "Feature", "properties": { "fid": 171, "Yapı No_Text": "-01" }, "geometry": { "type": "Point", "coordinates": [ 26.695685567000055, 39.318571405000057 ] } },
{ "type": "Feature", "properties": { "fid": 172, "Yapı No_Text": "-02" }, "geometry": { "type": "Point", "coordinates": [ 26.695744906000073, 39.318556023000042 ] } },
{ "type": "Feature", "properties": { "fid": 173, "Yapı No_Text": "-03" }, "geometry": { "type": "Point", "coordinates": [ 26.695796789000042, 39.318529116000036 ] } },
{ "type": "Feature", "properties": { "fid": 174, "Yapı No_Text": "-04" }, "geometry": { "type": "Point", "coordinates": [ 26.695725592000031, 39.318414586000074 ] } },
{ "type": "Feature", "properties": { "fid": 175, "Yapı No_Text": "-05" }, "geometry": { "type": "Point", "coordinates": [ 26.695715348000078, 39.318363989000034 ] } },
{ "type": "Feature", "properties": { "fid": 176, "Yapı No_Text": "-06" }, "geometry": { "type": "Point", "coordinates": [ 26.695684029000063, 39.31831025300005 ] } },
{ "type": "Feature", "properties": { "fid": 177, "Yapı No_Text": "-07" }, "geometry": { "type": "Point", "coordinates": [ 26.695604237000055, 39.318388053000035 ] } },
{ "type": "Feature", "properties": { "fid": 178, "Yapı No_Text": "-08" }, "geometry": { "type": "Point", "coordinates": [ 26.695640936000075, 39.31845781700008 ] } },
{ "type": "Feature", "properties": { "fid": 179, "Yapı No_Text": "-09" }, "geometry": { "type": "Point", "coordinates": [ 26.695663031000038, 39.318520545000069 ] } },
{ "type": "Feature", "properties": { "fid": 180, "Yapı No_Text": "merdiven " }, "geometry": { "type": "Point", "coordinates": [ 26.695830745000023, 39.318451700000026 ] } },
{ "type": "Feature", "properties": { "fid": 181, "Yapı No_Text": "-01" }, "geometry": { "type": "Point", "coordinates": [ 26.694594880000068, 39.317904980000037 ] } },
{ "type": "Feature", "properties": { "fid": 182, "Yapı No_Text": "-02" }, "geometry": { "type": "Point", "coordinates": [ 26.694754543000045, 39.317846648000057 ] } },
{ "type": "Feature", "properties": { "fid": 183, "Yapı No_Text": "-03" }, "geometry": { "type": "Point", "coordinates": [ 26.694755364000059, 39.317797763000044 ] } },
{ "type": "Feature", "properties": { "fid": 184, "Yapı No_Text": "-04" }, "geometry": { "type": "Point", "coordinates": [ 26.694752594000079, 39.317759357000057 ] } },
{ "type": "Feature", "properties": { "fid": 185, "Yapı No_Text": "-05" }, "geometry": { "type": "Point", "coordinates": [ 26.694731761000071, 39.317697035000037 ] } },
{ "type": "Feature", "properties": { "fid": 186, "Yapı No_Text": "-07" }, "geometry": { "type": "Point", "coordinates": [ 26.694748203000074, 39.31756762100008 ] } },
{ "type": "Feature", "properties": { "fid": 187, "Yapı No_Text": "-08" }, "geometry": { "type": "Point", "coordinates": [ 26.694629122000038, 39.317624074000037 ] } },
{ "type": "Feature", "properties": { "fid": 188, "Yapı No_Text": "-09" }, "geometry": { "type": "Point", "coordinates": [ 26.69457449600003, 39.317678150000063 ] } },
{ "type": "Feature", "properties": { "fid": 189, "Yapı No_Text": "-10" }, "geometry": { "type": "Point", "coordinates": [ 26.694579637000061, 39.317746944000078 ] } },
{ "type": "Feature", "properties": { "fid": 190, "Yapı No_Text": "-11" }, "geometry": { "type": "Point", "coordinates": [ 26.694563896000034, 39.31779814500004 ] } },
{ "type": "Feature", "properties": { "fid": 191, "Yapı No_Text": "-12" }, "geometry": { "type": "Point", "coordinates": [ 26.694576399000027, 39.317838342000073 ] } },
{ "type": "Feature", "properties": { "fid": 192, "Yapı No_Text": "-06" }, "geometry": { "type": "Point", "coordinates": [ 26.694759826000052, 39.317619107000041 ] } },
{ "type": "Feature", "properties": { "fid": 193, "Yapı No_Text": "513" }, "geometry": { "type": "Point", "coordinates": [ 26.694661253000049, 39.317754692000051 ] } },
{ "type": "Feature", "properties": { "fid": 194, "Yapı No_Text": "-01" }, "geometry": { "type": "Point", "coordinates": [ 26.693969379000066, 39.318114638000054 ] } },
{ "type": "Feature", "properties": { "fid": 195, "Yapı No_Text": "-02" }, "geometry": { "type": "Point", "coordinates": [ 26.694091902000025, 39.31811646400007 ] } },
{ "type": "Feature", "properties": { "fid": 196, "Yapı No_Text": "-03" }, "geometry": { "type": "Point", "coordinates": [ 26.694147302000033, 39.318075424000028 ] } },
{ "type": "Feature", "properties": { "fid": 197, "Yapı No_Text": "-04" }, "geometry": { "type": "Point", "coordinates": [ 26.694216929000049, 39.318118046000052 ] } },
{ "type": "Feature", "properties": { "fid": 198, "Yapı No_Text": "-05" }, "geometry": { "type": "Point", "coordinates": [ 26.69421202500007, 39.318078118000074 ] } },
{ "type": "Feature", "properties": { "fid": 199, "Yapı No_Text": "-06" }, "geometry": { "type": "Point", "coordinates": [ 26.694221621000054, 39.318029415000069 ] } },
{ "type": "Feature", "properties": { "fid": 200, "Yapı No_Text": "-07" }, "geometry": { "type": "Point", "coordinates": [ 26.694227197000032, 39.317986339000072 ] } },
{ "type": "Feature", "properties": { "fid": 201, "Yapı No_Text": "-08" }, "geometry": { "type": "Point", "coordinates": [ 26.694218269000032, 39.317953283000065 ] } },
{ "type": "Feature", "properties": { "fid": 202, "Yapı No_Text": "-09" }, "geometry": { "type": "Point", "coordinates": [ 26.694124726000041, 39.317967229000033 ] } },
{ "type": "Feature", "properties": { "fid": 203, "Yapı No_Text": "504" }, "geometry": { "type": "Point", "coordinates": [ 26.693998819000058, 39.318002492000062 ] } },
{ "type": "Feature", "properties": { "fid": 204, "Yapı No_Text": "-02" }, "geometry": { "type": "Point", "coordinates": [ 26.694007873000032, 39.317868464000071 ] } },
{ "type": "Feature", "properties": { "fid": 205, "Yapı No_Text": "-03" }, "geometry": { "type": "Point", "coordinates": [ 26.694135949000042, 39.317876114000057 ] } },
{ "type": "Feature", "properties": { "fid": 206, "Yapı No_Text": "-01" }, "geometry": { "type": "Point", "coordinates": [ 26.693916898000055, 39.317872426000065 ] } },
{ "type": "Feature", "properties": { "fid": 207, "Yapı No_Text": "-04" }, "geometry": { "type": "Point", "coordinates": [ 26.694191204000049, 39.317831186000035 ] } },
{ "type": "Feature", "properties": { "fid": 208, "Yapı No_Text": "-05" }, "geometry": { "type": "Point", "coordinates": [ 26.694190566000032, 39.31776724100007 ] } },
{ "type": "Feature", "properties": { "fid": 209, "Yapı No_Text": "-06" }, "geometry": { "type": "Point", "coordinates": [ 26.694216027000039, 39.317712958000072 ] } },
{ "type": "Feature", "properties": { "fid": 210, "Yapı No_Text": "-07" }, "geometry": { "type": "Point", "coordinates": [ 26.694293318000064, 39.317656861000046 ] } },
{ "type": "Feature", "properties": { "fid": 211, "Yapı No_Text": "-08" }, "geometry": { "type": "Point", "coordinates": [ 26.694401310000046, 39.317545060000043 ] } },
{ "type": "Feature", "properties": { "fid": 212, "Yapı No_Text": "-09" }, "geometry": { "type": "Point", "coordinates": [ 26.694292396000037, 39.317515694000065 ] } },
{ "type": "Feature", "properties": { "fid": 213, "Yapı No_Text": "-10" }, "geometry": { "type": "Point", "coordinates": [ 26.694191043000046, 39.317533107000031 ] } },
{ "type": "Feature", "properties": { "fid": 214, "Yapı No_Text": "-11" }, "geometry": { "type": "Point", "coordinates": [ 26.694073375000073, 39.317559180000046 ] } },
{ "type": "Feature", "properties": { "fid": 215, "Yapı No_Text": "-13" }, "geometry": { "type": "Point", "coordinates": [ 26.694069943000045, 39.31768327900005 ] } },
{ "type": "Feature", "properties": { "fid": 216, "Yapı No_Text": "-12" }, "geometry": { "type": "Point", "coordinates": [ 26.693986528000039, 39.317649398000071 ] } },
{ "type": "Feature", "properties": { "fid": 217, "Yapı No_Text": "-14" }, "geometry": { "type": "Point", "coordinates": [ 26.694009752000056, 39.317746165000074 ] } },
{ "type": "Feature", "properties": { "fid": 218, "Yapı No_Text": "-15" }, "geometry": { "type": "Point", "coordinates": [ 26.693994470000064, 39.317795238000031 ] } },
{ "type": "Feature", "properties": { "fid": 219, "Yapı No_Text": "503" }, "geometry": { "type": "Point", "coordinates": [ 26.694168470000079, 39.317611749000037 ] } },
{ "type": "Feature", "properties": { "fid": 220, "Yapı No_Text": "-01A" }, "geometry": { "type": "Point", "coordinates": [ 26.694832692000034, 39.317290488000026 ] } },
{ "type": "Feature", "properties": { "fid": 221, "Yapı No_Text": "-01B" }, "geometry": { "type": "Point", "coordinates": [ 26.694885732000046, 39.31732992700006 ] } },
{ "type": "Feature", "properties": { "fid": 222, "Yapı No_Text": "-02" }, "geometry": { "type": "Point", "coordinates": [ 26.694918413000039, 39.317295126000033 ] } },
{ "type": "Feature", "properties": { "fid": 223, "Yapı No_Text": "-03" }, "geometry": { "type": "Point", "coordinates": [ 26.694927902000074, 39.317249566000044 ] } },
{ "type": "Feature", "properties": { "fid": 224, "Yapı No_Text": "-04" }, "geometry": { "type": "Point", "coordinates": [ 26.694842897000058, 39.316896189000033 ] } },
{ "type": "Feature", "properties": { "fid": 225, "Yapı No_Text": "-05" }, "geometry": { "type": "Point", "coordinates": [ 26.694784447000075, 39.316900673000077 ] } },
{ "type": "Feature", "properties": { "fid": 226, "Yapı No_Text": "-06" }, "geometry": { "type": "Point", "coordinates": [ 26.69472591400006, 39.316919312000039 ] } },
{ "type": "Feature", "properties": { "fid": 227, "Yapı No_Text": "-07" }, "geometry": { "type": "Point", "coordinates": [ 26.694764397000029, 39.316974068000036 ] } },
{ "type": "Feature", "properties": { "fid": 228, "Yapı No_Text": "-08" }, "geometry": { "type": "Point", "coordinates": [ 26.694767413000079, 39.317011475000072 ] } },
{ "type": "Feature", "properties": { "fid": 229, "Yapı No_Text": "-09" }, "geometry": { "type": "Point", "coordinates": [ 26.694764519000046, 39.317045559000064 ] } },
{ "type": "Feature", "properties": { "fid": 230, "Yapı No_Text": "500" }, "geometry": { "type": "Point", "coordinates": [ 26.694841714000063, 39.317214384000067 ] } },
{ "type": "Feature", "properties": { "fid": 231, "Yapı No_Text": "499" }, "geometry": { "type": "Point", "coordinates": [ 26.694874127000048, 39.317053533000035 ] } },
{ "type": "Feature", "properties": { "fid": 232, "Yapı No_Text": "-01" }, "geometry": { "type": "Point", "coordinates": [ 26.695516281000039, 39.31702632300005 ] } },
{ "type": "Feature", "properties": { "fid": 233, "Yapı No_Text": "-02" }, "geometry": { "type": "Point", "coordinates": [ 26.695594217000064, 39.317031687000053 ] } },
{ "type": "Feature", "properties": { "fid": 234, "Yapı No_Text": "-03" }, "geometry": { "type": "Point", "coordinates": [ 26.695682015000045, 39.317037724000045 ] } },
{ "type": "Feature", "properties": { "fid": 235, "Yapı No_Text": "-04" }, "geometry": { "type": "Point", "coordinates": [ 26.695686395000052, 39.316978801000062 ] } },
{ "type": "Feature", "properties": { "fid": 236, "Yapı No_Text": "-05" }, "geometry": { "type": "Point", "coordinates": [ 26.695705810000049, 39.31691873300008 ] } },
{ "type": "Feature", "properties": { "fid": 237, "Yapı No_Text": "-06" }, "geometry": { "type": "Point", "coordinates": [ 26.695696939000072, 39.316854720000038 ] } },
{ "type": "Feature", "properties": { "fid": 238, "Yapı No_Text": "-07" }, "geometry": { "type": "Point", "coordinates": [ 26.695705772000053, 39.316769126000054 ] } },
{ "type": "Feature", "properties": { "fid": 239, "Yapı No_Text": "-08" }, "geometry": { "type": "Point", "coordinates": [ 26.695602763000068, 39.31677144300005 ] } },
{ "type": "Feature", "properties": { "fid": 240, "Yapı No_Text": "-09" }, "geometry": { "type": "Point", "coordinates": [ 26.695498740000062, 39.316835006000076 ] } },
{ "type": "Feature", "properties": { "fid": 241, "Yapı No_Text": "-10" }, "geometry": { "type": "Point", "coordinates": [ 26.695501249000074, 39.316978917000029 ] } },
{ "type": "Feature", "properties": { "fid": 242, "Yapı No_Text": "480" }, "geometry": { "type": "Point", "coordinates": [ 26.695581872000048, 39.316897741000048 ] } },
{ "type": "Feature", "properties": { "fid": 243, "Yapı No_Text": "-01" }, "geometry": { "type": "Point", "coordinates": [ 26.695137419000048, 39.317059032000031 ] } },
{ "type": "Feature", "properties": { "fid": 244, "Yapı No_Text": "-02" }, "geometry": { "type": "Point", "coordinates": [ 26.69528514600006, 39.31705038900003 ] } },
{ "type": "Feature", "properties": { "fid": 245, "Yapı No_Text": "-03" }, "geometry": { "type": "Point", "coordinates": [ 26.695343313000023, 39.31706175100004 ] } },
{ "type": "Feature", "properties": { "fid": 246, "Yapı No_Text": "-04" }, "geometry": { "type": "Point", "coordinates": [ 26.695401446000062, 39.317051765000031 ] } },
{ "type": "Feature", "properties": { "fid": 247, "Yapı No_Text": "-05" }, "geometry": { "type": "Point", "coordinates": [ 26.695400495000058, 39.316990352000062 ] } },
{ "type": "Feature", "properties": { "fid": 248, "Yapı No_Text": "-06" }, "geometry": { "type": "Point", "coordinates": [ 26.695391856000072, 39.316883793000045 ] } },
{ "type": "Feature", "properties": { "fid": 249, "Yapı No_Text": "-07" }, "geometry": { "type": "Point", "coordinates": [ 26.695392173000073, 39.316819095000028 ] } },
{ "type": "Feature", "properties": { "fid": 250, "Yapı No_Text": "-08" }, "geometry": { "type": "Point", "coordinates": [ 26.695258316000036, 39.31683741900008 ] } },
{ "type": "Feature", "properties": { "fid": 251, "Yapı No_Text": "-09" }, "geometry": { "type": "Point", "coordinates": [ 26.69513162100003, 39.316854509000052 ] } },
{ "type": "Feature", "properties": { "fid": 252, "Yapı No_Text": "-10" }, "geometry": { "type": "Point", "coordinates": [ 26.695041926000044, 39.316872434000061 ] } },
{ "type": "Feature", "properties": { "fid": 253, "Yapı No_Text": "-11" }, "geometry": { "type": "Point", "coordinates": [ 26.694966811000029, 39.316880488000038 ] } },
{ "type": "Feature", "properties": { "fid": 254, "Yapı No_Text": "-12" }, "geometry": { "type": "Point", "coordinates": [ 26.695038736000072, 39.316986814000074 ] } },
{ "type": "Feature", "properties": { "fid": 255, "Yapı No_Text": "481" }, "geometry": { "type": "Point", "coordinates": [ 26.695209687000045, 39.316944312000032 ] } },
{ "type": "Feature", "properties": { "fid": 256, "Yapı No_Text": "-01" }, "geometry": { "type": "Point", "coordinates": [ 26.694340862000047, 39.317340095000077 ] } },
{ "type": "Feature", "properties": { "fid": 257, "Yapı No_Text": "-02" }, "geometry": { "type": "Point", "coordinates": [ 26.694431873000042, 39.317382029000044 ] } },
{ "type": "Feature", "properties": { "fid": 258, "Yapı No_Text": "-03" }, "geometry": { "type": "Point", "coordinates": [ 26.694500407000078, 39.317431354000064 ] } },
{ "type": "Feature", "properties": { "fid": 259, "Yapı No_Text": "-04" }, "geometry": { "type": "Point", "coordinates": [ 26.694557410000073, 39.317454418000068 ] } },
{ "type": "Feature", "properties": { "fid": 260, "Yapı No_Text": "-07" }, "geometry": { "type": "Point", "coordinates": [ 26.694686420000039, 39.317422239000052 ] } },
{ "type": "Feature", "properties": { "fid": 261, "Yapı No_Text": "-05" }, "geometry": { "type": "Point", "coordinates": [ 26.694602131000067, 39.317465975000061 ] } },
{ "type": "Feature", "properties": { "fid": 262, "Yapı No_Text": "-06" }, "geometry": { "type": "Point", "coordinates": [ 26.694634768000071, 39.317456572000026 ] } },
{ "type": "Feature", "properties": { "fid": 263, "Yapı No_Text": "-08" }, "geometry": { "type": "Point", "coordinates": [ 26.694751089000079, 39.317392168000026 ] } },
{ "type": "Feature", "properties": { "fid": 264, "Yapı No_Text": "-09" }, "geometry": { "type": "Point", "coordinates": [ 26.694798477000063, 39.317376513000056 ] } },
{ "type": "Feature", "properties": { "fid": 265, "Yapı No_Text": "-11" }, "geometry": { "type": "Point", "coordinates": [ 26.694611258000066, 39.316941942000028 ] } },
{ "type": "Feature", "properties": { "fid": 266, "Yapı No_Text": "-12" }, "geometry": { "type": "Point", "coordinates": [ 26.694530106000059, 39.316948349000029 ] } },
{ "type": "Feature", "properties": { "fid": 267, "Yapı No_Text": "-13" }, "geometry": { "type": "Point", "coordinates": [ 26.694445730000041, 39.316952896000032 ] } },
{ "type": "Feature", "properties": { "fid": 268, "Yapı No_Text": "-14" }, "geometry": { "type": "Point", "coordinates": [ 26.694336956000029, 39.31697799300008 ] } },
{ "type": "Feature", "properties": { "fid": 269, "Yapı No_Text": "-15" }, "geometry": { "type": "Point", "coordinates": [ 26.694309275000023, 39.317051455000069 ] } },
{ "type": "Feature", "properties": { "fid": 270, "Yapı No_Text": "-16" }, "geometry": { "type": "Point", "coordinates": [ 26.694327841000074, 39.317102396000053 ] } },
{ "type": "Feature", "properties": { "fid": 271, "Yapı No_Text": "-17" }, "geometry": { "type": "Point", "coordinates": [ 26.694323369000074, 39.317181206000043 ] } },
{ "type": "Feature", "properties": { "fid": 272, "Yapı No_Text": "-10" }, "geometry": { "type": "Point", "coordinates": [ 26.694666539000025, 39.317325567000069 ] } },
{ "type": "Feature", "properties": { "fid": 273, "Yapı No_Text": "501" }, "geometry": { "type": "Point", "coordinates": [ 26.694515101000036, 39.317152457000077 ] } },
{ "type": "Feature", "properties": { "fid": 274, "Yapı No_Text": "-18" }, "geometry": { "type": "Point", "coordinates": [ 26.694285211000079, 39.317273473000057 ] } },
{ "type": "Feature", "properties": { "fid": 275, "Yapı No_Text": "343" }, "geometry": { "type": "Point", "coordinates": [ 26.696050481000043, 39.323439710000059 ] } },
{ "type": "Feature", "properties": { "fid": 276, "Yapı No_Text": "-01" }, "geometry": { "type": "Point", "coordinates": [ 26.696194646000038, 39.323654722000072 ] } },
{ "type": "Feature", "properties": { "fid": 277, "Yapı No_Text": "-02" }, "geometry": { "type": "Point", "coordinates": [ 26.696265633000053, 39.323601047000068 ] } },
{ "type": "Feature", "properties": { "fid": 278, "Yapı No_Text": "-03" }, "geometry": { "type": "Point", "coordinates": [ 26.696322345000056, 39.323575901000027 ] } },
{ "type": "Feature", "properties": { "fid": 279, "Yapı No_Text": "-04" }, "geometry": { "type": "Point", "coordinates": [ 26.696365950000029, 39.323538073000066 ] } },
{ "type": "Feature", "properties": { "fid": 280, "Yapı No_Text": "-05" }, "geometry": { "type": "Point", "coordinates": [ 26.696299301000067, 39.323517762000051 ] } },
{ "type": "Feature", "properties": { "fid": 281, "Yapı No_Text": "-06" }, "geometry": { "type": "Point", "coordinates": [ 26.696170758000051, 39.323483187000079 ] } },
{ "type": "Feature", "properties": { "fid": 282, "Yapı No_Text": "-07" }, "geometry": { "type": "Point", "coordinates": [ 26.695990077000033, 39.323369582000055 ] } },
{ "type": "Feature", "properties": { "fid": 283, "Yapı No_Text": "-08" }, "geometry": { "type": "Point", "coordinates": [ 26.69596002000003, 39.323318263000033 ] } },
{ "type": "Feature", "properties": { "fid": 284, "Yapı No_Text": "-09" }, "geometry": { "type": "Point", "coordinates": [ 26.695947692000061, 39.323262664000026 ] } },
{ "type": "Feature", "properties": { "fid": 285, "Yapı No_Text": "-10" }, "geometry": { "type": "Point", "coordinates": [ 26.695920084000079, 39.323218150000059 ] } },
{ "type": "Feature", "properties": { "fid": 286, "Yapı No_Text": "-11" }, "geometry": { "type": "Point", "coordinates": [ 26.695834477000062, 39.323255433000043 ] } },
{ "type": "Feature", "properties": { "fid": 287, "Yapı No_Text": "-12" }, "geometry": { "type": "Point", "coordinates": [ 26.695881091000047, 39.323383935000038 ] } },
{ "type": "Feature", "properties": { "fid": 288, "Yapı No_Text": "-13" }, "geometry": { "type": "Point", "coordinates": [ 26.695935217000056, 39.323428393000029 ] } },
{ "type": "Feature", "properties": { "fid": 289, "Yapı No_Text": "-14" }, "geometry": { "type": "Point", "coordinates": [ 26.695985479000058, 39.323483146000058 ] } },
{ "type": "Feature", "properties": { "fid": 290, "Yapı No_Text": "-15" }, "geometry": { "type": "Point", "coordinates": [ 26.696069905000058, 39.323553447000052 ] } },
{ "type": "Feature", "properties": { "fid": 291, "Yapı No_Text": "-16" }, "geometry": { "type": "Point", "coordinates": [ 26.696142260000045, 39.323622183000055 ] } },
{ "type": "Feature", "properties": { "fid": 292, "Yapı No_Text": "-02" }, "geometry": { "type": "Point", "coordinates": [ 26.696734372000037, 39.323408467000036 ] } },
{ "type": "Feature", "properties": { "fid": 293, "Yapı No_Text": "-01" }, "geometry": { "type": "Point", "coordinates": [ 26.696786898000028, 39.323441145000061 ] } },
{ "type": "Feature", "properties": { "fid": 294, "Yapı No_Text": "103" }, "geometry": { "type": "Point", "coordinates": [ 26.69677482700007, 39.323381341000072 ] } },
{ "type": "Feature", "properties": { "fid": 295, "Yapı No_Text": "-01" }, "geometry": { "type": "Point", "coordinates": [ 26.696979862000035, 39.323466362000033 ] } },
{ "type": "Feature", "properties": { "fid": 296, "Yapı No_Text": "-02" }, "geometry": { "type": "Point", "coordinates": [ 26.697038932000055, 39.32341832600008 ] } },
{ "type": "Feature", "properties": { "fid": 297, "Yapı No_Text": "-03" }, "geometry": { "type": "Point", "coordinates": [ 26.696942751000051, 39.323419830000034 ] } },
{ "type": "Feature", "properties": { "fid": 298, "Yapı No_Text": "-04" }, "geometry": { "type": "Point", "coordinates": [ 26.696903877000068, 39.323305854000068 ] } },
{ "type": "Feature", "properties": { "fid": 299, "Yapı No_Text": "102" }, "geometry": { "type": "Point", "coordinates": [ 26.696966530000054, 39.323341388000074 ] } },
{ "type": "Feature", "properties": { "fid": 300, "Yapı No_Text": "-06A" }, "geometry": { "type": "Point", "coordinates": [ 26.696202675000052, 39.322949314000027 ] } },
{ "type": "Feature", "properties": { "fid": 301, "Yapı No_Text": "-06B" }, "geometry": { "type": "Point", "coordinates": [ 26.696249255000055, 39.322929937000026 ] } },
{ "type": "Feature", "properties": { "fid": 302, "Yapı No_Text": "-07A" }, "geometry": { "type": "Point", "coordinates": [ 26.696295037000027, 39.322947056000032 ] } },
{ "type": "Feature", "properties": { "fid": 303, "Yapı No_Text": "-07B" }, "geometry": { "type": "Point", "coordinates": [ 26.696339718000047, 39.322928382000043 ] } },
{ "type": "Feature", "properties": { "fid": 304, "Yapı No_Text": "-08" }, "geometry": { "type": "Point", "coordinates": [ 26.696318321000035, 39.322882745000072 ] } },
{ "type": "Feature", "properties": { "fid": 305, "Yapı No_Text": "-09" }, "geometry": { "type": "Point", "coordinates": [ 26.696313941000028, 39.322800323000024 ] } },
{ "type": "Feature", "properties": { "fid": 306, "Yapı No_Text": "-10" }, "geometry": { "type": "Point", "coordinates": [ 26.696310295000046, 39.322738378000054 ] } },
{ "type": "Feature", "properties": { "fid": 307, "Yapı No_Text": "-01" }, "geometry": { "type": "Point", "coordinates": [ 26.696226658000057, 39.322727059000044 ] } },
{ "type": "Feature", "properties": { "fid": 308, "Yapı No_Text": "-02" }, "geometry": { "type": "Point", "coordinates": [ 26.696222460000058, 39.322759415000064 ] } },
{ "type": "Feature", "properties": { "fid": 309, "Yapı No_Text": "-03" }, "geometry": { "type": "Point", "coordinates": [ 26.696226080000031, 39.32280546100003 ] } },
{ "type": "Feature", "properties": { "fid": 310, "Yapı No_Text": "-04" }, "geometry": { "type": "Point", "coordinates": [ 26.696228280000071, 39.322852060000059 ] } },
{ "type": "Feature", "properties": { "fid": 311, "Yapı No_Text": "-05" }, "geometry": { "type": "Point", "coordinates": [ 26.696232609000049, 39.322899745000029 ] } },
{ "type": "Feature", "properties": { "fid": 312, "Yapı No_Text": "-01" }, "geometry": { "type": "Point", "coordinates": [ 26.696487657000034, 39.322849348000034 ] } },
{ "type": "Feature", "properties": { "fid": 313, "Yapı No_Text": "-02" }, "geometry": { "type": "Point", "coordinates": [ 26.696506624000051, 39.322737739000047 ] } },
{ "type": "Feature", "properties": { "fid": 314, "Yapı No_Text": "-01A" }, "geometry": { "type": "Point", "coordinates": [ 26.696722365000028, 39.322564664000026 ] } },
{ "type": "Feature", "properties": { "fid": 315, "Yapı No_Text": "-01B" }, "geometry": { "type": "Point", "coordinates": [ 26.696691919000045, 39.322502377000035 ] } },
{ "type": "Feature", "properties": { "fid": 316, "Yapı No_Text": "-02" }, "geometry": { "type": "Point", "coordinates": [ 26.69666369600003, 39.322410064000053 ] } },
{ "type": "Feature", "properties": { "fid": 317, "Yapı No_Text": "-03" }, "geometry": { "type": "Point", "coordinates": [ 26.696600634000049, 39.32240001100007 ] } },
{ "type": "Feature", "properties": { "fid": 318, "Yapı No_Text": "-04" }, "geometry": { "type": "Point", "coordinates": [ 26.696543727000062, 39.322382599000036 ] } },
{ "type": "Feature", "properties": { "fid": 319, "Yapı No_Text": "243" }, "geometry": { "type": "Point", "coordinates": [ 26.696254434000025, 39.322835670000075 ] } },
{ "type": "Feature", "properties": { "fid": 320, "Yapı No_Text": "105" }, "geometry": { "type": "Point", "coordinates": [ 26.696527397000068, 39.322793718000071 ] } },
{ "type": "Feature", "properties": { "fid": 321, "Yapı No_Text": "107" }, "geometry": { "type": "Point", "coordinates": [ 26.696618105000027, 39.322459369000057 ] } },
{ "type": "Feature", "properties": { "fid": 322, "Yapı No_Text": "-01" }, "geometry": { "type": "Point", "coordinates": [ 26.695795782000062, 39.323091978000036 ] } },
{ "type": "Feature", "properties": { "fid": 323, "Yapı No_Text": "-02" }, "geometry": { "type": "Point", "coordinates": [ 26.695806078000032, 39.323150977000068 ] } },
{ "type": "Feature", "properties": { "fid": 324, "Yapı No_Text": "-03" }, "geometry": { "type": "Point", "coordinates": [ 26.69586197700005, 39.323154008000074 ] } },
{ "type": "Feature", "properties": { "fid": 325, "Yapı No_Text": "-04" }, "geometry": { "type": "Point", "coordinates": [ 26.695923975000028, 39.323145657000055 ] } },
{ "type": "Feature", "properties": { "fid": 326, "Yapı No_Text": "-05" }, "geometry": { "type": "Point", "coordinates": [ 26.695971620000023, 39.323090941000032 ] } },
{ "type": "Feature", "properties": { "fid": 327, "Yapı No_Text": "-06" }, "geometry": { "type": "Point", "coordinates": [ 26.696049471000038, 39.323150822000059 ] } },
{ "type": "Feature", "properties": { "fid": 328, "Yapı No_Text": "-07" }, "geometry": { "type": "Point", "coordinates": [ 26.696122308000042, 39.323111951000044 ] } },
{ "type": "Feature", "properties": { "fid": 329, "Yapı No_Text": "-08" }, "geometry": { "type": "Point", "coordinates": [ 26.69610752400007, 39.323069616000055 ] } },
{ "type": "Feature", "properties": { "fid": 330, "Yapı No_Text": "-09" }, "geometry": { "type": "Point", "coordinates": [ 26.696036843000059, 39.323085271000025 ] } },
{ "type": "Feature", "properties": { "fid": 331, "Yapı No_Text": "-10" }, "geometry": { "type": "Point", "coordinates": [ 26.695910153000057, 39.323089045000074 ] } },
{ "type": "Feature", "properties": { "fid": 332, "Yapı No_Text": "-11" }, "geometry": { "type": "Point", "coordinates": [ 26.695847222000054, 39.32309329900005 ] } },
{ "type": "Feature", "properties": { "fid": 333, "Yapı No_Text": "242" }, "geometry": { "type": "Point", "coordinates": [ 26.69593006100007, 39.323113800000044 ] } },
{ "type": "Feature", "properties": { "fid": 334, "Yapı No_Text": "-01" }, "geometry": { "type": "Point", "coordinates": [ 26.696478841000044, 39.323462778000078 ] } },
{ "type": "Feature", "properties": { "fid": 335, "Yapı No_Text": "-02" }, "geometry": { "type": "Point", "coordinates": [ 26.696455764000063, 39.323431835000065 ] } },
{ "type": "Feature", "properties": { "fid": 336, "Yapı No_Text": "-03" }, "geometry": { "type": "Point", "coordinates": [ 26.69635928100007, 39.323382332000051 ] } },
{ "type": "Feature", "properties": { "fid": 337, "Yapı No_Text": "-04" }, "geometry": { "type": "Point", "coordinates": [ 26.696259678000047, 39.323331953000036 ] } },
{ "type": "Feature", "properties": { "fid": 338, "Yapı No_Text": "-05" }, "geometry": { "type": "Point", "coordinates": [ 26.696159619000071, 39.323184257000037 ] } },
{ "type": "Feature", "properties": { "fid": 339, "Yapı No_Text": "-06" }, "geometry": { "type": "Point", "coordinates": [ 26.696051941000064, 39.323228684000071 ] } },
{ "type": "Feature", "properties": { "fid": 340, "Yapı No_Text": "-07" }, "geometry": { "type": "Point", "coordinates": [ 26.696075964000045, 39.323277079000036 ] } },
{ "type": "Feature", "properties": { "fid": 341, "Yapı No_Text": "-08" }, "geometry": { "type": "Point", "coordinates": [ 26.696105992000071, 39.323335436000036 ] } },
{ "type": "Feature", "properties": { "fid": 342, "Yapı No_Text": "241" }, "geometry": { "type": "Point", "coordinates": [ 26.696219755000072, 39.323355311000057 ] } },
{ "type": "Feature", "properties": { "fid": 343, "Yapı No_Text": "-01" }, "geometry": { "type": "Point", "coordinates": [ 26.696618450000074, 39.323354728000027 ] } },
{ "type": "Feature", "properties": { "fid": 344, "Yapı No_Text": "-02" }, "geometry": { "type": "Point", "coordinates": [ 26.696552703000066, 39.323337521000042 ] } },
{ "type": "Feature", "properties": { "fid": 345, "Yapı No_Text": "-03" }, "geometry": { "type": "Point", "coordinates": [ 26.696489323000037, 39.323300462000077 ] } },
{ "type": "Feature", "properties": { "fid": 346, "Yapı No_Text": "-04" }, "geometry": { "type": "Point", "coordinates": [ 26.696441177000054, 39.323265850000041 ] } },
{ "type": "Feature", "properties": { "fid": 347, "Yapı No_Text": "-05" }, "geometry": { "type": "Point", "coordinates": [ 26.696396245000074, 39.323233092000066 ] } },
{ "type": "Feature", "properties": { "fid": 348, "Yapı No_Text": "-06" }, "geometry": { "type": "Point", "coordinates": [ 26.696336048000035, 39.323180526000044 ] } },
{ "type": "Feature", "properties": { "fid": 349, "Yapı No_Text": "-07" }, "geometry": { "type": "Point", "coordinates": [ 26.696233269000061, 39.323122141000056 ] } },
{ "type": "Feature", "properties": { "fid": 350, "Yapı No_Text": "-08" }, "geometry": { "type": "Point", "coordinates": [ 26.696218737000038, 39.323055826000029 ] } },
{ "type": "Feature", "properties": { "fid": 351, "Yapı No_Text": "-09" }, "geometry": { "type": "Point", "coordinates": [ 26.696278882000058, 39.323077388000058 ] } },
{ "type": "Feature", "properties": { "fid": 352, "Yapı No_Text": "104" }, "geometry": { "type": "Point", "coordinates": [ 26.696439239000028, 39.323161954000057 ] } },
{ "type": "Feature", "properties": { "fid": 353, "Yapı No_Text": "-01" }, "geometry": { "type": "Point", "coordinates": [ 26.697095576000038, 39.323687138000025 ] } },
{ "type": "Feature", "properties": { "fid": 354, "Yapı No_Text": "-02" }, "geometry": { "type": "Point", "coordinates": [ 26.697242737000067, 39.32360716800008 ] } },
{ "type": "Feature", "properties": { "fid": 355, "Yapı No_Text": "101" }, "geometry": { "type": "Point", "coordinates": [ 26.697241371000075, 39.323654132000058 ] } },
{ "type": "Feature", "properties": { "fid": 356, "Yapı No_Text": "-01" }, "geometry": { "type": "Point", "coordinates": [ 26.696378921000075, 39.323809924000045 ] } },
{ "type": "Feature", "properties": { "fid": 357, "Yapı No_Text": "-02" }, "geometry": { "type": "Point", "coordinates": [ 26.696532461000061, 39.323700045000066 ] } },
{ "type": "Feature", "properties": { "fid": 358, "Yapı No_Text": "-03" }, "geometry": { "type": "Point", "coordinates": [ 26.696560943000065, 39.323655322000036 ] } },
{ "type": "Feature", "properties": { "fid": 359, "Yapı No_Text": "-04" }, "geometry": { "type": "Point", "coordinates": [ 26.696623776000024, 39.323600798000029 ] } },
{ "type": "Feature", "properties": { "fid": 360, "Yapı No_Text": "-05" }, "geometry": { "type": "Point", "coordinates": [ 26.69674197300003, 39.323541460000058 ] } },
{ "type": "Feature", "properties": { "fid": 361, "Yapı No_Text": "-06" }, "geometry": { "type": "Point", "coordinates": [ 26.696669026000052, 39.323519065000028 ] } },
{ "type": "Feature", "properties": { "fid": 362, "Yapı No_Text": "-07" }, "geometry": { "type": "Point", "coordinates": [ 26.696564343000034, 39.323534625000036 ] } },
{ "type": "Feature", "properties": { "fid": 363, "Yapı No_Text": "-08" }, "geometry": { "type": "Point", "coordinates": [ 26.696489170000063, 39.323593890000041 ] } },
{ "type": "Feature", "properties": { "fid": 364, "Yapı No_Text": "-09" }, "geometry": { "type": "Point", "coordinates": [ 26.696362334000071, 39.323662254000055 ] } },
{ "type": "Feature", "properties": { "fid": 365, "Yapı No_Text": "-10" }, "geometry": { "type": "Point", "coordinates": [ 26.696277245000033, 39.32372784000006 ] } },
{ "type": "Feature", "properties": { "fid": 366, "Yapı No_Text": "-11" }, "geometry": { "type": "Point", "coordinates": [ 26.696335653000062, 39.323775651000062 ] } },
{ "type": "Feature", "properties": { "fid": 367, "Yapı No_Text": "240" }, "geometry": { "type": "Point", "coordinates": [ 26.696469307000029, 39.323676268000042 ] } },
{ "type": "Feature", "properties": { "fid": 368, "Yapı No_Text": "-01" }, "geometry": { "type": "Point", "coordinates": [ 26.696135247000029, 39.32399152000005 ] } },
{ "type": "Feature", "properties": { "fid": 369, "Yapı No_Text": "-02" }, "geometry": { "type": "Point", "coordinates": [ 26.696115617000032, 39.323966637000069 ] } },
{ "type": "Feature", "properties": { "fid": 370, "Yapı No_Text": "-03" }, "geometry": { "type": "Point", "coordinates": [ 26.696064713000055, 39.323935807000055 ] } },
{ "type": "Feature", "properties": { "fid": 371, "Yapı No_Text": "-04" }, "geometry": { "type": "Point", "coordinates": [ 26.696006183000065, 39.323894817000053 ] } },
{ "type": "Feature", "properties": { "fid": 372, "Yapı No_Text": "-05" }, "geometry": { "type": "Point", "coordinates": [ 26.696049452000068, 39.323872781000034 ] } },
{ "type": "Feature", "properties": { "fid": 373, "Yapı No_Text": "-06" }, "geometry": { "type": "Point", "coordinates": [ 26.696085706000076, 39.323837143000048 ] } },
{ "type": "Feature", "properties": { "fid": 374, "Yapı No_Text": "-07" }, "geometry": { "type": "Point", "coordinates": [ 26.696175414000038, 39.323800391000077 ] } },
{ "type": "Feature", "properties": { "fid": 375, "Yapı No_Text": "370" }, "geometry": { "type": "Point", "coordinates": [ 26.696163596000076, 39.323884808000059 ] } },
{ "type": "Feature", "properties": { "fid": 376, "Yapı No_Text": "2. DEGIRMENLER CAD. " }, "geometry": { "type": "Point", "coordinates": [ 26.696479155000077, 39.322390521000045 ] } },
{ "type": "Feature", "properties": { "fid": 377, "Yapı No_Text": "2. FETHIYE CAD. 16. SOK. " }, "geometry": { "type": "Point", "coordinates": [ 26.695980344000077, 39.322486601000037 ] } },
{ "type": "Feature", "properties": { "fid": 378, "Yapı No_Text": "-01" }, "geometry": { "type": "Point", "coordinates": [ 26.695789962000049, 39.323020793000069 ] } },
{ "type": "Feature", "properties": { "fid": 379, "Yapı No_Text": "-02" }, "geometry": { "type": "Point", "coordinates": [ 26.695862703000046, 39.322981236000032 ] } },
{ "type": "Feature", "properties": { "fid": 380, "Yapı No_Text": "-03" }, "geometry": { "type": "Point", "coordinates": [ 26.695925169000077, 39.322989907000078 ] } },
{ "type": "Feature", "properties": { "fid": 381, "Yapı No_Text": "-04" }, "geometry": { "type": "Point", "coordinates": [ 26.69598852200005, 39.322990332000074 ] } },
{ "type": "Feature", "properties": { "fid": 382, "Yapı No_Text": "-05" }, "geometry": { "type": "Point", "coordinates": [ 26.696089842000049, 39.322979893000024 ] } },
{ "type": "Feature", "properties": { "fid": 383, "Yapı No_Text": "-06" }, "geometry": { "type": "Point", "coordinates": [ 26.696116304000043, 39.322905637000076 ] } },
{ "type": "Feature", "properties": { "fid": 384, "Yapı No_Text": "-07" }, "geometry": { "type": "Point", "coordinates": [ 26.696108990000027, 39.322808424000073 ] } },
{ "type": "Feature", "properties": { "fid": 385, "Yapı No_Text": "-08" }, "geometry": { "type": "Point", "coordinates": [ 26.696101727000041, 39.322740291000059 ] } },
{ "type": "Feature", "properties": { "fid": 386, "Yapı No_Text": "-09" }, "geometry": { "type": "Point", "coordinates": [ 26.696009322000066, 39.322774888000026 ] } },
{ "type": "Feature", "properties": { "fid": 387, "Yapı No_Text": "-10" }, "geometry": { "type": "Point", "coordinates": [ 26.695914683000069, 39.322782965000044 ] } },
{ "type": "Feature", "properties": { "fid": 388, "Yapı No_Text": "-11" }, "geometry": { "type": "Point", "coordinates": [ 26.695842157000072, 39.322791038000048 ] } },
{ "type": "Feature", "properties": { "fid": 389, "Yapı No_Text": "-12" }, "geometry": { "type": "Point", "coordinates": [ 26.69575678700005, 39.322792894000031 ] } },
{ "type": "Feature", "properties": { "fid": 390, "Yapı No_Text": "-13B" }, "geometry": { "type": "Point", "coordinates": [ 26.695839213000056, 39.322837759000038 ] } },
{ "type": "Feature", "properties": { "fid": 391, "Yapı No_Text": "-13A" }, "geometry": { "type": "Point", "coordinates": [ 26.69575586600007, 39.322853451000071 ] } },
{ "type": "Feature", "properties": { "fid": 392, "Yapı No_Text": "-14" }, "geometry": { "type": "Point", "coordinates": [ 26.695759043000066, 39.322896686000036 ] } },
{ "type": "Feature", "properties": { "fid": 393, "Yapı No_Text": "-15" }, "geometry": { "type": "Point", "coordinates": [ 26.695770827000047, 39.322941551000042 ] } },
{ "type": "Feature", "properties": { "fid": 394, "Yapı No_Text": "-16" }, "geometry": { "type": "Point", "coordinates": [ 26.695775504000039, 39.322976477000054 ] } },
{ "type": "Feature", "properties": { "fid": 395, "Yapı No_Text": "244" }, "geometry": { "type": "Point", "coordinates": [ 26.695958961000031, 39.32287940100008 ] } },
{ "type": "Feature", "properties": { "fid": 396, "Yapı No_Text": "2. FETHIYE CAD. " }, "geometry": { "type": "Point", "coordinates": [ 26.696151273000055, 39.322755407000045 ] } },
{ "type": "Feature", "properties": { "fid": 397, "Yapı No_Text": "2. FETHIYE CAD. " }, "geometry": { "type": "Point", "coordinates": [ 26.696351694000043, 39.32332232400006 ] } },
{ "type": "Feature", "properties": { "fid": 398, "Yapı No_Text": "2. FETHIYE CAD. 17. SOK. " }, "geometry": { "type": "Point", "coordinates": [ 26.695930532000034, 39.322764913000071 ] } },
{ "type": "Feature", "properties": { "fid": 399, "Yapı No_Text": "2. FETHIYE CAD. 20. SOK. " }, "geometry": { "type": "Point", "coordinates": [ 26.696048035000047, 39.323865165000029 ] } },
{ "type": "Feature", "properties": { "fid": 400, "Yapı No_Text": "2. FETHIYE CAD. 19. SOK. " }, "geometry": { "type": "Point", "coordinates": [ 26.695668625000053, 39.323252872000069 ] } },
{ "type": "Feature", "properties": { "fid": 401, "Yapı No_Text": "-01" }, "geometry": { "type": "Point", "coordinates": [ 26.695761463000053, 39.322711130000073 ] } },
{ "type": "Feature", "properties": { "fid": 402, "Yapı No_Text": "-02A" }, "geometry": { "type": "Point", "coordinates": [ 26.695812925000041, 39.32270926700005 ] } },
{ "type": "Feature", "properties": { "fid": 403, "Yapı No_Text": "-02B" }, "geometry": { "type": "Point", "coordinates": [ 26.695847392000076, 39.322686098000077 ] } },
{ "type": "Feature", "properties": { "fid": 404, "Yapı No_Text": "-03" }, "geometry": { "type": "Point", "coordinates": [ 26.695847608000065, 39.322568304000072 ] } },
{ "type": "Feature", "properties": { "fid": 405, "Yapı No_Text": "-04" }, "geometry": { "type": "Point", "coordinates": [ 26.695998049000025, 39.322494078000034 ] } },
{ "type": "Feature", "properties": { "fid": 406, "Yapı No_Text": "-05" }, "geometry": { "type": "Point", "coordinates": [ 26.695907721000026, 39.322505005000039 ] } },
{ "type": "Feature", "properties": { "fid": 407, "Yapı No_Text": "-06" }, "geometry": { "type": "Point", "coordinates": [ 26.695862132000059, 39.322507407000046 ] } },
{ "type": "Feature", "properties": { "fid": 408, "Yapı No_Text": "-07" }, "geometry": { "type": "Point", "coordinates": [ 26.695820626000057, 39.322511517000066 ] } },
{ "type": "Feature", "properties": { "fid": 409, "Yapı No_Text": "-08A" }, "geometry": { "type": "Point", "coordinates": [ 26.695725547000052, 39.322525402000053 ] } },
{ "type": "Feature", "properties": { "fid": 410, "Yapı No_Text": "-08B" }, "geometry": { "type": "Point", "coordinates": [ 26.69571167600003, 39.32256723200004 ] } },
{ "type": "Feature", "properties": { "fid": 411, "Yapı No_Text": "-09" }, "geometry": { "type": "Point", "coordinates": [ 26.695732009000039, 39.322624767000036 ] } },
{ "type": "Feature", "properties": { "fid": 412, "Yapı No_Text": "245" }, "geometry": { "type": "Point", "coordinates": [ 26.695815736000043, 39.32260278800004 ] } },
{ "type": "Feature", "properties": { "fid": 413, "Yapı No_Text": "3. FETHIYE CAD. " }, "geometry": { "type": "Point", "coordinates": [ 26.695584644000064, 39.322415948000071 ] } },
{ "type": "Feature", "properties": { "fid": 414, "Yapı No_Text": "-01" }, "geometry": { "type": "Point", "coordinates": [ 26.696209006000061, 39.322642752000036 ] } },
{ "type": "Feature", "properties": { "fid": 415, "Yapı No_Text": "-02" }, "geometry": { "type": "Point", "coordinates": [ 26.696271491000061, 39.322657810000067 ] } },
{ "type": "Feature", "properties": { "fid": 416, "Yapı No_Text": "-03" }, "geometry": { "type": "Point", "coordinates": [ 26.696318726000072, 39.322641852000061 ] } },
{ "type": "Feature", "properties": { "fid": 417, "Yapı No_Text": "-04" }, "geometry": { "type": "Point", "coordinates": [ 26.696373210000047, 39.322635914000045 ] } },
{ "type": "Feature", "properties": { "fid": 418, "Yapı No_Text": "-05" }, "geometry": { "type": "Point", "coordinates": [ 26.696450422000055, 39.322631852000029 ] } },
{ "type": "Feature", "properties": { "fid": 419, "Yapı No_Text": "-06" }, "geometry": { "type": "Point", "coordinates": [ 26.696521991000054, 39.322623542000031 ] } },
{ "type": "Feature", "properties": { "fid": 420, "Yapı No_Text": "-07" }, "geometry": { "type": "Point", "coordinates": [ 26.696499422000045, 39.322556814000052 ] } },
{ "type": "Feature", "properties": { "fid": 421, "Yapı No_Text": "-08" }, "geometry": { "type": "Point", "coordinates": [ 26.69644313200007, 39.322467359000029 ] } },
{ "type": "Feature", "properties": { "fid": 422, "Yapı No_Text": "-09" }, "geometry": { "type": "Point", "coordinates": [ 26.696415624000053, 39.322391681000056 ] } },
{ "type": "Feature", "properties": { "fid": 423, "Yapı No_Text": "-10A" }, "geometry": { "type": "Point", "coordinates": [ 26.696350089000077, 39.32250609700003 ] } },
{ "type": "Feature", "properties": { "fid": 424, "Yapı No_Text": "-10B" }, "geometry": { "type": "Point", "coordinates": [ 26.696324624000056, 39.322443197000041 ] } },
{ "type": "Feature", "properties": { "fid": 425, "Yapı No_Text": "-11" }, "geometry": { "type": "Point", "coordinates": [ 26.696261974000038, 39.322428907000074 ] } },
{ "type": "Feature", "properties": { "fid": 426, "Yapı No_Text": "-12" }, "geometry": { "type": "Point", "coordinates": [ 26.696267599000066, 39.32247608800003 ] } },
{ "type": "Feature", "properties": { "fid": 427, "Yapı No_Text": "-13" }, "geometry": { "type": "Point", "coordinates": [ 26.696173459000079, 39.32245178900007 ] } },
{ "type": "Feature", "properties": { "fid": 428, "Yapı No_Text": "-14" }, "geometry": { "type": "Point", "coordinates": [ 26.696189815000025, 39.322510567000052 ] } },
{ "type": "Feature", "properties": { "fid": 429, "Yapı No_Text": "106" }, "geometry": { "type": "Point", "coordinates": [ 26.696305767000069, 39.322548380000057 ] } },
{ "type": "Feature", "properties": { "fid": 430, "Yapı No_Text": "-01" }, "geometry": { "type": "Point", "coordinates": [ 26.696001059000025, 39.322654981000028 ] } },
{ "type": "Feature", "properties": { "fid": 431, "Yapı No_Text": "-02" }, "geometry": { "type": "Point", "coordinates": [ 26.696081717000027, 39.322663319000071 ] } },
{ "type": "Feature", "properties": { "fid": 432, "Yapı No_Text": "-03" }, "geometry": { "type": "Point", "coordinates": [ 26.696097006000059, 39.322600854000029 ] } },
{ "type": "Feature", "properties": { "fid": 433, "Yapı No_Text": "-04" }, "geometry": { "type": "Point", "coordinates": [ 26.696082931000035, 39.32255144800007 ] } },
{ "type": "Feature", "properties": { "fid": 434, "Yapı No_Text": "-05" }, "geometry": { "type": "Point", "coordinates": [ 26.695999025000049, 39.322581592000063 ] } },
{ "type": "Feature", "properties": { "fid": 435, "Yapı No_Text": "-06" }, "geometry": { "type": "Point", "coordinates": [ 26.695928652000077, 39.322570668000026 ] } },
{ "type": "Feature", "properties": { "fid": 436, "Yapı No_Text": "-01" }, "geometry": { "type": "Point", "coordinates": [ 26.69655076500004, 39.322287192000033 ] } },
{ "type": "Feature", "properties": { "fid": 437, "Yapı No_Text": "-02" }, "geometry": { "type": "Point", "coordinates": [ 26.696651360000033, 39.322269283000026 ] } },
{ "type": "Feature", "properties": { "fid": 438, "Yapı No_Text": "-03" }, "geometry": { "type": "Point", "coordinates": [ 26.69670743000006, 39.322179571000049 ] } },
{ "type": "Feature", "properties": { "fid": 439, "Yapı No_Text": "-04" }, "geometry": { "type": "Point", "coordinates": [ 26.696509133000063, 39.322218302000067 ] } },
{ "type": "Feature", "properties": { "fid": 440, "Yapı No_Text": "-05" }, "geometry": { "type": "Point", "coordinates": [ 26.696499471000038, 39.322173412000041 ] } },
{ "type": "Feature", "properties": { "fid": 441, "Yapı No_Text": "-06" }, "geometry": { "type": "Point", "coordinates": [ 26.69660697300003, 39.322168870000041 ] } },
{ "type": "Feature", "properties": { "fid": 442, "Yapı No_Text": "56" }, "geometry": { "type": "Point", "coordinates": [ 26.696582923000051, 39.322203941000055 ] } },
{ "type": "Feature", "properties": { "fid": 443, "Yapı No_Text": "-01" }, "geometry": { "type": "Point", "coordinates": [ 26.696102291000045, 39.322374968000076 ] } },
{ "type": "Feature", "properties": { "fid": 444, "Yapı No_Text": "-02" }, "geometry": { "type": "Point", "coordinates": [ 26.696217771000079, 39.322350291000078 ] } },
{ "type": "Feature", "properties": { "fid": 445, "Yapı No_Text": "-03A" }, "geometry": { "type": "Point", "coordinates": [ 26.696333616000061, 39.322333479000065 ] } },
{ "type": "Feature", "properties": { "fid": 446, "Yapı No_Text": "-03B" }, "geometry": { "type": "Point", "coordinates": [ 26.696407047000037, 39.322317972000064 ] } },
{ "type": "Feature", "properties": { "fid": 447, "Yapı No_Text": "-04" }, "geometry": { "type": "Point", "coordinates": [ 26.696384837000039, 39.322270733000039 ] } },
{ "type": "Feature", "properties": { "fid": 448, "Yapı No_Text": "-05" }, "geometry": { "type": "Point", "coordinates": [ 26.696362218000047, 39.322221472000081 ] } },
{ "type": "Feature", "properties": { "fid": 449, "Yapı No_Text": "-06A" }, "geometry": { "type": "Point", "coordinates": [ 26.696233588000041, 39.322254248000036 ] } },
{ "type": "Feature", "properties": { "fid": 450, "Yapı No_Text": "-06B" }, "geometry": { "type": "Point", "coordinates": [ 26.696181176000039, 39.322266092000064 ] } },
{ "type": "Feature", "properties": { "fid": 451, "Yapı No_Text": "-07" }, "geometry": { "type": "Point", "coordinates": [ 26.696123926000041, 39.322264735000033 ] } },
{ "type": "Feature", "properties": { "fid": 452, "Yapı No_Text": "-08" }, "geometry": { "type": "Point", "coordinates": [ 26.696066034000069, 39.322275090000062 ] } },
{ "type": "Feature", "properties": { "fid": 453, "Yapı No_Text": "246" }, "geometry": { "type": "Point", "coordinates": [ 26.696220603000029, 39.322299517000033 ] } },
{ "type": "Feature", "properties": { "fid": 454, "Yapı No_Text": "-01" }, "geometry": { "type": "Point", "coordinates": [ 26.695695361000048, 39.32244085800005 ] } },
{ "type": "Feature", "properties": { "fid": 455, "Yapı No_Text": "-02" }, "geometry": { "type": "Point", "coordinates": [ 26.695764276000034, 39.322428003000027 ] } },
{ "type": "Feature", "properties": { "fid": 456, "Yapı No_Text": "-03A" }, "geometry": { "type": "Point", "coordinates": [ 26.695850920000055, 39.322414090000052 ] } },
{ "type": "Feature", "properties": { "fid": 457, "Yapı No_Text": "-03B" }, "geometry": { "type": "Point", "coordinates": [ 26.695942161000062, 39.322401686000035 ] } },
{ "type": "Feature", "properties": { "fid": 458, "Yapı No_Text": "-04" }, "geometry": { "type": "Point", "coordinates": [ 26.695975471000054, 39.322293921000039 ] } },
{ "type": "Feature", "properties": { "fid": 459, "Yapı No_Text": "-05" }, "geometry": { "type": "Point", "coordinates": [ 26.695931553000037, 39.322340247000056 ] } },
{ "type": "Feature", "properties": { "fid": 460, "Yapı No_Text": "-06" }, "geometry": { "type": "Point", "coordinates": [ 26.695863924000037, 39.32233633900006 ] } },
{ "type": "Feature", "properties": { "fid": 461, "Yapı No_Text": "-07" }, "geometry": { "type": "Point", "coordinates": [ 26.695804836000036, 39.322339016000058 ] } },
{ "type": "Feature", "properties": { "fid": 462, "Yapı No_Text": "-08" }, "geometry": { "type": "Point", "coordinates": [ 26.695709684000064, 39.322367173000032 ] } },
{ "type": "Feature", "properties": { "fid": 463, "Yapı No_Text": "375" }, "geometry": { "type": "Point", "coordinates": [ 26.695804837000026, 39.322377248000066 ] } },
{ "type": "Feature", "properties": { "fid": 464, "Yapı No_Text": "550" }, "geometry": { "type": "Point", "coordinates": [ 26.696037298000078, 39.32260794900003 ] } },
{ "type": "Feature", "properties": { "fid": 465, "Yapı No_Text": "2. FETHIYE CAD. 15. SOK. " }, "geometry": { "type": "Point", "coordinates": [ 26.69587993500005, 39.322306959000059 ] } },
{ "type": "Feature", "properties": { "fid": 466, "Yapı No_Text": "909" }, "geometry": { "type": "Point", "coordinates": [ 26.693386046000057, 39.321626554000034 ] } },
{ "type": "Feature", "properties": { "fid": 467, "Yapı No_Text": "-01" }, "geometry": { "type": "Point", "coordinates": [ 26.694103019000067, 39.322730009000054 ] } },
{ "type": "Feature", "properties": { "fid": 468, "Yapı No_Text": "-02" }, "geometry": { "type": "Point", "coordinates": [ 26.694403734000048, 39.322653829000046 ] } },
{ "type": "Feature", "properties": { "fid": 469, "Yapı No_Text": "-03" }, "geometry": { "type": "Point", "coordinates": [ 26.694309227000076, 39.322441230000038 ] } },
{ "type": "Feature", "properties": { "fid": 470, "Yapı No_Text": "CUMHURIYET ILKOKULU " }, "geometry": { "type": "Point", "coordinates": [ 26.694056798000076, 39.322689116000049 ] } },
{ "type": "Feature", "properties": { "fid": 471, "Yapı No_Text": "906" }, "geometry": { "type": "Point", "coordinates": [ 26.694126092000033, 39.322510665000038 ] } },
{ "type": "Feature", "properties": { "fid": 472, "Yapı No_Text": "-01" }, "geometry": { "type": "Point", "coordinates": [ 26.693762075000052, 39.322427449000031 ] } },
{ "type": "Feature", "properties": { "fid": 473, "Yapı No_Text": "-02" }, "geometry": { "type": "Point", "coordinates": [ 26.693878415000029, 39.322383135000052 ] } },
{ "type": "Feature", "properties": { "fid": 474, "Yapı No_Text": "-03" }, "geometry": { "type": "Point", "coordinates": [ 26.693970049000029, 39.32239104100006 ] } },
{ "type": "Feature", "properties": { "fid": 475, "Yapı No_Text": "-04A" }, "geometry": { "type": "Point", "coordinates": [ 26.694022755000049, 39.322303862000069 ] } },
{ "type": "Feature", "properties": { "fid": 476, "Yapı No_Text": "-04B" }, "geometry": { "type": "Point", "coordinates": [ 26.694125748000033, 39.322283639000034 ] } },
{ "type": "Feature", "properties": { "fid": 477, "Yapı No_Text": "-05" }, "geometry": { "type": "Point", "coordinates": [ 26.694241635000026, 39.322282303000065 ] } },
{ "type": "Feature", "properties": { "fid": 478, "Yapı No_Text": "-06" }, "geometry": { "type": "Point", "coordinates": [ 26.694234091000055, 39.322223871000062 ] } },
{ "type": "Feature", "properties": { "fid": 479, "Yapı No_Text": "908" }, "geometry": { "type": "Point", "coordinates": [ 26.693974422000053, 39.322338702000025 ] } },
{ "type": "Feature", "properties": { "fid": 480, "Yapı No_Text": "-01" }, "geometry": { "type": "Point", "coordinates": [ 26.693376513000032, 39.322582939000029 ] } },
{ "type": "Feature", "properties": { "fid": 481, "Yapı No_Text": "-02" }, "geometry": { "type": "Point", "coordinates": [ 26.693506265000053, 39.322520513000029 ] } },
{ "type": "Feature", "properties": { "fid": 482, "Yapı No_Text": "-03" }, "geometry": { "type": "Point", "coordinates": [ 26.693570116000046, 39.322505444000058 ] } },
{ "type": "Feature", "properties": { "fid": 483, "Yapı No_Text": "-04" }, "geometry": { "type": "Point", "coordinates": [ 26.69351692400005, 39.322407656000053 ] } },
{ "type": "Feature", "properties": { "fid": 484, "Yapı No_Text": "-05" }, "geometry": { "type": "Point", "coordinates": [ 26.693445016000055, 39.322295238000038 ] } },
{ "type": "Feature", "properties": { "fid": 485, "Yapı No_Text": "-06" }, "geometry": { "type": "Point", "coordinates": [ 26.693403867000029, 39.322190896000052 ] } },
{ "type": "Feature", "properties": { "fid": 486, "Yapı No_Text": "-07" }, "geometry": { "type": "Point", "coordinates": [ 26.693298765000065, 39.321979140000053 ] } },
{ "type": "Feature", "properties": { "fid": 487, "Yapı No_Text": "907" }, "geometry": { "type": "Point", "coordinates": [ 26.693205849000037, 39.322244814000044 ] } },
{ "type": "Feature", "properties": { "fid": 488, "Yapı No_Text": "-01" }, "geometry": { "type": "Point", "coordinates": [ 26.692848950000041, 39.321916539000028 ] } },
{ "type": "Feature", "properties": { "fid": 489, "Yapı No_Text": "-02" }, "geometry": { "type": "Point", "coordinates": [ 26.692830194000067, 39.321773805000078 ] } },
{ "type": "Feature", "properties": { "fid": 490, "Yapı No_Text": "56" }, "geometry": { "type": "Point", "coordinates": [ 26.696582923000051, 39.322203941000055 ] } },
{ "type": "Feature", "properties": { "fid": 491, "Yapı No_Text": "59" }, "geometry": { "type": "Point", "coordinates": [ 26.692913348000047, 39.321834476000049 ] } },
{ "type": "Feature", "properties": { "fid": 492, "Yapı No_Text": "-01" }, "geometry": { "type": "Point", "coordinates": [ 26.69272643000005, 39.32161754100008 ] } },
{ "type": "Feature", "properties": { "fid": 493, "Yapı No_Text": "58" }, "geometry": { "type": "Point", "coordinates": [ 26.692859632000079, 39.321628979000025 ] } },
{ "type": "Feature", "properties": { "fid": 494, "Yapı No_Text": "-01" }, "geometry": { "type": "Point", "coordinates": [ 26.693018030000076, 39.321620936000045 ] } },
{ "type": "Feature", "properties": { "fid": 495, "Yapı No_Text": "-02" }, "geometry": { "type": "Point", "coordinates": [ 26.692989692000026, 39.321561554000027 ] } },
{ "type": "Feature", "properties": { "fid": 496, "Yapı No_Text": "202" }, "geometry": { "type": "Point", "coordinates": [ 26.693121559000076, 39.321562893000078 ] } },
{ "type": "Feature", "properties": { "fid": 497, "Yapı No_Text": "-01A" }, "geometry": { "type": "Point", "coordinates": [ 26.69315197800006, 39.321850978000043 ] } },
{ "type": "Feature", "properties": { "fid": 498, "Yapı No_Text": "-01B" }, "geometry": { "type": "Point", "coordinates": [ 26.693076350000069, 39.321709199000054 ] } },
{ "type": "Feature", "properties": { "fid": 499, "Yapı No_Text": "203" }, "geometry": { "type": "Point", "coordinates": [ 26.69319751200004, 39.321751949000031 ] } },
{ "type": "Feature", "properties": { "fid": 500, "Yapı No_Text": "-01" }, "geometry": { "type": "Point", "coordinates": [ 26.693644359000075, 39.32274426500004 ] } },
{ "type": "Feature", "properties": { "fid": 501, "Yapı No_Text": "905" }, "geometry": { "type": "Point", "coordinates": [ 26.693477279000035, 39.322741307000058 ] } },
{ "type": "Feature", "properties": { "fid": 502, "Yapı No_Text": "HUKUMET KONAGI " }, "geometry": { "type": "Point", "coordinates": [ 26.693594509000036, 39.322899729000028 ] } },
{ "type": "Feature", "properties": { "fid": 503, "Yapı No_Text": "-01" }, "geometry": { "type": "Point", "coordinates": [ 26.694485772000064, 39.321866984000053 ] } },
{ "type": "Feature", "properties": { "fid": 504, "Yapı No_Text": "-02B" }, "geometry": { "type": "Point", "coordinates": [ 26.694556060000025, 39.321862754000051 ] } },
{ "type": "Feature", "properties": { "fid": 505, "Yapı No_Text": "-02A" }, "geometry": { "type": "Point", "coordinates": [ 26.694606804000045, 39.321895933000064 ] } },
{ "type": "Feature", "properties": { "fid": 506, "Yapı No_Text": "-03" }, "geometry": { "type": "Point", "coordinates": [ 26.694665069000052, 39.32185140100006 ] } },
{ "type": "Feature", "properties": { "fid": 507, "Yapı No_Text": "-04" }, "geometry": { "type": "Point", "coordinates": [ 26.694676592000064, 39.321814017000065 ] } },
{ "type": "Feature", "properties": { "fid": 508, "Yapı No_Text": "-05" }, "geometry": { "type": "Point", "coordinates": [ 26.694696891000035, 39.321765094000057 ] } },
{ "type": "Feature", "properties": { "fid": 509, "Yapı No_Text": "-06" }, "geometry": { "type": "Point", "coordinates": [ 26.694706513000028, 39.321704062000038 ] } },
{ "type": "Feature", "properties": { "fid": 510, "Yapı No_Text": "-07" }, "geometry": { "type": "Point", "coordinates": [ 26.694644530000062, 39.321701888000064 ] } },
{ "type": "Feature", "properties": { "fid": 511, "Yapı No_Text": "-08" }, "geometry": { "type": "Point", "coordinates": [ 26.694570682000062, 39.321686791000047 ] } },
{ "type": "Feature", "properties": { "fid": 512, "Yapı No_Text": "-09" }, "geometry": { "type": "Point", "coordinates": [ 26.694469278000042, 39.321699103000071 ] } },
{ "type": "Feature", "properties": { "fid": 513, "Yapı No_Text": "-10" }, "geometry": { "type": "Point", "coordinates": [ 26.69447490500005, 39.321792876000075 ] } },
{ "type": "Feature", "properties": { "fid": 514, "Yapı No_Text": "453" }, "geometry": { "type": "Point", "coordinates": [ 26.694554094000068, 39.321762449000062 ] } },
{ "type": "Feature", "properties": { "fid": 515, "Yapı No_Text": "-01" }, "geometry": { "type": "Point", "coordinates": [ 26.69588823600003, 39.320767312000044 ] } },
{ "type": "Feature", "properties": { "fid": 516, "Yapı No_Text": "253" }, "geometry": { "type": "Point", "coordinates": [ 26.695914688000073, 39.320564026000056 ] } },
{ "type": "Feature", "properties": { "fid": 517, "Yapı No_Text": "-02" }, "geometry": { "type": "Point", "coordinates": [ 26.695829203000073, 39.320713101000081 ] } },
{ "type": "Feature", "properties": { "fid": 518, "Yapı No_Text": "-03" }, "geometry": { "type": "Point", "coordinates": [ 26.695847196000045, 39.320671527000059 ] } },
{ "type": "Feature", "properties": { "fid": 519, "Yapı No_Text": "-04" }, "geometry": { "type": "Point", "coordinates": [ 26.695908916000064, 39.320660288000056 ] } },
{ "type": "Feature", "properties": { "fid": 520, "Yapı No_Text": "-05" }, "geometry": { "type": "Point", "coordinates": [ 26.695892633000028, 39.320524336000062 ] } },
{ "type": "Feature", "properties": { "fid": 521, "Yapı No_Text": "-10" }, "geometry": { "type": "Point", "coordinates": [ 26.696022838000033, 39.320532474000061 ] } },
{ "type": "Feature", "properties": { "fid": 522, "Yapı No_Text": "-09" }, "geometry": { "type": "Point", "coordinates": [ 26.696063410000079, 39.320494151000048 ] } },
{ "type": "Feature", "properties": { "fid": 523, "Yapı No_Text": "-08" }, "geometry": { "type": "Point", "coordinates": [ 26.696109278000051, 39.320449730000064 ] } },
{ "type": "Feature", "properties": { "fid": 524, "Yapı No_Text": "-07" }, "geometry": { "type": "Point", "coordinates": [ 26.696028026000079, 39.320411513000067 ] } },
{ "type": "Feature", "properties": { "fid": 525, "Yapı No_Text": "-06" }, "geometry": { "type": "Point", "coordinates": [ 26.695928174000073, 39.320477213000061 ] } },
{ "type": "Feature", "properties": { "fid": 526, "Yapı No_Text": "-01" }, "geometry": { "type": "Point", "coordinates": [ 26.696357057000057, 39.320461336000051 ] } },
{ "type": "Feature", "properties": { "fid": 527, "Yapı No_Text": "-02" }, "geometry": { "type": "Point", "coordinates": [ 26.69633748800004, 39.320383363000076 ] } },
{ "type": "Feature", "properties": { "fid": 528, "Yapı No_Text": "-03" }, "geometry": { "type": "Point", "coordinates": [ 26.696381615000064, 39.320341087000031 ] } },
{ "type": "Feature", "properties": { "fid": 529, "Yapı No_Text": "-04" }, "geometry": { "type": "Point", "coordinates": [ 26.696561048000035, 39.320456787000069 ] } },
{ "type": "Feature", "properties": { "fid": 530, "Yapı No_Text": "112" }, "geometry": { "type": "Point", "coordinates": [ 26.696431525000037, 39.320459410000069 ] } },
{ "type": "Feature", "properties": { "fid": 531, "Yapı No_Text": "-01" }, "geometry": { "type": "Point", "coordinates": [ 26.696562847000052, 39.320333637000033 ] } },
{ "type": "Feature", "properties": { "fid": 532, "Yapı No_Text": "-02" }, "geometry": { "type": "Point", "coordinates": [ 26.696499090000032, 39.320300399000075 ] } },
{ "type": "Feature", "properties": { "fid": 533, "Yapı No_Text": "-03" }, "geometry": { "type": "Point", "coordinates": [ 26.696449716000075, 39.320265138000025 ] } },
{ "type": "Feature", "properties": { "fid": 534, "Yapı No_Text": "-04" }, "geometry": { "type": "Point", "coordinates": [ 26.696502012000053, 39.320203012000036 ] } },
{ "type": "Feature", "properties": { "fid": 535, "Yapı No_Text": "-05" }, "geometry": { "type": "Point", "coordinates": [ 26.696601141000031, 39.320171205000065 ] } },
{ "type": "Feature", "properties": { "fid": 536, "Yapı No_Text": "-06" }, "geometry": { "type": "Point", "coordinates": [ 26.696684004000076, 39.320264024000039 ] } },
{ "type": "Feature", "properties": { "fid": 537, "Yapı No_Text": "113" }, "geometry": { "type": "Point", "coordinates": [ 26.696575635000045, 39.320250099000077 ] } },
{ "type": "Feature", "properties": { "fid": 538, "Yapı No_Text": "-01" }, "geometry": { "type": "Point", "coordinates": [ 26.696785031000047, 39.32019875900005 ] } },
{ "type": "Feature", "properties": { "fid": 539, "Yapı No_Text": "-02" }, "geometry": { "type": "Point", "coordinates": [ 26.696834738000064, 39.320099047000042 ] } },
{ "type": "Feature", "properties": { "fid": 540, "Yapı No_Text": "-03" }, "geometry": { "type": "Point", "coordinates": [ 26.696654323000075, 39.320060784000077 ] } },
{ "type": "Feature", "properties": { "fid": 541, "Yapı No_Text": "-05" }, "geometry": { "type": "Point", "coordinates": [ 26.696711654000069, 39.320001785000045 ] } },
{ "type": "Feature", "properties": { "fid": 542, "Yapı No_Text": "-06" }, "geometry": { "type": "Point", "coordinates": [ 26.69680896400007, 39.319938754000077 ] } },
{ "type": "Feature", "properties": { "fid": 543, "Yapı No_Text": "-07" }, "geometry": { "type": "Point", "coordinates": [ 26.69693473500007, 39.319904816000076 ] } },
{ "type": "Feature", "properties": { "fid": 544, "Yapı No_Text": "-08" }, "geometry": { "type": "Point", "coordinates": [ 26.697025773000064, 39.319906397000068 ] } },
{ "type": "Feature", "properties": { "fid": 545, "Yapı No_Text": "-04" }, "geometry": { "type": "Point", "coordinates": [ 26.696695016000035, 39.320107416000042 ] } },
{ "type": "Feature", "properties": { "fid": 546, "Yapı No_Text": "388" }, "geometry": { "type": "Point", "coordinates": [ 26.696994514000039, 39.319958891000056 ] } },
{ "type": "Feature", "properties": { "fid": 547, "Yapı No_Text": "114" }, "geometry": { "type": "Point", "coordinates": [ 26.696757841000078, 39.320075526000039 ] } },
{ "type": "Feature", "properties": { "fid": 548, "Yapı No_Text": "DEGIRMENLER CAD. " }, "geometry": { "type": "Point", "coordinates": [ 26.696312176000049, 39.320389359000046 ] } },
{ "type": "Feature", "properties": { "fid": 549, "Yapı No_Text": "-01" }, "geometry": { "type": "Point", "coordinates": [ 26.695855615000028, 39.320214023000062 ] } },
{ "type": "Feature", "properties": { "fid": 550, "Yapı No_Text": "-02" }, "geometry": { "type": "Point", "coordinates": [ 26.695934784000031, 39.320264561000045 ] } },
{ "type": "Feature", "properties": { "fid": 551, "Yapı No_Text": "-03" }, "geometry": { "type": "Point", "coordinates": [ 26.696008819000042, 39.320252070000038 ] } },
{ "type": "Feature", "properties": { "fid": 552, "Yapı No_Text": "-04" }, "geometry": { "type": "Point", "coordinates": [ 26.696035395000024, 39.320294378000028 ] } },
{ "type": "Feature", "properties": { "fid": 553, "Yapı No_Text": "-05" }, "geometry": { "type": "Point", "coordinates": [ 26.696074180000039, 39.320306831000039 ] } },
{ "type": "Feature", "properties": { "fid": 554, "Yapı No_Text": "-06" }, "geometry": { "type": "Point", "coordinates": [ 26.696108153000068, 39.32033502400003 ] } },
{ "type": "Feature", "properties": { "fid": 555, "Yapı No_Text": "-07" }, "geometry": { "type": "Point", "coordinates": [ 26.696153438000067, 39.320363863000068 ] } },
{ "type": "Feature", "properties": { "fid": 556, "Yapı No_Text": "-08" }, "geometry": { "type": "Point", "coordinates": [ 26.696186963000059, 39.320381959000031 ] } },
{ "type": "Feature", "properties": { "fid": 557, "Yapı No_Text": "-09" }, "geometry": { "type": "Point", "coordinates": [ 26.696208637000041, 39.320337147000032 ] } },
{ "type": "Feature", "properties": { "fid": 558, "Yapı No_Text": "-10" }, "geometry": { "type": "Point", "coordinates": [ 26.696250442000064, 39.320308104000048 ] } },
{ "type": "Feature", "properties": { "fid": 559, "Yapı No_Text": "-11" }, "geometry": { "type": "Point", "coordinates": [ 26.696285186000068, 39.32027538300008 ] } },
{ "type": "Feature", "properties": { "fid": 560, "Yapı No_Text": "-12" }, "geometry": { "type": "Point", "coordinates": [ 26.696124092000048, 39.320192830000053 ] } },
{ "type": "Feature", "properties": { "fid": 561, "Yapı No_Text": "-13" }, "geometry": { "type": "Point", "coordinates": [ 26.69609478700005, 39.320165891000045 ] } },
{ "type": "Feature", "properties": { "fid": 562, "Yapı No_Text": "-14" }, "geometry": { "type": "Point", "coordinates": [ 26.696038273000056, 39.320152356000051 ] } },
{ "type": "Feature", "properties": { "fid": 563, "Yapı No_Text": "-15" }, "geometry": { "type": "Point", "coordinates": [ 26.69596636600005, 39.320096531000047 ] } },
{ "type": "Feature", "properties": { "fid": 564, "Yapı No_Text": "-16" }, "geometry": { "type": "Point", "coordinates": [ 26.695938259000059, 39.320130672000062 ] } },
{ "type": "Feature", "properties": { "fid": 565, "Yapı No_Text": "-17" }, "geometry": { "type": "Point", "coordinates": [ 26.695867725000028, 39.320164395000063 ] } },
{ "type": "Feature", "properties": { "fid": 566, "Yapı No_Text": "255" }, "geometry": { "type": "Point", "coordinates": [ 26.696004909000067, 39.32019755500005 ] } },
{ "type": "Feature", "properties": { "fid": 567, "Yapı No_Text": "-01A" }, "geometry": { "type": "Point", "coordinates": [ 26.695834385000069, 39.323877708000055 ] } },
{ "type": "Feature", "properties": { "fid": 568, "Yapı No_Text": "-01B" }, "geometry": { "type": "Point", "coordinates": [ 26.695887747000029, 39.323846389000039 ] } },
{ "type": "Feature", "properties": { "fid": 569, "Yapı No_Text": "-02" }, "geometry": { "type": "Point", "coordinates": [ 26.695956333000026, 39.32380693600004 ] } },
{ "type": "Feature", "properties": { "fid": 570, "Yapı No_Text": "-03" }, "geometry": { "type": "Point", "coordinates": [ 26.696008019000033, 39.323777136000047 ] } },
{ "type": "Feature", "properties": { "fid": 571, "Yapı No_Text": "-04" }, "geometry": { "type": "Point", "coordinates": [ 26.696059813000034, 39.32370400700006 ] } },
{ "type": "Feature", "properties": { "fid": 572, "Yapı No_Text": "-05" }, "geometry": { "type": "Point", "coordinates": [ 26.695859788000064, 39.323501024000052 ] } },
{ "type": "Feature", "properties": { "fid": 573, "Yapı No_Text": "-06A" }, "geometry": { "type": "Point", "coordinates": [ 26.695803151000064, 39.323456604000057 ] } },
{ "type": "Feature", "properties": { "fid": 574, "Yapı No_Text": "-06B" }, "geometry": { "type": "Point", "coordinates": [ 26.695754048000026, 39.323380028000031 ] } },
{ "type": "Feature", "properties": { "fid": 575, "Yapı No_Text": "-07B" }, "geometry": { "type": "Point", "coordinates": [ 26.695721544000037, 39.32330120000006 ] } },
{ "type": "Feature", "properties": { "fid": 576, "Yapı No_Text": "-07A" }, "geometry": { "type": "Point", "coordinates": [ 26.695703490000028, 39.323249979000025 ] } },
{ "type": "Feature", "properties": { "fid": 577, "Yapı No_Text": "-08" }, "geometry": { "type": "Point", "coordinates": [ 26.695634564000045, 39.323268124000037 ] } },
{ "type": "Feature", "properties": { "fid": 578, "Yapı No_Text": "-09" }, "geometry": { "type": "Point", "coordinates": [ 26.695550733000061, 39.323286816000063 ] } },
{ "type": "Feature", "properties": { "fid": 579, "Yapı No_Text": "-10A" }, "geometry": { "type": "Point", "coordinates": [ 26.695568325000067, 39.323349442000051 ] } },
{ "type": "Feature", "properties": { "fid": 580, "Yapı No_Text": "-10B" }, "geometry": { "type": "Point", "coordinates": [ 26.695587690000025, 39.32340281200004 ] } },
{ "type": "Feature", "properties": { "fid": 581, "Yapı No_Text": "-11" }, "geometry": { "type": "Point", "coordinates": [ 26.695594903000028, 39.323453146000077 ] } },
{ "type": "Feature", "properties": { "fid": 582, "Yapı No_Text": "-12" }, "geometry": { "type": "Point", "coordinates": [ 26.695600704000071, 39.323508626000034 ] } },
{ "type": "Feature", "properties": { "fid": 583, "Yapı No_Text": "-13" }, "geometry": { "type": "Point", "coordinates": [ 26.695631189000039, 39.323601192000069 ] } },
{ "type": "Feature", "properties": { "fid": 584, "Yapı No_Text": "-14" }, "geometry": { "type": "Point", "coordinates": [ 26.69567302400003, 39.323651063000057 ] } },
{ "type": "Feature", "properties": { "fid": 585, "Yapı No_Text": "-15" }, "geometry": { "type": "Point", "coordinates": [ 26.695703520000052, 39.323710004000077 ] } },
{ "type": "Feature", "properties": { "fid": 586, "Yapı No_Text": "-16" }, "geometry": { "type": "Point", "coordinates": [ 26.695764951000058, 39.323742715000037 ] } },
{ "type": "Feature", "properties": { "fid": 587, "Yapı No_Text": "-17" }, "geometry": { "type": "Point", "coordinates": [ 26.695809359000066, 39.323824159000026 ] } },
{ "type": "Feature", "properties": { "fid": 588, "Yapı No_Text": "371" }, "geometry": { "type": "Point", "coordinates": [ 26.695769554000037, 39.323563997000065 ] } },
{ "type": "Feature", "properties": { "fid": 589, "Yapı No_Text": "M" }, "geometry": { "type": "Point", "coordinates": [ 26.695934722000061, 39.323559301000046 ] } },
{ "type": "Feature", "properties": { "fid": 590, "Yapı No_Text": "-01" }, "geometry": { "type": "Point", "coordinates": [ 26.696024372000068, 39.320014598000057 ] } },
{ "type": "Feature", "properties": { "fid": 591, "Yapı No_Text": "-02" }, "geometry": { "type": "Point", "coordinates": [ 26.696071298000049, 39.320054986000059 ] } },
{ "type": "Feature", "properties": { "fid": 592, "Yapı No_Text": "-03" }, "geometry": { "type": "Point", "coordinates": [ 26.696127753000042, 39.320069788000069 ] } },
{ "type": "Feature", "properties": { "fid": 593, "Yapı No_Text": "-04" }, "geometry": { "type": "Point", "coordinates": [ 26.696199781000075, 39.320113285000048 ] } },
{ "type": "Feature", "properties": { "fid": 594, "Yapı No_Text": "-05A" }, "geometry": { "type": "Point", "coordinates": [ 26.696251265000058, 39.320140134000042 ] } },
{ "type": "Feature", "properties": { "fid": 595, "Yapı No_Text": "-05B" }, "geometry": { "type": "Point", "coordinates": [ 26.696283300000061, 39.320161688000042 ] } },
{ "type": "Feature", "properties": { "fid": 596, "Yapı No_Text": "-06" }, "geometry": { "type": "Point", "coordinates": [ 26.696323622000023, 39.320205682000051 ] } },
{ "type": "Feature", "properties": { "fid": 597, "Yapı No_Text": "-07" }, "geometry": { "type": "Point", "coordinates": [ 26.696365185000047, 39.320177243000046 ] } },
{ "type": "Feature", "properties": { "fid": 598, "Yapı No_Text": "-08" }, "geometry": { "type": "Point", "coordinates": [ 26.696385484000075, 39.320146057000045 ] } },
{ "type": "Feature", "properties": { "fid": 599, "Yapı No_Text": "-09" }, "geometry": { "type": "Point", "coordinates": [ 26.696433940000077, 39.320083279000073 ] } },
{ "type": "Feature", "properties": { "fid": 600, "Yapı No_Text": "-10" }, "geometry": { "type": "Point", "coordinates": [ 26.696390048000069, 39.319994575000067 ] } },
{ "type": "Feature", "properties": { "fid": 601, "Yapı No_Text": "-11" }, "geometry": { "type": "Point", "coordinates": [ 26.696378412000058, 39.31994039600005 ] } },
{ "type": "Feature", "properties": { "fid": 602, "Yapı No_Text": "-12" }, "geometry": { "type": "Point", "coordinates": [ 26.696337183000026, 39.319896050000068 ] } },
{ "type": "Feature", "properties": { "fid": 603, "Yapı No_Text": "-13" }, "geometry": { "type": "Point", "coordinates": [ 26.696280055000045, 39.319840781000039 ] } },
{ "type": "Feature", "properties": { "fid": 604, "Yapı No_Text": "-14" }, "geometry": { "type": "Point", "coordinates": [ 26.696229911000046, 39.319874484000024 ] } },
{ "type": "Feature", "properties": { "fid": 605, "Yapı No_Text": "-15" }, "geometry": { "type": "Point", "coordinates": [ 26.696159829000067, 39.319920907000039 ] } },
{ "type": "Feature", "properties": { "fid": 606, "Yapı No_Text": "-16" }, "geometry": { "type": "Point", "coordinates": [ 26.69608846400007, 39.31997425600008 ] } },
{ "type": "Feature", "properties": { "fid": 607, "Yapı No_Text": "256" }, "geometry": { "type": "Point", "coordinates": [ 26.696223094000061, 39.320015428000033 ] } },
{ "type": "Feature", "properties": { "fid": 608, "Yapı No_Text": "2. FETHIYE CAD. 6. SOK. " }, "geometry": { "type": "Point", "coordinates": [ 26.696005687000024, 39.320095829000024 ] } },
{ "type": "Feature", "properties": { "fid": 609, "Yapı No_Text": "-01" }, "geometry": { "type": "Point", "coordinates": [ 26.695642680000049, 39.320483168000067 ] } },
{ "type": "Feature", "properties": { "fid": 610, "Yapı No_Text": "-02" }, "geometry": { "type": "Point", "coordinates": [ 26.695693188000064, 39.320503666000036 ] } },
{ "type": "Feature", "properties": { "fid": 611, "Yapı No_Text": "-03" }, "geometry": { "type": "Point", "coordinates": [ 26.695761560000051, 39.320523155000046 ] } },
{ "type": "Feature", "properties": { "fid": 612, "Yapı No_Text": "-04" }, "geometry": { "type": "Point", "coordinates": [ 26.695878368000024, 39.320359358000076 ] } },
{ "type": "Feature", "properties": { "fid": 613, "Yapı No_Text": "-05" }, "geometry": { "type": "Point", "coordinates": [ 26.695808274000058, 39.320293387000049 ] } },
{ "type": "Feature", "properties": { "fid": 614, "Yapı No_Text": "-06" }, "geometry": { "type": "Point", "coordinates": [ 26.695761686000026, 39.320276700000079 ] } },
{ "type": "Feature", "properties": { "fid": 615, "Yapı No_Text": "-07" }, "geometry": { "type": "Point", "coordinates": [ 26.695742277000079, 39.320334671000069 ] } },
{ "type": "Feature", "properties": { "fid": 616, "Yapı No_Text": "-08" }, "geometry": { "type": "Point", "coordinates": [ 26.695711606000032, 39.320371267000041 ] } },
{ "type": "Feature", "properties": { "fid": 617, "Yapı No_Text": "-09" }, "geometry": { "type": "Point", "coordinates": [ 26.695690880000029, 39.320404519000078 ] } },
{ "type": "Feature", "properties": { "fid": 618, "Yapı No_Text": "-10" }, "geometry": { "type": "Point", "coordinates": [ 26.695689607000077, 39.320455630000026 ] } },
{ "type": "Feature", "properties": { "fid": 619, "Yapı No_Text": "254" }, "geometry": { "type": "Point", "coordinates": [ 26.695786050000038, 39.320415485000069 ] } },
{ "type": "Feature", "properties": { "fid": 620, "Yapı No_Text": "-01" }, "geometry": { "type": "Point", "coordinates": [ 26.695356784000069, 39.320400444000029 ] } },
{ "type": "Feature", "properties": { "fid": 621, "Yapı No_Text": "-02" }, "geometry": { "type": "Point", "coordinates": [ 26.695435047000046, 39.320412551000061 ] } },
{ "type": "Feature", "properties": { "fid": 622, "Yapı No_Text": "-03" }, "geometry": { "type": "Point", "coordinates": [ 26.695521590000055, 39.320451496000032 ] } },
{ "type": "Feature", "properties": { "fid": 623, "Yapı No_Text": "-04" }, "geometry": { "type": "Point", "coordinates": [ 26.695568602000037, 39.320420435000074 ] } },
{ "type": "Feature", "properties": { "fid": 624, "Yapı No_Text": "-05" }, "geometry": { "type": "Point", "coordinates": [ 26.695595628000035, 39.320377932000042 ] } },
{ "type": "Feature", "properties": { "fid": 625, "Yapı No_Text": "-06" }, "geometry": { "type": "Point", "coordinates": [ 26.695608520000064, 39.320346951000033 ] } },
{ "type": "Feature", "properties": { "fid": 626, "Yapı No_Text": "-07" }, "geometry": { "type": "Point", "coordinates": [ 26.695613188000038, 39.320310931000051 ] } },
{ "type": "Feature", "properties": { "fid": 627, "Yapı No_Text": "-08" }, "geometry": { "type": "Point", "coordinates": [ 26.695647843000074, 39.32026432400005 ] } },
{ "type": "Feature", "properties": { "fid": 628, "Yapı No_Text": "-09" }, "geometry": { "type": "Point", "coordinates": [ 26.695690741000078, 39.320218193000073 ] } },
{ "type": "Feature", "properties": { "fid": 629, "Yapı No_Text": "-10" }, "geometry": { "type": "Point", "coordinates": [ 26.695691217000046, 39.320150374000036 ] } },
{ "type": "Feature", "properties": { "fid": 630, "Yapı No_Text": "-11" }, "geometry": { "type": "Point", "coordinates": [ 26.695757534000052, 39.320126433000041 ] } },
{ "type": "Feature", "properties": { "fid": 631, "Yapı No_Text": "-12" }, "geometry": { "type": "Point", "coordinates": [ 26.695791184000029, 39.320081309000045 ] } },
{ "type": "Feature", "properties": { "fid": 632, "Yapı No_Text": "-13" }, "geometry": { "type": "Point", "coordinates": [ 26.69584917800006, 39.320040324000047 ] } },
{ "type": "Feature", "properties": { "fid": 633, "Yapı No_Text": "-14" }, "geometry": { "type": "Point", "coordinates": [ 26.695813401000066, 39.320014320000041 ] } },
{ "type": "Feature", "properties": { "fid": 634, "Yapı No_Text": "-15" }, "geometry": { "type": "Point", "coordinates": [ 26.695763509000074, 39.319970392000073 ] } },
{ "type": "Feature", "properties": { "fid": 635, "Yapı No_Text": "-16" }, "geometry": { "type": "Point", "coordinates": [ 26.695685278000042, 39.320005084000059 ] } },
{ "type": "Feature", "properties": { "fid": 636, "Yapı No_Text": "-17" }, "geometry": { "type": "Point", "coordinates": [ 26.695659291000027, 39.320049668000024 ] } },
{ "type": "Feature", "properties": { "fid": 637, "Yapı No_Text": "-18A" }, "geometry": { "type": "Point", "coordinates": [ 26.695445907000078, 39.320224245000077 ] } },
{ "type": "Feature", "properties": { "fid": 638, "Yapı No_Text": "-18B" }, "geometry": { "type": "Point", "coordinates": [ 26.695419076000064, 39.320257366000078 ] } },
{ "type": "Feature", "properties": { "fid": 639, "Yapı No_Text": "-18C" }, "geometry": { "type": "Point", "coordinates": [ 26.695427890000076, 39.320299917000057 ] } },
{ "type": "Feature", "properties": { "fid": 640, "Yapı No_Text": "-19" }, "geometry": { "type": "Point", "coordinates": [ 26.695396598000059, 39.320333771000037 ] } },
{ "type": "Feature", "properties": { "fid": 641, "Yapı No_Text": "382" }, "geometry": { "type": "Point", "coordinates": [ 26.695564006000041, 39.320155055000043 ] } },
{ "type": "Feature", "properties": { "fid": 642, "Yapı No_Text": "-01" }, "geometry": { "type": "Point", "coordinates": [ 26.695002811000052, 39.320657914000037 ] } },
{ "type": "Feature", "properties": { "fid": 643, "Yapı No_Text": "-02" }, "geometry": { "type": "Point", "coordinates": [ 26.695104311000023, 39.320664099000055 ] } },
{ "type": "Feature", "properties": { "fid": 644, "Yapı No_Text": "-03" }, "geometry": { "type": "Point", "coordinates": [ 26.695237035000048, 39.320663896000042 ] } },
{ "type": "Feature", "properties": { "fid": 645, "Yapı No_Text": "-04" }, "geometry": { "type": "Point", "coordinates": [ 26.695301785000026, 39.320672510000065 ] } },
{ "type": "Feature", "properties": { "fid": 646, "Yapı No_Text": "-05" }, "geometry": { "type": "Point", "coordinates": [ 26.695353407000027, 39.320685579000042 ] } },
{ "type": "Feature", "properties": { "fid": 647, "Yapı No_Text": "-06" }, "geometry": { "type": "Point", "coordinates": [ 26.695438648000049, 39.320705888000077 ] } },
{ "type": "Feature", "properties": { "fid": 648, "Yapı No_Text": "-07" }, "geometry": { "type": "Point", "coordinates": [ 26.695475148000071, 39.320633802000032 ] } },
{ "type": "Feature", "properties": { "fid": 649, "Yapı No_Text": " -08" }, "geometry": { "type": "Point", "coordinates": [ 26.695492080000065, 39.320588423000061 ] } },
{ "type": "Feature", "properties": { "fid": 650, "Yapı No_Text": "-09" }, "geometry": { "type": "Point", "coordinates": [ 26.695524636000073, 39.320548089000056 ] } },
{ "type": "Feature", "properties": { "fid": 651, "Yapı No_Text": "-10" }, "geometry": { "type": "Point", "coordinates": [ 26.695485315000042, 39.320529133000036 ] } },
{ "type": "Feature", "properties": { "fid": 652, "Yapı No_Text": "-11" }, "geometry": { "type": "Point", "coordinates": [ 26.695428518000028, 39.320532564000075 ] } },
{ "type": "Feature", "properties": { "fid": 653, "Yapı No_Text": "-12" }, "geometry": { "type": "Point", "coordinates": [ 26.695376860000067, 39.320497157000034 ] } },
{ "type": "Feature", "properties": { "fid": 654, "Yapı No_Text": "-13" }, "geometry": { "type": "Point", "coordinates": [ 26.695318159000067, 39.320495093000034 ] } },
{ "type": "Feature", "properties": { "fid": 655, "Yapı No_Text": "-14" }, "geometry": { "type": "Point", "coordinates": [ 26.695293050000032, 39.320546544000081 ] } },
{ "type": "Feature", "properties": { "fid": 656, "Yapı No_Text": "-15" }, "geometry": { "type": "Point", "coordinates": [ 26.695186528000079, 39.320549117000041 ] } },
{ "type": "Feature", "properties": { "fid": 657, "Yapı No_Text": "-16" }, "geometry": { "type": "Point", "coordinates": [ 26.69512056700006, 39.320438314000057 ] } },
{ "type": "Feature", "properties": { "fid": 658, "Yapı No_Text": "-17" }, "geometry": { "type": "Point", "coordinates": [ 26.695019708000075, 39.320420234000039 ] } },
{ "type": "Feature", "properties": { "fid": 659, "Yapı No_Text": "-18" }, "geometry": { "type": "Point", "coordinates": [ 26.694977717000029, 39.320505299000047 ] } },
{ "type": "Feature", "properties": { "fid": 660, "Yapı No_Text": "-19" }, "geometry": { "type": "Point", "coordinates": [ 26.694975923000072, 39.320585316000063 ] } },
{ "type": "Feature", "properties": { "fid": 661, "Yapı No_Text": "381" }, "geometry": { "type": "Point", "coordinates": [ 26.695095572000071, 39.320599031000029 ] } },
{ "type": "Feature", "properties": { "fid": 662, "Yapı No_Text": "DEGIRMENLER CAD. 2. SOK. " }, "geometry": { "type": "Point", "coordinates": [ 26.695846423000035, 39.320281004000037 ] } },
{ "type": "Feature", "properties": { "fid": 663, "Yapı No_Text": "2. FETHIYE CAD. 7. SOK. " }, "geometry": { "type": "Point", "coordinates": [ 26.695070013000077, 39.320405735000065 ] } },
{ "type": "Feature", "properties": { "fid": 664, "Yapı No_Text": "2. FETHIYE CAD. " }, "geometry": { "type": "Point", "coordinates": [ 26.696030223000037, 39.320000938000078 ] } },
{ "type": "Feature", "properties": { "fid": 665, "Yapı No_Text": "-09" }, "geometry": { "type": "Point", "coordinates": [ 26.696085682000046, 39.322328872000071 ] } },
{ "type": "Feature", "properties": { "fid": 666, "Yapı No_Text": "-01" }, "geometry": { "type": "Point", "coordinates": [ 26.696020478000037, 39.322187532000044 ] } },
{ "type": "Feature", "properties": { "fid": 667, "Yapı No_Text": "-02" }, "geometry": { "type": "Point", "coordinates": [ 26.696115318000068, 39.322165737000034 ] } },
{ "type": "Feature", "properties": { "fid": 668, "Yapı No_Text": "-03" }, "geometry": { "type": "Point", "coordinates": [ 26.696181308000064, 39.322141234000071 ] } },
{ "type": "Feature", "properties": { "fid": 669, "Yapı No_Text": "-04" }, "geometry": { "type": "Point", "coordinates": [ 26.696254681000028, 39.322102040000061 ] } },
{ "type": "Feature", "properties": { "fid": 670, "Yapı No_Text": "-05" }, "geometry": { "type": "Point", "coordinates": [ 26.696339910000063, 39.322106295000026 ] } },
{ "type": "Feature", "properties": { "fid": 671, "Yapı No_Text": "-06A" }, "geometry": { "type": "Point", "coordinates": [ 26.696319165000034, 39.322029766000071 ] } },
{ "type": "Feature", "properties": { "fid": 672, "Yapı No_Text": "-06B" }, "geometry": { "type": "Point", "coordinates": [ 26.69629208300006, 39.321984133000058 ] } },
{ "type": "Feature", "properties": { "fid": 673, "Yapı No_Text": "-07" }, "geometry": { "type": "Point", "coordinates": [ 26.696268389000068, 39.321939230000055 ] } },
{ "type": "Feature", "properties": { "fid": 674, "Yapı No_Text": "-08" }, "geometry": { "type": "Point", "coordinates": [ 26.696219325000072, 39.321967188000031 ] } },
{ "type": "Feature", "properties": { "fid": 675, "Yapı No_Text": "-09" }, "geometry": { "type": "Point", "coordinates": [ 26.696165332000078, 39.321964994000041 ] } },
{ "type": "Feature", "properties": { "fid": 676, "Yapı No_Text": "-10" }, "geometry": { "type": "Point", "coordinates": [ 26.696125663000032, 39.322007432000078 ] } },
{ "type": "Feature", "properties": { "fid": 677, "Yapı No_Text": "-11" }, "geometry": { "type": "Point", "coordinates": [ 26.696026672000073, 39.322018942000057 ] } },
{ "type": "Feature", "properties": { "fid": 678, "Yapı No_Text": "-12A" }, "geometry": { "type": "Point", "coordinates": [ 26.695937490000063, 39.322018491000051 ] } },
{ "type": "Feature", "properties": { "fid": 679, "Yapı No_Text": "-13" }, "geometry": { "type": "Point", "coordinates": [ 26.695973472000048, 39.322094979000042 ] } },
{ "type": "Feature", "properties": { "fid": 680, "Yapı No_Text": "-14" }, "geometry": { "type": "Point", "coordinates": [ 26.695984414000065, 39.32213446600008 ] } },
{ "type": "Feature", "properties": { "fid": 681, "Yapı No_Text": "-12B" }, "geometry": { "type": "Point", "coordinates": [ 26.69594550100004, 39.32205781600004 ] } },
{ "type": "Feature", "properties": { "fid": 682, "Yapı No_Text": "247" }, "geometry": { "type": "Point", "coordinates": [ 26.696153563000053, 39.322051326000064 ] } },
{ "type": "Feature", "properties": { "fid": 683, "Yapı No_Text": "-01A" }, "geometry": { "type": "Point", "coordinates": [ 26.695040585000072, 39.322319434000065 ] } },
{ "type": "Feature", "properties": { "fid": 684, "Yapı No_Text": "-01B" }, "geometry": { "type": "Point", "coordinates": [ 26.695002656000042, 39.322238067000058 ] } },
{ "type": "Feature", "properties": { "fid": 685, "Yapı No_Text": "-22" }, "geometry": { "type": "Point", "coordinates": [ 26.69497694100005, 39.322205613000051 ] } },
{ "type": "Feature", "properties": { "fid": 686, "Yapı No_Text": "-21" }, "geometry": { "type": "Point", "coordinates": [ 26.694926509000027, 39.322182410000039 ] } },
{ "type": "Feature", "properties": { "fid": 687, "Yapı No_Text": "-20" }, "geometry": { "type": "Point", "coordinates": [ 26.694885943000031, 39.322138640000048 ] } },
{ "type": "Feature", "properties": { "fid": 688, "Yapı No_Text": "-19" }, "geometry": { "type": "Point", "coordinates": [ 26.694975910000039, 39.322121303000074 ] } },
{ "type": "Feature", "properties": { "fid": 689, "Yapı No_Text": "-18" }, "geometry": { "type": "Point", "coordinates": [ 26.695029422000061, 39.32210308100008 ] } },
{ "type": "Feature", "properties": { "fid": 690, "Yapı No_Text": "-17" }, "geometry": { "type": "Point", "coordinates": [ 26.695079809000049, 39.322098785000037 ] } },
{ "type": "Feature", "properties": { "fid": 691, "Yapı No_Text": "-16" }, "geometry": { "type": "Point", "coordinates": [ 26.695132430000058, 39.322087176000025 ] } },
{ "type": "Feature", "properties": { "fid": 692, "Yapı No_Text": "-15" }, "geometry": { "type": "Point", "coordinates": [ 26.695191343000033, 39.322067546000028 ] } },
{ "type": "Feature", "properties": { "fid": 693, "Yapı No_Text": "-14" }, "geometry": { "type": "Point", "coordinates": [ 26.695247167000048, 39.322061415000064 ] } },
{ "type": "Feature", "properties": { "fid": 694, "Yapı No_Text": "-13" }, "geometry": { "type": "Point", "coordinates": [ 26.69528626400006, 39.322032083000067 ] } },
{ "type": "Feature", "properties": { "fid": 695, "Yapı No_Text": "-12" }, "geometry": { "type": "Point", "coordinates": [ 26.695341133000056, 39.322018032000074 ] } },
{ "type": "Feature", "properties": { "fid": 696, "Yapı No_Text": "-11" }, "geometry": { "type": "Point", "coordinates": [ 26.69541758400004, 39.321994880000034 ] } },
{ "type": "Feature", "properties": { "fid": 697, "Yapı No_Text": "-10" }, "geometry": { "type": "Point", "coordinates": [ 26.695421392000071, 39.322068670000078 ] } },
{ "type": "Feature", "properties": { "fid": 698, "Yapı No_Text": "-09" }, "geometry": { "type": "Point", "coordinates": [ 26.695418310000036, 39.322110449000036 ] } },
{ "type": "Feature", "properties": { "fid": 699, "Yapı No_Text": "-08" }, "geometry": { "type": "Point", "coordinates": [ 26.695454415000029, 39.322155722000048 ] } },
{ "type": "Feature", "properties": { "fid": 700, "Yapı No_Text": "-07" }, "geometry": { "type": "Point", "coordinates": [ 26.69546798500005, 39.322201990000053 ] } },
{ "type": "Feature", "properties": { "fid": 701, "Yapı No_Text": "-06" }, "geometry": { "type": "Point", "coordinates": [ 26.695482477000041, 39.322256956000047 ] } },
{ "type": "Feature", "properties": { "fid": 702, "Yapı No_Text": "-05" }, "geometry": { "type": "Point", "coordinates": [ 26.695395697000038, 39.322315738000043 ] } },
{ "type": "Feature", "properties": { "fid": 703, "Yapı No_Text": "-04" }, "geometry": { "type": "Point", "coordinates": [ 26.695270490000041, 39.322283742000025 ] } },
{ "type": "Feature", "properties": { "fid": 704, "Yapı No_Text": "-03" }, "geometry": { "type": "Point", "coordinates": [ 26.695192230000032, 39.32230028500004 ] } },
{ "type": "Feature", "properties": { "fid": 705, "Yapı No_Text": "-02" }, "geometry": { "type": "Point", "coordinates": [ 26.695110334000049, 39.322299079000061 ] } },
{ "type": "Feature", "properties": { "fid": 706, "Yapı No_Text": "454" }, "geometry": { "type": "Point", "coordinates": [ 26.695238879000044, 39.32217092500008 ] } },
{ "type": "Feature", "properties": { "fid": 707, "Yapı No_Text": "-01" }, "geometry": { "type": "Point", "coordinates": [ 26.695906382000032, 39.321942124000032 ] } },
{ "type": "Feature", "properties": { "fid": 708, "Yapı No_Text": "-02" }, "geometry": { "type": "Point", "coordinates": [ 26.69596731200005, 39.32193098700003 ] } },
{ "type": "Feature", "properties": { "fid": 709, "Yapı No_Text": "-03" }, "geometry": { "type": "Point", "coordinates": [ 26.696008303000042, 39.321893755000076 ] } },
{ "type": "Feature", "properties": { "fid": 710, "Yapı No_Text": "-04" }, "geometry": { "type": "Point", "coordinates": [ 26.696075894000046, 39.321900687000038 ] } },
{ "type": "Feature", "properties": { "fid": 711, "Yapı No_Text": "-05" }, "geometry": { "type": "Point", "coordinates": [ 26.696139980000055, 39.321890273000065 ] } },
{ "type": "Feature", "properties": { "fid": 712, "Yapı No_Text": "-06" }, "geometry": { "type": "Point", "coordinates": [ 26.696180381000033, 39.321876257000042 ] } },
{ "type": "Feature", "properties": { "fid": 713, "Yapı No_Text": "-07" }, "geometry": { "type": "Point", "coordinates": [ 26.696236254000041, 39.321863420000057 ] } },
{ "type": "Feature", "properties": { "fid": 714, "Yapı No_Text": "-08" }, "geometry": { "type": "Point", "coordinates": [ 26.696209722000049, 39.321824476000074 ] } },
{ "type": "Feature", "properties": { "fid": 715, "Yapı No_Text": "-09" }, "geometry": { "type": "Point", "coordinates": [ 26.696184689000063, 39.32177469100003 ] } },
{ "type": "Feature", "properties": { "fid": 716, "Yapı No_Text": "-10" }, "geometry": { "type": "Point", "coordinates": [ 26.696121577000042, 39.321786873000065 ] } },
{ "type": "Feature", "properties": { "fid": 717, "Yapı No_Text": "-11" }, "geometry": { "type": "Point", "coordinates": [ 26.696017184000027, 39.321826654000063 ] } },
{ "type": "Feature", "properties": { "fid": 718, "Yapı No_Text": "-12" }, "geometry": { "type": "Point", "coordinates": [ 26.695926051000072, 39.32182669000008 ] } },
{ "type": "Feature", "properties": { "fid": 719, "Yapı No_Text": "-13" }, "geometry": { "type": "Point", "coordinates": [ 26.695870494000076, 39.321840988000076 ] } },
{ "type": "Feature", "properties": { "fid": 720, "Yapı No_Text": "-14" }, "geometry": { "type": "Point", "coordinates": [ 26.695882895000068, 39.32189031200005 ] } },
{ "type": "Feature", "properties": { "fid": 721, "Yapı No_Text": "248" }, "geometry": { "type": "Point", "coordinates": [ 26.696041102000038, 39.321850372000029 ] } },
{ "type": "Feature", "properties": { "fid": 722, "Yapı No_Text": "-01" }, "geometry": { "type": "Point", "coordinates": [ 26.696662314000037, 39.32203245900007 ] } },
{ "type": "Feature", "properties": { "fid": 723, "Yapı No_Text": "-02" }, "geometry": { "type": "Point", "coordinates": [ 26.696542797000063, 39.322055377000027 ] } },
{ "type": "Feature", "properties": { "fid": 724, "Yapı No_Text": "-03" }, "geometry": { "type": "Point", "coordinates": [ 26.696506326000076, 39.321968286000072 ] } },
{ "type": "Feature", "properties": { "fid": 725, "Yapı No_Text": "-04" }, "geometry": { "type": "Point", "coordinates": [ 26.696431570000072, 39.321993494000026 ] } },
{ "type": "Feature", "properties": { "fid": 726, "Yapı No_Text": "-05" }, "geometry": { "type": "Point", "coordinates": [ 26.696373634000054, 39.32187061500008 ] } },
{ "type": "Feature", "properties": { "fid": 727, "Yapı No_Text": "-06" }, "geometry": { "type": "Point", "coordinates": [ 26.696359845000075, 39.321823278000068 ] } },
{ "type": "Feature", "properties": { "fid": 728, "Yapı No_Text": "-07" }, "geometry": { "type": "Point", "coordinates": [ 26.696322743000053, 39.321792432000052 ] } },
{ "type": "Feature", "properties": { "fid": 729, "Yapı No_Text": "-08" }, "geometry": { "type": "Point", "coordinates": [ 26.696303485000044, 39.321751117000076 ] } },
{ "type": "Feature", "properties": { "fid": 730, "Yapı No_Text": "-09" }, "geometry": { "type": "Point", "coordinates": [ 26.696362837000038, 39.321723408000025 ] } },
{ "type": "Feature", "properties": { "fid": 731, "Yapı No_Text": "-10" }, "geometry": { "type": "Point", "coordinates": [ 26.696427676000042, 39.321696744000064 ] } },
{ "type": "Feature", "properties": { "fid": 732, "Yapı No_Text": "-03" }, "geometry": { "type": "Point", "coordinates": [ 26.696580618000041, 39.321954915000049 ] } },
{ "type": "Feature", "properties": { "fid": 733, "Yapı No_Text": "-01" }, "geometry": { "type": "Point", "coordinates": [ 26.695586804000072, 39.322244 ] } },
{ "type": "Feature", "properties": { "fid": 734, "Yapı No_Text": "-02" }, "geometry": { "type": "Point", "coordinates": [ 26.695650418000071, 39.322268806000068 ] } },
{ "type": "Feature", "properties": { "fid": 735, "Yapı No_Text": "-03" }, "geometry": { "type": "Point", "coordinates": [ 26.695701624000037, 39.322220609000055 ] } },
{ "type": "Feature", "properties": { "fid": 736, "Yapı No_Text": "-04" }, "geometry": { "type": "Point", "coordinates": [ 26.695760202000031, 39.322207147000029 ] } },
{ "type": "Feature", "properties": { "fid": 737, "Yapı No_Text": "-05" }, "geometry": { "type": "Point", "coordinates": [ 26.695910925000078, 39.322215974000073 ] } },
{ "type": "Feature", "properties": { "fid": 738, "Yapı No_Text": "-06" }, "geometry": { "type": "Point", "coordinates": [ 26.69589626800007, 39.322170763000031 ] } },
{ "type": "Feature", "properties": { "fid": 739, "Yapı No_Text": "-07" }, "geometry": { "type": "Point", "coordinates": [ 26.695862049000027, 39.32213567000008 ] } },
{ "type": "Feature", "properties": { "fid": 740, "Yapı No_Text": "-08" }, "geometry": { "type": "Point", "coordinates": [ 26.695837106000056, 39.322082127000044 ] } },
{ "type": "Feature", "properties": { "fid": 741, "Yapı No_Text": "-09" }, "geometry": { "type": "Point", "coordinates": [ 26.695825531000025, 39.322032290000038 ] } },
{ "type": "Feature", "properties": { "fid": 742, "Yapı No_Text": "-10" }, "geometry": { "type": "Point", "coordinates": [ 26.69581050000005, 39.321968764000076 ] } },
{ "type": "Feature", "properties": { "fid": 743, "Yapı No_Text": "-11" }, "geometry": { "type": "Point", "coordinates": [ 26.695779276000053, 39.321923883000068 ] } },
{ "type": "Feature", "properties": { "fid": 744, "Yapı No_Text": "-12" }, "geometry": { "type": "Point", "coordinates": [ 26.695765258000051, 39.321858636000059 ] } },
{ "type": "Feature", "properties": { "fid": 745, "Yapı No_Text": "-13" }, "geometry": { "type": "Point", "coordinates": [ 26.695713425000065, 39.321887359000073 ] } },
{ "type": "Feature", "properties": { "fid": 746, "Yapı No_Text": "-14" }, "geometry": { "type": "Point", "coordinates": [ 26.695632009000064, 39.321872643000063 ] } },
{ "type": "Feature", "properties": { "fid": 747, "Yapı No_Text": "-15" }, "geometry": { "type": "Point", "coordinates": [ 26.695575753000071, 39.321896866000031 ] } },
{ "type": "Feature", "properties": { "fid": 748, "Yapı No_Text": "-16" }, "geometry": { "type": "Point", "coordinates": [ 26.695506495000075, 39.321911210000053 ] } },
{ "type": "Feature", "properties": { "fid": 749, "Yapı No_Text": "-17A" }, "geometry": { "type": "Point", "coordinates": [ 26.695539801000052, 39.321961214000055 ] } },
{ "type": "Feature", "properties": { "fid": 750, "Yapı No_Text": "-17B" }, "geometry": { "type": "Point", "coordinates": [ 26.695530250000047, 39.322008587000028 ] } },
{ "type": "Feature", "properties": { "fid": 751, "Yapı No_Text": "-18" }, "geometry": { "type": "Point", "coordinates": [ 26.695555503000037, 39.322062968000068 ] } },
{ "type": "Feature", "properties": { "fid": 752, "Yapı No_Text": "-19" }, "geometry": { "type": "Point", "coordinates": [ 26.695582955000077, 39.322131510000077 ] } },
{ "type": "Feature", "properties": { "fid": 753, "Yapı No_Text": "-20" }, "geometry": { "type": "Point", "coordinates": [ 26.695624008000038, 39.322164889000078 ] } },
{ "type": "Feature", "properties": { "fid": 754, "Yapı No_Text": "-21" }, "geometry": { "type": "Point", "coordinates": [ 26.695585037000058, 39.322176610000042 ] } },
{ "type": "Feature", "properties": { "fid": 755, "Yapı No_Text": "376" }, "geometry": { "type": "Point", "coordinates": [ 26.695683183000028, 39.322038572000054 ] } },
{ "type": "Feature", "properties": { "fid": 756, "Yapı No_Text": "3. FETHYE CAD. 4. SOK. " }, "geometry": { "type": "Point", "coordinates": [ 26.694798824000031, 39.322167114000024 ] } },
{ "type": "Feature", "properties": { "fid": 757, "Yapı No_Text": "3. FETHYE CAD. 3. SOK. " }, "geometry": { "type": "Point", "coordinates": [ 26.694981788000064, 39.322102369000049 ] } },
{ "type": "Feature", "properties": { "fid": 758, "Yapı No_Text": "3. FETHIYE CAD. " }, "geometry": { "type": "Point", "coordinates": [ 26.695435855000028, 39.321913908000056 ] } },
{ "type": "Feature", "properties": { "fid": 759, "Yapı No_Text": "2. FETHIYE CAD. " }, "geometry": { "type": "Point", "coordinates": [ 26.69580366100007, 39.321868523000035 ] } },
{ "type": "Feature", "properties": { "fid": 760, "Yapı No_Text": "2. DEGIRMENLER CAD. 4. SOK. " }, "geometry": { "type": "Point", "coordinates": [ 26.69594150000006, 39.322022143000027 ] } },
{ "type": "Feature", "properties": { "fid": 761, "Yapı No_Text": "2. DEGIRMENLER CAD. 3. SOK. " }, "geometry": { "type": "Point", "coordinates": [ 26.695840873000066, 39.321845132000078 ] } },
{ "type": "Feature", "properties": { "fid": 762, "Yapı No_Text": "-01" }, "geometry": { "type": "Point", "coordinates": [ 26.695473699000047, 39.321833266000056 ] } },
{ "type": "Feature", "properties": { "fid": 763, "Yapı No_Text": "-02" }, "geometry": { "type": "Point", "coordinates": [ 26.695534, 39.321820996000042 ] } },
{ "type": "Feature", "properties": { "fid": 764, "Yapı No_Text": "-03" }, "geometry": { "type": "Point", "coordinates": [ 26.695610661000046, 39.321808028000078 ] } },
{ "type": "Feature", "properties": { "fid": 765, "Yapı No_Text": "-04" }, "geometry": { "type": "Point", "coordinates": [ 26.695653177000054, 39.321752925000055 ] } },
{ "type": "Feature", "properties": { "fid": 766, "Yapı No_Text": "-05" }, "geometry": { "type": "Point", "coordinates": [ 26.695645827000078, 39.321720017000075 ] } },
{ "type": "Feature", "properties": { "fid": 767, "Yapı No_Text": "-06A" }, "geometry": { "type": "Point", "coordinates": [ 26.695615518000068, 39.321688793000078 ] } },
{ "type": "Feature", "properties": { "fid": 768, "Yapı No_Text": "-06B" }, "geometry": { "type": "Point", "coordinates": [ 26.695599592000065, 39.321655606000036 ] } },
{ "type": "Feature", "properties": { "fid": 769, "Yapı No_Text": "-07" }, "geometry": { "type": "Point", "coordinates": [ 26.695581804000028, 39.32162278800007 ] } },
{ "type": "Feature", "properties": { "fid": 770, "Yapı No_Text": "-08" }, "geometry": { "type": "Point", "coordinates": [ 26.695552806000023, 39.32158710300007 ] } },
{ "type": "Feature", "properties": { "fid": 771, "Yapı No_Text": "-09" }, "geometry": { "type": "Point", "coordinates": [ 26.695525650000036, 39.32155014600005 ] } },
{ "type": "Feature", "properties": { "fid": 772, "Yapı No_Text": "-10" }, "geometry": { "type": "Point", "coordinates": [ 26.695510181000031, 39.321509010000057 ] } },
{ "type": "Feature", "properties": { "fid": 773, "Yapı No_Text": "-11" }, "geometry": { "type": "Point", "coordinates": [ 26.695457383000075, 39.321476995000069 ] } },
{ "type": "Feature", "properties": { "fid": 774, "Yapı No_Text": "-12" }, "geometry": { "type": "Point", "coordinates": [ 26.695428290000052, 39.321411540000042 ] } },
{ "type": "Feature", "properties": { "fid": 775, "Yapı No_Text": "-13" }, "geometry": { "type": "Point", "coordinates": [ 26.695430440000052, 39.321577114000036 ] } },
{ "type": "Feature", "properties": { "fid": 776, "Yapı No_Text": "-14" }, "geometry": { "type": "Point", "coordinates": [ 26.695435681000049, 39.321637490000057 ] } },
{ "type": "Feature", "properties": { "fid": 777, "Yapı No_Text": "-15" }, "geometry": { "type": "Point", "coordinates": [ 26.695439948000057, 39.321676118000028 ] } },
{ "type": "Feature", "properties": { "fid": 778, "Yapı No_Text": "-16" }, "geometry": { "type": "Point", "coordinates": [ 26.695433014000059, 39.321710684000038 ] } },
{ "type": "Feature", "properties": { "fid": 779, "Yapı No_Text": "-17" }, "geometry": { "type": "Point", "coordinates": [ 26.695438391000039, 39.321755143000075 ] } },
{ "type": "Feature", "properties": { "fid": 780, "Yapı No_Text": "-18" }, "geometry": { "type": "Point", "coordinates": [ 26.695450821000065, 39.321800076000045 ] } },
{ "type": "Feature", "properties": { "fid": 781, "Yapı No_Text": "377" }, "geometry": { "type": "Point", "coordinates": [ 26.695539823000047, 39.321735275000037 ] } },
{ "type": "Feature", "properties": { "fid": 782, "Yapı No_Text": "-01" }, "geometry": { "type": "Point", "coordinates": [ 26.69850684000005, 39.318200243000035 ] } },
{ "type": "Feature", "properties": { "fid": 783, "Yapı No_Text": "398" }, "geometry": { "type": "Point", "coordinates": [ 26.698622052000076, 39.318190675000039 ] } },
{ "type": "Feature", "properties": { "fid": 784, "Yapı No_Text": "-01" }, "geometry": { "type": "Point", "coordinates": [ 26.698796762000029, 39.318209326000044 ] } },
{ "type": "Feature", "properties": { "fid": 785, "Yapı No_Text": "-02" }, "geometry": { "type": "Point", "coordinates": [ 26.698896295000054, 39.318208172000027 ] } },
{ "type": "Feature", "properties": { "fid": 786, "Yapı No_Text": "-03" }, "geometry": { "type": "Point", "coordinates": [ 26.698989417000064, 39.318217004000076 ] } },
{ "type": "Feature", "properties": { "fid": 787, "Yapı No_Text": "-04" }, "geometry": { "type": "Point", "coordinates": [ 26.699085148000052, 39.318214276000049 ] } },
{ "type": "Feature", "properties": { "fid": 788, "Yapı No_Text": "-05" }, "geometry": { "type": "Point", "coordinates": [ 26.699156730000027, 39.318214110000042 ] } },
{ "type": "Feature", "properties": { "fid": 789, "Yapı No_Text": "269" }, "geometry": { "type": "Point", "coordinates": [ 26.699213631000077, 39.318218263000063 ] } },
{ "type": "Feature", "properties": { "fid": 790, "Yapı No_Text": "-01" }, "geometry": { "type": "Point", "coordinates": [ 26.698873801000047, 39.318094981000058 ] } },
{ "type": "Feature", "properties": { "fid": 791, "Yapı No_Text": "-02" }, "geometry": { "type": "Point", "coordinates": [ 26.698949877000075, 39.318102195000051 ] } },
{ "type": "Feature", "properties": { "fid": 792, "Yapı No_Text": "-03" }, "geometry": { "type": "Point", "coordinates": [ 26.698956700000053, 39.318044599000075 ] } },
{ "type": "Feature", "properties": { "fid": 793, "Yapı No_Text": "-04" }, "geometry": { "type": "Point", "coordinates": [ 26.698876333000044, 39.318033831000037 ] } },
{ "type": "Feature", "properties": { "fid": 794, "Yapı No_Text": "274" }, "geometry": { "type": "Point", "coordinates": [ 26.698891673000048, 39.31805565500008 ] } },
{ "type": "Feature", "properties": { "fid": 795, "Yapı No_Text": "-01" }, "geometry": { "type": "Point", "coordinates": [ 26.699023093000051, 39.317678149000074 ] } },
{ "type": "Feature", "properties": { "fid": 796, "Yapı No_Text": "-02" }, "geometry": { "type": "Point", "coordinates": [ 26.698939702000075, 39.317660443000079 ] } },
{ "type": "Feature", "properties": { "fid": 797, "Yapı No_Text": "-03" }, "geometry": { "type": "Point", "coordinates": [ 26.698877852000066, 39.317655415000047 ] } },
{ "type": "Feature", "properties": { "fid": 798, "Yapı No_Text": "-04" }, "geometry": { "type": "Point", "coordinates": [ 26.698881710000023, 39.317725389000032 ] } },
{ "type": "Feature", "properties": { "fid": 799, "Yapı No_Text": "-05" }, "geometry": { "type": "Point", "coordinates": [ 26.698881907000043, 39.317816724000068 ] } },
{ "type": "Feature", "properties": { "fid": 800, "Yapı No_Text": "-06" }, "geometry": { "type": "Point", "coordinates": [ 26.698866527000064, 39.317922230000079 ] } },
{ "type": "Feature", "properties": { "fid": 801, "Yapı No_Text": "-07" }, "geometry": { "type": "Point", "coordinates": [ 26.698863692000032, 39.317967933000034 ] } },
{ "type": "Feature", "properties": { "fid": 802, "Yapı No_Text": "-08" }, "geometry": { "type": "Point", "coordinates": [ 26.698962317000053, 39.317973850000044 ] } },
{ "type": "Feature", "properties": { "fid": 803, "Yapı No_Text": "-09" }, "geometry": { "type": "Point", "coordinates": [ 26.698960992000025, 39.317931822000048 ] } },
{ "type": "Feature", "properties": { "fid": 804, "Yapı No_Text": "-10" }, "geometry": { "type": "Point", "coordinates": [ 26.698987715000044, 39.317896406000045 ] } },
{ "type": "Feature", "properties": { "fid": 805, "Yapı No_Text": "-11" }, "geometry": { "type": "Point", "coordinates": [ 26.698987970000076, 39.317855970000039 ] } },
{ "type": "Feature", "properties": { "fid": 806, "Yapı No_Text": "-12" }, "geometry": { "type": "Point", "coordinates": [ 26.698993002000066, 39.317796722000026 ] } },
{ "type": "Feature", "properties": { "fid": 807, "Yapı No_Text": "-13" }, "geometry": { "type": "Point", "coordinates": [ 26.699005886000066, 39.317755304000059 ] } },
{ "type": "Feature", "properties": { "fid": 808, "Yapı No_Text": "-14" }, "geometry": { "type": "Point", "coordinates": [ 26.699000812000065, 39.317718134000074 ] } },
{ "type": "Feature", "properties": { "fid": 809, "Yapı No_Text": "275" }, "geometry": { "type": "Point", "coordinates": [ 26.698925633000044, 39.317817097000045 ] } },
{ "type": "Feature", "properties": { "fid": 810, "Yapı No_Text": "-01" }, "geometry": { "type": "Point", "coordinates": [ 26.699387845000047, 39.318100316000027 ] } },
{ "type": "Feature", "properties": { "fid": 811, "Yapı No_Text": "-02" }, "geometry": { "type": "Point", "coordinates": [ 26.699470406000046, 39.318074190000061 ] } },
{ "type": "Feature", "properties": { "fid": 812, "Yapı No_Text": "-03" }, "geometry": { "type": "Point", "coordinates": [ 26.699533464000069, 39.318087829000035 ] } },
{ "type": "Feature", "properties": { "fid": 813, "Yapı No_Text": "-04" }, "geometry": { "type": "Point", "coordinates": [ 26.699481887000047, 39.317985456000031 ] } },
{ "type": "Feature", "properties": { "fid": 814, "Yapı No_Text": "270" }, "geometry": { "type": "Point", "coordinates": [ 26.699428220000073, 39.31801643700004 ] } },
{ "type": "Feature", "properties": { "fid": 815, "Yapı No_Text": "-01" }, "geometry": { "type": "Point", "coordinates": [ 26.699069027000064, 39.318093377000025 ] } },
{ "type": "Feature", "properties": { "fid": 816, "Yapı No_Text": "-03" }, "geometry": { "type": "Point", "coordinates": [ 26.699149778000049, 39.31809736200006 ] } },
{ "type": "Feature", "properties": { "fid": 817, "Yapı No_Text": "-04" }, "geometry": { "type": "Point", "coordinates": [ 26.69922365900004, 39.318091496000079 ] } },
{ "type": "Feature", "properties": { "fid": 818, "Yapı No_Text": "-05" }, "geometry": { "type": "Point", "coordinates": [ 26.699290155000028, 39.318066593000026 ] } },
{ "type": "Feature", "properties": { "fid": 819, "Yapı No_Text": "-06" }, "geometry": { "type": "Point", "coordinates": [ 26.699258077000025, 39.318014199000061 ] } },
{ "type": "Feature", "properties": { "fid": 820, "Yapı No_Text": "-07" }, "geometry": { "type": "Point", "coordinates": [ 26.699186780000048, 39.31803565000007 ] } },
{ "type": "Feature", "properties": { "fid": 821, "Yapı No_Text": "-02" }, "geometry": { "type": "Point", "coordinates": [ 26.699100440000052, 39.318128816000069 ] } },
{ "type": "Feature", "properties": { "fid": 822, "Yapı No_Text": "272" }, "geometry": { "type": "Point", "coordinates": [ 26.699181410000051, 39.318053600000042 ] } },
{ "type": "Feature", "properties": { "fid": 823, "Yapı No_Text": "-01" }, "geometry": { "type": "Point", "coordinates": [ 26.698771090000037, 39.317659413000058 ] } },
{ "type": "Feature", "properties": { "fid": 824, "Yapı No_Text": "-02" }, "geometry": { "type": "Point", "coordinates": [ 26.698626181000066, 39.317657483000062 ] } },
{ "type": "Feature", "properties": { "fid": 825, "Yapı No_Text": "-03" }, "geometry": { "type": "Point", "coordinates": [ 26.698623501000043, 39.317714405000061 ] } },
{ "type": "Feature", "properties": { "fid": 826, "Yapı No_Text": "-04" }, "geometry": { "type": "Point", "coordinates": [ 26.698619529000041, 39.317819991000079 ] } },
{ "type": "Feature", "properties": { "fid": 827, "Yapı No_Text": "-05" }, "geometry": { "type": "Point", "coordinates": [ 26.69861159800007, 39.317872320000049 ] } },
{ "type": "Feature", "properties": { "fid": 828, "Yapı No_Text": "-06" }, "geometry": { "type": "Point", "coordinates": [ 26.698641251000026, 39.317934407000052 ] } },
{ "type": "Feature", "properties": { "fid": 829, "Yapı No_Text": "-07" }, "geometry": { "type": "Point", "coordinates": [ 26.698747454000056, 39.317946606000078 ] } },
{ "type": "Feature", "properties": { "fid": 830, "Yapı No_Text": "-08" }, "geometry": { "type": "Point", "coordinates": [ 26.698745151000026, 39.317877731000067 ] } },
{ "type": "Feature", "properties": { "fid": 831, "Yapı No_Text": "-09" }, "geometry": { "type": "Point", "coordinates": [ 26.698774264000065, 39.317811386000074 ] } },
{ "type": "Feature", "properties": { "fid": 832, "Yapı No_Text": "-10" }, "geometry": { "type": "Point", "coordinates": [ 26.698771205000071, 39.317743689000054 ] } },
{ "type": "Feature", "properties": { "fid": 833, "Yapı No_Text": "-11" }, "geometry": { "type": "Point", "coordinates": [ 26.698772254000062, 39.317706304000069 ] } },
{ "type": "Feature", "properties": { "fid": 834, "Yapı No_Text": "276" }, "geometry": { "type": "Point", "coordinates": [ 26.698678518000065, 39.317757920000076 ] } },
{ "type": "Feature", "properties": { "fid": 835, "Yapı No_Text": "-01" }, "geometry": { "type": "Point", "coordinates": [ 26.698093421000067, 39.317798959000072 ] } },
{ "type": "Feature", "properties": { "fid": 836, "Yapı No_Text": "-02" }, "geometry": { "type": "Point", "coordinates": [ 26.698165488000029, 39.317822779000039 ] } },
{ "type": "Feature", "properties": { "fid": 837, "Yapı No_Text": "-03" }, "geometry": { "type": "Point", "coordinates": [ 26.698250015000042, 39.317804616000046 ] } },
{ "type": "Feature", "properties": { "fid": 838, "Yapı No_Text": "-04" }, "geometry": { "type": "Point", "coordinates": [ 26.698298965000049, 39.317836456000066 ] } },
{ "type": "Feature", "properties": { "fid": 839, "Yapı No_Text": "-05" }, "geometry": { "type": "Point", "coordinates": [ 26.698342667000077, 39.317852518000052 ] } },
{ "type": "Feature", "properties": { "fid": 840, "Yapı No_Text": "-06" }, "geometry": { "type": "Point", "coordinates": [ 26.698386374000052, 39.317874087000064 ] } },
{ "type": "Feature", "properties": { "fid": 841, "Yapı No_Text": "-07" }, "geometry": { "type": "Point", "coordinates": [ 26.698463754000045, 39.317875378000053 ] } },
{ "type": "Feature", "properties": { "fid": 842, "Yapı No_Text": "-08" }, "geometry": { "type": "Point", "coordinates": [ 26.698507440000071, 39.317882992000079 ] } },
{ "type": "Feature", "properties": { "fid": 843, "Yapı No_Text": "-09" }, "geometry": { "type": "Point", "coordinates": [ 26.698498774000029, 39.317810285000064 ] } },
{ "type": "Feature", "properties": { "fid": 844, "Yapı No_Text": "-10" }, "geometry": { "type": "Point", "coordinates": [ 26.698500168000066, 39.317760538000073 ] } },
{ "type": "Feature", "properties": { "fid": 845, "Yapı No_Text": "-11" }, "geometry": { "type": "Point", "coordinates": [ 26.698507217000042, 39.317716078000046 ] } },
{ "type": "Feature", "properties": { "fid": 846, "Yapı No_Text": "-12" }, "geometry": { "type": "Point", "coordinates": [ 26.698504740000033, 39.317651807000061 ] } },
{ "type": "Feature", "properties": { "fid": 847, "Yapı No_Text": "-13" }, "geometry": { "type": "Point", "coordinates": [ 26.698439729000029, 39.317654073000028 ] } },
{ "type": "Feature", "properties": { "fid": 848, "Yapı No_Text": "-14" }, "geometry": { "type": "Point", "coordinates": [ 26.698374222000041, 39.317627163000054 ] } },
{ "type": "Feature", "properties": { "fid": 849, "Yapı No_Text": "-15" }, "geometry": { "type": "Point", "coordinates": [ 26.698316713000054, 39.317627298000048 ] } },
{ "type": "Feature", "properties": { "fid": 850, "Yapı No_Text": "-16" }, "geometry": { "type": "Point", "coordinates": [ 26.698248129000035, 39.317622946000029 ] } },
{ "type": "Feature", "properties": { "fid": 851, "Yapı No_Text": "277" }, "geometry": { "type": "Point", "coordinates": [ 26.698357308000027, 39.31772198200008 ] } },
{ "type": "Feature", "properties": { "fid": 852, "Yapı No_Text": "-01A" }, "geometry": { "type": "Point", "coordinates": [ 26.698098475000052, 39.317576268000039 ] } },
{ "type": "Feature", "properties": { "fid": 853, "Yapı No_Text": "-01B" }, "geometry": { "type": "Point", "coordinates": [ 26.698007720000078, 39.317569473000049 ] } },
{ "type": "Feature", "properties": { "fid": 854, "Yapı No_Text": "-02" }, "geometry": { "type": "Point", "coordinates": [ 26.697901941000055, 39.317546330000027 ] } },
{ "type": "Feature", "properties": { "fid": 855, "Yapı No_Text": "-03" }, "geometry": { "type": "Point", "coordinates": [ 26.697833941000056, 39.317515172000071 ] } },
{ "type": "Feature", "properties": { "fid": 856, "Yapı No_Text": "-04" }, "geometry": { "type": "Point", "coordinates": [ 26.697791796000047, 39.317494877000058 ] } },
{ "type": "Feature", "properties": { "fid": 857, "Yapı No_Text": "-05" }, "geometry": { "type": "Point", "coordinates": [ 26.697806867000054, 39.317566145000058 ] } },
{ "type": "Feature", "properties": { "fid": 858, "Yapı No_Text": "-06" }, "geometry": { "type": "Point", "coordinates": [ 26.697782425000071, 39.317603555000062 ] } },
{ "type": "Feature", "properties": { "fid": 859, "Yapı No_Text": "-07" }, "geometry": { "type": "Point", "coordinates": [ 26.697739419000072, 39.31765375100008 ] } },
{ "type": "Feature", "properties": { "fid": 860, "Yapı No_Text": "-08" }, "geometry": { "type": "Point", "coordinates": [ 26.697717101000023, 39.317724416000033 ] } },
{ "type": "Feature", "properties": { "fid": 861, "Yapı No_Text": "-09" }, "geometry": { "type": "Point", "coordinates": [ 26.697844769000028, 39.317824883000071 ] } },
{ "type": "Feature", "properties": { "fid": 862, "Yapı No_Text": "-10" }, "geometry": { "type": "Point", "coordinates": [ 26.697862525000062, 39.317785484000069 ] } },
{ "type": "Feature", "properties": { "fid": 863, "Yapı No_Text": "-11" }, "geometry": { "type": "Point", "coordinates": [ 26.697992858000077, 39.317766489000064 ] } },
{ "type": "Feature", "properties": { "fid": 864, "Yapı No_Text": "-12" }, "geometry": { "type": "Point", "coordinates": [ 26.698077328000068, 39.317628269000068 ] } },
{ "type": "Feature", "properties": { "fid": 865, "Yapı No_Text": "401" }, "geometry": { "type": "Point", "coordinates": [ 26.697868701000061, 39.317634912000074 ] } },
{ "type": "Feature", "properties": { "fid": 866, "Yapı No_Text": "-01" }, "geometry": { "type": "Point", "coordinates": [ 26.698416755000039, 39.317492288000039 ] } },
{ "type": "Feature", "properties": { "fid": 867, "Yapı No_Text": "-02" }, "geometry": { "type": "Point", "coordinates": [ 26.698426939000058, 39.317541825000035 ] } },
{ "type": "Feature", "properties": { "fid": 868, "Yapı No_Text": "-03" }, "geometry": { "type": "Point", "coordinates": [ 26.698359365000044, 39.317486300000041 ] } },
{ "type": "Feature", "properties": { "fid": 869, "Yapı No_Text": "-04" }, "geometry": { "type": "Point", "coordinates": [ 26.698285152000039, 39.317480842000066 ] } },
{ "type": "Feature", "properties": { "fid": 870, "Yapı No_Text": "-05" }, "geometry": { "type": "Point", "coordinates": [ 26.698217935000059, 39.317471032000071 ] } },
{ "type": "Feature", "properties": { "fid": 871, "Yapı No_Text": "-06" }, "geometry": { "type": "Point", "coordinates": [ 26.698160418000043, 39.317482951000045 ] } },
{ "type": "Feature", "properties": { "fid": 872, "Yapı No_Text": "-07" }, "geometry": { "type": "Point", "coordinates": [ 26.698099926000054, 39.317476157000044 ] } },
{ "type": "Feature", "properties": { "fid": 873, "Yapı No_Text": "-08" }, "geometry": { "type": "Point", "coordinates": [ 26.698116883000068, 39.317435216000035 ] } },
{ "type": "Feature", "properties": { "fid": 874, "Yapı No_Text": "-09" }, "geometry": { "type": "Point", "coordinates": [ 26.698128024000027, 39.317400875000033 ] } },
{ "type": "Feature", "properties": { "fid": 875, "Yapı No_Text": "-10" }, "geometry": { "type": "Point", "coordinates": [ 26.698129761000075, 39.317361556000037 ] } },
{ "type": "Feature", "properties": { "fid": 876, "Yapı No_Text": "-11" }, "geometry": { "type": "Point", "coordinates": [ 26.698141779000025, 39.317315772000029 ] } },
{ "type": "Feature", "properties": { "fid": 877, "Yapı No_Text": "-12" }, "geometry": { "type": "Point", "coordinates": [ 26.698250151000025, 39.317291258000068 ] } },
{ "type": "Feature", "properties": { "fid": 878, "Yapı No_Text": "-13" }, "geometry": { "type": "Point", "coordinates": [ 26.698151945000063, 39.317226165000079 ] } },
{ "type": "Feature", "properties": { "fid": 879, "Yapı No_Text": "-14" }, "geometry": { "type": "Point", "coordinates": [ 26.698173795000059, 39.317163376000053 ] } },
{ "type": "Feature", "properties": { "fid": 880, "Yapı No_Text": "-15" }, "geometry": { "type": "Point", "coordinates": [ 26.698286255000028, 39.31717490300008 ] } },
{ "type": "Feature", "properties": { "fid": 881, "Yapı No_Text": "-16" }, "geometry": { "type": "Point", "coordinates": [ 26.698357987000065, 39.31720662400005 ] } },
{ "type": "Feature", "properties": { "fid": 882, "Yapı No_Text": "-17" }, "geometry": { "type": "Point", "coordinates": [ 26.698376452000048, 39.317267585000025 ] } },
{ "type": "Feature", "properties": { "fid": 883, "Yapı No_Text": "-18" }, "geometry": { "type": "Point", "coordinates": [ 26.698380118000046, 39.317315756000028 ] } },
{ "type": "Feature", "properties": { "fid": 884, "Yapı No_Text": "-19" }, "geometry": { "type": "Point", "coordinates": [ 26.698407820000057, 39.317413201000079 ] } },
{ "type": "Feature", "properties": { "fid": 885, "Yapı No_Text": "278" }, "geometry": { "type": "Point", "coordinates": [ 26.698279850000063, 39.317360414000063 ] } },
{ "type": "Feature", "properties": { "fid": 886, "Yapı No_Text": "-01" }, "geometry": { "type": "Point", "coordinates": [ 26.69808534200007, 39.317892483000037 ] } },
{ "type": "Feature", "properties": { "fid": 887, "Yapı No_Text": "-02" }, "geometry": { "type": "Point", "coordinates": [ 26.698095405000061, 39.317955113000039 ] } },
{ "type": "Feature", "properties": { "fid": 888, "Yapı No_Text": "-03" }, "geometry": { "type": "Point", "coordinates": [ 26.698096495000073, 39.318047853000053 ] } },
{ "type": "Feature", "properties": { "fid": 889, "Yapı No_Text": "-05" }, "geometry": { "type": "Point", "coordinates": [ 26.697893221000072, 39.318021441000042 ] } },
{ "type": "Feature", "properties": { "fid": 890, "Yapı No_Text": "-06" }, "geometry": { "type": "Point", "coordinates": [ 26.697924195000041, 39.317932903000042 ] } },
{ "type": "Feature", "properties": { "fid": 891, "Yapı No_Text": "-07" }, "geometry": { "type": "Point", "coordinates": [ 26.69798165900005, 39.317869120000069 ] } },
{ "type": "Feature", "properties": { "fid": 892, "Yapı No_Text": "-04" }, "geometry": { "type": "Point", "coordinates": [ 26.698062658000026, 39.318104335000044 ] } },
{ "type": "Feature", "properties": { "fid": 893, "Yapı No_Text": "400" }, "geometry": { "type": "Point", "coordinates": [ 26.698004083000058, 39.317986403000077 ] } },
{ "type": "Feature", "properties": { "fid": 894, "Yapı No_Text": "-01" }, "geometry": { "type": "Point", "coordinates": [ 26.698201101000052, 39.317931471000065 ] } },
{ "type": "Feature", "properties": { "fid": 895, "Yapı No_Text": "-02" }, "geometry": { "type": "Point", "coordinates": [ 26.69822491900004, 39.318012327000076 ] } },
{ "type": "Feature", "properties": { "fid": 896, "Yapı No_Text": "-03" }, "geometry": { "type": "Point", "coordinates": [ 26.698227339000027, 39.318076690000055 ] } },
{ "type": "Feature", "properties": { "fid": 897, "Yapı No_Text": "-04" }, "geometry": { "type": "Point", "coordinates": [ 26.698243649000062, 39.318143436000071 ] } },
{ "type": "Feature", "properties": { "fid": 898, "Yapı No_Text": "-05" }, "geometry": { "type": "Point", "coordinates": [ 26.698395522000055, 39.318098382000073 ] } },
{ "type": "Feature", "properties": { "fid": 899, "Yapı No_Text": "-06" }, "geometry": { "type": "Point", "coordinates": [ 26.698495447000028, 39.318082954000033 ] } },
{ "type": "Feature", "properties": { "fid": 900, "Yapı No_Text": "-07" }, "geometry": { "type": "Point", "coordinates": [ 26.69860015200004, 39.318088915000033 ] } },
{ "type": "Feature", "properties": { "fid": 901, "Yapı No_Text": "-08" }, "geometry": { "type": "Point", "coordinates": [ 26.69866948400005, 39.318091435000042 ] } },
{ "type": "Feature", "properties": { "fid": 902, "Yapı No_Text": "-09" }, "geometry": { "type": "Point", "coordinates": [ 26.698744615000066, 39.318105568000078 ] } },
{ "type": "Feature", "properties": { "fid": 903, "Yapı No_Text": "-10" }, "geometry": { "type": "Point", "coordinates": [ 26.698754958000052, 39.318072019000056 ] } },
{ "type": "Feature", "properties": { "fid": 904, "Yapı No_Text": "-11" }, "geometry": { "type": "Point", "coordinates": [ 26.698735241000065, 39.318027362000066 ] } },
{ "type": "Feature", "properties": { "fid": 905, "Yapı No_Text": "-12" }, "geometry": { "type": "Point", "coordinates": [ 26.698402755000075, 39.31796593200005 ] } },
{ "type": "Feature", "properties": { "fid": 906, "Yapı No_Text": "-13" }, "geometry": { "type": "Point", "coordinates": [ 26.698316070000033, 39.31795182500008 ] } },
{ "type": "Feature", "properties": { "fid": 907, "Yapı No_Text": "399" }, "geometry": { "type": "Point", "coordinates": [ 26.698486086000059, 39.318011629000068 ] } },
{ "type": "Feature", "properties": { "fid": 908, "Yapı No_Text": "-01" }, "geometry": { "type": "Point", "coordinates": [ 26.699639674000025, 39.317504339000038 ] } },
{ "type": "Feature", "properties": { "fid": 909, "Yapı No_Text": "-01" }, "geometry": { "type": "Point", "coordinates": [ 26.698754870000073, 39.31753290100005 ] } },
{ "type": "Feature", "properties": { "fid": 910, "Yapı No_Text": "-02" }, "geometry": { "type": "Point", "coordinates": [ 26.698709048000069, 39.31752414400006 ] } },
{ "type": "Feature", "properties": { "fid": 911, "Yapı No_Text": "-03" }, "geometry": { "type": "Point", "coordinates": [ 26.698662818000059, 39.317510502000061 ] } },
{ "type": "Feature", "properties": { "fid": 912, "Yapı No_Text": "-04" }, "geometry": { "type": "Point", "coordinates": [ 26.698619791000056, 39.317522823000047 ] } },
{ "type": "Feature", "properties": { "fid": 913, "Yapı No_Text": "-05" }, "geometry": { "type": "Point", "coordinates": [ 26.698574749000045, 39.317510397000035 ] } },
{ "type": "Feature", "properties": { "fid": 914, "Yapı No_Text": "-06" }, "geometry": { "type": "Point", "coordinates": [ 26.69852340500006, 39.317507769000031 ] } },
{ "type": "Feature", "properties": { "fid": 915, "Yapı No_Text": "-07" }, "geometry": { "type": "Point", "coordinates": [ 26.698520557000052, 39.317454608000048 ] } },
{ "type": "Feature", "properties": { "fid": 916, "Yapı No_Text": "129" }, "geometry": { "type": "Point", "coordinates": [ 26.698645293000027, 39.317353933000049 ] } },
{ "type": "Feature", "properties": { "fid": 917, "Yapı No_Text": "-01" }, "geometry": { "type": "Point", "coordinates": [ 26.698243774000048, 39.317046831000027 ] } },
{ "type": "Feature", "properties": { "fid": 918, "Yapı No_Text": "-02" }, "geometry": { "type": "Point", "coordinates": [ 26.698157295000044, 39.317067611000027 ] } },
{ "type": "Feature", "properties": { "fid": 919, "Yapı No_Text": "279" }, "geometry": { "type": "Point", "coordinates": [ 26.698147439000024, 39.316935667000052 ] } },
{ "type": "Feature", "properties": { "fid": 920, "Yapı No_Text": "125" }, "geometry": { "type": "Point", "coordinates": [ 26.699580995000076, 39.317422854000029 ] } },
{ "type": "Feature", "properties": { "fid": 921, "Yapı No_Text": "-01A" }, "geometry": { "type": "Point", "coordinates": [ 26.699463645000037, 39.317864884000073 ] } },
{ "type": "Feature", "properties": { "fid": 922, "Yapı No_Text": "-01B" }, "geometry": { "type": "Point", "coordinates": [ 26.699373725000044, 39.317839046000074 ] } },
{ "type": "Feature", "properties": { "fid": 923, "Yapı No_Text": "-02" }, "geometry": { "type": "Point", "coordinates": [ 26.699493972000027, 39.317792146000045 ] } },
{ "type": "Feature", "properties": { "fid": 924, "Yapı No_Text": "-03" }, "geometry": { "type": "Point", "coordinates": [ 26.699399601000039, 39.317778095000051 ] } },
{ "type": "Feature", "properties": { "fid": 925, "Yapı No_Text": "-04" }, "geometry": { "type": "Point", "coordinates": [ 26.699289252000028, 39.317698384000039 ] } },
{ "type": "Feature", "properties": { "fid": 926, "Yapı No_Text": "-05" }, "geometry": { "type": "Point", "coordinates": [ 26.69923521000004, 39.317698689000053 ] } },
{ "type": "Feature", "properties": { "fid": 927, "Yapı No_Text": "-06" }, "geometry": { "type": "Point", "coordinates": [ 26.699181590000023, 39.31769018600005 ] } },
{ "type": "Feature", "properties": { "fid": 928, "Yapı No_Text": "-07" }, "geometry": { "type": "Point", "coordinates": [ 26.699121544000036, 39.317685347000065 ] } },
{ "type": "Feature", "properties": { "fid": 929, "Yapı No_Text": "-08" }, "geometry": { "type": "Point", "coordinates": [ 26.699118199000054, 39.317738777000045 ] } },
{ "type": "Feature", "properties": { "fid": 930, "Yapı No_Text": "-09" }, "geometry": { "type": "Point", "coordinates": [ 26.699103779000041, 39.317806049000069 ] } },
{ "type": "Feature", "properties": { "fid": 931, "Yapı No_Text": "-01" }, "geometry": { "type": "Point", "coordinates": [ 26.699838452000051, 39.318291309000074 ] } },
{ "type": "Feature", "properties": { "fid": 932, "Yapı No_Text": "-02" }, "geometry": { "type": "Point", "coordinates": [ 26.699826117000043, 39.318219720000059 ] } },
{ "type": "Feature", "properties": { "fid": 933, "Yapı No_Text": "-03" }, "geometry": { "type": "Point", "coordinates": [ 26.699939370000038, 39.318234727000061 ] } },
{ "type": "Feature", "properties": { "fid": 934, "Yapı No_Text": "-04" }, "geometry": { "type": "Point", "coordinates": [ 26.700080784000079, 39.31823294700007 ] } },
{ "type": "Feature", "properties": { "fid": 935, "Yapı No_Text": "-05" }, "geometry": { "type": "Point", "coordinates": [ 26.700189298000055, 39.318222518000027 ] } },
{ "type": "Feature", "properties": { "fid": 936, "Yapı No_Text": "123" }, "geometry": { "type": "Point", "coordinates": [ 26.700013994000074, 39.318287544000043 ] } },
{ "type": "Feature", "properties": { "fid": 937, "Yapı No_Text": "-01" }, "geometry": { "type": "Point", "coordinates": [ 26.699673211000061, 39.318070040000066 ] } },
{ "type": "Feature", "properties": { "fid": 938, "Yapı No_Text": "-02" }, "geometry": { "type": "Point", "coordinates": [ 26.699617158000024, 39.31788573800003 ] } },
{ "type": "Feature", "properties": { "fid": 939, "Yapı No_Text": "-03" }, "geometry": { "type": "Point", "coordinates": [ 26.699613093000039, 39.317836446000058 ] } },
{ "type": "Feature", "properties": { "fid": 940, "Yapı No_Text": "-04" }, "geometry": { "type": "Point", "coordinates": [ 26.699616199000047, 39.317788372000052 ] } },
{ "type": "Feature", "properties": { "fid": 941, "Yapı No_Text": "-18" }, "geometry": { "type": "Point", "coordinates": [ 26.699826711000071, 39.317602092000072 ] } },
{ "type": "Feature", "properties": { "fid": 942, "Yapı No_Text": "-06" }, "geometry": { "type": "Point", "coordinates": [ 26.699869540000066, 39.318073347000052 ] } },
{ "type": "Feature", "properties": { "fid": 943, "Yapı No_Text": "-07" }, "geometry": { "type": "Point", "coordinates": [ 26.699955819000024, 39.318080289000079 ] } },
{ "type": "Feature", "properties": { "fid": 944, "Yapı No_Text": "-08" }, "geometry": { "type": "Point", "coordinates": [ 26.700023946000044, 39.318084379000027 ] } },
{ "type": "Feature", "properties": { "fid": 945, "Yapı No_Text": "-09" }, "geometry": { "type": "Point", "coordinates": [ 26.700205220000043, 39.318066396000063 ] } },
{ "type": "Feature", "properties": { "fid": 946, "Yapı No_Text": "-01M" }, "geometry": { "type": "Point", "coordinates": [ 26.699768600000027, 39.31799608700004 ] } },
{ "type": "Feature", "properties": { "fid": 947, "Yapı No_Text": "-10" }, "geometry": { "type": "Point", "coordinates": [ 26.699633107000068, 39.317966719000026 ] } },
{ "type": "Feature", "properties": { "fid": 948, "Yapı No_Text": "-11" }, "geometry": { "type": "Point", "coordinates": [ 26.699743198000078, 39.317920048000076 ] } },
{ "type": "Feature", "properties": { "fid": 949, "Yapı No_Text": "-12" }, "geometry": { "type": "Point", "coordinates": [ 26.699791121000032, 39.317877318000058 ] } },
{ "type": "Feature", "properties": { "fid": 950, "Yapı No_Text": "124" }, "geometry": { "type": "Point", "coordinates": [ 26.699918576000073, 39.317838490000042 ] } },
{ "type": "Feature", "properties": { "fid": 951, "Yapı No_Text": "-13" }, "geometry": { "type": "Point", "coordinates": [ 26.699613802000044, 39.317737859000033 ] } },
{ "type": "Feature", "properties": { "fid": 952, "Yapı No_Text": "-14" }, "geometry": { "type": "Point", "coordinates": [ 26.699612067000032, 39.31769663700004 ] } },
{ "type": "Feature", "properties": { "fid": 953, "Yapı No_Text": "-15" }, "geometry": { "type": "Point", "coordinates": [ 26.699612545000036, 39.31764854000005 ] } },
{ "type": "Feature", "properties": { "fid": 954, "Yapı No_Text": "-16" }, "geometry": { "type": "Point", "coordinates": [ 26.699611940000068, 39.317618479000032 ] } },
{ "type": "Feature", "properties": { "fid": 955, "Yapı No_Text": "-17" }, "geometry": { "type": "Point", "coordinates": [ 26.699704631000031, 39.317618693000043 ] } },
{ "type": "Feature", "properties": { "fid": 956, "Yapı No_Text": "-19" }, "geometry": { "type": "Point", "coordinates": [ 26.699879195000051, 39.317600352000056 ] } },
{ "type": "Feature", "properties": { "fid": 957, "Yapı No_Text": "-05" }, "geometry": { "type": "Point", "coordinates": [ 26.699769917000026, 39.317611873000033 ] } },
{ "type": "Feature", "properties": { "fid": 958, "Yapı No_Text": "-02" }, "geometry": { "type": "Point", "coordinates": [ 26.699767739000038, 39.317485460000057 ] } },
{ "type": "Feature", "properties": { "fid": 959, "Yapı No_Text": "-03" }, "geometry": { "type": "Point", "coordinates": [ 26.699434425000049, 39.317524411000079 ] } },
{ "type": "Feature", "properties": { "fid": 960, "Yapı No_Text": "-04" }, "geometry": { "type": "Point", "coordinates": [ 26.699495117000026, 39.317543919000059 ] } },
{ "type": "Feature", "properties": { "fid": 961, "Yapı No_Text": "-06" }, "geometry": { "type": "Point", "coordinates": [ 26.699457390000077, 39.317458443000078 ] } },
{ "type": "Feature", "properties": { "fid": 962, "Yapı No_Text": "-05" }, "geometry": { "type": "Point", "coordinates": [ 26.699564458000054, 39.317533307000076 ] } },
{ "type": "Feature", "properties": { "fid": 963, "Yapı No_Text": "-06" }, "geometry": { "type": "Point", "coordinates": [ 26.699215277000064, 39.318203919000041 ] } },
{ "type": "Feature", "properties": { "fid": 964, "Yapı No_Text": "-07" }, "geometry": { "type": "Point", "coordinates": [ 26.699290509000036, 39.318206003000057 ] } },
{ "type": "Feature", "properties": { "fid": 965, "Yapı No_Text": "-08" }, "geometry": { "type": "Point", "coordinates": [ 26.699374568000053, 39.318207426000072 ] } },
{ "type": "Feature", "properties": { "fid": 966, "Yapı No_Text": "-09" }, "geometry": { "type": "Point", "coordinates": [ 26.699477744000035, 39.318210436000072 ] } },
{ "type": "Feature", "properties": { "fid": 967, "Yapı No_Text": "-10" }, "geometry": { "type": "Point", "coordinates": [ 26.699580105000052, 39.31821558200005 ] } },
{ "type": "Feature", "properties": { "fid": 968, "Yapı No_Text": "-03" }, "geometry": { "type": "Point", "coordinates": [ 26.699116921000041, 39.317851516000076 ] } },
{ "type": "Feature", "properties": { "fid": 969, "Yapı No_Text": "-01" }, "geometry": { "type": "Point", "coordinates": [ 26.699305134000042, 39.317560744000048 ] } },
{ "type": "Feature", "properties": { "fid": 970, "Yapı No_Text": "-02" }, "geometry": { "type": "Point", "coordinates": [ 26.699216500000034, 39.317561126000044 ] } },
{ "type": "Feature", "properties": { "fid": 971, "Yapı No_Text": "127" }, "geometry": { "type": "Point", "coordinates": [ 26.698907286000065, 39.317375025000047 ] } },
{ "type": "Feature", "properties": { "fid": 972, "Yapı No_Text": "126" }, "geometry": { "type": "Point", "coordinates": [ 26.699169630000029, 39.31742201600008 ] } },
{ "type": "Feature", "properties": { "fid": 973, "Yapı No_Text": "-02" }, "geometry": { "type": "Point", "coordinates": [ 26.699218081000026, 39.317780361000075 ] } },
{ "type": "Feature", "properties": { "fid": 974, "Yapı No_Text": "-01" }, "geometry": { "type": "Point", "coordinates": [ 26.699215070000037, 39.317817048000052 ] } },
{ "type": "Feature", "properties": { "fid": 975, "Yapı No_Text": "273" }, "geometry": { "type": "Point", "coordinates": [ 26.699162357000034, 39.317888199000038 ] } },
{ "type": "Feature", "properties": { "fid": 976, "Yapı No_Text": "DEGIRMENLER CAD. 3. SOK. " }, "geometry": { "type": "Point", "coordinates": [ 26.696322918000078, 39.31984043600005 ] } },
{ "type": "Feature", "properties": { "fid": 977, "Yapı No_Text": "-01" }, "geometry": { "type": "Point", "coordinates": [ 26.696420020000062, 39.319851482000047 ] } },
{ "type": "Feature", "properties": { "fid": 978, "Yapı No_Text": "-02" }, "geometry": { "type": "Point", "coordinates": [ 26.696483920000048, 39.319913916000075 ] } },
{ "type": "Feature", "properties": { "fid": 979, "Yapı No_Text": "-03" }, "geometry": { "type": "Point", "coordinates": [ 26.696524188000069, 39.319945739000048 ] } },
{ "type": "Feature", "properties": { "fid": 980, "Yapı No_Text": "-04" }, "geometry": { "type": "Point", "coordinates": [ 26.696550520000073, 39.319967213000041 ] } },
{ "type": "Feature", "properties": { "fid": 981, "Yapı No_Text": "-05" }, "geometry": { "type": "Point", "coordinates": [ 26.696681843000079, 39.319880749000049 ] } },
{ "type": "Feature", "properties": { "fid": 982, "Yapı No_Text": "-06" }, "geometry": { "type": "Point", "coordinates": [ 26.696845308000036, 39.319813258000067 ] } },
{ "type": "Feature", "properties": { "fid": 983, "Yapı No_Text": "-07" }, "geometry": { "type": "Point", "coordinates": [ 26.696902998000041, 39.319780813000079 ] } },
{ "type": "Feature", "properties": { "fid": 984, "Yapı No_Text": "-08" }, "geometry": { "type": "Point", "coordinates": [ 26.697010823000028, 39.319801648000066 ] } },
{ "type": "Feature", "properties": { "fid": 985, "Yapı No_Text": "-09" }, "geometry": { "type": "Point", "coordinates": [ 26.696997848000024, 39.319749823000052 ] } },
{ "type": "Feature", "properties": { "fid": 986, "Yapı No_Text": "-10" }, "geometry": { "type": "Point", "coordinates": [ 26.697002774000055, 39.31959568700006 ] } },
{ "type": "Feature", "properties": { "fid": 987, "Yapı No_Text": "-11" }, "geometry": { "type": "Point", "coordinates": [ 26.696870854000053, 39.319635884000036 ] } },
{ "type": "Feature", "properties": { "fid": 988, "Yapı No_Text": "-12" }, "geometry": { "type": "Point", "coordinates": [ 26.696837384000048, 39.319659494000064 ] } },
{ "type": "Feature", "properties": { "fid": 989, "Yapı No_Text": "-13" }, "geometry": { "type": "Point", "coordinates": [ 26.696786888000076, 39.319677163000051 ] } },
{ "type": "Feature", "properties": { "fid": 990, "Yapı No_Text": "-14" }, "geometry": { "type": "Point", "coordinates": [ 26.696728155000073, 39.319702428000028 ] } },
{ "type": "Feature", "properties": { "fid": 991, "Yapı No_Text": "-15" }, "geometry": { "type": "Point", "coordinates": [ 26.696669397000051, 39.319711737000034 ] } },
{ "type": "Feature", "properties": { "fid": 992, "Yapı No_Text": "-16" }, "geometry": { "type": "Point", "coordinates": [ 26.696625246000053, 39.31976463400008 ] } },
{ "type": "Feature", "properties": { "fid": 993, "Yapı No_Text": "-17" }, "geometry": { "type": "Point", "coordinates": [ 26.696567697000035, 39.31975443400006 ] } },
{ "type": "Feature", "properties": { "fid": 994, "Yapı No_Text": "-18" }, "geometry": { "type": "Point", "coordinates": [ 26.696520806000024, 39.319767709000075 ] } },
{ "type": "Feature", "properties": { "fid": 995, "Yapı No_Text": "-19" }, "geometry": { "type": "Point", "coordinates": [ 26.696488876000046, 39.31978732400006 ] } },
{ "type": "Feature", "properties": { "fid": 996, "Yapı No_Text": "-20" }, "geometry": { "type": "Point", "coordinates": [ 26.696446112000046, 39.319805778000045 ] } },
{ "type": "Feature", "properties": { "fid": 997, "Yapı No_Text": "115" }, "geometry": { "type": "Point", "coordinates": [ 26.696571166000069, 39.319838967000067 ] } },
{ "type": "Feature", "properties": { "fid": 998, "Yapı No_Text": "-01" }, "geometry": { "type": "Point", "coordinates": [ 26.697125407000044, 39.319512051000061 ] } },
{ "type": "Feature", "properties": { "fid": 999, "Yapı No_Text": "-02A" }, "geometry": { "type": "Point", "coordinates": [ 26.697121906000064, 39.319554446000041 ] } },
{ "type": "Feature", "properties": { "fid": 1000, "Yapı No_Text": "-02B" }, "geometry": { "type": "Point", "coordinates": [ 26.697120766000069, 39.319585772000039 ] } },
{ "type": "Feature", "properties": { "fid": 1001, "Yapı No_Text": "-03" }, "geometry": { "type": "Point", "coordinates": [ 26.697137510000061, 39.319629346000056 ] } },
{ "type": "Feature", "properties": { "fid": 1002, "Yapı No_Text": "-04" }, "geometry": { "type": "Point", "coordinates": [ 26.697131627000033, 39.319670819000066 ] } },
{ "type": "Feature", "properties": { "fid": 1003, "Yapı No_Text": "-05" }, "geometry": { "type": "Point", "coordinates": [ 26.697143195000024, 39.319699190000051 ] } },
{ "type": "Feature", "properties": { "fid": 1004, "Yapı No_Text": "-06" }, "geometry": { "type": "Point", "coordinates": [ 26.697139307000043, 39.319749261000027 ] } },
{ "type": "Feature", "properties": { "fid": 1005, "Yapı No_Text": "-07" }, "geometry": { "type": "Point", "coordinates": [ 26.697141766000072, 39.31979358600006 ] } },
{ "type": "Feature", "properties": { "fid": 1006, "Yapı No_Text": "-08" }, "geometry": { "type": "Point", "coordinates": [ 26.69718225500003, 39.319792881000069 ] } },
{ "type": "Feature", "properties": { "fid": 1007, "Yapı No_Text": "-09" }, "geometry": { "type": "Point", "coordinates": [ 26.697241391000034, 39.319788444000039 ] } },
{ "type": "Feature", "properties": { "fid": 1008, "Yapı No_Text": "-10" }, "geometry": { "type": "Point", "coordinates": [ 26.697315225000068, 39.319789502000049 ] } },
{ "type": "Feature", "properties": { "fid": 1009, "Yapı No_Text": "-11" }, "geometry": { "type": "Point", "coordinates": [ 26.697338127000023, 39.319736597000031 ] } },
{ "type": "Feature", "properties": { "fid": 1010, "Yapı No_Text": "-12" }, "geometry": { "type": "Point", "coordinates": [ 26.697349324000072, 39.319677182000078 ] } },
{ "type": "Feature", "properties": { "fid": 1011, "Yapı No_Text": "-13" }, "geometry": { "type": "Point", "coordinates": [ 26.697358209000072, 39.319577935000041 ] } },
{ "type": "Feature", "properties": { "fid": 1012, "Yapı No_Text": "-14" }, "geometry": { "type": "Point", "coordinates": [ 26.697372401000052, 39.319501548000062 ] } },
{ "type": "Feature", "properties": { "fid": 1013, "Yapı No_Text": "-15" }, "geometry": { "type": "Point", "coordinates": [ 26.697302973000035, 39.319524744000034 ] } },
{ "type": "Feature", "properties": { "fid": 1014, "Yapı No_Text": "-16" }, "geometry": { "type": "Point", "coordinates": [ 26.697249032000059, 39.319550973000048 ] } },
{ "type": "Feature", "properties": { "fid": 1015, "Yapı No_Text": "-17" }, "geometry": { "type": "Point", "coordinates": [ 26.697189028000025, 39.319511490000025 ] } },
{ "type": "Feature", "properties": { "fid": 1016, "Yapı No_Text": "116" }, "geometry": { "type": "Point", "coordinates": [ 26.697254996000026, 39.319631883000056 ] } },
{ "type": "Feature", "properties": { "fid": 1017, "Yapı No_Text": "FETHIYE CAD. " }, "geometry": { "type": "Point", "coordinates": [ 26.696554994000053, 39.318814264000025 ] } },
{ "type": "Feature", "properties": { "fid": 1018, "Yapı No_Text": "2. FETHIYE CAD. 5. SOK. " }, "geometry": { "type": "Point", "coordinates": [ 26.696563553000033, 39.319080837000058 ] } },
{ "type": "Feature", "properties": { "fid": 1019, "Yapı No_Text": "-01" }, "geometry": { "type": "Point", "coordinates": [ 26.696650087000023, 39.319015437000076 ] } },
{ "type": "Feature", "properties": { "fid": 1020, "Yapı No_Text": "-02" }, "geometry": { "type": "Point", "coordinates": [ 26.696745733000057, 39.318983486000036 ] } },
{ "type": "Feature", "properties": { "fid": 1021, "Yapı No_Text": "-03" }, "geometry": { "type": "Point", "coordinates": [ 26.696815006000065, 39.318968006000034 ] } },
{ "type": "Feature", "properties": { "fid": 1022, "Yapı No_Text": "-04" }, "geometry": { "type": "Point", "coordinates": [ 26.696895582000025, 39.318949220000036 ] } },
{ "type": "Feature", "properties": { "fid": 1023, "Yapı No_Text": "-05" }, "geometry": { "type": "Point", "coordinates": [ 26.696886069000072, 39.318895258000055 ] } },
{ "type": "Feature", "properties": { "fid": 1024, "Yapı No_Text": "-06" }, "geometry": { "type": "Point", "coordinates": [ 26.696887963000052, 39.318856442000026 ] } },
{ "type": "Feature", "properties": { "fid": 1025, "Yapı No_Text": "-07" }, "geometry": { "type": "Point", "coordinates": [ 26.696883600000035, 39.318773146000069 ] } },
{ "type": "Feature", "properties": { "fid": 1026, "Yapı No_Text": "-08" }, "geometry": { "type": "Point", "coordinates": [ 26.696866492000026, 39.318686642000046 ] } },
{ "type": "Feature", "properties": { "fid": 1027, "Yapı No_Text": "-09" }, "geometry": { "type": "Point", "coordinates": [ 26.696856021000031, 39.31862648200007 ] } },
{ "type": "Feature", "properties": { "fid": 1028, "Yapı No_Text": "-10" }, "geometry": { "type": "Point", "coordinates": [ 26.696782097000039, 39.318676985000025 ] } },
{ "type": "Feature", "properties": { "fid": 1029, "Yapı No_Text": "-11A" }, "geometry": { "type": "Point", "coordinates": [ 26.696728379000035, 39.318694254000036 ] } },
{ "type": "Feature", "properties": { "fid": 1030, "Yapı No_Text": "-11B" }, "geometry": { "type": "Point", "coordinates": [ 26.696748721000063, 39.318736516000058 ] } },
{ "type": "Feature", "properties": { "fid": 1031, "Yapı No_Text": "-12" }, "geometry": { "type": "Point", "coordinates": [ 26.696691695000027, 39.318771005000031 ] } },
{ "type": "Feature", "properties": { "fid": 1032, "Yapı No_Text": "-13" }, "geometry": { "type": "Point", "coordinates": [ 26.696629484000027, 39.318780270000047 ] } },
{ "type": "Feature", "properties": { "fid": 1033, "Yapı No_Text": "-14" }, "geometry": { "type": "Point", "coordinates": [ 26.696604551000064, 39.318810600000063 ] } },
{ "type": "Feature", "properties": { "fid": 1034, "Yapı No_Text": "-15" }, "geometry": { "type": "Point", "coordinates": [ 26.696565940000028, 39.318840234000049 ] } },
{ "type": "Feature", "properties": { "fid": 1035, "Yapı No_Text": "-16" }, "geometry": { "type": "Point", "coordinates": [ 26.696507041000075, 39.318855321000058 ] } },
{ "type": "Feature", "properties": { "fid": 1036, "Yapı No_Text": "-17" }, "geometry": { "type": "Point", "coordinates": [ 26.696556138000062, 39.318934603000059 ] } },
{ "type": "Feature", "properties": { "fid": 1037, "Yapı No_Text": "-18" }, "geometry": { "type": "Point", "coordinates": [ 26.696632522000073, 39.318945005000046 ] } },
{ "type": "Feature", "properties": { "fid": 1038, "Yapı No_Text": "390" }, "geometry": { "type": "Point", "coordinates": [ 26.696723357000053, 39.318854796000039 ] } },
{ "type": "Feature", "properties": { "fid": 1039, "Yapı No_Text": "2. FETHIYE CAD. 5. SOK. ARALIGI " }, "geometry": { "type": "Point", "coordinates": [ 26.696198958000025, 39.31932691600008 ] } },
{ "type": "Feature", "properties": { "fid": 1040, "Yapı No_Text": "-01A" }, "geometry": { "type": "Point", "coordinates": [ 26.696161754000059, 39.319222886000034 ] } },
{ "type": "Feature", "properties": { "fid": 1041, "Yapı No_Text": "-01B" }, "geometry": { "type": "Point", "coordinates": [ 26.69627298000006, 39.31920481800006 ] } },
{ "type": "Feature", "properties": { "fid": 1042, "Yapı No_Text": "-02" }, "geometry": { "type": "Point", "coordinates": [ 26.696332906000066, 39.319165551000026 ] } },
{ "type": "Feature", "properties": { "fid": 1043, "Yapı No_Text": "-03" }, "geometry": { "type": "Point", "coordinates": [ 26.696413289000077, 39.319126785000037 ] } },
{ "type": "Feature", "properties": { "fid": 1044, "Yapı No_Text": "-04A" }, "geometry": { "type": "Point", "coordinates": [ 26.696456198000078, 39.319118128000071 ] } },
{ "type": "Feature", "properties": { "fid": 1045, "Yapı No_Text": "-05" }, "geometry": { "type": "Point", "coordinates": [ 26.696515616000056, 39.319070846000045 ] } },
{ "type": "Feature", "properties": { "fid": 1046, "Yapı No_Text": "-06" }, "geometry": { "type": "Point", "coordinates": [ 26.696417732000043, 39.318927665000047 ] } },
{ "type": "Feature", "properties": { "fid": 1047, "Yapı No_Text": "-07" }, "geometry": { "type": "Point", "coordinates": [ 26.696334514000057, 39.319012051000072 ] } },
{ "type": "Feature", "properties": { "fid": 1048, "Yapı No_Text": "-08" }, "geometry": { "type": "Point", "coordinates": [ 26.696304916000031, 39.319040456000039 ] } },
{ "type": "Feature", "properties": { "fid": 1049, "Yapı No_Text": "-09" }, "geometry": { "type": "Point", "coordinates": [ 26.69626590300004, 39.319069958000057 ] } },
{ "type": "Feature", "properties": { "fid": 1050, "Yapı No_Text": "-10" }, "geometry": { "type": "Point", "coordinates": [ 26.696217047000061, 39.319099895000079 ] } },
{ "type": "Feature", "properties": { "fid": 1051, "Yapı No_Text": "-11" }, "geometry": { "type": "Point", "coordinates": [ 26.696150117000059, 39.319119210000053 ] } },
{ "type": "Feature", "properties": { "fid": 1052, "Yapı No_Text": "-12" }, "geometry": { "type": "Point", "coordinates": [ 26.696140446000072, 39.319176977000041 ] } },
{ "type": "Feature", "properties": { "fid": 1053, "Yapı No_Text": "-04B" }, "geometry": { "type": "Point", "coordinates": [ 26.696436657000049, 39.319082760000072 ] } },
{ "type": "Feature", "properties": { "fid": 1054, "Yapı No_Text": "178" }, "geometry": { "type": "Point", "coordinates": [ 26.696222558000045, 39.319148996000024 ] } },
{ "type": "Feature", "properties": { "fid": 1055, "Yapı No_Text": "11" }, "geometry": { "type": "Point", "coordinates": [ 26.681885304000048, 39.319691504000048 ] } },
{ "type": "Feature", "properties": { "fid": 1056, "Yapı No_Text": "-02" }, "geometry": { "type": "Point", "coordinates": [ 26.682359800000029, 39.319651475000057 ] } },
{ "type": "Feature", "properties": { "fid": 1057, "Yapı No_Text": "-03" }, "geometry": { "type": "Point", "coordinates": [ 26.682302983000056, 39.319637131000036 ] } },
{ "type": "Feature", "properties": { "fid": 1058, "Yapı No_Text": "-04" }, "geometry": { "type": "Point", "coordinates": [ 26.682242095000049, 39.319637141000044 ] } },
{ "type": "Feature", "properties": { "fid": 1059, "Yapı No_Text": "-05" }, "geometry": { "type": "Point", "coordinates": [ 26.682156773000031, 39.319627103000073 ] } },
{ "type": "Feature", "properties": { "fid": 1060, "Yapı No_Text": "-07" }, "geometry": { "type": "Point", "coordinates": [ 26.682030410000039, 39.319646417000058 ] } },
{ "type": "Feature", "properties": { "fid": 1061, "Yapı No_Text": "-08" }, "geometry": { "type": "Point", "coordinates": [ 26.681972317000032, 39.319637826000076 ] } },
{ "type": "Feature", "properties": { "fid": 1062, "Yapı No_Text": "-29" }, "geometry": { "type": "Point", "coordinates": [ 26.681865420000065, 39.319823211000028 ] } },
{ "type": "Feature", "properties": { "fid": 1063, "Yapı No_Text": "-30" }, "geometry": { "type": "Point", "coordinates": [ 26.681966531000057, 39.31981326500005 ] } },
{ "type": "Feature", "properties": { "fid": 1064, "Yapı No_Text": "-31" }, "geometry": { "type": "Point", "coordinates": [ 26.682032562000074, 39.319787111000039 ] } },
{ "type": "Feature", "properties": { "fid": 1065, "Yapı No_Text": "-32" }, "geometry": { "type": "Point", "coordinates": [ 26.682089349000023, 39.319781601000045 ] } },
{ "type": "Feature", "properties": { "fid": 1066, "Yapı No_Text": "-33" }, "geometry": { "type": "Point", "coordinates": [ 26.682149933000062, 39.319792003000032 ] } },
{ "type": "Feature", "properties": { "fid": 1067, "Yapı No_Text": "-34" }, "geometry": { "type": "Point", "coordinates": [ 26.682223309000051, 39.319747097000061 ] } },
{ "type": "Feature", "properties": { "fid": 1068, "Yapı No_Text": "-35" }, "geometry": { "type": "Point", "coordinates": [ 26.68228120200007, 39.319778208000059 ] } },
{ "type": "Feature", "properties": { "fid": 1069, "Yapı No_Text": "-36" }, "geometry": { "type": "Point", "coordinates": [ 26.682352820000062, 39.319781591000037 ] } },
{ "type": "Feature", "properties": { "fid": 1070, "Yapı No_Text": "-37" }, "geometry": { "type": "Point", "coordinates": [ 26.682404063000035, 39.31979842100003 ] } },
{ "type": "Feature", "properties": { "fid": 1071, "Yapı No_Text": "-01" }, "geometry": { "type": "Point", "coordinates": [ 26.692516426000054, 39.320201963000045 ] } },
{ "type": "Feature", "properties": { "fid": 1072, "Yapı No_Text": "-02" }, "geometry": { "type": "Point", "coordinates": [ 26.692652106000025, 39.320178333000058 ] } },
{ "type": "Feature", "properties": { "fid": 1073, "Yapı No_Text": "-03" }, "geometry": { "type": "Point", "coordinates": [ 26.692612995000047, 39.32008224100008 ] } },
{ "type": "Feature", "properties": { "fid": 1074, "Yapı No_Text": "-04A" }, "geometry": { "type": "Point", "coordinates": [ 26.692611112000066, 39.320034662000069 ] } },
{ "type": "Feature", "properties": { "fid": 1075, "Yapı No_Text": "-04B" }, "geometry": { "type": "Point", "coordinates": [ 26.692588025000077, 39.319997025000077 ] } },
{ "type": "Feature", "properties": { "fid": 1076, "Yapı No_Text": "-05" }, "geometry": { "type": "Point", "coordinates": [ 26.692567920000045, 39.319943841000054 ] } },
{ "type": "Feature", "properties": { "fid": 1077, "Yapı No_Text": "-06" }, "geometry": { "type": "Point", "coordinates": [ 26.692426320000038, 39.320006684000077 ] } },
{ "type": "Feature", "properties": { "fid": 1078, "Yapı No_Text": "-07" }, "geometry": { "type": "Point", "coordinates": [ 26.692506468000033, 39.320061582000051 ] } },
{ "type": "Feature", "properties": { "fid": 1079, "Yapı No_Text": "-08" }, "geometry": { "type": "Point", "coordinates": [ 26.692482549000033, 39.320121057000051 ] } },
{ "type": "Feature", "properties": { "fid": 1080, "Yapı No_Text": "349" }, "geometry": { "type": "Point", "coordinates": [ 26.692548944000066, 39.32012902300005 ] } },
{ "type": "Feature", "properties": { "fid": 1081, "Yapı No_Text": "348" }, "geometry": { "type": "Point", "coordinates": [ 26.692497137000032, 39.319983109000077 ] } },
{ "type": "Feature", "properties": { "fid": 1082, "Yapı No_Text": "-01A" }, "geometry": { "type": "Point", "coordinates": [ 26.692257998000059, 39.320099157000072 ] } },
{ "type": "Feature", "properties": { "fid": 1083, "Yapı No_Text": "-01B" }, "geometry": { "type": "Point", "coordinates": [ 26.692094835000034, 39.320063556000036 ] } },
{ "type": "Feature", "properties": { "fid": 1084, "Yapı No_Text": "196" }, "geometry": { "type": "Point", "coordinates": [ 26.69217009700003, 39.320079258000078 ] } },
{ "type": "Feature", "properties": { "fid": 1085, "Yapı No_Text": "48" }, "geometry": { "type": "Point", "coordinates": [ 26.691845293000029, 39.32017770200008 ] } },
{ "type": "Feature", "properties": { "fid": 1086, "Yapı No_Text": "-01" }, "geometry": { "type": "Point", "coordinates": [ 26.691947618000029, 39.320156806000057 ] } },
{ "type": "Feature", "properties": { "fid": 1087, "Yapı No_Text": "-01" }, "geometry": { "type": "Point", "coordinates": [ 26.69182451000006, 39.320058680000045 ] } },
{ "type": "Feature", "properties": { "fid": 1088, "Yapı No_Text": "-02" }, "geometry": { "type": "Point", "coordinates": [ 26.691777410000043, 39.319994344000065 ] } },
{ "type": "Feature", "properties": { "fid": 1089, "Yapı No_Text": "-03" }, "geometry": { "type": "Point", "coordinates": [ 26.691817565000065, 39.31990346200007 ] } },
{ "type": "Feature", "properties": { "fid": 1090, "Yapı No_Text": "-04" }, "geometry": { "type": "Point", "coordinates": [ 26.691689645000054, 39.31985433300008 ] } },
{ "type": "Feature", "properties": { "fid": 1091, "Yapı No_Text": "47" }, "geometry": { "type": "Point", "coordinates": [ 26.691726176000032, 39.319928513000036 ] } },
{ "type": "Feature", "properties": { "fid": 1092, "Yapı No_Text": "-01" }, "geometry": { "type": "Point", "coordinates": [ 26.691803382000046, 39.319701976000033 ] } },
{ "type": "Feature", "properties": { "fid": 1093, "Yapı No_Text": "-02" }, "geometry": { "type": "Point", "coordinates": [ 26.69198986400005, 39.319628360000024 ] } },
{ "type": "Feature", "properties": { "fid": 1094, "Yapı No_Text": "-03" }, "geometry": { "type": "Point", "coordinates": [ 26.691765138000051, 39.31963896600007 ] } },
{ "type": "Feature", "properties": { "fid": 1095, "Yapı No_Text": "46" }, "geometry": { "type": "Point", "coordinates": [ 26.691693718000067, 39.319680101000074 ] } },
{ "type": "Feature", "properties": { "fid": 1096, "Yapı No_Text": "45" }, "geometry": { "type": "Point", "coordinates": [ 26.691709708000076, 39.31949847900006 ] } },
{ "type": "Feature", "properties": { "fid": 1097, "Yapı No_Text": "-01B" }, "geometry": { "type": "Point", "coordinates": [ 26.691554067000027, 39.319602387000032 ] } },
{ "type": "Feature", "properties": { "fid": 1098, "Yapı No_Text": "-01A" }, "geometry": { "type": "Point", "coordinates": [ 26.691786391000051, 39.319517025000039 ] } },
{ "type": "Feature", "properties": { "fid": 1099, "Yapı No_Text": "505" }, "geometry": { "type": "Point", "coordinates": [ 26.714734508000049, 39.32994588300005 ] } },
{ "type": "Feature", "properties": { "fid": 1100, "Yapı No_Text": "194" }, "geometry": { "type": "Point", "coordinates": [ 26.691909979000059, 39.319440106000059 ] } },
{ "type": "Feature", "properties": { "fid": 1101, "Yapı No_Text": "-01" }, "geometry": { "type": "Point", "coordinates": [ 26.691946665000046, 39.319490893000079 ] } },
{ "type": "Feature", "properties": { "fid": 1102, "Yapı No_Text": "-02" }, "geometry": { "type": "Point", "coordinates": [ 26.691872573000069, 39.319395745000065 ] } },
{ "type": "Feature", "properties": { "fid": 1103, "Yapı No_Text": "608" }, "geometry": { "type": "Point", "coordinates": [ 26.692168968000033, 39.319345808000037 ] } },
{ "type": "Feature", "properties": { "fid": 1104, "Yapı No_Text": "-01" }, "geometry": { "type": "Point", "coordinates": [ 26.692053026000053, 39.319377024000062 ] } },
{ "type": "Feature", "properties": { "fid": 1105, "Yapı No_Text": "-02" }, "geometry": { "type": "Point", "coordinates": [ 26.692135711000049, 39.319408263000071 ] } },
{ "type": "Feature", "properties": { "fid": 1106, "Yapı No_Text": "-03" }, "geometry": { "type": "Point", "coordinates": [ 26.692204655000069, 39.31939840800004 ] } },
{ "type": "Feature", "properties": { "fid": 1107, "Yapı No_Text": "Ataturk Cd. 1. sk. " }, "geometry": { "type": "Point", "coordinates": [ 26.692099282000072, 39.319479002000037 ] } },
{ "type": "Feature", "properties": { "fid": 1108, "Yapı No_Text": "Gümrük Cd. " }, "geometry": { "type": "Point", "coordinates": [ 26.691907970000045, 39.319325183000046 ] } },
{ "type": "Feature", "properties": { "fid": 1109, "Yapı No_Text": "Ataturk Cd. 2. sk. " }, "geometry": { "type": "Point", "coordinates": [ 26.692135901000029, 39.319642298000076 ] } },
{ "type": "Feature", "properties": { "fid": 1110, "Yapı No_Text": "Ataturk Cd. 3. sk. " }, "geometry": { "type": "Point", "coordinates": [ 26.692233098000031, 39.319779498000059 ] } },
{ "type": "Feature", "properties": { "fid": 1111, "Yapı No_Text": "Ataturk Cd. 4. sk. " }, "geometry": { "type": "Point", "coordinates": [ 26.69230927600006, 39.31996582000005 ] } },
{ "type": "Feature", "properties": { "fid": 1112, "Yapı No_Text": "Ataturk Cd. 5. sk. " }, "geometry": { "type": "Point", "coordinates": [ 26.692041657000061, 39.320205317000045 ] } },
{ "type": "Feature", "properties": { "fid": 1113, "Yapı No_Text": "Ataturk Cd. 6. sk. " }, "geometry": { "type": "Point", "coordinates": [ 26.692098304000069, 39.320382491000032 ] } },
{ "type": "Feature", "properties": { "fid": 1114, "Yapı No_Text": "Ataturk Cd. 7. sk. " }, "geometry": { "type": "Point", "coordinates": [ 26.692249017000051, 39.320670356000051 ] } },
{ "type": "Feature", "properties": { "fid": 1115, "Yapı No_Text": "-04" }, "geometry": { "type": "Point", "coordinates": [ 26.692294472000071, 39.31935364800006 ] } },
{ "type": "Feature", "properties": { "fid": 1116, "Yapı No_Text": "-05" }, "geometry": { "type": "Point", "coordinates": [ 26.692258313000025, 39.319288146000076 ] } },
{ "type": "Feature", "properties": { "fid": 1117, "Yapı No_Text": "-06" }, "geometry": { "type": "Point", "coordinates": [ 26.692120272000068, 39.319306324000024 ] } },
{ "type": "Feature", "properties": { "fid": 1118, "Yapı No_Text": "-07" }, "geometry": { "type": "Point", "coordinates": [ 26.692097039000032, 39.31934278500006 ] } },
{ "type": "Feature", "properties": { "fid": 1119, "Yapı No_Text": "-01" }, "geometry": { "type": "Point", "coordinates": [ 26.692192957000032, 39.31956367500004 ] } },
{ "type": "Feature", "properties": { "fid": 1120, "Yapı No_Text": "345" }, "geometry": { "type": "Point", "coordinates": [ 26.692251208000073, 39.319504640000048 ] } },
{ "type": "Feature", "properties": { "fid": 1121, "Yapı No_Text": "-02" }, "geometry": { "type": "Point", "coordinates": [ 26.692374804000053, 39.319458777000079 ] } },
{ "type": "Feature", "properties": { "fid": 1122, "Yapı No_Text": "-03" }, "geometry": { "type": "Point", "coordinates": [ 26.692356884000048, 39.319419925000034 ] } },
{ "type": "Feature", "properties": { "fid": 1123, "Yapı No_Text": "-01A" }, "geometry": { "type": "Point", "coordinates": [ 26.692246385000033, 39.31973264700008 ] } },
{ "type": "Feature", "properties": { "fid": 1124, "Yapı No_Text": "-01B" }, "geometry": { "type": "Point", "coordinates": [ 26.692224146000058, 39.319689969000081 ] } },
{ "type": "Feature", "properties": { "fid": 1125, "Yapı No_Text": "-02" }, "geometry": { "type": "Point", "coordinates": [ 26.692389865000052, 39.319635633000075 ] } },
{ "type": "Feature", "properties": { "fid": 1126, "Yapı No_Text": "346" }, "geometry": { "type": "Point", "coordinates": [ 26.692314937000049, 39.319670166000037 ] } },
{ "type": "Feature", "properties": { "fid": 1127, "Yapı No_Text": "Ataturk Cd.  " }, "geometry": { "type": "Point", "coordinates": [ 26.692390663000026, 39.319171752000045 ] } },
{ "type": "Feature", "properties": { "fid": 1128, "Yapı No_Text": "Gumruk Cd. 1. Sk." }, "geometry": { "type": "Point", "coordinates": [ 26.69183212400003, 39.319383692000031 ] } },
{ "type": "Feature", "properties": { "fid": 1129, "Yapı No_Text": "Gumruk Cd. 2. Sk." }, "geometry": { "type": "Point", "coordinates": [ 26.691993371000024, 39.319332671000041 ] } },
{ "type": "Feature", "properties": { "fid": 1130, "Yapı No_Text": "Balıkhane Sk." }, "geometry": { "type": "Point", "coordinates": [ 26.691926242000079, 39.319788534000054 ] } },
{ "type": "Feature", "properties": { "fid": 1131, "Yapı No_Text": "347" }, "geometry": { "type": "Point", "coordinates": [ 26.69238954900004, 39.319806197000048 ] } },
{ "type": "Feature", "properties": { "fid": 1132, "Yapı No_Text": "-01" }, "geometry": { "type": "Point", "coordinates": [ 26.692348725000045, 39.319880896000029 ] } },
{ "type": "Feature", "properties": { "fid": 1133, "Yapı No_Text": "-02" }, "geometry": { "type": "Point", "coordinates": [ 26.692507685000066, 39.319804714000043 ] } },
{ "type": "Feature", "properties": { "fid": 1134, "Yapı No_Text": "-03" }, "geometry": { "type": "Point", "coordinates": [ 26.692429117000074, 39.31974555100004 ] } },
{ "type": "Feature", "properties": { "fid": 1135, "Yapı No_Text": "-04" }, "geometry": { "type": "Point", "coordinates": [ 26.692362008000032, 39.31976290700004 ] } },
{ "type": "Feature", "properties": { "fid": 1136, "Yapı No_Text": "-05" }, "geometry": { "type": "Point", "coordinates": [ 26.692285938000055, 39.319789643000036 ] } },
{ "type": "Feature", "properties": { "fid": 1137, "Yapı No_Text": "-06" }, "geometry": { "type": "Point", "coordinates": [ 26.69230684300004, 39.319834123000078 ] } },
{ "type": "Feature", "properties": { "fid": 1138, "Yapı No_Text": "195" }, "geometry": { "type": "Point", "coordinates": [ 26.692058437000071, 39.319839615000035 ] } },
{ "type": "Feature", "properties": { "fid": 1139, "Yapı No_Text": "-01" }, "geometry": { "type": "Point", "coordinates": [ 26.692109125000059, 39.319917343000043 ] } },
{ "type": "Feature", "properties": { "fid": 1140, "Yapı No_Text": "-02A" }, "geometry": { "type": "Point", "coordinates": [ 26.691984537000053, 39.319861643000024 ] } },
{ "type": "Feature", "properties": { "fid": 1141, "Yapı No_Text": "-02B" }, "geometry": { "type": "Point", "coordinates": [ 26.692010767000056, 39.319796839000048 ] } },
{ "type": "Feature", "properties": { "fid": 1142, "Yapı No_Text": "-02C" }, "geometry": { "type": "Point", "coordinates": [ 26.691999900000042, 39.319746298000041 ] } },
{ "type": "Feature", "properties": { "fid": 1143, "Yapı No_Text": "-01" }, "geometry": { "type": "Point", "coordinates": [ 26.692113171000074, 39.319143002000033 ] } },
{ "type": "Feature", "properties": { "fid": 1144, "Yapı No_Text": "-02" }, "geometry": { "type": "Point", "coordinates": [ 26.692172235000044, 39.31912000300008 ] } },
{ "type": "Feature", "properties": { "fid": 1145, "Yapı No_Text": "-03" }, "geometry": { "type": "Point", "coordinates": [ 26.692077665000056, 39.318994510000039 ] } },
{ "type": "Feature", "properties": { "fid": 1146, "Yapı No_Text": "-04" }, "geometry": { "type": "Point", "coordinates": [ 26.692024858000025, 39.318889600000034 ] } },
{ "type": "Feature", "properties": { "fid": 1147, "Yapı No_Text": "-05B" }, "geometry": { "type": "Point", "coordinates": [ 26.691942265000023, 39.318842439000036 ] } },
{ "type": "Feature", "properties": { "fid": 1148, "Yapı No_Text": "-05A" }, "geometry": { "type": "Point", "coordinates": [ 26.692034934000048, 39.318809338000051 ] } },
{ "type": "Feature", "properties": { "fid": 1149, "Yapı No_Text": "-06A" }, "geometry": { "type": "Point", "coordinates": [ 26.691987902000051, 39.318751797000061 ] } },
{ "type": "Feature", "properties": { "fid": 1150, "Yapı No_Text": "-06B" }, "geometry": { "type": "Point", "coordinates": [ 26.691895099000078, 39.318789161000041 ] } },
{ "type": "Feature", "properties": { "fid": 1151, "Yapı No_Text": "-07" }, "geometry": { "type": "Point", "coordinates": [ 26.691936062000025, 39.31867623200003 ] } },
{ "type": "Feature", "properties": { "fid": 1152, "Yapı No_Text": "-08" }, "geometry": { "type": "Point", "coordinates": [ 26.691849522000041, 39.318709221000063 ] } },
{ "type": "Feature", "properties": { "fid": 1153, "Yapı No_Text": "637" }, "geometry": { "type": "Point", "coordinates": [ 26.692026114000043, 39.31892773900006 ] } },
{ "type": "Feature", "properties": { "fid": 1154, "Yapı No_Text": "340" }, "geometry": { "type": "Point", "coordinates": [ 26.691977812000061, 39.319168755000078 ] } },
{ "type": "Feature", "properties": { "fid": 1155, "Yapı No_Text": "911" }, "geometry": { "type": "Point", "coordinates": [ 26.691907883000056, 39.319053358000076 ] } },
{ "type": "Feature", "properties": { "fid": 1156, "Yapı No_Text": "910" }, "geometry": { "type": "Point", "coordinates": [ 26.693301063000035, 39.321285428000067 ] } },
{ "type": "Feature", "properties": { "fid": 1157, "Yapı No_Text": "-01" }, "geometry": { "type": "Point", "coordinates": [ 26.691771753000069, 39.319096992000027 ] } },
{ "type": "Feature", "properties": { "fid": 1158, "Yapı No_Text": "-02" }, "geometry": { "type": "Point", "coordinates": [ 26.692035172000033, 39.319210049000048 ] } },
{ "type": "Feature", "properties": { "fid": 1159, "Yapı No_Text": "-01" }, "geometry": { "type": "Point", "coordinates": [ 26.691968845000076, 39.319226428000036 ] } },
{ "type": "Feature", "properties": { "fid": 1160, "Yapı No_Text": "-02" }, "geometry": { "type": "Point", "coordinates": [ 26.691754598000045, 39.319074205000049 ] } },
{ "type": "Feature", "properties": { "fid": 1161, "Yapı No_Text": "-03" }, "geometry": { "type": "Point", "coordinates": [ 26.691723037000031, 39.319023564000076 ] } },
{ "type": "Feature", "properties": { "fid": 1162, "Yapı No_Text": "-04" }, "geometry": { "type": "Point", "coordinates": [ 26.69182874300003, 39.318975514000044 ] } },
{ "type": "Feature", "properties": { "fid": 1163, "Yapı No_Text": "-05" }, "geometry": { "type": "Point", "coordinates": [ 26.69181622800005, 39.318892425000058 ] } },
{ "type": "Feature", "properties": { "fid": 1164, "Yapı No_Text": "-06" }, "geometry": { "type": "Point", "coordinates": [ 26.691711416000032, 39.318862062000051 ] } },
{ "type": "Feature", "properties": { "fid": 1165, "Yapı No_Text": "-07" }, "geometry": { "type": "Point", "coordinates": [ 26.691680548000079, 39.318808192000063 ] } },
{ "type": "Feature", "properties": { "fid": 1166, "Yapı No_Text": "-08" }, "geometry": { "type": "Point", "coordinates": [ 26.691643550000038, 39.318751895000048 ] } },
{ "type": "Feature", "properties": { "fid": 1167, "Yapı No_Text": "337" }, "geometry": { "type": "Point", "coordinates": [ 26.691728935000071, 39.318896858000073 ] } },
{ "type": "Feature", "properties": { "fid": 1168, "Yapı No_Text": "-09" }, "geometry": { "type": "Point", "coordinates": [ 26.691697641000076, 39.318946526000047 ] } },
{ "type": "Feature", "properties": { "fid": 1169, "Yapı No_Text": "-01" }, "geometry": { "type": "Point", "coordinates": [ 26.691839119000065, 39.319274798000038 ] } },
{ "type": "Feature", "properties": { "fid": 1170, "Yapı No_Text": "-03" }, "geometry": { "type": "Point", "coordinates": [ 26.692278869000063, 39.313921426000036 ] } },
{ "type": "Feature", "properties": { "fid": 1171, "Yapı No_Text": "154 a" }, "geometry": { "type": "Point", "coordinates": [ 26.69243933000007, 39.313697945000058 ] } },
{ "type": "Feature", "properties": { "fid": 1172, "Yapı No_Text": "-02" }, "geometry": { "type": "Point", "coordinates": [ 26.692229826000073, 39.31394533200006 ] } },
{ "type": "Feature", "properties": { "fid": 1173, "Yapı No_Text": "-01" }, "geometry": { "type": "Point", "coordinates": [ 26.692134868000039, 39.313989030000073 ] } },
{ "type": "Feature", "properties": { "fid": 1174, "Yapı No_Text": "-21" }, "geometry": { "type": "Point", "coordinates": [ 26.692012924000039, 39.31391631300005 ] } },
{ "type": "Feature", "properties": { "fid": 1175, "Yapı No_Text": "-19" }, "geometry": { "type": "Point", "coordinates": [ 26.692150707000053, 39.313852049000047 ] } },
{ "type": "Feature", "properties": { "fid": 1176, "Yapı No_Text": "-18" }, "geometry": { "type": "Point", "coordinates": [ 26.692205415000046, 39.313827446000062 ] } },
{ "type": "Feature", "properties": { "fid": 1177, "Yapı No_Text": "-17" }, "geometry": { "type": "Point", "coordinates": [ 26.692209375000061, 39.313752970000053 ] } },
{ "type": "Feature", "properties": { "fid": 1178, "Yapı No_Text": "-16" }, "geometry": { "type": "Point", "coordinates": [ 26.692282270000078, 39.313788750000072 ] } },
{ "type": "Feature", "properties": { "fid": 1179, "Yapı No_Text": "-15" }, "geometry": { "type": "Point", "coordinates": [ 26.69227597500003, 39.313696804000074 ] } },
{ "type": "Feature", "properties": { "fid": 1180, "Yapı No_Text": "-14" }, "geometry": { "type": "Point", "coordinates": [ 26.692407682000066, 39.313612597000031 ] } },
{ "type": "Feature", "properties": { "fid": 1181, "Yapı No_Text": "-13" }, "geometry": { "type": "Point", "coordinates": [ 26.69249411800007, 39.313549045000059 ] } },
{ "type": "Feature", "properties": { "fid": 1182, "Yapı No_Text": "-12" }, "geometry": { "type": "Point", "coordinates": [ 26.692617106000057, 39.313476531000049 ] } },
{ "type": "Feature", "properties": { "fid": 1183, "Yapı No_Text": "-11" }, "geometry": { "type": "Point", "coordinates": [ 26.692786989000069, 39.313652368000078 ] } },
{ "type": "Feature", "properties": { "fid": 1184, "Yapı No_Text": "-10" }, "geometry": { "type": "Point", "coordinates": [ 26.692700310000077, 39.313688175000038 ] } },
{ "type": "Feature", "properties": { "fid": 1185, "Yapı No_Text": "-09" }, "geometry": { "type": "Point", "coordinates": [ 26.692641111000057, 39.313721215000044 ] } },
{ "type": "Feature", "properties": { "fid": 1186, "Yapı No_Text": "-08" }, "geometry": { "type": "Point", "coordinates": [ 26.692563183000061, 39.313728205000075 ] } },
{ "type": "Feature", "properties": { "fid": 1187, "Yapı No_Text": "-07" }, "geometry": { "type": "Point", "coordinates": [ 26.692504426000028, 39.313790546000064 ] } },
{ "type": "Feature", "properties": { "fid": 1188, "Yapı No_Text": "-06" }, "geometry": { "type": "Point", "coordinates": [ 26.692450560000054, 39.313809500000048 ] } },
{ "type": "Feature", "properties": { "fid": 1189, "Yapı No_Text": "-05" }, "geometry": { "type": "Point", "coordinates": [ 26.692370132000065, 39.313850453000043 ] } },
{ "type": "Feature", "properties": { "fid": 1190, "Yapı No_Text": "-04" }, "geometry": { "type": "Point", "coordinates": [ 26.692307904000074, 39.313891741000077 ] } },
{ "type": "Feature", "properties": { "fid": 1191, "Yapı No_Text": "-20" }, "geometry": { "type": "Point", "coordinates": [ 26.692071636000037, 39.313856188000045 ] } },
{ "type": "Feature", "properties": { "fid": 1192, "Yapı No_Text": "-m " }, "geometry": { "type": "Point", "coordinates": [ 26.692665268000042, 39.313555248000057 ] } },
{ "type": "Feature", "properties": { "fid": 1193, "Yapı No_Text": "-m " }, "geometry": { "type": "Point", "coordinates": [ 26.692356494000023, 39.313770371000032 ] } },
{ "type": "Feature", "properties": { "fid": 1194, "Yapı No_Text": "-39" }, "geometry": { "type": "Point", "coordinates": [ 26.692377819000058, 39.313360461000059 ] } },
{ "type": "Feature", "properties": { "fid": 1195, "Yapı No_Text": "-38" }, "geometry": { "type": "Point", "coordinates": [ 26.692476966000072, 39.313442440000074 ] } },
{ "type": "Feature", "properties": { "fid": 1196, "Yapı No_Text": "-42" }, "geometry": { "type": "Point", "coordinates": [ 26.692630654000027, 39.313319783000054 ] } },
{ "type": "Feature", "properties": { "fid": 1197, "Yapı No_Text": "-41" }, "geometry": { "type": "Point", "coordinates": [ 26.69254545900003, 39.313195287000042 ] } },
{ "type": "Feature", "properties": { "fid": 1198, "Yapı No_Text": "-43" }, "geometry": { "type": "Point", "coordinates": [ 26.692489520000038, 39.313036901000032 ] } },
{ "type": "Feature", "properties": { "fid": 1199, "Yapı No_Text": "-44" }, "geometry": { "type": "Point", "coordinates": [ 26.692603414000075, 39.313032101000033 ] } },
{ "type": "Feature", "properties": { "fid": 1200, "Yapı No_Text": "-45" }, "geometry": { "type": "Point", "coordinates": [ 26.692663285000037, 39.313087993000067 ] } },
{ "type": "Feature", "properties": { "fid": 1201, "Yapı No_Text": "-46" }, "geometry": { "type": "Point", "coordinates": [ 26.692818327000055, 39.313177911000025 ] } },
{ "type": "Feature", "properties": { "fid": 1202, "Yapı No_Text": "-22" }, "geometry": { "type": "Point", "coordinates": [ 26.691665416000035, 39.31404886100006 ] } },
{ "type": "Feature", "properties": { "fid": 1203, "Yapı No_Text": "-23" }, "geometry": { "type": "Point", "coordinates": [ 26.691728566000052, 39.314003747000072 ] } },
{ "type": "Feature", "properties": { "fid": 1204, "Yapı No_Text": "-24" }, "geometry": { "type": "Point", "coordinates": [ 26.691780126000026, 39.313965966000069 ] } },
{ "type": "Feature", "properties": { "fid": 1205, "Yapı No_Text": "-25" }, "geometry": { "type": "Point", "coordinates": [ 26.691810807000024, 39.313937531000079 ] } },
{ "type": "Feature", "properties": { "fid": 1206, "Yapı No_Text": "-26" }, "geometry": { "type": "Point", "coordinates": [ 26.691847190000033, 39.313901515000055 ] } },
{ "type": "Feature", "properties": { "fid": 1207, "Yapı No_Text": "-27" }, "geometry": { "type": "Point", "coordinates": [ 26.691886456000077, 39.313879307000036 ] } },
{ "type": "Feature", "properties": { "fid": 1208, "Yapı No_Text": "-28A" }, "geometry": { "type": "Point", "coordinates": [ 26.691916470000024, 39.31384173500004 ] } },
{ "type": "Feature", "properties": { "fid": 1209, "Yapı No_Text": "-29" }, "geometry": { "type": "Point", "coordinates": [ 26.691997875000027, 39.313784286000043 ] } },
{ "type": "Feature", "properties": { "fid": 1210, "Yapı No_Text": "-30" }, "geometry": { "type": "Point", "coordinates": [ 26.692034265000075, 39.313752689000069 ] } },
{ "type": "Feature", "properties": { "fid": 1211, "Yapı No_Text": "-31" }, "geometry": { "type": "Point", "coordinates": [ 26.692076385000064, 39.313727164000056 ] } },
{ "type": "Feature", "properties": { "fid": 1212, "Yapı No_Text": "-32" }, "geometry": { "type": "Point", "coordinates": [ 26.692107786000065, 39.313703316000044 ] } },
{ "type": "Feature", "properties": { "fid": 1213, "Yapı No_Text": "-33" }, "geometry": { "type": "Point", "coordinates": [ 26.692134902000078, 39.31368003700004 ] } },
{ "type": "Feature", "properties": { "fid": 1214, "Yapı No_Text": "-34" }, "geometry": { "type": "Point", "coordinates": [ 26.692181405000042, 39.313648190000038 ] } },
{ "type": "Feature", "properties": { "fid": 1215, "Yapı No_Text": "-35" }, "geometry": { "type": "Point", "coordinates": [ 26.692229941000051, 39.313613801000031 ] } },
{ "type": "Feature", "properties": { "fid": 1216, "Yapı No_Text": "-36" }, "geometry": { "type": "Point", "coordinates": [ 26.692277767000064, 39.313582734000079 ] } },
{ "type": "Feature", "properties": { "fid": 1217, "Yapı No_Text": "-37" }, "geometry": { "type": "Point", "coordinates": [ 26.692311300000028, 39.313552249000054 ] } },
{ "type": "Feature", "properties": { "fid": 1218, "Yapı No_Text": "-47" }, "geometry": { "type": "Point", "coordinates": [ 26.692951612000059, 39.313222644000064 ] } },
{ "type": "Feature", "properties": { "fid": 1219, "Yapı No_Text": "-48" }, "geometry": { "type": "Point", "coordinates": [ 26.692886993000059, 39.313280022000072 ] } },
{ "type": "Feature", "properties": { "fid": 1220, "Yapı No_Text": "-49" }, "geometry": { "type": "Point", "coordinates": [ 26.692802019000055, 39.313343006000025 ] } },
{ "type": "Feature", "properties": { "fid": 1221, "Yapı No_Text": "-50" }, "geometry": { "type": "Point", "coordinates": [ 26.692728414000044, 39.313388686000053 ] } },
{ "type": "Feature", "properties": { "fid": 1222, "Yapı No_Text": "-51" }, "geometry": { "type": "Point", "coordinates": [ 26.692779896000047, 39.313434219000044 ] } },
{ "type": "Feature", "properties": { "fid": 1223, "Yapı No_Text": "-52" }, "geometry": { "type": "Point", "coordinates": [ 26.692827480000062, 39.313540041000067 ] } },
{ "type": "Feature", "properties": { "fid": 1224, "Yapı No_Text": "-53" }, "geometry": { "type": "Point", "coordinates": [ 26.692880175000028, 39.31360343700004 ] } },
{ "type": "Feature", "properties": { "fid": 1225, "Yapı No_Text": "-54" }, "geometry": { "type": "Point", "coordinates": [ 26.69298285900004, 39.313529408000079 ] } },
{ "type": "Feature", "properties": { "fid": 1226, "Yapı No_Text": "-55" }, "geometry": { "type": "Point", "coordinates": [ 26.692953377000038, 39.313488670000027 ] } },
{ "type": "Feature", "properties": { "fid": 1227, "Yapı No_Text": "-56" }, "geometry": { "type": "Point", "coordinates": [ 26.692998482000064, 39.31340392900006 ] } },
{ "type": "Feature", "properties": { "fid": 1228, "Yapı No_Text": "-57" }, "geometry": { "type": "Point", "coordinates": [ 26.693016853000074, 39.313352105000035 ] } },
{ "type": "Feature", "properties": { "fid": 1229, "Yapı No_Text": "-58" }, "geometry": { "type": "Point", "coordinates": [ 26.693033211000056, 39.313283094000042 ] } },
{ "type": "Feature", "properties": { "fid": 1230, "Yapı No_Text": "-59" }, "geometry": { "type": "Point", "coordinates": [ 26.693086233000031, 39.313206684000079 ] } },
{ "type": "Feature", "properties": { "fid": 1231, "Yapı No_Text": "-60" }, "geometry": { "type": "Point", "coordinates": [ 26.693103971000028, 39.313155020000067 ] } },
{ "type": "Feature", "properties": { "fid": 1232, "Yapı No_Text": "-61" }, "geometry": { "type": "Point", "coordinates": [ 26.693132798000079, 39.313105925000059 ] } },
{ "type": "Feature", "properties": { "fid": 1233, "Yapı No_Text": "-62" }, "geometry": { "type": "Point", "coordinates": [ 26.69306182400004, 39.313073278000047 ] } },
{ "type": "Feature", "properties": { "fid": 1234, "Yapı No_Text": "-63" }, "geometry": { "type": "Point", "coordinates": [ 26.692995268000061, 39.313062118000062 ] } },
{ "type": "Feature", "properties": { "fid": 1235, "Yapı No_Text": "-64" }, "geometry": { "type": "Point", "coordinates": [ 26.692951367000035, 39.313042987000074 ] } },
{ "type": "Feature", "properties": { "fid": 1236, "Yapı No_Text": "-65" }, "geometry": { "type": "Point", "coordinates": [ 26.692897883000057, 39.313012542000024 ] } },
{ "type": "Feature", "properties": { "fid": 1237, "Yapı No_Text": "-66" }, "geometry": { "type": "Point", "coordinates": [ 26.692823241000042, 39.312974250000025 ] } },
{ "type": "Feature", "properties": { "fid": 1238, "Yapı No_Text": "-67" }, "geometry": { "type": "Point", "coordinates": [ 26.692751534000024, 39.312938779000035 ] } },
{ "type": "Feature", "properties": { "fid": 1239, "Yapı No_Text": "-68" }, "geometry": { "type": "Point", "coordinates": [ 26.692483640000034, 39.312845302000028 ] } },
{ "type": "Feature", "properties": { "fid": 1240, "Yapı No_Text": "-78" }, "geometry": { "type": "Point", "coordinates": [ 26.692078550000076, 39.313324730000033 ] } },
{ "type": "Feature", "properties": { "fid": 1241, "Yapı No_Text": "-77" }, "geometry": { "type": "Point", "coordinates": [ 26.692102104000071, 39.313288618000058 ] } },
{ "type": "Feature", "properties": { "fid": 1242, "Yapı No_Text": "-76" }, "geometry": { "type": "Point", "coordinates": [ 26.692119071000036, 39.313252077000072 ] } },
{ "type": "Feature", "properties": { "fid": 1243, "Yapı No_Text": "-75" }, "geometry": { "type": "Point", "coordinates": [ 26.692150495000078, 39.313227643000062 ] } },
{ "type": "Feature", "properties": { "fid": 1244, "Yapı No_Text": "-74" }, "geometry": { "type": "Point", "coordinates": [ 26.692184613000052, 39.31318662700005 ] } },
{ "type": "Feature", "properties": { "fid": 1245, "Yapı No_Text": "-73" }, "geometry": { "type": "Point", "coordinates": [ 26.69222929600005, 39.313131898000051 ] } },
{ "type": "Feature", "properties": { "fid": 1246, "Yapı No_Text": "-72" }, "geometry": { "type": "Point", "coordinates": [ 26.692275086000052, 39.313075975000061 ] } },
{ "type": "Feature", "properties": { "fid": 1247, "Yapı No_Text": "-70" }, "geometry": { "type": "Point", "coordinates": [ 26.692365085000063, 39.312946776000047 ] } },
{ "type": "Feature", "properties": { "fid": 1248, "Yapı No_Text": "-69" }, "geometry": { "type": "Point", "coordinates": [ 26.692383964000044, 39.312913476000062 ] } },
{ "type": "Feature", "properties": { "fid": 1249, "Yapı No_Text": "-71" }, "geometry": { "type": "Point", "coordinates": [ 26.692352257000039, 39.313024704000043 ] } },
{ "type": "Feature", "properties": { "fid": 1250, "Yapı No_Text": "-79" }, "geometry": { "type": "Point", "coordinates": [ 26.692046074000075, 39.313348108000071 ] } },
{ "type": "Feature", "properties": { "fid": 1251, "Yapı No_Text": "-80" }, "geometry": { "type": "Point", "coordinates": [ 26.692031955000061, 39.313373345000059 ] } },
{ "type": "Feature", "properties": { "fid": 1252, "Yapı No_Text": "-81" }, "geometry": { "type": "Point", "coordinates": [ 26.691994510000029, 39.313405901000067 ] } },
{ "type": "Feature", "properties": { "fid": 1253, "Yapı No_Text": "-82" }, "geometry": { "type": "Point", "coordinates": [ 26.691962588000024, 39.313442404000057 ] } },
{ "type": "Feature", "properties": { "fid": 1254, "Yapı No_Text": "-83" }, "geometry": { "type": "Point", "coordinates": [ 26.691938632000074, 39.313476647000073 ] } },
{ "type": "Feature", "properties": { "fid": 1255, "Yapı No_Text": "-84" }, "geometry": { "type": "Point", "coordinates": [ 26.691889318000051, 39.313511687000073 ] } },
{ "type": "Feature", "properties": { "fid": 1256, "Yapı No_Text": "-85" }, "geometry": { "type": "Point", "coordinates": [ 26.691842844000064, 39.313554717000045 ] } },
{ "type": "Feature", "properties": { "fid": 1257, "Yapı No_Text": "-86" }, "geometry": { "type": "Point", "coordinates": [ 26.691801431000044, 39.313595024000051 ] } },
{ "type": "Feature", "properties": { "fid": 1258, "Yapı No_Text": "-87" }, "geometry": { "type": "Point", "coordinates": [ 26.691761992000067, 39.313628220000055 ] } },
{ "type": "Feature", "properties": { "fid": 1259, "Yapı No_Text": "-88" }, "geometry": { "type": "Point", "coordinates": [ 26.691739009000059, 39.313663191000046 ] } },
{ "type": "Feature", "properties": { "fid": 1260, "Yapı No_Text": "-89" }, "geometry": { "type": "Point", "coordinates": [ 26.691709404000051, 39.313703623000038 ] } },
{ "type": "Feature", "properties": { "fid": 1261, "Yapı No_Text": "-90" }, "geometry": { "type": "Point", "coordinates": [ 26.691681752000079, 39.313745611000058 ] } },
{ "type": "Feature", "properties": { "fid": 1262, "Yapı No_Text": "-91" }, "geometry": { "type": "Point", "coordinates": [ 26.691639912000028, 39.313769501000024 ] } },
{ "type": "Feature", "properties": { "fid": 1263, "Yapı No_Text": "-92" }, "geometry": { "type": "Point", "coordinates": [ 26.691536731000042, 39.313788918000057 ] } },
{ "type": "Feature", "properties": { "fid": 1264, "Yapı No_Text": "-93" }, "geometry": { "type": "Point", "coordinates": [ 26.691526841000041, 39.313854289000062 ] } },
{ "type": "Feature", "properties": { "fid": 1265, "Yapı No_Text": "-94" }, "geometry": { "type": "Point", "coordinates": [ 26.691533770000035, 39.313917437000043 ] } },
{ "type": "Feature", "properties": { "fid": 1266, "Yapı No_Text": "-95" }, "geometry": { "type": "Point", "coordinates": [ 26.691584512000077, 39.313936867000052 ] } },
{ "type": "Feature", "properties": { "fid": 1267, "Yapı No_Text": "-96" }, "geometry": { "type": "Point", "coordinates": [ 26.691637340000057, 39.31396952800003 ] } },
{ "type": "Feature", "properties": { "fid": 1268, "Yapı No_Text": "-40" }, "geometry": { "type": "Point", "coordinates": [ 26.692323320000071, 39.313287184000046 ] } },
{ "type": "Feature", "properties": { "fid": 1269, "Yapı No_Text": "154 b" }, "geometry": { "type": "Point", "coordinates": [ 26.692195618000028, 39.31347433600007 ] } },
{ "type": "Feature", "properties": { "fid": 1270, "Yapı No_Text": "-01" }, "geometry": { "type": "Point", "coordinates": [ 26.692223560000059, 39.314157656000077 ] } },
{ "type": "Feature", "properties": { "fid": 1271, "Yapı No_Text": "-02 " }, "geometry": { "type": "Point", "coordinates": [ 26.692332004000036, 39.314121596000064 ] } },
{ "type": "Feature", "properties": { "fid": 1272, "Yapı No_Text": "-03" }, "geometry": { "type": "Point", "coordinates": [ 26.692383256000028, 39.314114934000031 ] } },
{ "type": "Feature", "properties": { "fid": 1273, "Yapı No_Text": "-04" }, "geometry": { "type": "Point", "coordinates": [ 26.692428523000046, 39.314097498000081 ] } },
{ "type": "Feature", "properties": { "fid": 1274, "Yapı No_Text": "-05" }, "geometry": { "type": "Point", "coordinates": [ 26.692359701000044, 39.314017956000043 ] } },
{ "type": "Feature", "properties": { "fid": 1275, "Yapı No_Text": "-06" }, "geometry": { "type": "Point", "coordinates": [ 26.692291513000043, 39.314016189000029 ] } },
{ "type": "Feature", "properties": { "fid": 1276, "Yapı No_Text": "-07" }, "geometry": { "type": "Point", "coordinates": [ 26.692260667000028, 39.31403552200004 ] } },
{ "type": "Feature", "properties": { "fid": 1277, "Yapı No_Text": "-08" }, "geometry": { "type": "Point", "coordinates": [ 26.692206949000024, 39.314045647000057 ] } },
{ "type": "Feature", "properties": { "fid": 1278, "Yapı No_Text": "-09" }, "geometry": { "type": "Point", "coordinates": [ 26.692172690000064, 39.314095013000042 ] } },
{ "type": "Feature", "properties": { "fid": 1279, "Yapı No_Text": "299a" }, "geometry": { "type": "Point", "coordinates": [ 26.692698510000071, 39.313919964000036 ] } },
{ "type": "Feature", "properties": { "fid": 1280, "Yapı No_Text": "299" }, "geometry": { "type": "Point", "coordinates": [ 26.692270087000054, 39.314081403000046 ] } },
{ "type": "Feature", "properties": { "fid": 1281, "Yapı No_Text": "-10" }, "geometry": { "type": "Point", "coordinates": [ 26.692501055000037, 39.314062621000062 ] } },
{ "type": "Feature", "properties": { "fid": 1282, "Yapı No_Text": "-11" }, "geometry": { "type": "Point", "coordinates": [ 26.692587164000031, 39.314047704000075 ] } },
{ "type": "Feature", "properties": { "fid": 1283, "Yapı No_Text": "-12" }, "geometry": { "type": "Point", "coordinates": [ 26.692628076000062, 39.314031521000061 ] } },
{ "type": "Feature", "properties": { "fid": 1284, "Yapı No_Text": "-13" }, "geometry": { "type": "Point", "coordinates": [ 26.692687110000065, 39.314032932000032 ] } },
{ "type": "Feature", "properties": { "fid": 1285, "Yapı No_Text": "-14" }, "geometry": { "type": "Point", "coordinates": [ 26.692767794000076, 39.313998852000054 ] } },
{ "type": "Feature", "properties": { "fid": 1286, "Yapı No_Text": "-15" }, "geometry": { "type": "Point", "coordinates": [ 26.692805067000052, 39.313969271000076 ] } },
{ "type": "Feature", "properties": { "fid": 1287, "Yapı No_Text": "-16" }, "geometry": { "type": "Point", "coordinates": [ 26.692850432000057, 39.313941466000074 ] } },
{ "type": "Feature", "properties": { "fid": 1288, "Yapı No_Text": "-17" }, "geometry": { "type": "Point", "coordinates": [ 26.692911830000071, 39.313915505000068 ] } },
{ "type": "Feature", "properties": { "fid": 1289, "Yapı No_Text": "-18" }, "geometry": { "type": "Point", "coordinates": [ 26.692974469000035, 39.313744670000062 ] } },
{ "type": "Feature", "properties": { "fid": 1290, "Yapı No_Text": "-19" }, "geometry": { "type": "Point", "coordinates": [ 26.69305548400007, 39.313661041000046 ] } },
{ "type": "Feature", "properties": { "fid": 1291, "Yapı No_Text": "-20" }, "geometry": { "type": "Point", "coordinates": [ 26.692765009000027, 39.313802374000034 ] } },
{ "type": "Feature", "properties": { "fid": 1292, "Yapı No_Text": "-21" }, "geometry": { "type": "Point", "coordinates": [ 26.692670556000053, 39.31383437900007 ] } },
{ "type": "Feature", "properties": { "fid": 1293, "Yapı No_Text": "-22" }, "geometry": { "type": "Point", "coordinates": [ 26.692546286000038, 39.313892770000052 ] } },
{ "type": "Feature", "properties": { "fid": 1294, "Yapı No_Text": "-23" }, "geometry": { "type": "Point", "coordinates": [ 26.692505759000028, 39.313905926000075 ] } },
{ "type": "Feature", "properties": { "fid": 1295, "Yapı No_Text": "-24" }, "geometry": { "type": "Point", "coordinates": [ 26.692439711000077, 39.313927152000076 ] } },
{ "type": "Feature", "properties": { "fid": 1296, "Yapı No_Text": "-25" }, "geometry": { "type": "Point", "coordinates": [ 26.692461969000078, 39.313966126000025 ] } },
{ "type": "Feature", "properties": { "fid": 1297, "Yapı No_Text": "-26" }, "geometry": { "type": "Point", "coordinates": [ 26.692491295000025, 39.31400517700007 ] } },
{ "type": "Feature", "properties": { "fid": 1298, "Yapı No_Text": "153" }, "geometry": { "type": "Point", "coordinates": [ 26.693216256000028, 39.31334856400008 ] } },
{ "type": "Feature", "properties": { "fid": 1299, "Yapı No_Text": "-09" }, "geometry": { "type": "Point", "coordinates": [ 26.69321868000003, 39.313228681000055 ] } },
{ "type": "Feature", "properties": { "fid": 1300, "Yapı No_Text": "-08" }, "geometry": { "type": "Point", "coordinates": [ 26.693245671000057, 39.313165166000033 ] } },
{ "type": "Feature", "properties": { "fid": 1301, "Yapı No_Text": "-07" }, "geometry": { "type": "Point", "coordinates": [ 26.69331894000004, 39.313191060000065 ] } },
{ "type": "Feature", "properties": { "fid": 1302, "Yapı No_Text": "-06" }, "geometry": { "type": "Point", "coordinates": [ 26.693379014000072, 39.313206781000076 ] } },
{ "type": "Feature", "properties": { "fid": 1303, "Yapı No_Text": "-05" }, "geometry": { "type": "Point", "coordinates": [ 26.693413478000025, 39.313233896000042 ] } },
{ "type": "Feature", "properties": { "fid": 1304, "Yapı No_Text": "-03" }, "geometry": { "type": "Point", "coordinates": [ 26.693331608000051, 39.313321329000075 ] } },
{ "type": "Feature", "properties": { "fid": 1305, "Yapı No_Text": "-10" }, "geometry": { "type": "Point", "coordinates": [ 26.693171205000056, 39.31330300500008 ] } },
{ "type": "Feature", "properties": { "fid": 1306, "Yapı No_Text": "-11" }, "geometry": { "type": "Point", "coordinates": [ 26.693149255000037, 39.313350760000048 ] } },
{ "type": "Feature", "properties": { "fid": 1307, "Yapı No_Text": "-12" }, "geometry": { "type": "Point", "coordinates": [ 26.693111989000045, 39.313400133000073 ] } },
{ "type": "Feature", "properties": { "fid": 1308, "Yapı No_Text": "-01" }, "geometry": { "type": "Point", "coordinates": [ 26.693115011000032, 39.313456778000045 ] } },
{ "type": "Feature", "properties": { "fid": 1309, "Yapı No_Text": "-02" }, "geometry": { "type": "Point", "coordinates": [ 26.693160379000062, 39.31343627900003 ] } },
{ "type": "Feature", "properties": { "fid": 1310, "Yapı No_Text": "-04" }, "geometry": { "type": "Point", "coordinates": [ 26.693374825000035, 39.313297745000057 ] } },
{ "type": "Feature", "properties": { "fid": 1311, "Yapı No_Text": "152" }, "geometry": { "type": "Point", "coordinates": [ 26.693463143000031, 39.313411047000045 ] } },
{ "type": "Feature", "properties": { "fid": 1312, "Yapı No_Text": "-01" }, "geometry": { "type": "Point", "coordinates": [ 26.693259111000032, 39.313641616000041 ] } },
{ "type": "Feature", "properties": { "fid": 1313, "Yapı No_Text": "-02 " }, "geometry": { "type": "Point", "coordinates": [ 26.693344652000064, 39.313580676000072 ] } },
{ "type": "Feature", "properties": { "fid": 1314, "Yapı No_Text": "-03" }, "geometry": { "type": "Point", "coordinates": [ 26.693373828000063, 39.313535343000069 ] } },
{ "type": "Feature", "properties": { "fid": 1315, "Yapı No_Text": "-04" }, "geometry": { "type": "Point", "coordinates": [ 26.693440751000026, 39.313511049000056 ] } },
{ "type": "Feature", "properties": { "fid": 1316, "Yapı No_Text": "-05" }, "geometry": { "type": "Point", "coordinates": [ 26.693460980000054, 39.313484434000031 ] } },
{ "type": "Feature", "properties": { "fid": 1317, "Yapı No_Text": "-06" }, "geometry": { "type": "Point", "coordinates": [ 26.693508941000061, 39.313466128000073 ] } },
{ "type": "Feature", "properties": { "fid": 1318, "Yapı No_Text": "-07" }, "geometry": { "type": "Point", "coordinates": [ 26.693550501000061, 39.313438366000071 ] } },
{ "type": "Feature", "properties": { "fid": 1319, "Yapı No_Text": "-08" }, "geometry": { "type": "Point", "coordinates": [ 26.693592095000042, 39.313402433000078 ] } },
{ "type": "Feature", "properties": { "fid": 1320, "Yapı No_Text": "-09" }, "geometry": { "type": "Point", "coordinates": [ 26.693632356000023, 39.313373170000034 ] } },
{ "type": "Feature", "properties": { "fid": 1321, "Yapı No_Text": "-10" }, "geometry": { "type": "Point", "coordinates": [ 26.693688210000062, 39.313339848000055 ] } },
{ "type": "Feature", "properties": { "fid": 1322, "Yapı No_Text": "-11" }, "geometry": { "type": "Point", "coordinates": [ 26.693569169000057, 39.313297872000078 ] } },
{ "type": "Feature", "properties": { "fid": 1323, "Yapı No_Text": "-12" }, "geometry": { "type": "Point", "coordinates": [ 26.693521115000067, 39.313331181000081 ] } },
{ "type": "Feature", "properties": { "fid": 1324, "Yapı No_Text": "-13" }, "geometry": { "type": "Point", "coordinates": [ 26.693461987000035, 39.313350933000038 ] } },
{ "type": "Feature", "properties": { "fid": 1325, "Yapı No_Text": "-14" }, "geometry": { "type": "Point", "coordinates": [ 26.693412622000039, 39.313376196000036 ] } },
{ "type": "Feature", "properties": { "fid": 1326, "Yapı No_Text": "-15" }, "geometry": { "type": "Point", "coordinates": [ 26.693392588000052, 39.313414962000024 ] } },
{ "type": "Feature", "properties": { "fid": 1327, "Yapı No_Text": "-16" }, "geometry": { "type": "Point", "coordinates": [ 26.693334714000059, 39.313460243000065 ] } },
{ "type": "Feature", "properties": { "fid": 1328, "Yapı No_Text": "-17" }, "geometry": { "type": "Point", "coordinates": [ 26.693287402000067, 39.313472941000043 ] } },
{ "type": "Feature", "properties": { "fid": 1329, "Yapı No_Text": "-18" }, "geometry": { "type": "Point", "coordinates": [ 26.693229462000033, 39.313552576000063 ] } },
{ "type": "Feature", "properties": { "fid": 1330, "Yapı No_Text": "-01" }, "geometry": { "type": "Point", "coordinates": [ 26.69289202300007, 39.314171229000067 ] } },
{ "type": "Feature", "properties": { "fid": 1331, "Yapı No_Text": "-02" }, "geometry": { "type": "Point", "coordinates": [ 26.693010455000035, 39.314116265000052 ] } },
{ "type": "Feature", "properties": { "fid": 1332, "Yapı No_Text": "-03" }, "geometry": { "type": "Point", "coordinates": [ 26.693118493000043, 39.314071704000071 ] } },
{ "type": "Feature", "properties": { "fid": 1333, "Yapı No_Text": "-04" }, "geometry": { "type": "Point", "coordinates": [ 26.693160252000041, 39.314032290000057 ] } },
{ "type": "Feature", "properties": { "fid": 1334, "Yapı No_Text": "-05" }, "geometry": { "type": "Point", "coordinates": [ 26.693221619000042, 39.314004710000063 ] } },
{ "type": "Feature", "properties": { "fid": 1335, "Yapı No_Text": "-06" }, "geometry": { "type": "Point", "coordinates": [ 26.693269199000042, 39.313966101000062 ] } },
{ "type": "Feature", "properties": { "fid": 1336, "Yapı No_Text": "-07" }, "geometry": { "type": "Point", "coordinates": [ 26.693317409000031, 39.313940939000076 ] } },
{ "type": "Feature", "properties": { "fid": 1337, "Yapı No_Text": "-08" }, "geometry": { "type": "Point", "coordinates": [ 26.693380399000034, 39.313935879000041 ] } },
{ "type": "Feature", "properties": { "fid": 1338, "Yapı No_Text": "-09" }, "geometry": { "type": "Point", "coordinates": [ 26.693418450000024, 39.313896064000062 ] } },
{ "type": "Feature", "properties": { "fid": 1339, "Yapı No_Text": "-10" }, "geometry": { "type": "Point", "coordinates": [ 26.693454555000073, 39.313870050000048 ] } },
{ "type": "Feature", "properties": { "fid": 1340, "Yapı No_Text": "-11" }, "geometry": { "type": "Point", "coordinates": [ 26.693560773000058, 39.313885266000057 ] } },
{ "type": "Feature", "properties": { "fid": 1341, "Yapı No_Text": "-12" }, "geometry": { "type": "Point", "coordinates": [ 26.693499637000059, 39.313827536000076 ] } },
{ "type": "Feature", "properties": { "fid": 1342, "Yapı No_Text": "-13" }, "geometry": { "type": "Point", "coordinates": [ 26.693557855000051, 39.313797522000073 ] } },
{ "type": "Feature", "properties": { "fid": 1343, "Yapı No_Text": "-14" }, "geometry": { "type": "Point", "coordinates": [ 26.693613405000065, 39.313762920000045 ] } },
{ "type": "Feature", "properties": { "fid": 1344, "Yapı No_Text": "-15" }, "geometry": { "type": "Point", "coordinates": [ 26.693652332000056, 39.313723421000077 ] } },
{ "type": "Feature", "properties": { "fid": 1345, "Yapı No_Text": "-16" }, "geometry": { "type": "Point", "coordinates": [ 26.693688993000023, 39.313681037000038 ] } },
{ "type": "Feature", "properties": { "fid": 1346, "Yapı No_Text": "-17" }, "geometry": { "type": "Point", "coordinates": [ 26.693750154000043, 39.313655050000079 ] } },
{ "type": "Feature", "properties": { "fid": 1347, "Yapı No_Text": "-18" }, "geometry": { "type": "Point", "coordinates": [ 26.693793111000048, 39.313621392000073 ] } },
{ "type": "Feature", "properties": { "fid": 1348, "Yapı No_Text": "-19" }, "geometry": { "type": "Point", "coordinates": [ 26.69382128500007, 39.313585098000033 ] } },
{ "type": "Feature", "properties": { "fid": 1349, "Yapı No_Text": "-21" }, "geometry": { "type": "Point", "coordinates": [ 26.693815177000033, 39.313492287000031 ] } },
{ "type": "Feature", "properties": { "fid": 1350, "Yapı No_Text": "-22" }, "geometry": { "type": "Point", "coordinates": [ 26.693766893000031, 39.31345015100004 ] } },
{ "type": "Feature", "properties": { "fid": 1351, "Yapı No_Text": "-23" }, "geometry": { "type": "Point", "coordinates": [ 26.693713922000029, 39.313432664000061 ] } },
{ "type": "Feature", "properties": { "fid": 1352, "Yapı No_Text": "-24" }, "geometry": { "type": "Point", "coordinates": [ 26.693587948000072, 39.313507551000043 ] } },
{ "type": "Feature", "properties": { "fid": 1353, "Yapı No_Text": "-25" }, "geometry": { "type": "Point", "coordinates": [ 26.693547240000044, 39.313540818000035 ] } },
{ "type": "Feature", "properties": { "fid": 1354, "Yapı No_Text": "-26" }, "geometry": { "type": "Point", "coordinates": [ 26.69350655900007, 39.313591698000039 ] } },
{ "type": "Feature", "properties": { "fid": 1355, "Yapı No_Text": "-27" }, "geometry": { "type": "Point", "coordinates": [ 26.693432522000023, 39.313687453000057 ] } },
{ "type": "Feature", "properties": { "fid": 1356, "Yapı No_Text": "-28" }, "geometry": { "type": "Point", "coordinates": [ 26.693321421000064, 39.313749223000059 ] } },
{ "type": "Feature", "properties": { "fid": 1357, "Yapı No_Text": "-29" }, "geometry": { "type": "Point", "coordinates": [ 26.693195578000029, 39.313874202000079 ] } },
{ "type": "Feature", "properties": { "fid": 1358, "Yapı No_Text": "-30" }, "geometry": { "type": "Point", "coordinates": [ 26.693139495000025, 39.313930986000059 ] } },
{ "type": "Feature", "properties": { "fid": 1359, "Yapı No_Text": "-31" }, "geometry": { "type": "Point", "coordinates": [ 26.693080231000067, 39.313946279000049 ] } },
{ "type": "Feature", "properties": { "fid": 1360, "Yapı No_Text": "-32" }, "geometry": { "type": "Point", "coordinates": [ 26.693037490000052, 39.313987295000061 ] } },
{ "type": "Feature", "properties": { "fid": 1361, "Yapı No_Text": "-33" }, "geometry": { "type": "Point", "coordinates": [ 26.692979672000035, 39.314034086000049 ] } },
{ "type": "Feature", "properties": { "fid": 1362, "Yapı No_Text": "-34" }, "geometry": { "type": "Point", "coordinates": [ 26.692932600000063, 39.31406112600007 ] } },
{ "type": "Feature", "properties": { "fid": 1363, "Yapı No_Text": "-35" }, "geometry": { "type": "Point", "coordinates": [ 26.692876031000026, 39.314074549000054 ] } },
{ "type": "Feature", "properties": { "fid": 1364, "Yapı No_Text": "-36" }, "geometry": { "type": "Point", "coordinates": [ 26.69281723000006, 39.314082688000042 ] } },
{ "type": "Feature", "properties": { "fid": 1365, "Yapı No_Text": "-20" }, "geometry": { "type": "Point", "coordinates": [ 26.693859960000054, 39.313547305000043 ] } },
{ "type": "Feature", "properties": { "fid": 1366, "Yapı No_Text": "297" }, "geometry": { "type": "Point", "coordinates": [ 26.693271648000064, 39.313810403000048 ] } },
{ "type": "Feature", "properties": { "fid": 1367, "Yapı No_Text": "-01" }, "geometry": { "type": "Point", "coordinates": [ 26.692315478000069, 39.314480052000079 ] } },
{ "type": "Feature", "properties": { "fid": 1368, "Yapı No_Text": "-02 " }, "geometry": { "type": "Point", "coordinates": [ 26.692390166000052, 39.314442668000027 ] } },
{ "type": "Feature", "properties": { "fid": 1369, "Yapı No_Text": "-03" }, "geometry": { "type": "Point", "coordinates": [ 26.692434103000039, 39.314414098000043 ] } },
{ "type": "Feature", "properties": { "fid": 1370, "Yapı No_Text": "-04" }, "geometry": { "type": "Point", "coordinates": [ 26.692477243000042, 39.314393152000036 ] } },
{ "type": "Feature", "properties": { "fid": 1371, "Yapı No_Text": "-05" }, "geometry": { "type": "Point", "coordinates": [ 26.692512457000078, 39.31438057400004 ] } },
{ "type": "Feature", "properties": { "fid": 1372, "Yapı No_Text": "-06A" }, "geometry": { "type": "Point", "coordinates": [ 26.692550014000062, 39.314357116000053 ] } },
{ "type": "Feature", "properties": { "fid": 1373, "Yapı No_Text": "-07" }, "geometry": { "type": "Point", "coordinates": [ 26.692671761000042, 39.314290730000039 ] } },
{ "type": "Feature", "properties": { "fid": 1374, "Yapı No_Text": "-08" }, "geometry": { "type": "Point", "coordinates": [ 26.69272327300007, 39.314267370000039 ] } },
{ "type": "Feature", "properties": { "fid": 1375, "Yapı No_Text": "-09" }, "geometry": { "type": "Point", "coordinates": [ 26.692781890000049, 39.314241535000065 ] } },
{ "type": "Feature", "properties": { "fid": 1376, "Yapı No_Text": "-10" }, "geometry": { "type": "Point", "coordinates": [ 26.69274794200004, 39.314201469000068 ] } },
{ "type": "Feature", "properties": { "fid": 1377, "Yapı No_Text": "-11" }, "geometry": { "type": "Point", "coordinates": [ 26.692718421000052, 39.314163583000038 ] } },
{ "type": "Feature", "properties": { "fid": 1378, "Yapı No_Text": "-12" }, "geometry": { "type": "Point", "coordinates": [ 26.692683750000072, 39.314124341000024 ] } },
{ "type": "Feature", "properties": { "fid": 1379, "Yapı No_Text": "-13" }, "geometry": { "type": "Point", "coordinates": [ 26.692627258000073, 39.31416474100007 ] } },
{ "type": "Feature", "properties": { "fid": 1380, "Yapı No_Text": "-14" }, "geometry": { "type": "Point", "coordinates": [ 26.692571504000057, 39.314186608000057 ] } },
{ "type": "Feature", "properties": { "fid": 1381, "Yapı No_Text": "-16" }, "geometry": { "type": "Point", "coordinates": [ 26.692514990000063, 39.314194324000027 ] } },
{ "type": "Feature", "properties": { "fid": 1382, "Yapı No_Text": "-15" }, "geometry": { "type": "Point", "coordinates": [ 26.692531401000053, 39.31415918700003 ] } },
{ "type": "Feature", "properties": { "fid": 1383, "Yapı No_Text": "-17" }, "geometry": { "type": "Point", "coordinates": [ 26.692414373000076, 39.314206167000066 ] } },
{ "type": "Feature", "properties": { "fid": 1384, "Yapı No_Text": "-18" }, "geometry": { "type": "Point", "coordinates": [ 26.692341370000065, 39.314224078000052 ] } },
{ "type": "Feature", "properties": { "fid": 1385, "Yapı No_Text": "-19" }, "geometry": { "type": "Point", "coordinates": [ 26.692282216000024, 39.314241350000032 ] } },
{ "type": "Feature", "properties": { "fid": 1386, "Yapı No_Text": "-20" }, "geometry": { "type": "Point", "coordinates": [ 26.692335072000049, 39.314339739000047 ] } },
{ "type": "Feature", "properties": { "fid": 1387, "Yapı No_Text": "-21" }, "geometry": { "type": "Point", "coordinates": [ 26.692336822000073, 39.31441062600004 ] } },
{ "type": "Feature", "properties": { "fid": 1388, "Yapı No_Text": "298" }, "geometry": { "type": "Point", "coordinates": [ 26.692460462000042, 39.314268840000068 ] } },
{ "type": "Feature", "properties": { "fid": 1389, "Yapı No_Text": "296" }, "geometry": { "type": "Point", "coordinates": [ 26.694185404000052, 39.313221345000045 ] } },
{ "type": "Feature", "properties": { "fid": 1390, "Yapı No_Text": "-01" }, "geometry": { "type": "Point", "coordinates": [ 26.69395576200003, 39.31349709400007 ] } },
{ "type": "Feature", "properties": { "fid": 1391, "Yapı No_Text": "-02" }, "geometry": { "type": "Point", "coordinates": [ 26.693982162000054, 39.313533031000077 ] } },
{ "type": "Feature", "properties": { "fid": 1392, "Yapı No_Text": "-03" }, "geometry": { "type": "Point", "coordinates": [ 26.693987352000079, 39.313444623000066 ] } },
{ "type": "Feature", "properties": { "fid": 1393, "Yapı No_Text": "-04" }, "geometry": { "type": "Point", "coordinates": [ 26.694038190000072, 39.313411887000029 ] } },
{ "type": "Feature", "properties": { "fid": 1394, "Yapı No_Text": "-05" }, "geometry": { "type": "Point", "coordinates": [ 26.694104860000039, 39.313386023000078 ] } },
{ "type": "Feature", "properties": { "fid": 1395, "Yapı No_Text": "-06" }, "geometry": { "type": "Point", "coordinates": [ 26.694123123000054, 39.313332452000054 ] } },
{ "type": "Feature", "properties": { "fid": 1396, "Yapı No_Text": "-07" }, "geometry": { "type": "Point", "coordinates": [ 26.694182976000036, 39.31331990800004 ] } },
{ "type": "Feature", "properties": { "fid": 1397, "Yapı No_Text": "-08" }, "geometry": { "type": "Point", "coordinates": [ 26.694223876000024, 39.313306590000025 ] } },
{ "type": "Feature", "properties": { "fid": 1398, "Yapı No_Text": "-09" }, "geometry": { "type": "Point", "coordinates": [ 26.694272208000029, 39.313299346000065 ] } },
{ "type": "Feature", "properties": { "fid": 1399, "Yapı No_Text": "-10" }, "geometry": { "type": "Point", "coordinates": [ 26.694301740000071, 39.313253084000053 ] } },
{ "type": "Feature", "properties": { "fid": 1400, "Yapı No_Text": "-11" }, "geometry": { "type": "Point", "coordinates": [ 26.694374685000071, 39.313227255000072 ] } },
{ "type": "Feature", "properties": { "fid": 1401, "Yapı No_Text": "-12" }, "geometry": { "type": "Point", "coordinates": [ 26.694403838000028, 39.313185377000025 ] } },
{ "type": "Feature", "properties": { "fid": 1402, "Yapı No_Text": "-13" }, "geometry": { "type": "Point", "coordinates": [ 26.694472761000043, 39.313167329000066 ] } },
{ "type": "Feature", "properties": { "fid": 1403, "Yapı No_Text": "-14" }, "geometry": { "type": "Point", "coordinates": [ 26.694514525000045, 39.313160235000055 ] } },
{ "type": "Feature", "properties": { "fid": 1404, "Yapı No_Text": "-15" }, "geometry": { "type": "Point", "coordinates": [ 26.694565964000049, 39.31314704600004 ] } },
{ "type": "Feature", "properties": { "fid": 1405, "Yapı No_Text": "-16" }, "geometry": { "type": "Point", "coordinates": [ 26.694609526000079, 39.313110836000078 ] } },
{ "type": "Feature", "properties": { "fid": 1406, "Yapı No_Text": "-17" }, "geometry": { "type": "Point", "coordinates": [ 26.69467379200006, 39.313123405000056 ] } },
{ "type": "Feature", "properties": { "fid": 1407, "Yapı No_Text": "-18" }, "geometry": { "type": "Point", "coordinates": [ 26.694679806000067, 39.313084481000033 ] } },
{ "type": "Feature", "properties": { "fid": 1408, "Yapı No_Text": "-19" }, "geometry": { "type": "Point", "coordinates": [ 26.694671541000048, 39.313046890000066 ] } },
{ "type": "Feature", "properties": { "fid": 1409, "Yapı No_Text": "-20" }, "geometry": { "type": "Point", "coordinates": [ 26.69465776800007, 39.31300255900004 ] } },
{ "type": "Feature", "properties": { "fid": 1410, "Yapı No_Text": "-21" }, "geometry": { "type": "Point", "coordinates": [ 26.694600467000043, 39.31305739700008 ] } },
{ "type": "Feature", "properties": { "fid": 1411, "Yapı No_Text": "-22" }, "geometry": { "type": "Point", "coordinates": [ 26.694236206000028, 39.313182080000047 ] } },
{ "type": "Feature", "properties": { "fid": 1412, "Yapı No_Text": "-23" }, "geometry": { "type": "Point", "coordinates": [ 26.694126732000029, 39.313193297000055 ] } },
{ "type": "Feature", "properties": { "fid": 1413, "Yapı No_Text": "-24" }, "geometry": { "type": "Point", "coordinates": [ 26.693992621000064, 39.313235165000037 ] } },
{ "type": "Feature", "properties": { "fid": 1414, "Yapı No_Text": "-25" }, "geometry": { "type": "Point", "coordinates": [ 26.69392533000007, 39.31324617100006 ] } },
{ "type": "Feature", "properties": { "fid": 1415, "Yapı No_Text": "-26" }, "geometry": { "type": "Point", "coordinates": [ 26.693853435000051, 39.313264976000028 ] } },
{ "type": "Feature", "properties": { "fid": 1416, "Yapı No_Text": "-27" }, "geometry": { "type": "Point", "coordinates": [ 26.693921532000047, 39.31331558100004 ] } },
{ "type": "Feature", "properties": { "fid": 1417, "Yapı No_Text": "-28" }, "geometry": { "type": "Point", "coordinates": [ 26.693899342000066, 39.313419919000069 ] } },
{ "type": "Feature", "properties": { "fid": 1418, "Yapı No_Text": "-29" }, "geometry": { "type": "Point", "coordinates": [ 26.693927262000045, 39.313471071000038 ] } },
{ "type": "Feature", "properties": { "fid": 1419, "Yapı No_Text": "-01" }, "geometry": { "type": "Point", "coordinates": [ 26.693723144000046, 39.313202380000064 ] } },
{ "type": "Feature", "properties": { "fid": 1420, "Yapı No_Text": "-02" }, "geometry": { "type": "Point", "coordinates": [ 26.693774638000036, 39.313184690000071 ] } },
{ "type": "Feature", "properties": { "fid": 1421, "Yapı No_Text": "-03" }, "geometry": { "type": "Point", "coordinates": [ 26.693872729000077, 39.313124074000029 ] } },
{ "type": "Feature", "properties": { "fid": 1422, "Yapı No_Text": "-04" }, "geometry": { "type": "Point", "coordinates": [ 26.693972363000057, 39.313099746000034 ] } },
{ "type": "Feature", "properties": { "fid": 1423, "Yapı No_Text": "-05" }, "geometry": { "type": "Point", "coordinates": [ 26.694053991000033, 39.313078714000028 ] } },
{ "type": "Feature", "properties": { "fid": 1424, "Yapı No_Text": "-06" }, "geometry": { "type": "Point", "coordinates": [ 26.694101413000055, 39.313050645000033 ] } },
{ "type": "Feature", "properties": { "fid": 1425, "Yapı No_Text": "-07" }, "geometry": { "type": "Point", "coordinates": [ 26.694148674000076, 39.313037525000027 ] } },
{ "type": "Feature", "properties": { "fid": 1426, "Yapı No_Text": "-08" }, "geometry": { "type": "Point", "coordinates": [ 26.694197409000026, 39.313004702000057 ] } },
{ "type": "Feature", "properties": { "fid": 1427, "Yapı No_Text": "-09" }, "geometry": { "type": "Point", "coordinates": [ 26.694310329000075, 39.313035056000047 ] } },
{ "type": "Feature", "properties": { "fid": 1428, "Yapı No_Text": "-10" }, "geometry": { "type": "Point", "coordinates": [ 26.69458049900004, 39.312856536000027 ] } },
{ "type": "Feature", "properties": { "fid": 1429, "Yapı No_Text": "-11" }, "geometry": { "type": "Point", "coordinates": [ 26.69450123300004, 39.312908701000026 ] } },
{ "type": "Feature", "properties": { "fid": 1430, "Yapı No_Text": "-12" }, "geometry": { "type": "Point", "coordinates": [ 26.694485572000076, 39.312945009000032 ] } },
{ "type": "Feature", "properties": { "fid": 1431, "Yapı No_Text": "-13" }, "geometry": { "type": "Point", "coordinates": [ 26.694427846000053, 39.312940067000056 ] } },
{ "type": "Feature", "properties": { "fid": 1432, "Yapı No_Text": "-10b" }, "geometry": { "type": "Point", "coordinates": [ 26.694551216000036, 39.31290802500007 ] } },
{ "type": "Feature", "properties": { "fid": 1433, "Yapı No_Text": "-14" }, "geometry": { "type": "Point", "coordinates": [ 26.69438285800004, 39.31295134100003 ] } },
{ "type": "Feature", "properties": { "fid": 1434, "Yapı No_Text": "-15" }, "geometry": { "type": "Point", "coordinates": [ 26.694341101000077, 39.312967224000033 ] } },
{ "type": "Feature", "properties": { "fid": 1435, "Yapı No_Text": "-16" }, "geometry": { "type": "Point", "coordinates": [ 26.694275955000023, 39.312979354000049 ] } },
{ "type": "Feature", "properties": { "fid": 1436, "Yapı No_Text": "151" }, "geometry": { "type": "Point", "coordinates": [ 26.694404807000069, 39.31299294400003 ] } },
{ "type": "Feature", "properties": { "fid": 1437, "Yapı No_Text": "-01" }, "geometry": { "type": "Point", "coordinates": [ 26.694237082000029, 39.313649645000055 ] } },
{ "type": "Feature", "properties": { "fid": 1438, "Yapı No_Text": "-02" }, "geometry": { "type": "Point", "coordinates": [ 26.694278385000075, 39.313593583000056 ] } },
{ "type": "Feature", "properties": { "fid": 1439, "Yapı No_Text": "-03" }, "geometry": { "type": "Point", "coordinates": [ 26.694329567000068, 39.313563867000028 ] } },
{ "type": "Feature", "properties": { "fid": 1440, "Yapı No_Text": "-04" }, "geometry": { "type": "Point", "coordinates": [ 26.694383784000024, 39.313556938000033 ] } },
{ "type": "Feature", "properties": { "fid": 1441, "Yapı No_Text": "-05" }, "geometry": { "type": "Point", "coordinates": [ 26.694405390000043, 39.313522787000068 ] } },
{ "type": "Feature", "properties": { "fid": 1442, "Yapı No_Text": "-06" }, "geometry": { "type": "Point", "coordinates": [ 26.694445397000038, 39.313501691000056 ] } },
{ "type": "Feature", "properties": { "fid": 1443, "Yapı No_Text": "-07a" }, "geometry": { "type": "Point", "coordinates": [ 26.694668699000033, 39.313458829000069 ] } },
{ "type": "Feature", "properties": { "fid": 1444, "Yapı No_Text": "-06a" }, "geometry": { "type": "Point", "coordinates": [ 26.694510954000066, 39.313510414000064 ] } },
{ "type": "Feature", "properties": { "fid": 1445, "Yapı No_Text": "-08" }, "geometry": { "type": "Point", "coordinates": [ 26.694660853000073, 39.313394174000052 ] } },
{ "type": "Feature", "properties": { "fid": 1446, "Yapı No_Text": "-09" }, "geometry": { "type": "Point", "coordinates": [ 26.694679786000052, 39.313340856000025 ] } },
{ "type": "Feature", "properties": { "fid": 1447, "Yapı No_Text": "-10" }, "geometry": { "type": "Point", "coordinates": [ 26.694668969000077, 39.31330556100005 ] } },
{ "type": "Feature", "properties": { "fid": 1448, "Yapı No_Text": "-11a" }, "geometry": { "type": "Point", "coordinates": [ 26.694667884000069, 39.313269799000068 ] } },
{ "type": "Feature", "properties": { "fid": 1449, "Yapı No_Text": "-11b" }, "geometry": { "type": "Point", "coordinates": [ 26.694696092000072, 39.313214162000065 ] } },
{ "type": "Feature", "properties": { "fid": 1450, "Yapı No_Text": "-11c" }, "geometry": { "type": "Point", "coordinates": [ 26.694622109000079, 39.313230053000041 ] } },
{ "type": "Feature", "properties": { "fid": 1451, "Yapı No_Text": "-12" }, "geometry": { "type": "Point", "coordinates": [ 26.694526286000041, 39.31329104100007 ] } },
{ "type": "Feature", "properties": { "fid": 1452, "Yapı No_Text": "-13" }, "geometry": { "type": "Point", "coordinates": [ 26.694492479000075, 39.313362931000029 ] } },
{ "type": "Feature", "properties": { "fid": 1453, "Yapı No_Text": "-14" }, "geometry": { "type": "Point", "coordinates": [ 26.694367448000037, 39.313372472000026 ] } },
{ "type": "Feature", "properties": { "fid": 1454, "Yapı No_Text": "-15" }, "geometry": { "type": "Point", "coordinates": [ 26.694296038000061, 39.313433080000038 ] } },
{ "type": "Feature", "properties": { "fid": 1455, "Yapı No_Text": "-16" }, "geometry": { "type": "Point", "coordinates": [ 26.694244156000025, 39.313405250000073 ] } },
{ "type": "Feature", "properties": { "fid": 1456, "Yapı No_Text": "-17" }, "geometry": { "type": "Point", "coordinates": [ 26.694237480000027, 39.31344806900006 ] } },
{ "type": "Feature", "properties": { "fid": 1457, "Yapı No_Text": "-18" }, "geometry": { "type": "Point", "coordinates": [ 26.694174380000049, 39.313482672000077 ] } },
{ "type": "Feature", "properties": { "fid": 1458, "Yapı No_Text": "-19" }, "geometry": { "type": "Point", "coordinates": [ 26.694150289000049, 39.313531907000026 ] } },
{ "type": "Feature", "properties": { "fid": 1459, "Yapı No_Text": "-20" }, "geometry": { "type": "Point", "coordinates": [ 26.694127597000033, 39.313564523000025 ] } },
{ "type": "Feature", "properties": { "fid": 1460, "Yapı No_Text": "419" }, "geometry": { "type": "Point", "coordinates": [ 26.694513387000029, 39.313427122000064 ] } },
{ "type": "Feature", "properties": { "fid": 1461, "Yapı No_Text": "-01" }, "geometry": { "type": "Point", "coordinates": [ 26.693714025000077, 39.31385451500006 ] } },
{ "type": "Feature", "properties": { "fid": 1462, "Yapı No_Text": "-02" }, "geometry": { "type": "Point", "coordinates": [ 26.693882743000074, 39.31382867800005 ] } },
{ "type": "Feature", "properties": { "fid": 1463, "Yapı No_Text": "-03" }, "geometry": { "type": "Point", "coordinates": [ 26.694028521000064, 39.313763073000075 ] } },
{ "type": "Feature", "properties": { "fid": 1464, "Yapı No_Text": "-04" }, "geometry": { "type": "Point", "coordinates": [ 26.694078192000063, 39.313725647000069 ] } },
{ "type": "Feature", "properties": { "fid": 1465, "Yapı No_Text": "-05" }, "geometry": { "type": "Point", "coordinates": [ 26.694118274000061, 39.313676217000079 ] } },
{ "type": "Feature", "properties": { "fid": 1466, "Yapı No_Text": "-06" }, "geometry": { "type": "Point", "coordinates": [ 26.694076317000054, 39.313631918000056 ] } },
{ "type": "Feature", "properties": { "fid": 1467, "Yapı No_Text": "-08" }, "geometry": { "type": "Point", "coordinates": [ 26.694027460000029, 39.313572596000029 ] } },
{ "type": "Feature", "properties": { "fid": 1468, "Yapı No_Text": "-07" }, "geometry": { "type": "Point", "coordinates": [ 26.694048903000066, 39.313602177000064 ] } },
{ "type": "Feature", "properties": { "fid": 1469, "Yapı No_Text": "-09" }, "geometry": { "type": "Point", "coordinates": [ 26.693998598000064, 39.313663027000075 ] } },
{ "type": "Feature", "properties": { "fid": 1470, "Yapı No_Text": "-10" }, "geometry": { "type": "Point", "coordinates": [ 26.693943353000066, 39.313692386000071 ] } },
{ "type": "Feature", "properties": { "fid": 1471, "Yapı No_Text": "-11" }, "geometry": { "type": "Point", "coordinates": [ 26.693762001000039, 39.313814704000038 ] } },
{ "type": "Feature", "properties": { "fid": 1472, "Yapı No_Text": "419" }, "geometry": { "type": "Point", "coordinates": [ 26.693829863000076, 39.313752961000034 ] } },
{ "type": "Feature", "properties": { "fid": 1473, "Yapı No_Text": "-01" }, "geometry": { "type": "Point", "coordinates": [ 26.692113437000046, 39.313103247000072 ] } },
{ "type": "Feature", "properties": { "fid": 1474, "Yapı No_Text": "-02" }, "geometry": { "type": "Point", "coordinates": [ 26.692072534000033, 39.313078161000078 ] } },
{ "type": "Feature", "properties": { "fid": 1475, "Yapı No_Text": "-03" }, "geometry": { "type": "Point", "coordinates": [ 26.69215977500005, 39.313090832000057 ] } },
{ "type": "Feature", "properties": { "fid": 1476, "Yapı No_Text": "-04" }, "geometry": { "type": "Point", "coordinates": [ 26.692199887000072, 39.313041228000031 ] } },
{ "type": "Feature", "properties": { "fid": 1477, "Yapı No_Text": "-05" }, "geometry": { "type": "Point", "coordinates": [ 26.692189273000054, 39.312972495000054 ] } },
{ "type": "Feature", "properties": { "fid": 1478, "Yapı No_Text": "-06" }, "geometry": { "type": "Point", "coordinates": [ 26.692233603000034, 39.312926369000024 ] } },
{ "type": "Feature", "properties": { "fid": 1479, "Yapı No_Text": "-07" }, "geometry": { "type": "Point", "coordinates": [ 26.692270385000029, 39.312859385000024 ] } },
{ "type": "Feature", "properties": { "fid": 1480, "Yapı No_Text": "-08" }, "geometry": { "type": "Point", "coordinates": [ 26.692328519000057, 39.312778642000069 ] } },
{ "type": "Feature", "properties": { "fid": 1481, "Yapı No_Text": "-09" }, "geometry": { "type": "Point", "coordinates": [ 26.692268038000066, 39.312743485000055 ] } },
{ "type": "Feature", "properties": { "fid": 1482, "Yapı No_Text": "-10" }, "geometry": { "type": "Point", "coordinates": [ 26.692201276000048, 39.312709125000026 ] } },
{ "type": "Feature", "properties": { "fid": 1483, "Yapı No_Text": "-11" }, "geometry": { "type": "Point", "coordinates": [ 26.692113471000027, 39.31265780800004 ] } },
{ "type": "Feature", "properties": { "fid": 1484, "Yapı No_Text": "-12" }, "geometry": { "type": "Point", "coordinates": [ 26.692040710000072, 39.31267550900003 ] } },
{ "type": "Feature", "properties": { "fid": 1485, "Yapı No_Text": "-13" }, "geometry": { "type": "Point", "coordinates": [ 26.692014865000033, 39.312722222000048 ] } },
{ "type": "Feature", "properties": { "fid": 1486, "Yapı No_Text": "-14" }, "geometry": { "type": "Point", "coordinates": [ 26.691971362000061, 39.312758724000048 ] } },
{ "type": "Feature", "properties": { "fid": 1487, "Yapı No_Text": "-15" }, "geometry": { "type": "Point", "coordinates": [ 26.691936683000051, 39.31279440000003 ] } },
{ "type": "Feature", "properties": { "fid": 1488, "Yapı No_Text": "-19" }, "geometry": { "type": "Point", "coordinates": [ 26.69193673500007, 39.312988113000074 ] } },
{ "type": "Feature", "properties": { "fid": 1489, "Yapı No_Text": "-18" }, "geometry": { "type": "Point", "coordinates": [ 26.691901230000042, 39.312953560000039 ] } },
{ "type": "Feature", "properties": { "fid": 1490, "Yapı No_Text": "-17" }, "geometry": { "type": "Point", "coordinates": [ 26.691833386000042, 39.312926565000055 ] } },
{ "type": "Feature", "properties": { "fid": 1491, "Yapı No_Text": "-16" }, "geometry": { "type": "Point", "coordinates": [ 26.69187336300007, 39.31287272700007 ] } },
{ "type": "Feature", "properties": { "fid": 1492, "Yapı No_Text": "-20" }, "geometry": { "type": "Point", "coordinates": [ 26.691969990000075, 39.313011504000031 ] } },
{ "type": "Feature", "properties": { "fid": 1493, "Yapı No_Text": "-21" }, "geometry": { "type": "Point", "coordinates": [ 26.692010444000061, 39.313024726000037 ] } },
{ "type": "Feature", "properties": { "fid": 1494, "Yapı No_Text": "-22" }, "geometry": { "type": "Point", "coordinates": [ 26.692039129000023, 39.313051889000064 ] } },
{ "type": "Feature", "properties": { "fid": 1495, "Yapı No_Text": "155" }, "geometry": { "type": "Point", "coordinates": [ 26.692083102000026, 39.312870425000028 ] } },
{ "type": "Feature", "properties": { "fid": 1496, "Yapı No_Text": "-01" }, "geometry": { "type": "Point", "coordinates": [ 26.692045919000066, 39.313158787000077 ] } },
{ "type": "Feature", "properties": { "fid": 1497, "Yapı No_Text": "-02" }, "geometry": { "type": "Point", "coordinates": [ 26.691922842000054, 39.313150307000058 ] } },
{ "type": "Feature", "properties": { "fid": 1498, "Yapı No_Text": "-03" }, "geometry": { "type": "Point", "coordinates": [ 26.691895457000044, 39.313117177000038 ] } },
{ "type": "Feature", "properties": { "fid": 1499, "Yapı No_Text": "-04" }, "geometry": { "type": "Point", "coordinates": [ 26.691839277000042, 39.31312205100005 ] } },
{ "type": "Feature", "properties": { "fid": 1500, "Yapı No_Text": "-05" }, "geometry": { "type": "Point", "coordinates": [ 26.69179196400006, 39.313101270000061 ] } },
{ "type": "Feature", "properties": { "fid": 1501, "Yapı No_Text": "-06" }, "geometry": { "type": "Point", "coordinates": [ 26.691757919000054, 39.313076185000057 ] } },
{ "type": "Feature", "properties": { "fid": 1502, "Yapı No_Text": "-07" }, "geometry": { "type": "Point", "coordinates": [ 26.691710256000079, 39.313055796000071 ] } },
{ "type": "Feature", "properties": { "fid": 1503, "Yapı No_Text": "-08" }, "geometry": { "type": "Point", "coordinates": [ 26.691733914000054, 39.31303077900003 ] } },
{ "type": "Feature", "properties": { "fid": 1504, "Yapı No_Text": "-09" }, "geometry": { "type": "Point", "coordinates": [ 26.69175221200004, 39.313004834000026 ] } },
{ "type": "Feature", "properties": { "fid": 1505, "Yapı No_Text": "-10" }, "geometry": { "type": "Point", "coordinates": [ 26.70990310600007, 39.318769406000058 ] } },
{ "type": "Feature", "properties": { "fid": 1506, "Yapı No_Text": "-10" }, "geometry": { "type": "Point", "coordinates": [ 26.691776717000039, 39.312983993000046 ] } },
{ "type": "Feature", "properties": { "fid": 1507, "Yapı No_Text": "-11" }, "geometry": { "type": "Point", "coordinates": [ 26.691956324000046, 39.313109374000078 ] } },
{ "type": "Feature", "properties": { "fid": 1508, "Yapı No_Text": "-12" }, "geometry": { "type": "Point", "coordinates": [ 26.692004075000057, 39.313134300000058 ] } },
{ "type": "Feature", "properties": { "fid": 1509, "Yapı No_Text": "304" }, "geometry": { "type": "Point", "coordinates": [ 26.691845550000039, 39.313059236000072 ] } },
{ "type": "Feature", "properties": { "fid": 1510, "Yapı No_Text": "-01" }, "geometry": { "type": "Point", "coordinates": [ 26.69174472800006, 39.312858024000036 ] } },
{ "type": "Feature", "properties": { "fid": 1511, "Yapı No_Text": "-02" }, "geometry": { "type": "Point", "coordinates": [ 26.691766494000035, 39.312808158000053 ] } },
{ "type": "Feature", "properties": { "fid": 1512, "Yapı No_Text": "-03" }, "geometry": { "type": "Point", "coordinates": [ 26.69187224500007, 39.312711496000077 ] } },
{ "type": "Feature", "properties": { "fid": 1513, "Yapı No_Text": "-04" }, "geometry": { "type": "Point", "coordinates": [ 26.691946022000025, 39.312683690000028 ] } },
{ "type": "Feature", "properties": { "fid": 1514, "Yapı No_Text": "-05" }, "geometry": { "type": "Point", "coordinates": [ 26.691934153000034, 39.31264453700004 ] } },
{ "type": "Feature", "properties": { "fid": 1515, "Yapı No_Text": "-06" }, "geometry": { "type": "Point", "coordinates": [ 26.691969608000079, 39.312619684000026 ] } },
{ "type": "Feature", "properties": { "fid": 1516, "Yapı No_Text": "-07" }, "geometry": { "type": "Point", "coordinates": [ 26.691979036000077, 39.31257884200005 ] } },
{ "type": "Feature", "properties": { "fid": 1517, "Yapı No_Text": "-08" }, "geometry": { "type": "Point", "coordinates": [ 26.691947783000046, 39.31255198100007 ] } },
{ "type": "Feature", "properties": { "fid": 1518, "Yapı No_Text": "-09" }, "geometry": { "type": "Point", "coordinates": [ 26.691902207000055, 39.312525661000052 ] } },
{ "type": "Feature", "properties": { "fid": 1519, "Yapı No_Text": "-10" }, "geometry": { "type": "Point", "coordinates": [ 26.691911651000055, 39.312593466000067 ] } },
{ "type": "Feature", "properties": { "fid": 1520, "Yapı No_Text": "-11" }, "geometry": { "type": "Point", "coordinates": [ 26.691857820000052, 39.31262855500006 ] } },
{ "type": "Feature", "properties": { "fid": 1521, "Yapı No_Text": "-12" }, "geometry": { "type": "Point", "coordinates": [ 26.691813405000062, 39.312670308000065 ] } },
{ "type": "Feature", "properties": { "fid": 1522, "Yapı No_Text": "-13" }, "geometry": { "type": "Point", "coordinates": [ 26.691742269000031, 39.312722687000075 ] } },
{ "type": "Feature", "properties": { "fid": 1523, "Yapı No_Text": "-14" }, "geometry": { "type": "Point", "coordinates": [ 26.691694527000038, 39.312755724000056 ] } },
{ "type": "Feature", "properties": { "fid": 1524, "Yapı No_Text": "-15" }, "geometry": { "type": "Point", "coordinates": [ 26.691642930000057, 39.312808923000034 ] } },
{ "type": "Feature", "properties": { "fid": 1525, "Yapı No_Text": "-16" }, "geometry": { "type": "Point", "coordinates": [ 26.691679488000034, 39.312829214000033 ] } },
{ "type": "Feature", "properties": { "fid": 1526, "Yapı No_Text": "156" }, "geometry": { "type": "Point", "coordinates": [ 26.691795261000038, 39.312755913000046 ] } },
{ "type": "Feature", "properties": { "fid": 1527, "Yapı No_Text": "-01" }, "geometry": { "type": "Point", "coordinates": [ 26.691541372000074, 39.312749856000039 ] } },
{ "type": "Feature", "properties": { "fid": 1528, "Yapı No_Text": "-02" }, "geometry": { "type": "Point", "coordinates": [ 26.691588166000031, 39.312731942000028 ] } },
{ "type": "Feature", "properties": { "fid": 1529, "Yapı No_Text": "-03" }, "geometry": { "type": "Point", "coordinates": [ 26.691607607000037, 39.312698749000049 ] } },
{ "type": "Feature", "properties": { "fid": 1530, "Yapı No_Text": "-04" }, "geometry": { "type": "Point", "coordinates": [ 26.691627398000037, 39.312655886000073 ] } },
{ "type": "Feature", "properties": { "fid": 1531, "Yapı No_Text": "-05" }, "geometry": { "type": "Point", "coordinates": [ 26.691698914000028, 39.31263345800005 ] } },
{ "type": "Feature", "properties": { "fid": 1532, "Yapı No_Text": "-06" }, "geometry": { "type": "Point", "coordinates": [ 26.69170480400004, 39.312584074000029 ] } },
{ "type": "Feature", "properties": { "fid": 1533, "Yapı No_Text": "-07" }, "geometry": { "type": "Point", "coordinates": [ 26.691741404000027, 39.312545529000033 ] } },
{ "type": "Feature", "properties": { "fid": 1534, "Yapı No_Text": "-08" }, "geometry": { "type": "Point", "coordinates": [ 26.691785357000072, 39.312474957000063 ] } },
{ "type": "Feature", "properties": { "fid": 1535, "Yapı No_Text": "-09" }, "geometry": { "type": "Point", "coordinates": [ 26.691778731000056, 39.312530793000064 ] } },
{ "type": "Feature", "properties": { "fid": 1536, "Yapı No_Text": "-01" }, "geometry": { "type": "Point", "coordinates": [ 26.691470266000067, 39.312690511000028 ] } },
{ "type": "Feature", "properties": { "fid": 1537, "Yapı No_Text": "-02" }, "geometry": { "type": "Point", "coordinates": [ 26.691392746000076, 39.312643697000055 ] } },
{ "type": "Feature", "properties": { "fid": 1538, "Yapı No_Text": "-03" }, "geometry": { "type": "Point", "coordinates": [ 26.691411205000065, 39.312607313000058 ] } },
{ "type": "Feature", "properties": { "fid": 1539, "Yapı No_Text": "-04" }, "geometry": { "type": "Point", "coordinates": [ 26.691442089000077, 39.312573599000075 ] } },
{ "type": "Feature", "properties": { "fid": 1540, "Yapı No_Text": "-05" }, "geometry": { "type": "Point", "coordinates": [ 26.691467709000051, 39.312530539000079 ] } },
{ "type": "Feature", "properties": { "fid": 1541, "Yapı No_Text": "-06" }, "geometry": { "type": "Point", "coordinates": [ 26.691498959000057, 39.312502125000037 ] } },
{ "type": "Feature", "properties": { "fid": 1542, "Yapı No_Text": "-08" }, "geometry": { "type": "Point", "coordinates": [ 26.691529183000057, 39.312458013000025 ] } },
{ "type": "Feature", "properties": { "fid": 1543, "Yapı No_Text": "-09" }, "geometry": { "type": "Point", "coordinates": [ 26.691500810000036, 39.312418100000059 ] } },
{ "type": "Feature", "properties": { "fid": 1544, "Yapı No_Text": "-07" }, "geometry": { "type": "Point", "coordinates": [ 26.691474063000044, 39.312467964000064 ] } },
{ "type": "Feature", "properties": { "fid": 1545, "Yapı No_Text": "-10" }, "geometry": { "type": "Point", "coordinates": [ 26.691589879000048, 39.31237137800008 ] } },
{ "type": "Feature", "properties": { "fid": 1546, "Yapı No_Text": "-11" }, "geometry": { "type": "Point", "coordinates": [ 26.691627240000059, 39.31241641500003 ] } },
{ "type": "Feature", "properties": { "fid": 1547, "Yapı No_Text": "-12" }, "geometry": { "type": "Point", "coordinates": [ 26.691696917000058, 39.312428821000026 ] } },
{ "type": "Feature", "properties": { "fid": 1548, "Yapı No_Text": "-13" }, "geometry": { "type": "Point", "coordinates": [ 26.691622910000035, 39.312465623000037 ] } },
{ "type": "Feature", "properties": { "fid": 1549, "Yapı No_Text": "-14" }, "geometry": { "type": "Point", "coordinates": [ 26.691577199000051, 39.312552829000026 ] } },
{ "type": "Feature", "properties": { "fid": 1550, "Yapı No_Text": "-15" }, "geometry": { "type": "Point", "coordinates": [ 26.691542391000041, 39.312595826000063 ] } },
{ "type": "Feature", "properties": { "fid": 1551, "Yapı No_Text": "-16" }, "geometry": { "type": "Point", "coordinates": [ 26.691516221000029, 39.312621743000079 ] } },
{ "type": "Feature", "properties": { "fid": 1552, "Yapı No_Text": "-17" }, "geometry": { "type": "Point", "coordinates": [ 26.691490893000037, 39.312648581000076 ] } },
{ "type": "Feature", "properties": { "fid": 1553, "Yapı No_Text": "157" }, "geometry": { "type": "Point", "coordinates": [ 26.691649054000038, 39.31269493700006 ] } },
{ "type": "Feature", "properties": { "fid": 1554, "Yapı No_Text": "158" }, "geometry": { "type": "Point", "coordinates": [ 26.69157111100003, 39.31249673700006 ] } },
{ "type": "Feature", "properties": { "fid": 1555, "Yapı No_Text": "-01" }, "geometry": { "type": "Point", "coordinates": [ 26.691620310000076, 39.313002974000028 ] } },
{ "type": "Feature", "properties": { "fid": 1556, "Yapı No_Text": "-02" }, "geometry": { "type": "Point", "coordinates": [ 26.69164545700005, 39.31296439700003 ] } },
{ "type": "Feature", "properties": { "fid": 1557, "Yapı No_Text": "-03" }, "geometry": { "type": "Point", "coordinates": [ 26.691674154000054, 39.312929088000033 ] } },
{ "type": "Feature", "properties": { "fid": 1558, "Yapı No_Text": "-04" }, "geometry": { "type": "Point", "coordinates": [ 26.691614770000058, 39.312879473000066 ] } },
{ "type": "Feature", "properties": { "fid": 1559, "Yapı No_Text": "305" }, "geometry": { "type": "Point", "coordinates": [ 26.691560478000042, 39.312946170000032 ] } },
{ "type": "Feature", "properties": { "fid": 1560, "Yapı No_Text": "-01" }, "geometry": { "type": "Point", "coordinates": [ 26.691462114000046, 39.312923089000037 ] } },
{ "type": "Feature", "properties": { "fid": 1561, "Yapı No_Text": "-02" }, "geometry": { "type": "Point", "coordinates": [ 26.691497567000056, 39.312808484000072 ] } },
{ "type": "Feature", "properties": { "fid": 1562, "Yapı No_Text": "-03" }, "geometry": { "type": "Point", "coordinates": [ 26.691419999000061, 39.31290043000007 ] } },
{ "type": "Feature", "properties": { "fid": 1563, "Yapı No_Text": "306" }, "geometry": { "type": "Point", "coordinates": [ 26.691466317000049, 39.312854943000048 ] } },
{ "type": "Feature", "properties": { "fid": 1564, "Yapı No_Text": "-01" }, "geometry": { "type": "Point", "coordinates": [ 26.691351685000029, 39.312836657000048 ] } },
{ "type": "Feature", "properties": { "fid": 1565, "Yapı No_Text": "-02" }, "geometry": { "type": "Point", "coordinates": [ 26.69140605900003, 39.312816410000039 ] } },
{ "type": "Feature", "properties": { "fid": 1566, "Yapı No_Text": "-03" }, "geometry": { "type": "Point", "coordinates": [ 26.691422437000028, 39.312766138000029 ] } },
{ "type": "Feature", "properties": { "fid": 1567, "Yapı No_Text": "-04" }, "geometry": { "type": "Point", "coordinates": [ 26.691314620000071, 39.312707981000074 ] } },
{ "type": "Feature", "properties": { "fid": 1568, "Yapı No_Text": "-05" }, "geometry": { "type": "Point", "coordinates": [ 26.691236796000055, 39.31281186700005 ] } },
{ "type": "Feature", "properties": { "fid": 1569, "Yapı No_Text": "307" }, "geometry": { "type": "Point", "coordinates": [ 26.691328975000033, 39.312767164000036 ] } },
{ "type": "Feature", "properties": { "fid": 1570, "Yapı No_Text": "-01" }, "geometry": { "type": "Point", "coordinates": [ 26.691302069000074, 39.313068930000043 ] } },
{ "type": "Feature", "properties": { "fid": 1571, "Yapı No_Text": "-02" }, "geometry": { "type": "Point", "coordinates": [ 26.691409732000068, 39.31297864000004 ] } },
{ "type": "Feature", "properties": { "fid": 1572, "Yapı No_Text": "-m " }, "geometry": { "type": "Point", "coordinates": [ 26.692978167000035, 39.313929692000045 ] } },
{ "type": "Feature", "properties": { "fid": 1573, "Yapı No_Text": "-m " }, "geometry": { "type": "Point", "coordinates": [ 26.693016385000078, 39.313909973000079 ] } },
{ "type": "Feature", "properties": { "fid": 1574, "Yapı No_Text": "-m " }, "geometry": { "type": "Point", "coordinates": [ 26.693074304000049, 39.313865209000028 ] } },
{ "type": "Feature", "properties": { "fid": 1575, "Yapı No_Text": "-m " }, "geometry": { "type": "Point", "coordinates": [ 26.693374283000026, 39.31389931800004 ] } },
{ "type": "Feature", "properties": { "fid": 1576, "Yapı No_Text": "-m " }, "geometry": { "type": "Point", "coordinates": [ 26.694121755000026, 39.313759724000079 ] } },
{ "type": "Feature", "properties": { "fid": 1577, "Yapı No_Text": "-m " }, "geometry": { "type": "Point", "coordinates": [ 26.69445021100006, 39.313461695000058 ] } },
{ "type": "Feature", "properties": { "fid": 1578, "Yapı No_Text": "-m " }, "geometry": { "type": "Point", "coordinates": [ 26.69440452300006, 39.313487745000032 ] } },
{ "type": "Feature", "properties": { "fid": 1579, "Yapı No_Text": "-m " }, "geometry": { "type": "Point", "coordinates": [ 26.694517978000079, 39.313127286000054 ] } },
{ "type": "Feature", "properties": { "fid": 1580, "Yapı No_Text": "-m " }, "geometry": { "type": "Point", "coordinates": [ 26.69443743000005, 39.313132458000041 ] } },
{ "type": "Feature", "properties": { "fid": 1581, "Yapı No_Text": "-m " }, "geometry": { "type": "Point", "coordinates": [ 26.694297884000036, 39.313181392000047 ] } },
{ "type": "Feature", "properties": { "fid": 1582, "Yapı No_Text": "-m " }, "geometry": { "type": "Point", "coordinates": [ 26.693301549000068, 39.313661912000043 ] } },
{ "type": "Feature", "properties": { "fid": 1583, "Yapı No_Text": "-m " }, "geometry": { "type": "Point", "coordinates": [ 26.693438706000052, 39.31331517600006 ] } },
{ "type": "Feature", "properties": { "fid": 1584, "Yapı No_Text": "-m " }, "geometry": { "type": "Point", "coordinates": [ 26.692869359000042, 39.313357127000074 ] } },
{ "type": "Feature", "properties": { "fid": 1585, "Yapı No_Text": "-m " }, "geometry": { "type": "Point", "coordinates": [ 26.692720090000023, 39.313329062000037 ] } },
{ "type": "Feature", "properties": { "fid": 1586, "Yapı No_Text": "-m " }, "geometry": { "type": "Point", "coordinates": [ 26.692439654000054, 39.313142302000074 ] } },
{ "type": "Feature", "properties": { "fid": 1587, "Yapı No_Text": "-m " }, "geometry": { "type": "Point", "coordinates": [ 26.69239456400004, 39.313312518000032 ] } },
{ "type": "Feature", "properties": { "fid": 1588, "Yapı No_Text": "-m " }, "geometry": { "type": "Point", "coordinates": [ 26.692601399000068, 39.312890713000058 ] } },
{ "type": "Feature", "properties": { "fid": 1589, "Yapı No_Text": "-m " }, "geometry": { "type": "Point", "coordinates": [ 26.691908604000048, 39.312874436000072 ] } },
{ "type": "Feature", "properties": { "fid": 1590, "Yapı No_Text": "-m " }, "geometry": { "type": "Point", "coordinates": [ 26.692037766000055, 39.312650812000072 ] } },
{ "type": "Feature", "properties": { "fid": 1591, "Yapı No_Text": "-m " }, "geometry": { "type": "Point", "coordinates": [ 26.691578550000031, 39.312439318000031 ] } },
{ "type": "Feature", "properties": { "fid": 1592, "Yapı No_Text": "-m " }, "geometry": { "type": "Point", "coordinates": [ 26.691360441000029, 39.313035131000049 ] } },
{ "type": "Feature", "properties": { "fid": 1593, "Yapı No_Text": "312" }, "geometry": { "type": "Point", "coordinates": [ 26.691354974000035, 39.313039285000059 ] } },
{ "type": "Feature", "properties": { "fid": 1594, "Yapı No_Text": "-01" }, "geometry": { "type": "Point", "coordinates": [ 26.692866939000055, 39.315700122000067 ] } },
{ "type": "Feature", "properties": { "fid": 1595, "Yapı No_Text": "-02" }, "geometry": { "type": "Point", "coordinates": [ 26.692951579000066, 39.315638529000069 ] } },
{ "type": "Feature", "properties": { "fid": 1596, "Yapı No_Text": "-03" }, "geometry": { "type": "Point", "coordinates": [ 26.693045619000031, 39.315638938000063 ] } },
{ "type": "Feature", "properties": { "fid": 1597, "Yapı No_Text": "-04" }, "geometry": { "type": "Point", "coordinates": [ 26.693068124000035, 39.315618276000066 ] } },
{ "type": "Feature", "properties": { "fid": 1598, "Yapı No_Text": "-05" }, "geometry": { "type": "Point", "coordinates": [ 26.69310934300006, 39.315597657000069 ] } },
{ "type": "Feature", "properties": { "fid": 1599, "Yapı No_Text": "-06" }, "geometry": { "type": "Point", "coordinates": [ 26.693150628000069, 39.315568825000071 ] } },
{ "type": "Feature", "properties": { "fid": 1600, "Yapı No_Text": "-07" }, "geometry": { "type": "Point", "coordinates": [ 26.693295450000051, 39.315527221000025 ] } },
{ "type": "Feature", "properties": { "fid": 1601, "Yapı No_Text": "-08" }, "geometry": { "type": "Point", "coordinates": [ 26.693372622000027, 39.315511947000061 ] } },
{ "type": "Feature", "properties": { "fid": 1602, "Yapı No_Text": "-09" }, "geometry": { "type": "Point", "coordinates": [ 26.693431242000031, 39.315486112000031 ] } },
{ "type": "Feature", "properties": { "fid": 1603, "Yapı No_Text": "-10" }, "geometry": { "type": "Point", "coordinates": [ 26.693483081000068, 39.315455630000031 ] } },
{ "type": "Feature", "properties": { "fid": 1604, "Yapı No_Text": "-11" }, "geometry": { "type": "Point", "coordinates": [ 26.693544787000064, 39.315409871000043 ] } },
{ "type": "Feature", "properties": { "fid": 1605, "Yapı No_Text": "-12" }, "geometry": { "type": "Point", "coordinates": [ 26.693595244000051, 39.315352095000037 ] } },
{ "type": "Feature", "properties": { "fid": 1606, "Yapı No_Text": "-13" }, "geometry": { "type": "Point", "coordinates": [ 26.693696100000068, 39.315337293000027 ] } },
{ "type": "Feature", "properties": { "fid": 1607, "Yapı No_Text": "-14" }, "geometry": { "type": "Point", "coordinates": [ 26.693731815000035, 39.315310860000068 ] } },
{ "type": "Feature", "properties": { "fid": 1608, "Yapı No_Text": "-16" }, "geometry": { "type": "Point", "coordinates": [ 26.693829113000049, 39.315270429000066 ] } },
{ "type": "Feature", "properties": { "fid": 1609, "Yapı No_Text": "-15" }, "geometry": { "type": "Point", "coordinates": [ 26.693759076000049, 39.315278072000069 ] } },
{ "type": "Feature", "properties": { "fid": 1610, "Yapı No_Text": "-17" }, "geometry": { "type": "Point", "coordinates": [ 26.693758174000038, 39.315188866000028 ] } },
{ "type": "Feature", "properties": { "fid": 1611, "Yapı No_Text": "-18" }, "geometry": { "type": "Point", "coordinates": [ 26.693692955000074, 39.315142554000033 ] } },
{ "type": "Feature", "properties": { "fid": 1612, "Yapı No_Text": "-19" }, "geometry": { "type": "Point", "coordinates": [ 26.693695086000048, 39.315100276000067 ] } },
{ "type": "Feature", "properties": { "fid": 1613, "Yapı No_Text": "-21" }, "geometry": { "type": "Point", "coordinates": [ 26.693618621000041, 39.315188495000029 ] } },
{ "type": "Feature", "properties": { "fid": 1614, "Yapı No_Text": "-22" }, "geometry": { "type": "Point", "coordinates": [ 26.693474228000071, 39.315276491000077 ] } },
{ "type": "Feature", "properties": { "fid": 1615, "Yapı No_Text": "-23" }, "geometry": { "type": "Point", "coordinates": [ 26.693334166000056, 39.31536316100005 ] } },
{ "type": "Feature", "properties": { "fid": 1616, "Yapı No_Text": "-24" }, "geometry": { "type": "Point", "coordinates": [ 26.693161635000024, 39.315461587000073 ] } },
{ "type": "Feature", "properties": { "fid": 1617, "Yapı No_Text": "-25" }, "geometry": { "type": "Point", "coordinates": [ 26.692975542000056, 39.315569928000059 ] } },
{ "type": "Feature", "properties": { "fid": 1618, "Yapı No_Text": "-26" }, "geometry": { "type": "Point", "coordinates": [ 26.692920035000043, 39.315580220000072 ] } },
{ "type": "Feature", "properties": { "fid": 1619, "Yapı No_Text": "-27" }, "geometry": { "type": "Point", "coordinates": [ 26.692841558000055, 39.315626860000066 ] } },
{ "type": "Feature", "properties": { "fid": 1620, "Yapı No_Text": "-20" }, "geometry": { "type": "Point", "coordinates": [ 26.693648063000069, 39.31516399800006 ] } },
{ "type": "Feature", "properties": { "fid": 1621, "Yapı No_Text": "424" }, "geometry": { "type": "Point", "coordinates": [ 26.693312425000045, 39.315444311000078 ] } },
{ "type": "Feature", "properties": { "fid": 1622, "Yapı No_Text": "-01" }, "geometry": { "type": "Point", "coordinates": [ 26.692969856000047, 39.315963280000062 ] } },
{ "type": "Feature", "properties": { "fid": 1623, "Yapı No_Text": "-02" }, "geometry": { "type": "Point", "coordinates": [ 26.693014933000029, 39.315938951000078 ] } },
{ "type": "Feature", "properties": { "fid": 1624, "Yapı No_Text": "-03" }, "geometry": { "type": "Point", "coordinates": [ 26.693068666000045, 39.315914336000048 ] } },
{ "type": "Feature", "properties": { "fid": 1625, "Yapı No_Text": "-04" }, "geometry": { "type": "Point", "coordinates": [ 26.693145916000049, 39.315890010000032 ] } },
{ "type": "Feature", "properties": { "fid": 1626, "Yapı No_Text": "-05" }, "geometry": { "type": "Point", "coordinates": [ 26.693195244000037, 39.315850986000044 ] } },
{ "type": "Feature", "properties": { "fid": 1627, "Yapı No_Text": "-06" }, "geometry": { "type": "Point", "coordinates": [ 26.693230343000039, 39.315823653000052 ] } },
{ "type": "Feature", "properties": { "fid": 1628, "Yapı No_Text": "-07" }, "geometry": { "type": "Point", "coordinates": [ 26.693298312000024, 39.315824818000067 ] } },
{ "type": "Feature", "properties": { "fid": 1629, "Yapı No_Text": "-08" }, "geometry": { "type": "Point", "coordinates": [ 26.693340456000044, 39.315786468000056 ] } },
{ "type": "Feature", "properties": { "fid": 1630, "Yapı No_Text": "-09" }, "geometry": { "type": "Point", "coordinates": [ 26.693391279000025, 39.315760154000031 ] } },
{ "type": "Feature", "properties": { "fid": 1631, "Yapı No_Text": "-10" }, "geometry": { "type": "Point", "coordinates": [ 26.693503518000057, 39.315729030000057 ] } },
{ "type": "Feature", "properties": { "fid": 1632, "Yapı No_Text": "-11" }, "geometry": { "type": "Point", "coordinates": [ 26.693558134000057, 39.315714427000046 ] } },
{ "type": "Feature", "properties": { "fid": 1633, "Yapı No_Text": "-12" }, "geometry": { "type": "Point", "coordinates": [ 26.693615133000037, 39.315683761000059 ] } },
{ "type": "Feature", "properties": { "fid": 1634, "Yapı No_Text": "-13" }, "geometry": { "type": "Point", "coordinates": [ 26.693663196000045, 39.315657686000065 ] } },
{ "type": "Feature", "properties": { "fid": 1635, "Yapı No_Text": "-14" }, "geometry": { "type": "Point", "coordinates": [ 26.693744512000023, 39.31561391200006 ] } },
{ "type": "Feature", "properties": { "fid": 1636, "Yapı No_Text": "-16" }, "geometry": { "type": "Point", "coordinates": [ 26.693846364000024, 39.315576988000032 ] } },
{ "type": "Feature", "properties": { "fid": 1637, "Yapı No_Text": "-15" }, "geometry": { "type": "Point", "coordinates": [ 26.693784932000028, 39.315591402000052 ] } },
{ "type": "Feature", "properties": { "fid": 1638, "Yapı No_Text": "-17" }, "geometry": { "type": "Point", "coordinates": [ 26.693896997000024, 39.31556245400003 ] } },
{ "type": "Feature", "properties": { "fid": 1639, "Yapı No_Text": "-18" }, "geometry": { "type": "Point", "coordinates": [ 26.693949881000037, 39.315541299000074 ] } },
{ "type": "Feature", "properties": { "fid": 1640, "Yapı No_Text": "-19" }, "geometry": { "type": "Point", "coordinates": [ 26.694021271000054, 39.315521347000072 ] } },
{ "type": "Feature", "properties": { "fid": 1641, "Yapı No_Text": "-21" }, "geometry": { "type": "Point", "coordinates": [ 26.693991071000028, 39.31536348800006 ] } },
{ "type": "Feature", "properties": { "fid": 1642, "Yapı No_Text": "-22" }, "geometry": { "type": "Point", "coordinates": [ 26.693983627000023, 39.315305423000041 ] } },
{ "type": "Feature", "properties": { "fid": 1643, "Yapı No_Text": "-23" }, "geometry": { "type": "Point", "coordinates": [ 26.693923528000028, 39.315320549000035 ] } },
{ "type": "Feature", "properties": { "fid": 1644, "Yapı No_Text": "-24" }, "geometry": { "type": "Point", "coordinates": [ 26.693891982000025, 39.315342730000054 ] } },
{ "type": "Feature", "properties": { "fid": 1645, "Yapı No_Text": "-25" }, "geometry": { "type": "Point", "coordinates": [ 26.69384965200004, 39.315397637000046 ] } },
{ "type": "Feature", "properties": { "fid": 1646, "Yapı No_Text": "-26" }, "geometry": { "type": "Point", "coordinates": [ 26.693768710000029, 39.315422919000071 ] } },
{ "type": "Feature", "properties": { "fid": 1647, "Yapı No_Text": "-27" }, "geometry": { "type": "Point", "coordinates": [ 26.693728390000047, 39.315443543000072 ] } },
{ "type": "Feature", "properties": { "fid": 1648, "Yapı No_Text": "-20" }, "geometry": { "type": "Point", "coordinates": [ 26.69405830200003, 39.315485722000062 ] } },
{ "type": "Feature", "properties": { "fid": 1649, "Yapı No_Text": "-38" }, "geometry": { "type": "Point", "coordinates": [ 26.692919940000024, 39.315791041000068 ] } },
{ "type": "Feature", "properties": { "fid": 1650, "Yapı No_Text": "-28" }, "geometry": { "type": "Point", "coordinates": [ 26.69368103100004, 39.315470293000033 ] } },
{ "type": "Feature", "properties": { "fid": 1651, "Yapı No_Text": "-29" }, "geometry": { "type": "Point", "coordinates": [ 26.693639265000058, 39.315501442000027 ] } },
{ "type": "Feature", "properties": { "fid": 1652, "Yapı No_Text": "-30" }, "geometry": { "type": "Point", "coordinates": [ 26.693562649000057, 39.315536459000043 ] } },
{ "type": "Feature", "properties": { "fid": 1653, "Yapı No_Text": "-34" }, "geometry": { "type": "Point", "coordinates": [ 26.69328450200004, 39.315663658000062 ] } },
{ "type": "Feature", "properties": { "fid": 1654, "Yapı No_Text": "-35" }, "geometry": { "type": "Point", "coordinates": [ 26.693208642000059, 39.315688910000063 ] } },
{ "type": "Feature", "properties": { "fid": 1655, "Yapı No_Text": "-36" }, "geometry": { "type": "Point", "coordinates": [ 26.693127268000069, 39.315724532000047 ] } },
{ "type": "Feature", "properties": { "fid": 1656, "Yapı No_Text": "-37" }, "geometry": { "type": "Point", "coordinates": [ 26.693024146000027, 39.315742758000056 ] } },
{ "type": "Feature", "properties": { "fid": 1657, "Yapı No_Text": "-39" }, "geometry": { "type": "Point", "coordinates": [ 26.692953500000044, 39.31588673400006 ] } },
{ "type": "Feature", "properties": { "fid": 1658, "Yapı No_Text": "-31" }, "geometry": { "type": "Point", "coordinates": [ 26.693497256000057, 39.315565508000077 ] } },
{ "type": "Feature", "properties": { "fid": 1659, "Yapı No_Text": "-32" }, "geometry": { "type": "Point", "coordinates": [ 26.693426481000074, 39.315589127000067 ] } },
{ "type": "Feature", "properties": { "fid": 1660, "Yapı No_Text": "-33" }, "geometry": { "type": "Point", "coordinates": [ 26.693351606000078, 39.315628989000061 ] } },
{ "type": "Feature", "properties": { "fid": 1661, "Yapı No_Text": "485" }, "geometry": { "type": "Point", "coordinates": [ 26.694473333000076, 39.315254551000066 ] } },
{ "type": "Feature", "properties": { "fid": 1662, "Yapı No_Text": "-01" }, "geometry": { "type": "Point", "coordinates": [ 26.694240244000071, 39.315442955000037 ] } },
{ "type": "Feature", "properties": { "fid": 1663, "Yapı No_Text": "-02" }, "geometry": { "type": "Point", "coordinates": [ 26.694294091000074, 39.315431351000029 ] } },
{ "type": "Feature", "properties": { "fid": 1664, "Yapı No_Text": "-03" }, "geometry": { "type": "Point", "coordinates": [ 26.694506745000069, 39.31539362500007 ] } },
{ "type": "Feature", "properties": { "fid": 1665, "Yapı No_Text": "-04" }, "geometry": { "type": "Point", "coordinates": [ 26.694590380000079, 39.315348346000064 ] } },
{ "type": "Feature", "properties": { "fid": 1666, "Yapı No_Text": "-05" }, "geometry": { "type": "Point", "coordinates": [ 26.694645390000062, 39.315313859000071 ] } },
{ "type": "Feature", "properties": { "fid": 1667, "Yapı No_Text": "-06" }, "geometry": { "type": "Point", "coordinates": [ 26.694737506000024, 39.315260615000057 ] } },
{ "type": "Feature", "properties": { "fid": 1668, "Yapı No_Text": "-07" }, "geometry": { "type": "Point", "coordinates": [ 26.694836344000066, 39.315235340000072 ] } },
{ "type": "Feature", "properties": { "fid": 1669, "Yapı No_Text": "-08" }, "geometry": { "type": "Point", "coordinates": [ 26.694920939000042, 39.315242580000074 ] } },
{ "type": "Feature", "properties": { "fid": 1670, "Yapı No_Text": "-09" }, "geometry": { "type": "Point", "coordinates": [ 26.694925113000068, 39.315194357000053 ] } },
{ "type": "Feature", "properties": { "fid": 1671, "Yapı No_Text": "-10" }, "geometry": { "type": "Point", "coordinates": [ 26.694916991000071, 39.315142320000064 ] } },
{ "type": "Feature", "properties": { "fid": 1672, "Yapı No_Text": "-11" }, "geometry": { "type": "Point", "coordinates": [ 26.694905292000044, 39.315081963000068 ] } },
{ "type": "Feature", "properties": { "fid": 1673, "Yapı No_Text": "-13" }, "geometry": { "type": "Point", "coordinates": [ 26.694608108000068, 39.31518860400007 ] } },
{ "type": "Feature", "properties": { "fid": 1674, "Yapı No_Text": "-14" }, "geometry": { "type": "Point", "coordinates": [ 26.694514494000032, 39.315111624000053 ] } },
{ "type": "Feature", "properties": { "fid": 1675, "Yapı No_Text": "-16" }, "geometry": { "type": "Point", "coordinates": [ 26.694623440000044, 39.315050706000079 ] } },
{ "type": "Feature", "properties": { "fid": 1676, "Yapı No_Text": "-15" }, "geometry": { "type": "Point", "coordinates": [ 26.694562163000057, 39.315092298000025 ] } },
{ "type": "Feature", "properties": { "fid": 1677, "Yapı No_Text": "-17" }, "geometry": { "type": "Point", "coordinates": [ 26.694888388000038, 39.314999070000056 ] } },
{ "type": "Feature", "properties": { "fid": 1678, "Yapı No_Text": "-18" }, "geometry": { "type": "Point", "coordinates": [ 26.69444866300006, 39.315105348000031 ] } },
{ "type": "Feature", "properties": { "fid": 1679, "Yapı No_Text": "-19" }, "geometry": { "type": "Point", "coordinates": [ 26.694396930000039, 39.315165815000057 ] } },
{ "type": "Feature", "properties": { "fid": 1680, "Yapı No_Text": "-20" }, "geometry": { "type": "Point", "coordinates": [ 26.69430548400004, 39.315156486000035 ] } },
{ "type": "Feature", "properties": { "fid": 1681, "Yapı No_Text": "-12" }, "geometry": { "type": "Point", "coordinates": [ 26.694668533000026, 39.315152999000077 ] } },
{ "type": "Feature", "properties": { "fid": 1682, "Yapı No_Text": "-21" }, "geometry": { "type": "Point", "coordinates": [ 26.69425701800003, 39.315189628000041 ] } },
{ "type": "Feature", "properties": { "fid": 1683, "Yapı No_Text": "-22" }, "geometry": { "type": "Point", "coordinates": [ 26.694210609000038, 39.315196849000074 ] } },
{ "type": "Feature", "properties": { "fid": 1684, "Yapı No_Text": "-23" }, "geometry": { "type": "Point", "coordinates": [ 26.69416276100003, 39.315224083000032 ] } },
{ "type": "Feature", "properties": { "fid": 1685, "Yapı No_Text": "-24" }, "geometry": { "type": "Point", "coordinates": [ 26.694088248000071, 39.315265692000025 ] } },
{ "type": "Feature", "properties": { "fid": 1686, "Yapı No_Text": "-25" }, "geometry": { "type": "Point", "coordinates": [ 26.694146849000049, 39.315310125000053 ] } },
{ "type": "Feature", "properties": { "fid": 1687, "Yapı No_Text": "-01" }, "geometry": { "type": "Point", "coordinates": [ 26.694475254000054, 39.315706281000075 ] } },
{ "type": "Feature", "properties": { "fid": 1688, "Yapı No_Text": "-02" }, "geometry": { "type": "Point", "coordinates": [ 26.694529070000044, 39.315676864000068 ] } },
{ "type": "Feature", "properties": { "fid": 1689, "Yapı No_Text": "-03" }, "geometry": { "type": "Point", "coordinates": [ 26.694597950000059, 39.315657281000028 ] } },
{ "type": "Feature", "properties": { "fid": 1690, "Yapı No_Text": "-04" }, "geometry": { "type": "Point", "coordinates": [ 26.694638736000059, 39.315637861000027 ] } },
{ "type": "Feature", "properties": { "fid": 1691, "Yapı No_Text": "-05" }, "geometry": { "type": "Point", "coordinates": [ 26.694684227000039, 39.315617269000029 ] } },
{ "type": "Feature", "properties": { "fid": 1692, "Yapı No_Text": "-06" }, "geometry": { "type": "Point", "coordinates": [ 26.694772041000078, 39.315609425000048 ] } },
{ "type": "Feature", "properties": { "fid": 1693, "Yapı No_Text": "-07" }, "geometry": { "type": "Point", "coordinates": [ 26.694822929000054, 39.315593198000045 ] } },
{ "type": "Feature", "properties": { "fid": 1694, "Yapı No_Text": "-08" }, "geometry": { "type": "Point", "coordinates": [ 26.694890912000062, 39.315588657000035 ] } },
{ "type": "Feature", "properties": { "fid": 1695, "Yapı No_Text": "-09" }, "geometry": { "type": "Point", "coordinates": [ 26.694951511000056, 39.31557566500004 ] } },
{ "type": "Feature", "properties": { "fid": 1696, "Yapı No_Text": "-10" }, "geometry": { "type": "Point", "coordinates": [ 26.69503768900006, 39.315575967000029 ] } },
{ "type": "Feature", "properties": { "fid": 1697, "Yapı No_Text": "-11" }, "geometry": { "type": "Point", "coordinates": [ 26.69501199900003, 39.315533827000024 ] } },
{ "type": "Feature", "properties": { "fid": 1698, "Yapı No_Text": "-14a" }, "geometry": { "type": "Point", "coordinates": [ 26.694958353000061, 39.315381344000059 ] } },
{ "type": "Feature", "properties": { "fid": 1699, "Yapı No_Text": "-16" }, "geometry": { "type": "Point", "coordinates": [ 26.694809532000079, 39.315407695000033 ] } },
{ "type": "Feature", "properties": { "fid": 1700, "Yapı No_Text": "-15" }, "geometry": { "type": "Point", "coordinates": [ 26.694846237000036, 39.315355512000053 ] } },
{ "type": "Feature", "properties": { "fid": 1701, "Yapı No_Text": "-12" }, "geometry": { "type": "Point", "coordinates": [ 26.694973283000024, 39.315480597000033 ] } },
{ "type": "Feature", "properties": { "fid": 1702, "Yapı No_Text": "-13" }, "geometry": { "type": "Point", "coordinates": [ 26.694971382000062, 39.315430159000073 ] } },
{ "type": "Feature", "properties": { "fid": 1703, "Yapı No_Text": "-14" }, "geometry": { "type": "Point", "coordinates": [ 26.694920588000059, 39.315339588000029 ] } },
{ "type": "Feature", "properties": { "fid": 1704, "Yapı No_Text": "-17" }, "geometry": { "type": "Point", "coordinates": [ 26.694741810000039, 39.31544013000007 ] } },
{ "type": "Feature", "properties": { "fid": 1705, "Yapı No_Text": "-18" }, "geometry": { "type": "Point", "coordinates": [ 26.69460256900004, 39.315520648000074 ] } },
{ "type": "Feature", "properties": { "fid": 1706, "Yapı No_Text": "-19" }, "geometry": { "type": "Point", "coordinates": [ 26.694535921000067, 39.31550868100004 ] } },
{ "type": "Feature", "properties": { "fid": 1707, "Yapı No_Text": "-21b" }, "geometry": { "type": "Point", "coordinates": [ 26.694407020000028, 39.315532656000073 ] } },
{ "type": "Feature", "properties": { "fid": 1708, "Yapı No_Text": "-22" }, "geometry": { "type": "Point", "coordinates": [ 26.694441792000077, 39.315628218000029 ] } },
{ "type": "Feature", "properties": { "fid": 1709, "Yapı No_Text": "-23" }, "geometry": { "type": "Point", "coordinates": [ 26.694456887000058, 39.315678450000064 ] } },
{ "type": "Feature", "properties": { "fid": 1710, "Yapı No_Text": "-20" }, "geometry": { "type": "Point", "coordinates": [ 26.69447298700004, 39.315531063000037 ] } },
{ "type": "Feature", "properties": { "fid": 1711, "Yapı No_Text": "-21a" }, "geometry": { "type": "Point", "coordinates": [ 26.694392682000057, 39.315569781000079 ] } },
{ "type": "Feature", "properties": { "fid": 1712, "Yapı No_Text": "484" }, "geometry": { "type": "Point", "coordinates": [ 26.694756859000051, 39.315510798000048 ] } },
{ "type": "Feature", "properties": { "fid": 1713, "Yapı No_Text": "425" }, "geometry": { "type": "Point", "coordinates": [ 26.693380818000037, 39.315699707000078 ] } },
{ "type": "Feature", "properties": { "fid": 1714, "Yapı No_Text": "-01a" }, "geometry": { "type": "Point", "coordinates": [ 26.691125847000023, 39.312981794000052 ] } },
{ "type": "Feature", "properties": { "fid": 1715, "Yapı No_Text": "-02" }, "geometry": { "type": "Point", "coordinates": [ 26.691174384000078, 39.312900002000049 ] } },
{ "type": "Feature", "properties": { "fid": 1716, "Yapı No_Text": "-03" }, "geometry": { "type": "Point", "coordinates": [ 26.691230158000053, 39.312894546000052 ] } },
{ "type": "Feature", "properties": { "fid": 1717, "Yapı No_Text": "-04" }, "geometry": { "type": "Point", "coordinates": [ 26.691277948000049, 39.31293318400003 ] } },
{ "type": "Feature", "properties": { "fid": 1718, "Yapı No_Text": "-01b" }, "geometry": { "type": "Point", "coordinates": [ 26.691245096000046, 39.312998222000033 ] } },
{ "type": "Feature", "properties": { "fid": 1719, "Yapı No_Text": "-01" }, "geometry": { "type": "Point", "coordinates": [ 26.695346989000029, 39.314859355000067 ] } },
{ "type": "Feature", "properties": { "fid": 1720, "Yapı No_Text": "-02" }, "geometry": { "type": "Point", "coordinates": [ 26.695400809000034, 39.314829941000028 ] } },
{ "type": "Feature", "properties": { "fid": 1721, "Yapı No_Text": "-03" }, "geometry": { "type": "Point", "coordinates": [ 26.695500269000036, 39.314839156000062 ] } },
{ "type": "Feature", "properties": { "fid": 1722, "Yapı No_Text": "-04" }, "geometry": { "type": "Point", "coordinates": [ 26.695612574000052, 39.314799282000024 ] } },
{ "type": "Feature", "properties": { "fid": 1723, "Yapı No_Text": "-05" }, "geometry": { "type": "Point", "coordinates": [ 26.695676449000075, 39.31479368600003 ] } },
{ "type": "Feature", "properties": { "fid": 1724, "Yapı No_Text": "-06" }, "geometry": { "type": "Point", "coordinates": [ 26.695722007000029, 39.314743793000048 ] } },
{ "type": "Feature", "properties": { "fid": 1725, "Yapı No_Text": "-07" }, "geometry": { "type": "Point", "coordinates": [ 26.695617260000063, 39.314632195000058 ] } },
{ "type": "Feature", "properties": { "fid": 1726, "Yapı No_Text": "-08" }, "geometry": { "type": "Point", "coordinates": [ 26.695629164000025, 39.314498095000033 ] } },
{ "type": "Feature", "properties": { "fid": 1727, "Yapı No_Text": "-09" }, "geometry": { "type": "Point", "coordinates": [ 26.695537542000068, 39.314534765000076 ] } },
{ "type": "Feature", "properties": { "fid": 1728, "Yapı No_Text": "-10" }, "geometry": { "type": "Point", "coordinates": [ 26.695383927000023, 39.31459295600007 ] } },
{ "type": "Feature", "properties": { "fid": 1729, "Yapı No_Text": "-11" }, "geometry": { "type": "Point", "coordinates": [ 26.695257600000048, 39.31462799500008 ] } },
{ "type": "Feature", "properties": { "fid": 1730, "Yapı No_Text": "-14" }, "geometry": { "type": "Point", "coordinates": [ 26.695313767000073, 39.314769052000031 ] } },
{ "type": "Feature", "properties": { "fid": 1731, "Yapı No_Text": "-15" }, "geometry": { "type": "Point", "coordinates": [ 26.695308299000033, 39.314807526000038 ] } },
{ "type": "Feature", "properties": { "fid": 1732, "Yapı No_Text": "-12" }, "geometry": { "type": "Point", "coordinates": [ 26.695262627000034, 39.314689333000047 ] } },
{ "type": "Feature", "properties": { "fid": 1733, "Yapı No_Text": "-13" }, "geometry": { "type": "Point", "coordinates": [ 26.695279084000049, 39.314733903000047 ] } },
{ "type": "Feature", "properties": { "fid": 1734, "Yapı No_Text": "413" }, "geometry": { "type": "Point", "coordinates": [ 26.695507762000034, 39.314681472000075 ] } },
{ "type": "Feature", "properties": { "fid": 1735, "Yapı No_Text": "-01" }, "geometry": { "type": "Point", "coordinates": [ 26.695144984000024, 39.314918522000028 ] } },
{ "type": "Feature", "properties": { "fid": 1736, "Yapı No_Text": "-02" }, "geometry": { "type": "Point", "coordinates": [ 26.695142175000058, 39.314846638000063 ] } },
{ "type": "Feature", "properties": { "fid": 1737, "Yapı No_Text": "-03" }, "geometry": { "type": "Point", "coordinates": [ 26.695115314000077, 39.314802692000058 ] } },
{ "type": "Feature", "properties": { "fid": 1738, "Yapı No_Text": "-04" }, "geometry": { "type": "Point", "coordinates": [ 26.695078631000058, 39.314760498000055 ] } },
{ "type": "Feature", "properties": { "fid": 1739, "Yapı No_Text": "-05" }, "geometry": { "type": "Point", "coordinates": [ 26.694997368000031, 39.314729729000078 ] } },
{ "type": "Feature", "properties": { "fid": 1740, "Yapı No_Text": "-06" }, "geometry": { "type": "Point", "coordinates": [ 26.695036084000037, 39.314662587000043 ] } },
{ "type": "Feature", "properties": { "fid": 1741, "Yapı No_Text": "-07" }, "geometry": { "type": "Point", "coordinates": [ 26.695008529000063, 39.31463294200006 ] } },
{ "type": "Feature", "properties": { "fid": 1742, "Yapı No_Text": "-08" }, "geometry": { "type": "Point", "coordinates": [ 26.695006010000043, 39.314581007000072 ] } },
{ "type": "Feature", "properties": { "fid": 1743, "Yapı No_Text": "-09" }, "geometry": { "type": "Point", "coordinates": [ 26.694936299000062, 39.314596214000062 ] } },
{ "type": "Feature", "properties": { "fid": 1744, "Yapı No_Text": "-10" }, "geometry": { "type": "Point", "coordinates": [ 26.694872751000048, 39.314611308000053 ] } },
{ "type": "Feature", "properties": { "fid": 1745, "Yapı No_Text": "-11" }, "geometry": { "type": "Point", "coordinates": [ 26.69495048400006, 39.314796342000079 ] } },
{ "type": "Feature", "properties": { "fid": 1746, "Yapı No_Text": "412" }, "geometry": { "type": "Point", "coordinates": [ 26.695013399000061, 39.314857208000035 ] } },
{ "type": "Feature", "properties": { "fid": 1747, "Yapı No_Text": "-01" }, "geometry": { "type": "Point", "coordinates": [ 26.695084361000056, 39.315237576000072 ] } },
{ "type": "Feature", "properties": { "fid": 1748, "Yapı No_Text": "-02" }, "geometry": { "type": "Point", "coordinates": [ 26.695166328000028, 39.315241180000044 ] } },
{ "type": "Feature", "properties": { "fid": 1749, "Yapı No_Text": "-03" }, "geometry": { "type": "Point", "coordinates": [ 26.695282059000078, 39.315241179000054 ] } },
{ "type": "Feature", "properties": { "fid": 1750, "Yapı No_Text": "-04" }, "geometry": { "type": "Point", "coordinates": [ 26.695277250000061, 39.31519090900008 ] } },
{ "type": "Feature", "properties": { "fid": 1751, "Yapı No_Text": "-05a" }, "geometry": { "type": "Point", "coordinates": [ 26.695265297000049, 39.315150034000055 ] } },
{ "type": "Feature", "properties": { "fid": 1752, "Yapı No_Text": "-06" }, "geometry": { "type": "Point", "coordinates": [ 26.695248113000048, 39.315084227000057 ] } },
{ "type": "Feature", "properties": { "fid": 1753, "Yapı No_Text": "-09" }, "geometry": { "type": "Point", "coordinates": [ 26.695054515000038, 39.315159476000076 ] } },
{ "type": "Feature", "properties": { "fid": 1754, "Yapı No_Text": "-08a" }, "geometry": { "type": "Point", "coordinates": [ 26.695030007000071, 39.315039457000069 ] } },
{ "type": "Feature", "properties": { "fid": 1755, "Yapı No_Text": "-08b" }, "geometry": { "type": "Point", "coordinates": [ 26.695039229000031, 39.315112777000024 ] } },
{ "type": "Feature", "properties": { "fid": 1756, "Yapı No_Text": "-07" }, "geometry": { "type": "Point", "coordinates": [ 26.695217433000039, 39.31502419900005 ] } },
{ "type": "Feature", "properties": { "fid": 1757, "Yapı No_Text": "-05b" }, "geometry": { "type": "Point", "coordinates": [ 26.695252875000051, 39.315117842000063 ] } },
{ "type": "Feature", "properties": { "fid": 1758, "Yapı No_Text": "411" }, "geometry": { "type": "Point", "coordinates": [ 26.695134668000037, 39.315142791000028 ] } },
{ "type": "Feature", "properties": { "fid": 1759, "Yapı No_Text": "-01" }, "geometry": { "type": "Point", "coordinates": [ 26.693961708000074, 39.314853293000056 ] } },
{ "type": "Feature", "properties": { "fid": 1760, "Yapı No_Text": "-02" }, "geometry": { "type": "Point", "coordinates": [ 26.694015528000023, 39.314823878000027 ] } },
{ "type": "Feature", "properties": { "fid": 1761, "Yapı No_Text": "-05" }, "geometry": { "type": "Point", "coordinates": [ 26.694168914000045, 39.314735995000035 ] } },
{ "type": "Feature", "properties": { "fid": 1762, "Yapı No_Text": "-06" }, "geometry": { "type": "Point", "coordinates": [ 26.694255662000046, 39.314711475000024 ] } },
{ "type": "Feature", "properties": { "fid": 1763, "Yapı No_Text": "-03" }, "geometry": { "type": "Point", "coordinates": [ 26.69408050800007, 39.31479919800006 ] } },
{ "type": "Feature", "properties": { "fid": 1764, "Yapı No_Text": "-04" }, "geometry": { "type": "Point", "coordinates": [ 26.694104628000048, 39.314745378000055 ] } },
{ "type": "Feature", "properties": { "fid": 1765, "Yapı No_Text": "-07" }, "geometry": { "type": "Point", "coordinates": [ 26.694008795000059, 39.314522491000048 ] } },
{ "type": "Feature", "properties": { "fid": 1766, "Yapı No_Text": "-08" }, "geometry": { "type": "Point", "coordinates": [ 26.693927261000056, 39.314560347000054 ] } },
{ "type": "Feature", "properties": { "fid": 1767, "Yapı No_Text": "-09" }, "geometry": { "type": "Point", "coordinates": [ 26.693835644000046, 39.314599919000045 ] } },
{ "type": "Feature", "properties": { "fid": 1768, "Yapı No_Text": "-10" }, "geometry": { "type": "Point", "coordinates": [ 26.693839590000039, 39.314682408000067 ] } },
{ "type": "Feature", "properties": { "fid": 1769, "Yapı No_Text": "-11" }, "geometry": { "type": "Point", "coordinates": [ 26.69386455700004, 39.314731120000033 ] } },
{ "type": "Feature", "properties": { "fid": 1770, "Yapı No_Text": "-12" }, "geometry": { "type": "Point", "coordinates": [ 26.69389330100006, 39.314770642000042 ] } },
{ "type": "Feature", "properties": { "fid": 1771, "Yapı No_Text": "-13" }, "geometry": { "type": "Point", "coordinates": [ 26.693927263000035, 39.314817589000029 ] } },
{ "type": "Feature", "properties": { "fid": 1772, "Yapı No_Text": "493" }, "geometry": { "type": "Point", "coordinates": [ 26.694049877000054, 39.314638245000026 ] } },
{ "type": "Feature", "properties": { "fid": 1773, "Yapı No_Text": "-01" }, "geometry": { "type": "Point", "coordinates": [ 26.693273180000062, 39.315061979000063 ] } },
{ "type": "Feature", "properties": { "fid": 1774, "Yapı No_Text": "-02" }, "geometry": { "type": "Point", "coordinates": [ 26.693327, 39.31503256700006 ] } },
{ "type": "Feature", "properties": { "fid": 1775, "Yapı No_Text": "-05" }, "geometry": { "type": "Point", "coordinates": [ 26.693463311000073, 39.314947045000054 ] } },
{ "type": "Feature", "properties": { "fid": 1776, "Yapı No_Text": "-06" }, "geometry": { "type": "Point", "coordinates": [ 26.693501948000062, 39.314921278000043 ] } },
{ "type": "Feature", "properties": { "fid": 1777, "Yapı No_Text": "-03" }, "geometry": { "type": "Point", "coordinates": [ 26.693373966000024, 39.314999286000045 ] } },
{ "type": "Feature", "properties": { "fid": 1778, "Yapı No_Text": "-04" }, "geometry": { "type": "Point", "coordinates": [ 26.693417992000036, 39.314969911000048 ] } },
{ "type": "Feature", "properties": { "fid": 1779, "Yapı No_Text": "-07" }, "geometry": { "type": "Point", "coordinates": [ 26.693546276000063, 39.314879516000076 ] } },
{ "type": "Feature", "properties": { "fid": 1780, "Yapı No_Text": "-08" }, "geometry": { "type": "Point", "coordinates": [ 26.69360374300004, 39.314911448000032 ] } },
{ "type": "Feature", "properties": { "fid": 1781, "Yapı No_Text": "-09" }, "geometry": { "type": "Point", "coordinates": [ 26.693636440000034, 39.314847947000032 ] } },
{ "type": "Feature", "properties": { "fid": 1782, "Yapı No_Text": "-10" }, "geometry": { "type": "Point", "coordinates": [ 26.693685572000049, 39.314814757000079 ] } },
{ "type": "Feature", "properties": { "fid": 1783, "Yapı No_Text": "-11" }, "geometry": { "type": "Point", "coordinates": [ 26.693752357000051, 39.314769517000059 ] } },
{ "type": "Feature", "properties": { "fid": 1784, "Yapı No_Text": "-12" }, "geometry": { "type": "Point", "coordinates": [ 26.693644508000034, 39.31469283000007 ] } },
{ "type": "Feature", "properties": { "fid": 1785, "Yapı No_Text": "-13" }, "geometry": { "type": "Point", "coordinates": [ 26.693563539000024, 39.314737062000063 ] } },
{ "type": "Feature", "properties": { "fid": 1786, "Yapı No_Text": "-14" }, "geometry": { "type": "Point", "coordinates": [ 26.693505618000074, 39.314794924000068 ] } },
{ "type": "Feature", "properties": { "fid": 1787, "Yapı No_Text": "-16" }, "geometry": { "type": "Point", "coordinates": [ 26.693380457000046, 39.314838561000045 ] } },
{ "type": "Feature", "properties": { "fid": 1788, "Yapı No_Text": "-15" }, "geometry": { "type": "Point", "coordinates": [ 26.693434597000078, 39.314815321000026 ] } },
{ "type": "Feature", "properties": { "fid": 1789, "Yapı No_Text": "-17" }, "geometry": { "type": "Point", "coordinates": [ 26.693324883000059, 39.314864137000029 ] } },
{ "type": "Feature", "properties": { "fid": 1790, "Yapı No_Text": "-18" }, "geometry": { "type": "Point", "coordinates": [ 26.693283011000062, 39.314886063000074 ] } },
{ "type": "Feature", "properties": { "fid": 1791, "Yapı No_Text": "-19" }, "geometry": { "type": "Point", "coordinates": [ 26.693217563000076, 39.314880610000046 ] } },
{ "type": "Feature", "properties": { "fid": 1792, "Yapı No_Text": "-21" }, "geometry": { "type": "Point", "coordinates": [ 26.693205544000023, 39.314989211000068 ] } },
{ "type": "Feature", "properties": { "fid": 1793, "Yapı No_Text": "-20b" }, "geometry": { "type": "Point", "coordinates": [ 26.693164255000056, 39.314939142000071 ] } },
{ "type": "Feature", "properties": { "fid": 1794, "Yapı No_Text": "-20a" }, "geometry": { "type": "Point", "coordinates": [ 26.693174592000048, 39.314905342000031 ] } },
{ "type": "Feature", "properties": { "fid": 1795, "Yapı No_Text": "491" }, "geometry": { "type": "Point", "coordinates": [ 26.693591495000078, 39.314783026000043 ] } },
{ "type": "Feature", "properties": { "fid": 1796, "Yapı No_Text": "-01" }, "geometry": { "type": "Point", "coordinates": [ 26.693096186000048, 39.314827488000049 ] } },
{ "type": "Feature", "properties": { "fid": 1797, "Yapı No_Text": "-02" }, "geometry": { "type": "Point", "coordinates": [ 26.693130414000052, 39.314810547000036 ] } },
{ "type": "Feature", "properties": { "fid": 1798, "Yapı No_Text": "-05" }, "geometry": { "type": "Point", "coordinates": [ 26.693255474000068, 39.314751642000033 ] } },
{ "type": "Feature", "properties": { "fid": 1799, "Yapı No_Text": "-06" }, "geometry": { "type": "Point", "coordinates": [ 26.693313799000066, 39.314755462000051 ] } },
{ "type": "Feature", "properties": { "fid": 1800, "Yapı No_Text": "-03" }, "geometry": { "type": "Point", "coordinates": [ 26.693175921000034, 39.314787524000053 ] } },
{ "type": "Feature", "properties": { "fid": 1801, "Yapı No_Text": "-04" }, "geometry": { "type": "Point", "coordinates": [ 26.693220957000051, 39.314773724000077 ] } },
{ "type": "Feature", "properties": { "fid": 1802, "Yapı No_Text": "-07" }, "geometry": { "type": "Point", "coordinates": [ 26.693378402000064, 39.314720744000056 ] } },
{ "type": "Feature", "properties": { "fid": 1803, "Yapı No_Text": "-08" }, "geometry": { "type": "Point", "coordinates": [ 26.693437265000057, 39.314669518000073 ] } },
{ "type": "Feature", "properties": { "fid": 1804, "Yapı No_Text": "-09" }, "geometry": { "type": "Point", "coordinates": [ 26.693500312000026, 39.314663018000033 ] } },
{ "type": "Feature", "properties": { "fid": 1805, "Yapı No_Text": "-10" }, "geometry": { "type": "Point", "coordinates": [ 26.693566599000064, 39.314606230000038 ] } },
{ "type": "Feature", "properties": { "fid": 1806, "Yapı No_Text": "-11" }, "geometry": { "type": "Point", "coordinates": [ 26.693537482000067, 39.314540965000049 ] } },
{ "type": "Feature", "properties": { "fid": 1807, "Yapı No_Text": "-12" }, "geometry": { "type": "Point", "coordinates": [ 26.693478409000079, 39.314496953000059 ] } },
{ "type": "Feature", "properties": { "fid": 1808, "Yapı No_Text": "-13" }, "geometry": { "type": "Point", "coordinates": [ 26.693419066000047, 39.314551391000066 ] } },
{ "type": "Feature", "properties": { "fid": 1809, "Yapı No_Text": "-14" }, "geometry": { "type": "Point", "coordinates": [ 26.693388097000025, 39.314576518000024 ] } },
{ "type": "Feature", "properties": { "fid": 1810, "Yapı No_Text": "-16" }, "geometry": { "type": "Point", "coordinates": [ 26.693262858000026, 39.314622444000065 ] } },
{ "type": "Feature", "properties": { "fid": 1811, "Yapı No_Text": "-15" }, "geometry": { "type": "Point", "coordinates": [ 26.693304878000049, 39.314592534000042 ] } },
{ "type": "Feature", "properties": { "fid": 1812, "Yapı No_Text": "-17" }, "geometry": { "type": "Point", "coordinates": [ 26.693168825000043, 39.314667517000032 ] } },
{ "type": "Feature", "properties": { "fid": 1813, "Yapı No_Text": "-18" }, "geometry": { "type": "Point", "coordinates": [ 26.693102324000051, 39.31470556000005 ] } },
{ "type": "Feature", "properties": { "fid": 1814, "Yapı No_Text": "-19" }, "geometry": { "type": "Point", "coordinates": [ 26.693007966000039, 39.314745350000067 ] } },
{ "type": "Feature", "properties": { "fid": 1815, "Yapı No_Text": "-20" }, "geometry": { "type": "Point", "coordinates": [ 26.693021680000072, 39.314780991000077 ] } },
{ "type": "Feature", "properties": { "fid": 1816, "Yapı No_Text": "490" }, "geometry": { "type": "Point", "coordinates": [ 26.693301291000068, 39.314662270000042 ] } },
{ "type": "Feature", "properties": { "fid": 1817, "Yapı No_Text": "-01" }, "geometry": { "type": "Point", "coordinates": [ 26.693834483000046, 39.31515575800006 ] } },
{ "type": "Feature", "properties": { "fid": 1818, "Yapı No_Text": "-02" }, "geometry": { "type": "Point", "coordinates": [ 26.693793010000036, 39.315078969000069 ] } },
{ "type": "Feature", "properties": { "fid": 1819, "Yapı No_Text": "-05" }, "geometry": { "type": "Point", "coordinates": [ 26.69399274400007, 39.314963080000041 ] } },
{ "type": "Feature", "properties": { "fid": 1820, "Yapı No_Text": "-06" }, "geometry": { "type": "Point", "coordinates": [ 26.694028725000067, 39.314938316000053 ] } },
{ "type": "Feature", "properties": { "fid": 1821, "Yapı No_Text": "-03" }, "geometry": { "type": "Point", "coordinates": [ 26.693875313000035, 39.315035956000031 ] } },
{ "type": "Feature", "properties": { "fid": 1822, "Yapı No_Text": "-04" }, "geometry": { "type": "Point", "coordinates": [ 26.69392107300007, 39.314993186000038 ] } },
{ "type": "Feature", "properties": { "fid": 1823, "Yapı No_Text": "-07" }, "geometry": { "type": "Point", "coordinates": [ 26.694091968000066, 39.314959146000035 ] } },
{ "type": "Feature", "properties": { "fid": 1824, "Yapı No_Text": "-08" }, "geometry": { "type": "Point", "coordinates": [ 26.69415325600005, 39.31489717200003 ] } },
{ "type": "Feature", "properties": { "fid": 1825, "Yapı No_Text": "-09" }, "geometry": { "type": "Point", "coordinates": [ 26.694271239000045, 39.314822369000069 ] } },
{ "type": "Feature", "properties": { "fid": 1826, "Yapı No_Text": "-10" }, "geometry": { "type": "Point", "coordinates": [ 26.69434112600004, 39.314806521000037 ] } },
{ "type": "Feature", "properties": { "fid": 1827, "Yapı No_Text": "-11" }, "geometry": { "type": "Point", "coordinates": [ 26.694427804000043, 39.314776663000032 ] } },
{ "type": "Feature", "properties": { "fid": 1828, "Yapı No_Text": "-12" }, "geometry": { "type": "Point", "coordinates": [ 26.69450910300003, 39.314812287000052 ] } },
{ "type": "Feature", "properties": { "fid": 1829, "Yapı No_Text": "-13" }, "geometry": { "type": "Point", "coordinates": [ 26.69454027300003, 39.314752682000062 ] } },
{ "type": "Feature", "properties": { "fid": 1830, "Yapı No_Text": "-14" }, "geometry": { "type": "Point", "coordinates": [ 26.694567638000024, 39.314712590000056 ] } },
{ "type": "Feature", "properties": { "fid": 1831, "Yapı No_Text": "-16" }, "geometry": { "type": "Point", "coordinates": [ 26.694669392000037, 39.314673837000043 ] } },
{ "type": "Feature", "properties": { "fid": 1832, "Yapı No_Text": "-15" }, "geometry": { "type": "Point", "coordinates": [ 26.694629687000031, 39.314732580000054 ] } },
{ "type": "Feature", "properties": { "fid": 1833, "Yapı No_Text": "-17" }, "geometry": { "type": "Point", "coordinates": [ 26.69472429700005, 39.314660150000066 ] } },
{ "type": "Feature", "properties": { "fid": 1834, "Yapı No_Text": "486" }, "geometry": { "type": "Point", "coordinates": [ 26.694263073000059, 39.31488144900004 ] } },
{ "type": "Feature", "properties": { "fid": 1835, "Yapı No_Text": "-18" }, "geometry": { "type": "Point", "coordinates": [ 26.693899016000046, 39.31507722300006 ] } },
{ "type": "Feature", "properties": { "fid": 1836, "Yapı No_Text": "-01" }, "geometry": { "type": "Point", "coordinates": [ 26.693729263000023, 39.314997669000036 ] } },
{ "type": "Feature", "properties": { "fid": 1837, "Yapı No_Text": "-02" }, "geometry": { "type": "Point", "coordinates": [ 26.693783083000028, 39.314968258000079 ] } },
{ "type": "Feature", "properties": { "fid": 1838, "Yapı No_Text": "-03" }, "geometry": { "type": "Point", "coordinates": [ 26.693881282000063, 39.314907580000067 ] } },
{ "type": "Feature", "properties": { "fid": 1839, "Yapı No_Text": "492" }, "geometry": { "type": "Point", "coordinates": [ 26.693779790000065, 39.31489965600008 ] } },
{ "type": "Feature", "properties": { "fid": 1840, "Yapı No_Text": "-01" }, "geometry": { "type": "Point", "coordinates": [ 26.692426715000067, 39.314928794000025 ] } },
{ "type": "Feature", "properties": { "fid": 1841, "Yapı No_Text": "-02" }, "geometry": { "type": "Point", "coordinates": [ 26.692465818000073, 39.314827808000075 ] } },
{ "type": "Feature", "properties": { "fid": 1842, "Yapı No_Text": "-05" }, "geometry": { "type": "Point", "coordinates": [ 26.692642801000034, 39.314752546000079 ] } },
{ "type": "Feature", "properties": { "fid": 1843, "Yapı No_Text": "-06" }, "geometry": { "type": "Point", "coordinates": [ 26.692548808000026, 39.314674221000075 ] } },
{ "type": "Feature", "properties": { "fid": 1844, "Yapı No_Text": "-03" }, "geometry": { "type": "Point", "coordinates": [ 26.692532717000063, 39.314817554000058 ] } },
{ "type": "Feature", "properties": { "fid": 1845, "Yapı No_Text": "-04" }, "geometry": { "type": "Point", "coordinates": [ 26.692568951000055, 39.314789741000027 ] } },
{ "type": "Feature", "properties": { "fid": 1846, "Yapı No_Text": "-07" }, "geometry": { "type": "Point", "coordinates": [ 26.692634412000075, 39.314641577000032 ] } },
{ "type": "Feature", "properties": { "fid": 1847, "Yapı No_Text": "-08" }, "geometry": { "type": "Point", "coordinates": [ 26.692527941000037, 39.314593058000071 ] } },
{ "type": "Feature", "properties": { "fid": 1848, "Yapı No_Text": "-09" }, "geometry": { "type": "Point", "coordinates": [ 26.692473950000078, 39.314544315000035 ] } },
{ "type": "Feature", "properties": { "fid": 1849, "Yapı No_Text": "-10" }, "geometry": { "type": "Point", "coordinates": [ 26.692452864000074, 39.314745971000036 ] } },
{ "type": "Feature", "properties": { "fid": 1850, "Yapı No_Text": "-11" }, "geometry": { "type": "Point", "coordinates": [ 26.692328754000073, 39.314706001000047 ] } },
{ "type": "Feature", "properties": { "fid": 1851, "Yapı No_Text": "-12" }, "geometry": { "type": "Point", "coordinates": [ 26.69230654100005, 39.314659300000073 ] } },
{ "type": "Feature", "properties": { "fid": 1852, "Yapı No_Text": "-13a" }, "geometry": { "type": "Point", "coordinates": [ 26.692216137000059, 39.314649201000066 ] } },
{ "type": "Feature", "properties": { "fid": 1853, "Yapı No_Text": "-14" }, "geometry": { "type": "Point", "coordinates": [ 26.692164814000023, 39.31477280200005 ] } },
{ "type": "Feature", "properties": { "fid": 1854, "Yapı No_Text": "-16" }, "geometry": { "type": "Point", "coordinates": [ 26.692208167000047, 39.314853884000058 ] } },
{ "type": "Feature", "properties": { "fid": 1855, "Yapı No_Text": "-15" }, "geometry": { "type": "Point", "coordinates": [ 26.692179747000068, 39.314811774000077 ] } },
{ "type": "Feature", "properties": { "fid": 1856, "Yapı No_Text": "-17" }, "geometry": { "type": "Point", "coordinates": [ 26.692384873000037, 39.314820428000075 ] } },
{ "type": "Feature", "properties": { "fid": 1857, "Yapı No_Text": "-18" }, "geometry": { "type": "Point", "coordinates": [ 26.692305674000067, 39.314920350000079 ] } },
{ "type": "Feature", "properties": { "fid": 1858, "Yapı No_Text": "-13b" }, "geometry": { "type": "Point", "coordinates": [ 26.692198347000044, 39.314705874000026 ] } },
{ "type": "Feature", "properties": { "fid": 1859, "Yapı No_Text": "-13c" }, "geometry": { "type": "Point", "coordinates": [ 26.69211918700006, 39.314714724000055 ] } },
{ "type": "Feature", "properties": { "fid": 1860, "Yapı No_Text": "315" }, "geometry": { "type": "Point", "coordinates": [ 26.692318182000065, 39.314762770000073 ] } },
{ "type": "Feature", "properties": { "fid": 1861, "Yapı No_Text": "-01" }, "geometry": { "type": "Point", "coordinates": [ 26.692525115000024, 39.315117975000078 ] } },
{ "type": "Feature", "properties": { "fid": 1862, "Yapı No_Text": "-02" }, "geometry": { "type": "Point", "coordinates": [ 26.69256223800005, 39.315090877000046 ] } },
{ "type": "Feature", "properties": { "fid": 1863, "Yapı No_Text": "-05" }, "geometry": { "type": "Point", "coordinates": [ 26.692722373000038, 39.314976680000029 ] } },
{ "type": "Feature", "properties": { "fid": 1864, "Yapı No_Text": "-06" }, "geometry": { "type": "Point", "coordinates": [ 26.69281116600007, 39.314961536000055 ] } },
{ "type": "Feature", "properties": { "fid": 1865, "Yapı No_Text": "-03" }, "geometry": { "type": "Point", "coordinates": [ 26.692579864000038, 39.314958602000047 ] } },
{ "type": "Feature", "properties": { "fid": 1866, "Yapı No_Text": "-04" }, "geometry": { "type": "Point", "coordinates": [ 26.69267364500007, 39.314992157000063 ] } },
{ "type": "Feature", "properties": { "fid": 1867, "Yapı No_Text": "-07" }, "geometry": { "type": "Point", "coordinates": [ 26.692866005000042, 39.314927524000041 ] } },
{ "type": "Feature", "properties": { "fid": 1868, "Yapı No_Text": "-08" }, "geometry": { "type": "Point", "coordinates": [ 26.692907747000049, 39.314886437000041 ] } },
{ "type": "Feature", "properties": { "fid": 1869, "Yapı No_Text": "-09" }, "geometry": { "type": "Point", "coordinates": [ 26.692972473000054, 39.314875163000067 ] } },
{ "type": "Feature", "properties": { "fid": 1870, "Yapı No_Text": "-10" }, "geometry": { "type": "Point", "coordinates": [ 26.692835937000041, 39.314816261000033 ] } },
{ "type": "Feature", "properties": { "fid": 1871, "Yapı No_Text": "-11" }, "geometry": { "type": "Point", "coordinates": [ 26.692740432000051, 39.314843095000072 ] } },
{ "type": "Feature", "properties": { "fid": 1872, "Yapı No_Text": "-12" }, "geometry": { "type": "Point", "coordinates": [ 26.69265327100004, 39.314878391000036 ] } },
{ "type": "Feature", "properties": { "fid": 1873, "Yapı No_Text": "-13" }, "geometry": { "type": "Point", "coordinates": [ 26.692620348000048, 39.314920771000061 ] } },
{ "type": "Feature", "properties": { "fid": 1874, "Yapı No_Text": "-14" }, "geometry": { "type": "Point", "coordinates": [ 26.692515989000071, 39.314921018000064 ] } },
{ "type": "Feature", "properties": { "fid": 1875, "Yapı No_Text": "-16" }, "geometry": { "type": "Point", "coordinates": [ 26.692503358000067, 39.315068939000071 ] } },
{ "type": "Feature", "properties": { "fid": 1876, "Yapı No_Text": "-15a" }, "geometry": { "type": "Point", "coordinates": [ 26.692445939000038, 39.315027928000063 ] } },
{ "type": "Feature", "properties": { "fid": 1877, "Yapı No_Text": "421" }, "geometry": { "type": "Point", "coordinates": [ 26.692701266000029, 39.314918252000041 ] } },
{ "type": "Feature", "properties": { "fid": 1878, "Yapı No_Text": "-15b" }, "geometry": { "type": "Point", "coordinates": [ 26.692499693000059, 39.315001178000045 ] } },
{ "type": "Feature", "properties": { "fid": 1879, "Yapı No_Text": "-01" }, "geometry": { "type": "Point", "coordinates": [ 26.692682006000041, 39.315330499000027 ] } },
{ "type": "Feature", "properties": { "fid": 1880, "Yapı No_Text": "-02" }, "geometry": { "type": "Point", "coordinates": [ 26.692725124000049, 39.315308020000032 ] } },
{ "type": "Feature", "properties": { "fid": 1881, "Yapı No_Text": "-05A" }, "geometry": { "type": "Point", "coordinates": [ 26.692935520000049, 39.315212089000056 ] } },
{ "type": "Feature", "properties": { "fid": 1882, "Yapı No_Text": "-06" }, "geometry": { "type": "Point", "coordinates": [ 26.69306722500005, 39.31515388300005 ] } },
{ "type": "Feature", "properties": { "fid": 1883, "Yapı No_Text": "-03" }, "geometry": { "type": "Point", "coordinates": [ 26.692783488000032, 39.315291780000052 ] } },
{ "type": "Feature", "properties": { "fid": 1884, "Yapı No_Text": "-04" }, "geometry": { "type": "Point", "coordinates": [ 26.692847167000025, 39.31526192900003 ] } },
{ "type": "Feature", "properties": { "fid": 1885, "Yapı No_Text": "-07" }, "geometry": { "type": "Point", "coordinates": [ 26.693120194000073, 39.315125158000058 ] } },
{ "type": "Feature", "properties": { "fid": 1886, "Yapı No_Text": "-08" }, "geometry": { "type": "Point", "coordinates": [ 26.69316826000005, 39.315098722000073 ] } },
{ "type": "Feature", "properties": { "fid": 1887, "Yapı No_Text": "-09" }, "geometry": { "type": "Point", "coordinates": [ 26.693073776000062, 39.31504482500003 ] } },
{ "type": "Feature", "properties": { "fid": 1888, "Yapı No_Text": "-10" }, "geometry": { "type": "Point", "coordinates": [ 26.693035960000032, 39.314972320000038 ] } },
{ "type": "Feature", "properties": { "fid": 1889, "Yapı No_Text": "-11" }, "geometry": { "type": "Point", "coordinates": [ 26.692973728000027, 39.314998395000032 ] } },
{ "type": "Feature", "properties": { "fid": 1890, "Yapı No_Text": "-12" }, "geometry": { "type": "Point", "coordinates": [ 26.692923293000035, 39.315002949000075 ] } },
{ "type": "Feature", "properties": { "fid": 1891, "Yapı No_Text": "-13" }, "geometry": { "type": "Point", "coordinates": [ 26.692871812000078, 39.315043366000054 ] } },
{ "type": "Feature", "properties": { "fid": 1892, "Yapı No_Text": "-14" }, "geometry": { "type": "Point", "coordinates": [ 26.692801062000058, 39.315061231000072 ] } },
{ "type": "Feature", "properties": { "fid": 1893, "Yapı No_Text": "-15a" }, "geometry": { "type": "Point", "coordinates": [ 26.692708289000052, 39.315125628000033 ] } },
{ "type": "Feature", "properties": { "fid": 1894, "Yapı No_Text": "-15b" }, "geometry": { "type": "Point", "coordinates": [ 26.692670856000063, 39.315278277000061 ] } },
{ "type": "Feature", "properties": { "fid": 1895, "Yapı No_Text": "-16" }, "geometry": { "type": "Point", "coordinates": [ 26.692604674000052, 39.315187329000025 ] } },
{ "type": "Feature", "properties": { "fid": 1896, "Yapı No_Text": "-17" }, "geometry": { "type": "Point", "coordinates": [ 26.692681692000065, 39.315231390000065 ] } },
{ "type": "Feature", "properties": { "fid": 1897, "Yapı No_Text": "422" }, "geometry": { "type": "Point", "coordinates": [ 26.692891342000053, 39.315141140000037 ] } },
{ "type": "Feature", "properties": { "fid": 1898, "Yapı No_Text": "-01" }, "geometry": { "type": "Point", "coordinates": [ 26.692816761000074, 39.315537292000045 ] } },
{ "type": "Feature", "properties": { "fid": 1899, "Yapı No_Text": "-02" }, "geometry": { "type": "Point", "coordinates": [ 26.692895, 39.31550749400003 ] } },
{ "type": "Feature", "properties": { "fid": 1900, "Yapı No_Text": "-05" }, "geometry": { "type": "Point", "coordinates": [ 26.693095794000044, 39.315390638000054 ] } },
{ "type": "Feature", "properties": { "fid": 1901, "Yapı No_Text": "-06" }, "geometry": { "type": "Point", "coordinates": [ 26.693222536000064, 39.315310671000077 ] } },
{ "type": "Feature", "properties": { "fid": 1902, "Yapı No_Text": "-03" }, "geometry": { "type": "Point", "coordinates": [ 26.692942188000075, 39.315470778000076 ] } },
{ "type": "Feature", "properties": { "fid": 1903, "Yapı No_Text": "-04" }, "geometry": { "type": "Point", "coordinates": [ 26.693010995000066, 39.315437521000035 ] } },
{ "type": "Feature", "properties": { "fid": 1904, "Yapı No_Text": "-07" }, "geometry": { "type": "Point", "coordinates": [ 26.693300555000064, 39.315267010000071 ] } },
{ "type": "Feature", "properties": { "fid": 1905, "Yapı No_Text": "-08" }, "geometry": { "type": "Point", "coordinates": [ 26.693318020000049, 39.315158494000059 ] } },
{ "type": "Feature", "properties": { "fid": 1906, "Yapı No_Text": "-09" }, "geometry": { "type": "Point", "coordinates": [ 26.693403712000077, 39.315199988000074 ] } },
{ "type": "Feature", "properties": { "fid": 1907, "Yapı No_Text": "-10" }, "geometry": { "type": "Point", "coordinates": [ 26.693455550000067, 39.315169505000028 ] } },
{ "type": "Feature", "properties": { "fid": 1908, "Yapı No_Text": "-11" }, "geometry": { "type": "Point", "coordinates": [ 26.693517258000043, 39.315123743000072 ] } },
{ "type": "Feature", "properties": { "fid": 1909, "Yapı No_Text": "-12" }, "geometry": { "type": "Point", "coordinates": [ 26.693567751000046, 39.315085811000074 ] } },
{ "type": "Feature", "properties": { "fid": 1910, "Yapı No_Text": "-13" }, "geometry": { "type": "Point", "coordinates": [ 26.693614804000049, 39.315066301000059 ] } },
{ "type": "Feature", "properties": { "fid": 1911, "Yapı No_Text": "-14" }, "geometry": { "type": "Point", "coordinates": [ 26.693587790000038, 39.315004417000068 ] } },
{ "type": "Feature", "properties": { "fid": 1912, "Yapı No_Text": "-16" }, "geometry": { "type": "Point", "coordinates": [ 26.693508125000051, 39.31504870200007 ] } },
{ "type": "Feature", "properties": { "fid": 1913, "Yapı No_Text": "-15" }, "geometry": { "type": "Point", "coordinates": [ 26.693539709000049, 39.315010846000064 ] } },
{ "type": "Feature", "properties": { "fid": 1914, "Yapı No_Text": "-17" }, "geometry": { "type": "Point", "coordinates": [ 26.693484100000035, 39.315071333000049 ] } },
{ "type": "Feature", "properties": { "fid": 1915, "Yapı No_Text": "-18" }, "geometry": { "type": "Point", "coordinates": [ 26.693407742000034, 39.315107287000046 ] } },
{ "type": "Feature", "properties": { "fid": 1916, "Yapı No_Text": "-19" }, "geometry": { "type": "Point", "coordinates": [ 26.693222757000058, 39.315187370000046 ] } },
{ "type": "Feature", "properties": { "fid": 1917, "Yapı No_Text": "-21" }, "geometry": { "type": "Point", "coordinates": [ 26.693136175000063, 39.315257667000026 ] } },
{ "type": "Feature", "properties": { "fid": 1918, "Yapı No_Text": "-22" }, "geometry": { "type": "Point", "coordinates": [ 26.693073574000039, 39.315292055000043 ] } },
{ "type": "Feature", "properties": { "fid": 1919, "Yapı No_Text": "-23" }, "geometry": { "type": "Point", "coordinates": [ 26.69299514100004, 39.315320679000024 ] } },
{ "type": "Feature", "properties": { "fid": 1920, "Yapı No_Text": "-24" }, "geometry": { "type": "Point", "coordinates": [ 26.692902935000063, 39.315345686000057 ] } },
{ "type": "Feature", "properties": { "fid": 1921, "Yapı No_Text": "-25" }, "geometry": { "type": "Point", "coordinates": [ 26.692798779000043, 39.31536983400008 ] } },
{ "type": "Feature", "properties": { "fid": 1922, "Yapı No_Text": "-26" }, "geometry": { "type": "Point", "coordinates": [ 26.692744213000026, 39.315395076000073 ] } },
{ "type": "Feature", "properties": { "fid": 1923, "Yapı No_Text": "-27" }, "geometry": { "type": "Point", "coordinates": [ 26.692757002000064, 39.315443494000078 ] } },
{ "type": "Feature", "properties": { "fid": 1924, "Yapı No_Text": "-20" }, "geometry": { "type": "Point", "coordinates": [ 26.693181911000067, 39.315222077000044 ] } },
{ "type": "Feature", "properties": { "fid": 1925, "Yapı No_Text": "-28" }, "geometry": { "type": "Point", "coordinates": [ 26.69281340200007, 39.315486981000049 ] } },
{ "type": "Feature", "properties": { "fid": 1926, "Yapı No_Text": "423" }, "geometry": { "type": "Point", "coordinates": [ 26.693118804000051, 39.315332002000048 ] } },
{ "type": "Feature", "properties": { "fid": 1927, "Yapı No_Text": "-01" }, "geometry": { "type": "Point", "coordinates": [ 26.693905289000043, 39.315205915000035 ] } },
{ "type": "Feature", "properties": { "fid": 1928, "Yapı No_Text": "-02" }, "geometry": { "type": "Point", "coordinates": [ 26.694036679000078, 39.315174661000071 ] } },
{ "type": "Feature", "properties": { "fid": 1929, "Yapı No_Text": "-05" }, "geometry": { "type": "Point", "coordinates": [ 26.694225386000028, 39.315066003000027 ] } },
{ "type": "Feature", "properties": { "fid": 1930, "Yapı No_Text": "-06" }, "geometry": { "type": "Point", "coordinates": [ 26.694280583000022, 39.315067354000064 ] } },
{ "type": "Feature", "properties": { "fid": 1931, "Yapı No_Text": "-03" }, "geometry": { "type": "Point", "coordinates": [ 26.69412791600007, 39.315126754000062 ] } },
{ "type": "Feature", "properties": { "fid": 1932, "Yapı No_Text": "-04" }, "geometry": { "type": "Point", "coordinates": [ 26.694188189000045, 39.315097945000048 ] } },
{ "type": "Feature", "properties": { "fid": 1933, "Yapı No_Text": "-07" }, "geometry": { "type": "Point", "coordinates": [ 26.694336920000069, 39.315043246000073 ] } },
{ "type": "Feature", "properties": { "fid": 1934, "Yapı No_Text": "-09" }, "geometry": { "type": "Point", "coordinates": [ 26.694454815000029, 39.31498761000006 ] } },
{ "type": "Feature", "properties": { "fid": 1935, "Yapı No_Text": "-10" }, "geometry": { "type": "Point", "coordinates": [ 26.694520125000054, 39.314971683000067 ] } },
{ "type": "Feature", "properties": { "fid": 1936, "Yapı No_Text": "-11" }, "geometry": { "type": "Point", "coordinates": [ 26.694560468000077, 39.314954212000032 ] } },
{ "type": "Feature", "properties": { "fid": 1937, "Yapı No_Text": "-12" }, "geometry": { "type": "Point", "coordinates": [ 26.694582684000068, 39.31490332900006 ] } },
{ "type": "Feature", "properties": { "fid": 1938, "Yapı No_Text": "-13" }, "geometry": { "type": "Point", "coordinates": [ 26.694658706000041, 39.314886981000029 ] } },
{ "type": "Feature", "properties": { "fid": 1939, "Yapı No_Text": "-14" }, "geometry": { "type": "Point", "coordinates": [ 26.694714570000031, 39.314885441000058 ] } },
{ "type": "Feature", "properties": { "fid": 1940, "Yapı No_Text": "-16" }, "geometry": { "type": "Point", "coordinates": [ 26.694816322000065, 39.314846690000024 ] } },
{ "type": "Feature", "properties": { "fid": 1941, "Yapı No_Text": "-15" }, "geometry": { "type": "Point", "coordinates": [ 26.694776558000058, 39.314870193000047 ] } },
{ "type": "Feature", "properties": { "fid": 1942, "Yapı No_Text": "-17" }, "geometry": { "type": "Point", "coordinates": [ 26.694836376000069, 39.314806131000068 ] } },
{ "type": "Feature", "properties": { "fid": 1943, "Yapı No_Text": "-18" }, "geometry": { "type": "Point", "coordinates": [ 26.694045564000078, 39.31510073100003 ] } },
{ "type": "Feature", "properties": { "fid": 1944, "Yapı No_Text": "542" }, "geometry": { "type": "Point", "coordinates": [ 26.694349694000039, 39.314978304000078 ] } },
{ "type": "Feature", "properties": { "fid": 1945, "Yapı No_Text": "-01" }, "geometry": { "type": "Point", "coordinates": [ 26.692533759000071, 39.316894606000062 ] } },
{ "type": "Feature", "properties": { "fid": 1946, "Yapı No_Text": "-02" }, "geometry": { "type": "Point", "coordinates": [ 26.692687919000036, 39.316900276000069 ] } },
{ "type": "Feature", "properties": { "fid": 1947, "Yapı No_Text": "-03" }, "geometry": { "type": "Point", "coordinates": [ 26.692804096000032, 39.316892663000033 ] } },
{ "type": "Feature", "properties": { "fid": 1948, "Yapı No_Text": "-04" }, "geometry": { "type": "Point", "coordinates": [ 26.692869717000065, 39.31688082800008 ] } },
{ "type": "Feature", "properties": { "fid": 1949, "Yapı No_Text": "-05" }, "geometry": { "type": "Point", "coordinates": [ 26.69295240200006, 39.316883568000037 ] } },
{ "type": "Feature", "properties": { "fid": 1950, "Yapı No_Text": "-06" }, "geometry": { "type": "Point", "coordinates": [ 26.693058384000039, 39.316916695000032 ] } },
{ "type": "Feature", "properties": { "fid": 1951, "Yapı No_Text": "-07" }, "geometry": { "type": "Point", "coordinates": [ 26.693099588000052, 39.316858581000076 ] } },
{ "type": "Feature", "properties": { "fid": 1952, "Yapı No_Text": "-08" }, "geometry": { "type": "Point", "coordinates": [ 26.693110102000048, 39.316818377000061 ] } },
{ "type": "Feature", "properties": { "fid": 1953, "Yapı No_Text": "-09" }, "geometry": { "type": "Point", "coordinates": [ 26.692806798000049, 39.316766256000051 ] } },
{ "type": "Feature", "properties": { "fid": 1954, "Yapı No_Text": "-10" }, "geometry": { "type": "Point", "coordinates": [ 26.693107683000051, 39.31671915700008 ] } },
{ "type": "Feature", "properties": { "fid": 1955, "Yapı No_Text": "-11" }, "geometry": { "type": "Point", "coordinates": [ 26.692945920000057, 39.316749019000042 ] } },
{ "type": "Feature", "properties": { "fid": 1956, "Yapı No_Text": "-12" }, "geometry": { "type": "Point", "coordinates": [ 26.692843418000052, 39.316721513000061 ] } },
{ "type": "Feature", "properties": { "fid": 1957, "Yapı No_Text": "430" }, "geometry": { "type": "Point", "coordinates": [ 26.692706266000073, 39.316823164000027 ] } },
{ "type": "Feature", "properties": { "fid": 1958, "Yapı No_Text": "-01" }, "geometry": { "type": "Point", "coordinates": [ 26.69253341600006, 39.31668695500008 ] } },
{ "type": "Feature", "properties": { "fid": 1959, "Yapı No_Text": "-02" }, "geometry": { "type": "Point", "coordinates": [ 26.692672223000045, 39.316682507000053 ] } },
{ "type": "Feature", "properties": { "fid": 1960, "Yapı No_Text": "-03" }, "geometry": { "type": "Point", "coordinates": [ 26.692832501000055, 39.316650874000061 ] } },
{ "type": "Feature", "properties": { "fid": 1961, "Yapı No_Text": "-04" }, "geometry": { "type": "Point", "coordinates": [ 26.692895749000058, 39.316640620000044 ] } },
{ "type": "Feature", "properties": { "fid": 1962, "Yapı No_Text": "-05" }, "geometry": { "type": "Point", "coordinates": [ 26.692998401000068, 39.316639881000071 ] } },
{ "type": "Feature", "properties": { "fid": 1963, "Yapı No_Text": "-06" }, "geometry": { "type": "Point", "coordinates": [ 26.693063024000026, 39.316641982000078 ] } },
{ "type": "Feature", "properties": { "fid": 1964, "Yapı No_Text": "-07" }, "geometry": { "type": "Point", "coordinates": [ 26.693089566000026, 39.316592782000043 ] } },
{ "type": "Feature", "properties": { "fid": 1965, "Yapı No_Text": "429" }, "geometry": { "type": "Point", "coordinates": [ 26.692750469000032, 39.316668679000031 ] } },
{ "type": "Feature", "properties": { "fid": 1966, "Yapı No_Text": "-01a" }, "geometry": { "type": "Point", "coordinates": [ 26.692227953000042, 39.316940711000029 ] } },
{ "type": "Feature", "properties": { "fid": 1967, "Yapı No_Text": "-01b" }, "geometry": { "type": "Point", "coordinates": [ 26.69222729300003, 39.316871639000055 ] } },
{ "type": "Feature", "properties": { "fid": 1968, "Yapı No_Text": "-01c" }, "geometry": { "type": "Point", "coordinates": [ 26.692218356000069, 39.316814008000051 ] } },
{ "type": "Feature", "properties": { "fid": 1969, "Yapı No_Text": "328" }, "geometry": { "type": "Point", "coordinates": [ 26.692344481000077, 39.316852603000029 ] } },
{ "type": "Feature", "properties": { "fid": 1970, "Yapı No_Text": "-01" }, "geometry": { "type": "Point", "coordinates": [ 26.692188884000075, 39.316716472000053 ] } },
{ "type": "Feature", "properties": { "fid": 1971, "Yapı No_Text": "-02a" }, "geometry": { "type": "Point", "coordinates": [ 26.692185727000037, 39.316664059000061 ] } },
{ "type": "Feature", "properties": { "fid": 1972, "Yapı No_Text": "326" }, "geometry": { "type": "Point", "coordinates": [ 26.692304189000026, 39.316666310000073 ] } },
{ "type": "Feature", "properties": { "fid": 1973, "Yapı No_Text": "-02b" }, "geometry": { "type": "Point", "coordinates": [ 26.692164209000055, 39.31661906800008 ] } },
{ "type": "Feature", "properties": { "fid": 1974, "Yapı No_Text": "-01" }, "geometry": { "type": "Point", "coordinates": [ 26.69206082200003, 39.316353057000072 ] } },
{ "type": "Feature", "properties": { "fid": 1975, "Yapı No_Text": "-02" }, "geometry": { "type": "Point", "coordinates": [ 26.692199627000036, 39.316348607000066 ] } },
{ "type": "Feature", "properties": { "fid": 1976, "Yapı No_Text": "-03" }, "geometry": { "type": "Point", "coordinates": [ 26.692149477000044, 39.316222603000028 ] } },
{ "type": "Feature", "properties": { "fid": 1977, "Yapı No_Text": "325" }, "geometry": { "type": "Point", "coordinates": [ 26.69204052300006, 39.31629571600007 ] } },
{ "type": "Feature", "properties": { "fid": 1978, "Yapı No_Text": "-01" }, "geometry": { "type": "Point", "coordinates": [ 26.691887128000076, 39.316965693000043 ] } },
{ "type": "Feature", "properties": { "fid": 1979, "Yapı No_Text": "-02" }, "geometry": { "type": "Point", "coordinates": [ 26.69188207600007, 39.316882775000067 ] } },
{ "type": "Feature", "properties": { "fid": 1980, "Yapı No_Text": "-03a" }, "geometry": { "type": "Point", "coordinates": [ 26.691789519000054, 39.316741648000061 ] } },
{ "type": "Feature", "properties": { "fid": 1981, "Yapı No_Text": "-04a" }, "geometry": { "type": "Point", "coordinates": [ 26.691759731000047, 39.316594679000048 ] } },
{ "type": "Feature", "properties": { "fid": 1982, "Yapı No_Text": "-04b" }, "geometry": { "type": "Point", "coordinates": [ 26.691900082000075, 39.316573576000053 ] } },
{ "type": "Feature", "properties": { "fid": 1983, "Yapı No_Text": "-03b" }, "geometry": { "type": "Point", "coordinates": [ 26.691937236000058, 39.316702863000046 ] } },
{ "type": "Feature", "properties": { "fid": 1984, "Yapı No_Text": "-04c" }, "geometry": { "type": "Point", "coordinates": [ 26.691554664000023, 39.316631352000059 ] } },
{ "type": "Feature", "properties": { "fid": 1985, "Yapı No_Text": "-05" }, "geometry": { "type": "Point", "coordinates": [ 26.691361505000032, 39.316743212000063 ] } },
{ "type": "Feature", "properties": { "fid": 1986, "Yapı No_Text": "-06" }, "geometry": { "type": "Point", "coordinates": [ 26.691584714000044, 39.316812580000033 ] } },
{ "type": "Feature", "properties": { "fid": 1987, "Yapı No_Text": "-07" }, "geometry": { "type": "Point", "coordinates": [ 26.691650826000057, 39.316815021000025 ] } },
{ "type": "Feature", "properties": { "fid": 1988, "Yapı No_Text": " 31" }, "geometry": { "type": "Point", "coordinates": [ 26.691688767000073, 39.316705077000051 ] } },
{ "type": "Feature", "properties": { "fid": 1989, "Yapı No_Text": "-01" }, "geometry": { "type": "Point", "coordinates": [ 26.691298327000027, 39.316515984000034 ] } },
{ "type": "Feature", "properties": { "fid": 1990, "Yapı No_Text": "-02" }, "geometry": { "type": "Point", "coordinates": [ 26.691437135000058, 39.316511536000064 ] } },
{ "type": "Feature", "properties": { "fid": 1991, "Yapı No_Text": "-03" }, "geometry": { "type": "Point", "coordinates": [ 26.691624482000066, 39.316475012000069 ] } },
{ "type": "Feature", "properties": { "fid": 1992, "Yapı No_Text": "-04" }, "geometry": { "type": "Point", "coordinates": [ 26.691781989000049, 39.316432719000034 ] } },
{ "type": "Feature", "properties": { "fid": 1993, "Yapı No_Text": "-05" }, "geometry": { "type": "Point", "coordinates": [ 26.691737108000041, 39.316351031000067 ] } },
{ "type": "Feature", "properties": { "fid": 1994, "Yapı No_Text": "-05b" }, "geometry": { "type": "Point", "coordinates": [ 26.691551317000062, 39.316411133000031 ] } },
{ "type": "Feature", "properties": { "fid": 1995, "Yapı No_Text": " 30" }, "geometry": { "type": "Point", "coordinates": [ 26.691664525000078, 39.316396925000049 ] } },
{ "type": "Feature", "properties": { "fid": 1996, "Yapı No_Text": "-01a" }, "geometry": { "type": "Point", "coordinates": [ 26.691185293000046, 39.316360123000038 ] } },
{ "type": "Feature", "properties": { "fid": 1997, "Yapı No_Text": "-01" }, "geometry": { "type": "Point", "coordinates": [ 26.691340056000058, 39.316309445000059 ] } },
{ "type": "Feature", "properties": { "fid": 1998, "Yapı No_Text": "-02a" }, "geometry": { "type": "Point", "coordinates": [ 26.691566174000059, 39.316283488000067 ] } },
{ "type": "Feature", "properties": { "fid": 1999, "Yapı No_Text": "-02b" }, "geometry": { "type": "Point", "coordinates": [ 26.691518212000062, 39.316227166000033 ] } },
{ "type": "Feature", "properties": { "fid": 2000, "Yapı No_Text": "-03" }, "geometry": { "type": "Point", "coordinates": [ 26.691539374000058, 39.316087261000064 ] } },
{ "type": "Feature", "properties": { "fid": 2001, "Yapı No_Text": "-04" }, "geometry": { "type": "Point", "coordinates": [ 26.691503965000038, 39.316042907000053 ] } },
{ "type": "Feature", "properties": { "fid": 2002, "Yapı No_Text": "-05" }, "geometry": { "type": "Point", "coordinates": [ 26.691294835000065, 39.31610654900004 ] } },
{ "type": "Feature", "properties": { "fid": 2003, "Yapı No_Text": "545" }, "geometry": { "type": "Point", "coordinates": [ 26.691268594000064, 39.316249749000065 ] } },
{ "type": "Feature", "properties": { "fid": 2004, "Yapı No_Text": "546" }, "geometry": { "type": "Point", "coordinates": [ 26.691315428000053, 39.316175758000043 ] } },
{ "type": "Feature", "properties": { "fid": 2005, "Yapı No_Text": "547" }, "geometry": { "type": "Point", "coordinates": [ 26.691411674000051, 39.316113551000058 ] } },
{ "type": "Feature", "properties": { "fid": 2006, "Yapı No_Text": "-01" }, "geometry": { "type": "Point", "coordinates": [ 26.691756499000064, 39.316044716000079 ] } },
{ "type": "Feature", "properties": { "fid": 2007, "Yapı No_Text": "-01" }, "geometry": { "type": "Point", "coordinates": [ 26.691797547000078, 39.316176021000047 ] } },
{ "type": "Feature", "properties": { "fid": 2008, "Yapı No_Text": "-01b" }, "geometry": { "type": "Point", "coordinates": [ 26.691981765000037, 39.316142084000035 ] } },
{ "type": "Feature", "properties": { "fid": 2009, "Yapı No_Text": "176" }, "geometry": { "type": "Point", "coordinates": [ 26.691858999000033, 39.315993994000053 ] } },
{ "type": "Feature", "properties": { "fid": 2010, "Yapı No_Text": "177" }, "geometry": { "type": "Point", "coordinates": [ 26.691876451000041, 39.316144411000039 ] } },
{ "type": "Feature", "properties": { "fid": 2011, "Yapı No_Text": "-01" }, "geometry": { "type": "Point", "coordinates": [ 26.692515092000065, 39.316598174000035 ] } },
{ "type": "Feature", "properties": { "fid": 2012, "Yapı No_Text": "-02" }, "geometry": { "type": "Point", "coordinates": [ 26.69270085900007, 39.316583751000053 ] } },
{ "type": "Feature", "properties": { "fid": 2013, "Yapı No_Text": "-03" }, "geometry": { "type": "Point", "coordinates": [ 26.69278539000004, 39.316567870000029 ] } },
{ "type": "Feature", "properties": { "fid": 2014, "Yapı No_Text": "-04" }, "geometry": { "type": "Point", "coordinates": [ 26.692851012000062, 39.31655965200008 ] } },
{ "type": "Feature", "properties": { "fid": 2015, "Yapı No_Text": "-05" }, "geometry": { "type": "Point", "coordinates": [ 26.692921441000067, 39.316541560000076 ] } },
{ "type": "Feature", "properties": { "fid": 2016, "Yapı No_Text": "-06" }, "geometry": { "type": "Point", "coordinates": [ 26.692998619000036, 39.316515587000026 ] } },
{ "type": "Feature", "properties": { "fid": 2017, "Yapı No_Text": "-07" }, "geometry": { "type": "Point", "coordinates": [ 26.693062994000059, 39.316526077000049 ] } },
{ "type": "Feature", "properties": { "fid": 2018, "Yapı No_Text": "-08" }, "geometry": { "type": "Point", "coordinates": [ 26.69303657200004, 39.316461883000045 ] } },
{ "type": "Feature", "properties": { "fid": 2019, "Yapı No_Text": "-09" }, "geometry": { "type": "Point", "coordinates": [ 26.692949636000037, 39.316478605000043 ] } },
{ "type": "Feature", "properties": { "fid": 2020, "Yapı No_Text": "-10a" }, "geometry": { "type": "Point", "coordinates": [ 26.692931627000064, 39.316415059000065 ] } },
{ "type": "Feature", "properties": { "fid": 2021, "Yapı No_Text": "-11" }, "geometry": { "type": "Point", "coordinates": [ 26.693020274000048, 39.316380257000048 ] } },
{ "type": "Feature", "properties": { "fid": 2022, "Yapı No_Text": "-12" }, "geometry": { "type": "Point", "coordinates": [ 26.692824754000071, 39.31642507600003 ] } },
{ "type": "Feature", "properties": { "fid": 2023, "Yapı No_Text": "-13" }, "geometry": { "type": "Point", "coordinates": [ 26.692729568000061, 39.316466106000064 ] } },
{ "type": "Feature", "properties": { "fid": 2024, "Yapı No_Text": "-14" }, "geometry": { "type": "Point", "coordinates": [ 26.69256706300007, 39.316522589000044 ] } },
{ "type": "Feature", "properties": { "fid": 2025, "Yapı No_Text": "-15" }, "geometry": { "type": "Point", "coordinates": [ 26.692493938000041, 39.316535478000048 ] } },
{ "type": "Feature", "properties": { "fid": 2026, "Yapı No_Text": "-10b" }, "geometry": { "type": "Point", "coordinates": [ 26.692921326000032, 39.316390990000059 ] } },
{ "type": "Feature", "properties": { "fid": 2027, "Yapı No_Text": "428" }, "geometry": { "type": "Point", "coordinates": [ 26.692807695000056, 39.316493215000037 ] } },
{ "type": "Feature", "properties": { "fid": 2028, "Yapı No_Text": "-01a" }, "geometry": { "type": "Point", "coordinates": [ 26.692448313000057, 39.316443941000045 ] } },
{ "type": "Feature", "properties": { "fid": 2029, "Yapı No_Text": "-02" }, "geometry": { "type": "Point", "coordinates": [ 26.692608006000057, 39.316415358000029 ] } },
{ "type": "Feature", "properties": { "fid": 2030, "Yapı No_Text": "-03" }, "geometry": { "type": "Point", "coordinates": [ 26.692684849000045, 39.31638760900006 ] } },
{ "type": "Feature", "properties": { "fid": 2031, "Yapı No_Text": "-04" }, "geometry": { "type": "Point", "coordinates": [ 26.692752107000047, 39.316369630000054 ] } },
{ "type": "Feature", "properties": { "fid": 2032, "Yapı No_Text": "-05a" }, "geometry": { "type": "Point", "coordinates": [ 26.693016561000036, 39.316307358000074 ] } },
{ "type": "Feature", "properties": { "fid": 2033, "Yapı No_Text": "-06" }, "geometry": { "type": "Point", "coordinates": [ 26.692688437000072, 39.316344672000071 ] } },
{ "type": "Feature", "properties": { "fid": 2034, "Yapı No_Text": "-07" }, "geometry": { "type": "Point", "coordinates": [ 26.692619930000035, 39.316354355000044 ] } },
{ "type": "Feature", "properties": { "fid": 2035, "Yapı No_Text": "-08" }, "geometry": { "type": "Point", "coordinates": [ 26.692546217000029, 39.316364796000073 ] } },
{ "type": "Feature", "properties": { "fid": 2036, "Yapı No_Text": "-09" }, "geometry": { "type": "Point", "coordinates": [ 26.692475215000059, 39.31638640400007 ] } },
{ "type": "Feature", "properties": { "fid": 2037, "Yapı No_Text": "-01b" }, "geometry": { "type": "Point", "coordinates": [ 26.692382615000042, 39.31639580500007 ] } },
{ "type": "Feature", "properties": { "fid": 2038, "Yapı No_Text": "-05b" }, "geometry": { "type": "Point", "coordinates": [ 26.692970548000062, 39.316271885000049 ] } },
{ "type": "Feature", "properties": { "fid": 2039, "Yapı No_Text": "427" }, "geometry": { "type": "Point", "coordinates": [ 26.692832405000047, 39.316330114000039 ] } },
{ "type": "Feature", "properties": { "fid": 2040, "Yapı No_Text": "-01" }, "geometry": { "type": "Point", "coordinates": [ 26.692336915000055, 39.316308205000041 ] } },
{ "type": "Feature", "properties": { "fid": 2041, "Yapı No_Text": "-02b" }, "geometry": { "type": "Point", "coordinates": [ 26.692494538000062, 39.31625777000005 ] } },
{ "type": "Feature", "properties": { "fid": 2042, "Yapı No_Text": "-03" }, "geometry": { "type": "Point", "coordinates": [ 26.692571980000025, 39.316286757000057 ] } },
{ "type": "Feature", "properties": { "fid": 2043, "Yapı No_Text": "-04" }, "geometry": { "type": "Point", "coordinates": [ 26.692610126000034, 39.316221332000055 ] } },
{ "type": "Feature", "properties": { "fid": 2044, "Yapı No_Text": "-05" }, "geometry": { "type": "Point", "coordinates": [ 26.692663809000067, 39.316265958000031 ] } },
{ "type": "Feature", "properties": { "fid": 2045, "Yapı No_Text": "-06" }, "geometry": { "type": "Point", "coordinates": [ 26.692730939000057, 39.316256194000061 ] } },
{ "type": "Feature", "properties": { "fid": 2046, "Yapı No_Text": "-07" }, "geometry": { "type": "Point", "coordinates": [ 26.692832615000043, 39.316236225000068 ] } },
{ "type": "Feature", "properties": { "fid": 2047, "Yapı No_Text": "-08" }, "geometry": { "type": "Point", "coordinates": [ 26.692938072000061, 39.316207904000066 ] } },
{ "type": "Feature", "properties": { "fid": 2048, "Yapı No_Text": "-09" }, "geometry": { "type": "Point", "coordinates": [ 26.692943663000051, 39.316160568000043 ] } },
{ "type": "Feature", "properties": { "fid": 2049, "Yapı No_Text": "-10" }, "geometry": { "type": "Point", "coordinates": [ 26.692892847000053, 39.31611216500005 ] } },
{ "type": "Feature", "properties": { "fid": 2050, "Yapı No_Text": "-11" }, "geometry": { "type": "Point", "coordinates": [ 26.692889601000047, 39.316067959000065 ] } },
{ "type": "Feature", "properties": { "fid": 2051, "Yapı No_Text": "-12" }, "geometry": { "type": "Point", "coordinates": [ 26.692844666000042, 39.31608913000008 ] } },
{ "type": "Feature", "properties": { "fid": 2052, "Yapı No_Text": "-13" }, "geometry": { "type": "Point", "coordinates": [ 26.69278050500003, 39.316072035000047 ] } },
{ "type": "Feature", "properties": { "fid": 2053, "Yapı No_Text": "-14" }, "geometry": { "type": "Point", "coordinates": [ 26.69271737400004, 39.316140881000081 ] } },
{ "type": "Feature", "properties": { "fid": 2054, "Yapı No_Text": "-15" }, "geometry": { "type": "Point", "coordinates": [ 26.692651653000041, 39.316155302000027 ] } },
{ "type": "Feature", "properties": { "fid": 2055, "Yapı No_Text": "-02a" }, "geometry": { "type": "Point", "coordinates": [ 26.692425703000026, 39.316299890000039 ] } },
{ "type": "Feature", "properties": { "fid": 2056, "Yapı No_Text": "-02d" }, "geometry": { "type": "Point", "coordinates": [ 26.69240878100004, 39.316174051000075 ] } },
{ "type": "Feature", "properties": { "fid": 2057, "Yapı No_Text": "-02c" }, "geometry": { "type": "Point", "coordinates": [ 26.692468309000049, 39.316188269000065 ] } },
{ "type": "Feature", "properties": { "fid": 2058, "Yapı No_Text": "-16" }, "geometry": { "type": "Point", "coordinates": [ 26.692506814000069, 39.316138867000063 ] } },
{ "type": "Feature", "properties": { "fid": 2059, "Yapı No_Text": "-17" }, "geometry": { "type": "Point", "coordinates": [ 26.692321857000024, 39.31621175600003 ] } },
{ "type": "Feature", "properties": { "fid": 2060, "Yapı No_Text": "324" }, "geometry": { "type": "Point", "coordinates": [ 26.692751485000031, 39.316186357000049 ] } },
{ "type": "Feature", "properties": { "fid": 2061, "Yapı No_Text": "-01" }, "geometry": { "type": "Point", "coordinates": [ 26.692163192000066, 39.316080654000075 ] } },
{ "type": "Feature", "properties": { "fid": 2062, "Yapı No_Text": "-03" }, "geometry": { "type": "Point", "coordinates": [ 26.69244473200007, 39.316059101000064 ] } },
{ "type": "Feature", "properties": { "fid": 2063, "Yapı No_Text": "-04" }, "geometry": { "type": "Point", "coordinates": [ 26.692541186000028, 39.316028669000048 ] } },
{ "type": "Feature", "properties": { "fid": 2064, "Yapı No_Text": "-05" }, "geometry": { "type": "Point", "coordinates": [ 26.69263412600003, 39.316000411000061 ] } },
{ "type": "Feature", "properties": { "fid": 2065, "Yapı No_Text": "-06" }, "geometry": { "type": "Point", "coordinates": [ 26.692721951000067, 39.315989675000026 ] } },
{ "type": "Feature", "properties": { "fid": 2066, "Yapı No_Text": "-07" }, "geometry": { "type": "Point", "coordinates": [ 26.692836186000079, 39.315953610000065 ] } },
{ "type": "Feature", "properties": { "fid": 2067, "Yapı No_Text": "-08" }, "geometry": { "type": "Point", "coordinates": [ 26.692773036000062, 39.315902963000042 ] } },
{ "type": "Feature", "properties": { "fid": 2068, "Yapı No_Text": "-09" }, "geometry": { "type": "Point", "coordinates": [ 26.692785403000073, 39.315875801000061 ] } },
{ "type": "Feature", "properties": { "fid": 2069, "Yapı No_Text": "-10" }, "geometry": { "type": "Point", "coordinates": [ 26.692744640000058, 39.31584235400004 ] } },
{ "type": "Feature", "properties": { "fid": 2070, "Yapı No_Text": "-11" }, "geometry": { "type": "Point", "coordinates": [ 26.69265153200007, 39.315878247000057 ] } },
{ "type": "Feature", "properties": { "fid": 2071, "Yapı No_Text": "-12" }, "geometry": { "type": "Point", "coordinates": [ 26.692519533000052, 39.31592052600007 ] } },
{ "type": "Feature", "properties": { "fid": 2072, "Yapı No_Text": "-13b" }, "geometry": { "type": "Point", "coordinates": [ 26.692437265000024, 39.315948698000057 ] } },
{ "type": "Feature", "properties": { "fid": 2073, "Yapı No_Text": "-14" }, "geometry": { "type": "Point", "coordinates": [ 26.692252975000031, 39.316015293000078 ] } },
{ "type": "Feature", "properties": { "fid": 2074, "Yapı No_Text": "-02a" }, "geometry": { "type": "Point", "coordinates": [ 26.692311979000067, 39.316087749000076 ] } },
{ "type": "Feature", "properties": { "fid": 2075, "Yapı No_Text": "-13a" }, "geometry": { "type": "Point", "coordinates": [ 26.692395371000032, 39.315981272000045 ] } },
{ "type": "Feature", "properties": { "fid": 2076, "Yapı No_Text": "323" }, "geometry": { "type": "Point", "coordinates": [ 26.692605353000033, 39.315935645000025 ] } },
{ "type": "Feature", "properties": { "fid": 2077, "Yapı No_Text": "-01b" }, "geometry": { "type": "Point", "coordinates": [ 26.692051125000035, 39.31589761400005 ] } },
{ "type": "Feature", "properties": { "fid": 2078, "Yapı No_Text": "-03" }, "geometry": { "type": "Point", "coordinates": [ 26.692235731000039, 39.315893047000031 ] } },
{ "type": "Feature", "properties": { "fid": 2079, "Yapı No_Text": "-04" }, "geometry": { "type": "Point", "coordinates": [ 26.692304681000053, 39.315878170000076 ] } },
{ "type": "Feature", "properties": { "fid": 2080, "Yapı No_Text": "-05" }, "geometry": { "type": "Point", "coordinates": [ 26.692391391000058, 39.315852453000048 ] } },
{ "type": "Feature", "properties": { "fid": 2081, "Yapı No_Text": "-06" }, "geometry": { "type": "Point", "coordinates": [ 26.692452915000047, 39.315833215000055 ] } },
{ "type": "Feature", "properties": { "fid": 2082, "Yapı No_Text": "-07" }, "geometry": { "type": "Point", "coordinates": [ 26.692511608000075, 39.315803663000054 ] } },
{ "type": "Feature", "properties": { "fid": 2083, "Yapı No_Text": "-08" }, "geometry": { "type": "Point", "coordinates": [ 26.692588766000028, 39.315796636000073 ] } },
{ "type": "Feature", "properties": { "fid": 2084, "Yapı No_Text": "-09" }, "geometry": { "type": "Point", "coordinates": [ 26.692670507000059, 39.31576692200008 ] } },
{ "type": "Feature", "properties": { "fid": 2085, "Yapı No_Text": "-10" }, "geometry": { "type": "Point", "coordinates": [ 26.692732714000044, 39.31576834100008 ] } },
{ "type": "Feature", "properties": { "fid": 2086, "Yapı No_Text": "-11" }, "geometry": { "type": "Point", "coordinates": [ 26.692713302000072, 39.315737544000058 ] } },
{ "type": "Feature", "properties": { "fid": 2087, "Yapı No_Text": "-12" }, "geometry": { "type": "Point", "coordinates": [ 26.692687934000048, 39.315696020000075 ] } },
{ "type": "Feature", "properties": { "fid": 2088, "Yapı No_Text": "-14" }, "geometry": { "type": "Point", "coordinates": [ 26.692231058000061, 39.315838988000053 ] } },
{ "type": "Feature", "properties": { "fid": 2089, "Yapı No_Text": "-02" }, "geometry": { "type": "Point", "coordinates": [ 26.692178140000067, 39.315921644000071 ] } },
{ "type": "Feature", "properties": { "fid": 2090, "Yapı No_Text": "-13" }, "geometry": { "type": "Point", "coordinates": [ 26.692596568000056, 39.315718546000028 ] } },
{ "type": "Feature", "properties": { "fid": 2091, "Yapı No_Text": "-01a" }, "geometry": { "type": "Point", "coordinates": [ 26.692073361000041, 39.315956265000068 ] } },
{ "type": "Feature", "properties": { "fid": 2092, "Yapı No_Text": "322" }, "geometry": { "type": "Point", "coordinates": [ 26.69242934500005, 39.31577795000004 ] } },
{ "type": "Feature", "properties": { "fid": 2093, "Yapı No_Text": "-01" }, "geometry": { "type": "Point", "coordinates": [ 26.692092156000058, 39.315830296000058 ] } },
{ "type": "Feature", "properties": { "fid": 2094, "Yapı No_Text": "-02" }, "geometry": { "type": "Point", "coordinates": [ 26.692156240000031, 39.315801089000047 ] } },
{ "type": "Feature", "properties": { "fid": 2095, "Yapı No_Text": "-03" }, "geometry": { "type": "Point", "coordinates": [ 26.692209161000051, 39.315781766000043 ] } },
{ "type": "Feature", "properties": { "fid": 2096, "Yapı No_Text": "-04" }, "geometry": { "type": "Point", "coordinates": [ 26.692288201000054, 39.315754469000069 ] } },
{ "type": "Feature", "properties": { "fid": 2097, "Yapı No_Text": "-05a" }, "geometry": { "type": "Point", "coordinates": [ 26.692449685000042, 39.31569442600005 ] } },
{ "type": "Feature", "properties": { "fid": 2098, "Yapı No_Text": "-06" }, "geometry": { "type": "Point", "coordinates": [ 26.692645352000056, 39.315619316000038 ] } },
{ "type": "Feature", "properties": { "fid": 2099, "Yapı No_Text": "-05b" }, "geometry": { "type": "Point", "coordinates": [ 26.692542307000053, 39.315659872000026 ] } },
{ "type": "Feature", "properties": { "fid": 2100, "Yapı No_Text": "321" }, "geometry": { "type": "Point", "coordinates": [ 26.692356481000047, 39.315716289000079 ] } },
{ "type": "Feature", "properties": { "fid": 2101, "Yapı No_Text": "-01b" }, "geometry": { "type": "Point", "coordinates": [ 26.691980370000067, 39.315768422000076 ] } },
{ "type": "Feature", "properties": { "fid": 2102, "Yapı No_Text": "-03" }, "geometry": { "type": "Point", "coordinates": [ 26.692110595000031, 39.31571757200004 ] } },
{ "type": "Feature", "properties": { "fid": 2103, "Yapı No_Text": "-04" }, "geometry": { "type": "Point", "coordinates": [ 26.692179540000041, 39.315702697000063 ] } },
{ "type": "Feature", "properties": { "fid": 2104, "Yapı No_Text": "-05" }, "geometry": { "type": "Point", "coordinates": [ 26.69230764200006, 39.315661335000073 ] } },
{ "type": "Feature", "properties": { "fid": 2105, "Yapı No_Text": "-06" }, "geometry": { "type": "Point", "coordinates": [ 26.692467177000026, 39.315604697000026 ] } },
{ "type": "Feature", "properties": { "fid": 2106, "Yapı No_Text": "-07" }, "geometry": { "type": "Point", "coordinates": [ 26.692642370000044, 39.315555393000068 ] } },
{ "type": "Feature", "properties": { "fid": 2107, "Yapı No_Text": "-08" }, "geometry": { "type": "Point", "coordinates": [ 26.692608024000037, 39.31550887700007 ] } },
{ "type": "Feature", "properties": { "fid": 2108, "Yapı No_Text": "-09" }, "geometry": { "type": "Point", "coordinates": [ 26.692575397000041, 39.315448677000063 ] } },
{ "type": "Feature", "properties": { "fid": 2109, "Yapı No_Text": "-10" }, "geometry": { "type": "Point", "coordinates": [ 26.692484053000044, 39.315477172000044 ] } },
{ "type": "Feature", "properties": { "fid": 2110, "Yapı No_Text": "-11" }, "geometry": { "type": "Point", "coordinates": [ 26.692407623000065, 39.315502612000046 ] } },
{ "type": "Feature", "properties": { "fid": 2111, "Yapı No_Text": "-12" }, "geometry": { "type": "Point", "coordinates": [ 26.692346050000026, 39.315534336000042 ] } },
{ "type": "Feature", "properties": { "fid": 2112, "Yapı No_Text": "-14" }, "geometry": { "type": "Point", "coordinates": [ 26.692207893000045, 39.315584221000051 ] } },
{ "type": "Feature", "properties": { "fid": 2113, "Yapı No_Text": "-02" }, "geometry": { "type": "Point", "coordinates": [ 26.692052997000076, 39.315746169000079 ] } },
{ "type": "Feature", "properties": { "fid": 2114, "Yapı No_Text": "-13" }, "geometry": { "type": "Point", "coordinates": [ 26.692279282000072, 39.315566644000057 ] } },
{ "type": "Feature", "properties": { "fid": 2115, "Yapı No_Text": "-01a" }, "geometry": { "type": "Point", "coordinates": [ 26.69191894100004, 39.315798527000027 ] } },
{ "type": "Feature", "properties": { "fid": 2116, "Yapı No_Text": "-15" }, "geometry": { "type": "Point", "coordinates": [ 26.692162502000031, 39.315624107000076 ] } },
{ "type": "Feature", "properties": { "fid": 2117, "Yapı No_Text": "-16" }, "geometry": { "type": "Point", "coordinates": [ 26.692090140000062, 39.315647587000058 ] } },
{ "type": "Feature", "properties": { "fid": 2118, "Yapı No_Text": "-17" }, "geometry": { "type": "Point", "coordinates": [ 26.692017945000032, 39.315692637000041 ] } },
{ "type": "Feature", "properties": { "fid": 2119, "Yapı No_Text": "-18" }, "geometry": { "type": "Point", "coordinates": [ 26.691905086000077, 39.315745088000028 ] } },
{ "type": "Feature", "properties": { "fid": 2120, "Yapı No_Text": "320" }, "geometry": { "type": "Point", "coordinates": [ 26.692374479000023, 39.315598282000053 ] } },
{ "type": "Feature", "properties": { "fid": 2121, "Yapı No_Text": "-01" }, "geometry": { "type": "Point", "coordinates": [ 26.691135318000079, 39.315805416000046 ] } },
{ "type": "Feature", "properties": { "fid": 2122, "Yapı No_Text": "-02" }, "geometry": { "type": "Point", "coordinates": [ 26.691616743000054, 39.315793434000057 ] } },
{ "type": "Feature", "properties": { "fid": 2123, "Yapı No_Text": "-03" }, "geometry": { "type": "Point", "coordinates": [ 26.691642751000074, 39.315739717000042 ] } },
{ "type": "Feature", "properties": { "fid": 2124, "Yapı No_Text": "-04" }, "geometry": { "type": "Point", "coordinates": [ 26.691535209000051, 39.315741923000076 ] } },
{ "type": "Feature", "properties": { "fid": 2125, "Yapı No_Text": "-05" }, "geometry": { "type": "Point", "coordinates": [ 26.691394560000049, 39.315647335000051 ] } },
{ "type": "Feature", "properties": { "fid": 2126, "Yapı No_Text": "-06" }, "geometry": { "type": "Point", "coordinates": [ 26.691509935000056, 39.315570803000071 ] } },
{ "type": "Feature", "properties": { "fid": 2127, "Yapı No_Text": "-07" }, "geometry": { "type": "Point", "coordinates": [ 26.691810373000067, 39.315853601000072 ] } },
{ "type": "Feature", "properties": { "fid": 2128, "Yapı No_Text": "625" }, "geometry": { "type": "Point", "coordinates": [ 26.691343849000077, 39.31582465200006 ] } },
{ "type": "Feature", "properties": { "fid": 2129, "Yapı No_Text": "-01" }, "geometry": { "type": "Point", "coordinates": [ 26.690877361000048, 39.319290565000074 ] } },
{ "type": "Feature", "properties": { "fid": 2130, "Yapı No_Text": "-02" }, "geometry": { "type": "Point", "coordinates": [ 26.690749340000025, 39.319221636000066 ] } },
{ "type": "Feature", "properties": { "fid": 2131, "Yapı No_Text": "-03" }, "geometry": { "type": "Point", "coordinates": [ 26.690790269000047, 39.319139770000049 ] } },
{ "type": "Feature", "properties": { "fid": 2132, "Yapı No_Text": "-04" }, "geometry": { "type": "Point", "coordinates": [ 26.690789132000077, 39.319071496000049 ] } },
{ "type": "Feature", "properties": { "fid": 2133, "Yapı No_Text": "43" }, "geometry": { "type": "Point", "coordinates": [ 26.690933715000028, 39.319170081000038 ] } },
{ "type": "Feature", "properties": { "fid": 2134, "Yapı No_Text": "-01B" }, "geometry": { "type": "Point", "coordinates": [ 26.691187716000059, 39.31893836100005 ] } },
{ "type": "Feature", "properties": { "fid": 2135, "Yapı No_Text": "-01A" }, "geometry": { "type": "Point", "coordinates": [ 26.691197956000053, 39.319161439000027 ] } },
{ "type": "Feature", "properties": { "fid": 2136, "Yapı No_Text": "44" }, "geometry": { "type": "Point", "coordinates": [ 26.691173736000053, 39.31904058300006 ] } },
{ "type": "Feature", "properties": { "fid": 2137, "Yapı No_Text": "-01" }, "geometry": { "type": "Point", "coordinates": [ 26.691612324000062, 39.319090643000038 ] } },
{ "type": "Feature", "properties": { "fid": 2138, "Yapı No_Text": "-02" }, "geometry": { "type": "Point", "coordinates": [ 26.691459923000025, 39.319071076000057 ] } },
{ "type": "Feature", "properties": { "fid": 2139, "Yapı No_Text": "-03" }, "geometry": { "type": "Point", "coordinates": [ 26.691554597000049, 39.318985355000052 ] } },
{ "type": "Feature", "properties": { "fid": 2140, "Yapı No_Text": "-04" }, "geometry": { "type": "Point", "coordinates": [ 26.691417030000025, 39.318961212000033 ] } },
{ "type": "Feature", "properties": { "fid": 2141, "Yapı No_Text": "-05" }, "geometry": { "type": "Point", "coordinates": [ 26.69149509600004, 39.318868897000073 ] } },
{ "type": "Feature", "properties": { "fid": 2142, "Yapı No_Text": "-06" }, "geometry": { "type": "Point", "coordinates": [ 26.69140036400006, 39.318846309000037 ] } },
{ "type": "Feature", "properties": { "fid": 2143, "Yapı No_Text": "191" }, "geometry": { "type": "Point", "coordinates": [ 26.691493068000057, 39.318933926000057 ] } },
{ "type": "Feature", "properties": { "fid": 2144, "Yapı No_Text": "192" }, "geometry": { "type": "Point", "coordinates": [ 26.691555162000043, 39.319176404000075 ] } },
{ "type": "Feature", "properties": { "fid": 2145, "Yapı No_Text": "193" }, "geometry": { "type": "Point", "coordinates": [ 26.691713218000075, 39.31930107900007 ] } },
{ "type": "Feature", "properties": { "fid": 2146, "Yapı No_Text": "-01" }, "geometry": { "type": "Point", "coordinates": [ 26.691632936000076, 39.319160542000077 ] } },
{ "type": "Feature", "properties": { "fid": 2147, "Yapı No_Text": "-01" }, "geometry": { "type": "Point", "coordinates": [ 26.691632049000077, 39.319337404000066 ] } },
{ "type": "Feature", "properties": { "fid": 2148, "Yapı No_Text": "-02" }, "geometry": { "type": "Point", "coordinates": [ 26.69162648300005, 39.319257012000037 ] } },
{ "type": "Feature", "properties": { "fid": 2149, "Yapı No_Text": "-01" }, "geometry": { "type": "Point", "coordinates": [ 26.690712934000032, 39.318958652000049 ] } },
{ "type": "Feature", "properties": { "fid": 2150, "Yapı No_Text": "-02B" }, "geometry": { "type": "Point", "coordinates": [ 26.690584912000077, 39.318889723000041 ] } },
{ "type": "Feature", "properties": { "fid": 2151, "Yapı No_Text": "-03" }, "geometry": { "type": "Point", "coordinates": [ 26.690517569000065, 39.318950716000074 ] } },
{ "type": "Feature", "properties": { "fid": 2152, "Yapı No_Text": "-02A" }, "geometry": { "type": "Point", "coordinates": [ 26.690721408000059, 39.31886348300003 ] } },
{ "type": "Feature", "properties": { "fid": 2153, "Yapı No_Text": "-01" }, "geometry": { "type": "Point", "coordinates": [ 26.690536894000047, 39.318789705000029 ] } },
{ "type": "Feature", "properties": { "fid": 2154, "Yapı No_Text": "42" }, "geometry": { "type": "Point", "coordinates": [ 26.690807922000033, 39.318918224000072 ] } },
{ "type": "Feature", "properties": { "fid": 2155, "Yapı No_Text": "41" }, "geometry": { "type": "Point", "coordinates": [ 26.690692171000023, 39.318754348000027 ] } },
{ "type": "Feature", "properties": { "fid": 2156, "Yapı No_Text": "-01" }, "geometry": { "type": "Point", "coordinates": [ 26.690967270000044, 39.318876859000056 ] } },
{ "type": "Feature", "properties": { "fid": 2157, "Yapı No_Text": "-02" }, "geometry": { "type": "Point", "coordinates": [ 26.691091764000078, 39.318832502000078 ] } },
{ "type": "Feature", "properties": { "fid": 2158, "Yapı No_Text": "-03" }, "geometry": { "type": "Point", "coordinates": [ 26.691121232000057, 39.318794015000037 ] } },
{ "type": "Feature", "properties": { "fid": 2159, "Yapı No_Text": "-04" }, "geometry": { "type": "Point", "coordinates": [ 26.691144036000026, 39.318741210000042 ] } },
{ "type": "Feature", "properties": { "fid": 2160, "Yapı No_Text": "190" }, "geometry": { "type": "Point", "coordinates": [ 26.690970707000076, 39.31880502100006 ] } },
{ "type": "Feature", "properties": { "fid": 2161, "Yapı No_Text": "-01" }, "geometry": { "type": "Point", "coordinates": [ 26.690861108000036, 39.318695927000078 ] } },
{ "type": "Feature", "properties": { "fid": 2162, "Yapı No_Text": "-02B" }, "geometry": { "type": "Point", "coordinates": [ 26.69107972200004, 39.31861959400004 ] } },
{ "type": "Feature", "properties": { "fid": 2163, "Yapı No_Text": "-02A" }, "geometry": { "type": "Point", "coordinates": [ 26.690987908000068, 39.31860729400006 ] } },
{ "type": "Feature", "properties": { "fid": 2164, "Yapı No_Text": "40" }, "geometry": { "type": "Point", "coordinates": [ 26.690959593000059, 39.31865539000006 ] } },
{ "type": "Feature", "properties": { "fid": 2165, "Yapı No_Text": "-01" }, "geometry": { "type": "Point", "coordinates": [ 26.691264951000051, 39.318734824000046 ] } },
{ "type": "Feature", "properties": { "fid": 2166, "Yapı No_Text": "-02" }, "geometry": { "type": "Point", "coordinates": [ 26.691233209000075, 39.318667666000067 ] } },
{ "type": "Feature", "properties": { "fid": 2167, "Yapı No_Text": "189" }, "geometry": { "type": "Point", "coordinates": [ 26.691342765000059, 39.318686955000032 ] } },
{ "type": "Feature", "properties": { "fid": 2168, "Yapı No_Text": "-01" }, "geometry": { "type": "Point", "coordinates": [ 26.691175974000032, 39.318589547000045 ] } },
{ "type": "Feature", "properties": { "fid": 2169, "Yapı No_Text": "-02" }, "geometry": { "type": "Point", "coordinates": [ 26.691289705000031, 39.31848842800008 ] } },
{ "type": "Feature", "properties": { "fid": 2170, "Yapı No_Text": "39" }, "geometry": { "type": "Point", "coordinates": [ 26.691239813000038, 39.318539454000074 ] } },
{ "type": "Feature", "properties": { "fid": 2171, "Yapı No_Text": "-01" }, "geometry": { "type": "Point", "coordinates": [ 26.691539262000049, 39.318649764000043 ] } },
{ "type": "Feature", "properties": { "fid": 2172, "Yapı No_Text": "-02" }, "geometry": { "type": "Point", "coordinates": [ 26.69165324100004, 39.318629016000045 ] } },
{ "type": "Feature", "properties": { "fid": 2173, "Yapı No_Text": "-03" }, "geometry": { "type": "Point", "coordinates": [ 26.691698566000071, 39.318588050000074 ] } },
{ "type": "Feature", "properties": { "fid": 2174, "Yapı No_Text": "-04" }, "geometry": { "type": "Point", "coordinates": [ 26.691748062000045, 39.318575715000065 ] } },
{ "type": "Feature", "properties": { "fid": 2175, "Yapı No_Text": "-05" }, "geometry": { "type": "Point", "coordinates": [ 26.691853975000072, 39.318537708000065 ] } },
{ "type": "Feature", "properties": { "fid": 2176, "Yapı No_Text": "-06" }, "geometry": { "type": "Point", "coordinates": [ 26.691630867000072, 39.31854525600005 ] } },
{ "type": "Feature", "properties": { "fid": 2177, "Yapı No_Text": "-07" }, "geometry": { "type": "Point", "coordinates": [ 26.691511339000044, 39.318587534000073 ] } },
{ "type": "Feature", "properties": { "fid": 2178, "Yapı No_Text": "188" }, "geometry": { "type": "Point", "coordinates": [ 26.691752665000024, 39.31849499100008 ] } },
{ "type": "Feature", "properties": { "fid": 2179, "Yapı No_Text": "-01" }, "geometry": { "type": "Point", "coordinates": [ 26.691490225000052, 39.318452732000026 ] } },
{ "type": "Feature", "properties": { "fid": 2180, "Yapı No_Text": "38" }, "geometry": { "type": "Point", "coordinates": [ 26.691615221000063, 39.318404517000033 ] } },
{ "type": "Feature", "properties": { "fid": 2181, "Yapı No_Text": "-01" }, "geometry": { "type": "Point", "coordinates": [ 26.692418119000024, 39.319042810000042 ] } },
{ "type": "Feature", "properties": { "fid": 2182, "Yapı No_Text": "-02" }, "geometry": { "type": "Point", "coordinates": [ 26.692488954000055, 39.319054342000072 ] } },
{ "type": "Feature", "properties": { "fid": 2183, "Yapı No_Text": "-03" }, "geometry": { "type": "Point", "coordinates": [ 26.692528521000042, 39.31904137600003 ] } },
{ "type": "Feature", "properties": { "fid": 2184, "Yapı No_Text": "-04" }, "geometry": { "type": "Point", "coordinates": [ 26.692663851000077, 39.318940043000055 ] } },
{ "type": "Feature", "properties": { "fid": 2185, "Yapı No_Text": "-05" }, "geometry": { "type": "Point", "coordinates": [ 26.692741989000069, 39.318967785000041 ] } },
{ "type": "Feature", "properties": { "fid": 2186, "Yapı No_Text": "-06" }, "geometry": { "type": "Point", "coordinates": [ 26.692715047000036, 39.318905048000033 ] } },
{ "type": "Feature", "properties": { "fid": 2187, "Yapı No_Text": "-07" }, "geometry": { "type": "Point", "coordinates": [ 26.692699871000059, 39.318863932000056 ] } },
{ "type": "Feature", "properties": { "fid": 2188, "Yapı No_Text": "-08" }, "geometry": { "type": "Point", "coordinates": [ 26.692683813000031, 39.318812884000067 ] } },
{ "type": "Feature", "properties": { "fid": 2189, "Yapı No_Text": "-09" }, "geometry": { "type": "Point", "coordinates": [ 26.692667706000066, 39.318754312000067 ] } },
{ "type": "Feature", "properties": { "fid": 2190, "Yapı No_Text": "-10" }, "geometry": { "type": "Point", "coordinates": [ 26.692641669000068, 39.31867942000008 ] } },
{ "type": "Feature", "properties": { "fid": 2191, "Yapı No_Text": "-11" }, "geometry": { "type": "Point", "coordinates": [ 26.692625167000074, 39.318635242000028 ] } },
{ "type": "Feature", "properties": { "fid": 2192, "Yapı No_Text": "-12" }, "geometry": { "type": "Point", "coordinates": [ 26.692605665000031, 39.318591209000033 ] } },
{ "type": "Feature", "properties": { "fid": 2193, "Yapı No_Text": "-13" }, "geometry": { "type": "Point", "coordinates": [ 26.692587950000075, 39.318515866000041 ] } },
{ "type": "Feature", "properties": { "fid": 2194, "Yapı No_Text": "-14" }, "geometry": { "type": "Point", "coordinates": [ 26.692521667000051, 39.31847104700006 ] } },
{ "type": "Feature", "properties": { "fid": 2195, "Yapı No_Text": "-15" }, "geometry": { "type": "Point", "coordinates": [ 26.692333796000071, 39.318519249000076 ] } },
{ "type": "Feature", "properties": { "fid": 2196, "Yapı No_Text": "-16" }, "geometry": { "type": "Point", "coordinates": [ 26.692216444000053, 39.318635638000046 ] } },
{ "type": "Feature", "properties": { "fid": 2197, "Yapı No_Text": "-17" }, "geometry": { "type": "Point", "coordinates": [ 26.692289150000079, 39.318733433000034 ] } },
{ "type": "Feature", "properties": { "fid": 2198, "Yapı No_Text": "-18" }, "geometry": { "type": "Point", "coordinates": [ 26.692361245000029, 39.318871323000053 ] } },
{ "type": "Feature", "properties": { "fid": 2199, "Yapı No_Text": "335" }, "geometry": { "type": "Point", "coordinates": [ 26.692513620000057, 39.318738379000024 ] } },
{ "type": "Feature", "properties": { "fid": 2200, "Yapı No_Text": "-01" }, "geometry": { "type": "Point", "coordinates": [ 26.692885061000027, 39.318954464000058 ] } },
{ "type": "Feature", "properties": { "fid": 2201, "Yapı No_Text": "-02" }, "geometry": { "type": "Point", "coordinates": [ 26.692955797000025, 39.318904105000058 ] } },
{ "type": "Feature", "properties": { "fid": 2202, "Yapı No_Text": "-03" }, "geometry": { "type": "Point", "coordinates": [ 26.693152501000043, 39.318883485000072 ] } },
{ "type": "Feature", "properties": { "fid": 2203, "Yapı No_Text": "-04" }, "geometry": { "type": "Point", "coordinates": [ 26.693228437000073, 39.318880559000036 ] } },
{ "type": "Feature", "properties": { "fid": 2204, "Yapı No_Text": "-05" }, "geometry": { "type": "Point", "coordinates": [ 26.69322704800004, 39.318842834000066 ] } },
{ "type": "Feature", "properties": { "fid": 2205, "Yapı No_Text": "-06" }, "geometry": { "type": "Point", "coordinates": [ 26.693222105000075, 39.318801391000079 ] } },
{ "type": "Feature", "properties": { "fid": 2206, "Yapı No_Text": "-07" }, "geometry": { "type": "Point", "coordinates": [ 26.693212972000026, 39.318739695000033 ] } },
{ "type": "Feature", "properties": { "fid": 2207, "Yapı No_Text": "-08" }, "geometry": { "type": "Point", "coordinates": [ 26.693204594000065, 39.31868206300004 ] } },
{ "type": "Feature", "properties": { "fid": 2208, "Yapı No_Text": "-09" }, "geometry": { "type": "Point", "coordinates": [ 26.693179116000067, 39.318638347000046 ] } },
{ "type": "Feature", "properties": { "fid": 2209, "Yapı No_Text": "-10" }, "geometry": { "type": "Point", "coordinates": [ 26.693154717000027, 39.318598029000043 ] } },
{ "type": "Feature", "properties": { "fid": 2210, "Yapı No_Text": "-11" }, "geometry": { "type": "Point", "coordinates": [ 26.693151373000035, 39.318560395000077 ] } },
{ "type": "Feature", "properties": { "fid": 2211, "Yapı No_Text": "-12" }, "geometry": { "type": "Point", "coordinates": [ 26.693125004000024, 39.318531820000032 ] } },
{ "type": "Feature", "properties": { "fid": 2212, "Yapı No_Text": "-13" }, "geometry": { "type": "Point", "coordinates": [ 26.693116864000046, 39.318482943000049 ] } },
{ "type": "Feature", "properties": { "fid": 2213, "Yapı No_Text": "-14" }, "geometry": { "type": "Point", "coordinates": [ 26.693114499000046, 39.318442420000054 ] } },
{ "type": "Feature", "properties": { "fid": 2214, "Yapı No_Text": "-15" }, "geometry": { "type": "Point", "coordinates": [ 26.693014031000075, 39.31844519100008 ] } },
{ "type": "Feature", "properties": { "fid": 2215, "Yapı No_Text": "-16" }, "geometry": { "type": "Point", "coordinates": [ 26.692811882000058, 39.318458100000043 ] } },
{ "type": "Feature", "properties": { "fid": 2216, "Yapı No_Text": "-17" }, "geometry": { "type": "Point", "coordinates": [ 26.692735258000027, 39.318497883000077 ] } },
{ "type": "Feature", "properties": { "fid": 2217, "Yapı No_Text": "-18" }, "geometry": { "type": "Point", "coordinates": [ 26.692751955000062, 39.318564619000028 ] } },
{ "type": "Feature", "properties": { "fid": 2218, "Yapı No_Text": "-19" }, "geometry": { "type": "Point", "coordinates": [ 26.692765216000055, 39.318608796000035 ] } },
{ "type": "Feature", "properties": { "fid": 2219, "Yapı No_Text": "-20" }, "geometry": { "type": "Point", "coordinates": [ 26.692776603000027, 39.31865588900007 ] } },
{ "type": "Feature", "properties": { "fid": 2220, "Yapı No_Text": "-21" }, "geometry": { "type": "Point", "coordinates": [ 26.692810743000052, 39.318762010000057 ] } },
{ "type": "Feature", "properties": { "fid": 2221, "Yapı No_Text": "-22" }, "geometry": { "type": "Point", "coordinates": [ 26.692832255000042, 39.318829709000056 ] } },
{ "type": "Feature", "properties": { "fid": 2222, "Yapı No_Text": "-23" }, "geometry": { "type": "Point", "coordinates": [ 26.692845549000026, 39.318891374000032 ] } },
{ "type": "Feature", "properties": { "fid": 2223, "Yapı No_Text": "610" }, "geometry": { "type": "Point", "coordinates": [ 26.692985380000039, 39.318692160000069 ] } },
{ "type": "Feature", "properties": { "fid": 2224, "Yapı No_Text": "-01" }, "geometry": { "type": "Point", "coordinates": [ 26.692663607000043, 39.319408396000028 ] } },
{ "type": "Feature", "properties": { "fid": 2225, "Yapı No_Text": "-02" }, "geometry": { "type": "Point", "coordinates": [ 26.692745051000031, 39.319399600000054 ] } },
{ "type": "Feature", "properties": { "fid": 2226, "Yapı No_Text": "-03" }, "geometry": { "type": "Point", "coordinates": [ 26.692815146000044, 39.319374239000069 ] } },
{ "type": "Feature", "properties": { "fid": 2227, "Yapı No_Text": "-04" }, "geometry": { "type": "Point", "coordinates": [ 26.69288963300005, 39.31934635500005 ] } },
{ "type": "Feature", "properties": { "fid": 2228, "Yapı No_Text": "-05" }, "geometry": { "type": "Point", "coordinates": [ 26.692918872000064, 39.319325669000079 ] } },
{ "type": "Feature", "properties": { "fid": 2229, "Yapı No_Text": "-06" }, "geometry": { "type": "Point", "coordinates": [ 26.692763150000076, 39.319304595000062 ] } },
{ "type": "Feature", "properties": { "fid": 2230, "Yapı No_Text": "-07" }, "geometry": { "type": "Point", "coordinates": [ 26.692804336000052, 39.319227011000066 ] } },
{ "type": "Feature", "properties": { "fid": 2231, "Yapı No_Text": "-08" }, "geometry": { "type": "Point", "coordinates": [ 26.692803130000073, 39.319159944000035 ] } },
{ "type": "Feature", "properties": { "fid": 2232, "Yapı No_Text": "-09" }, "geometry": { "type": "Point", "coordinates": [ 26.692796083000076, 39.319107179000071 ] } },
{ "type": "Feature", "properties": { "fid": 2233, "Yapı No_Text": "-10" }, "geometry": { "type": "Point", "coordinates": [ 26.692730180000069, 39.319171444000062 ] } },
{ "type": "Feature", "properties": { "fid": 2234, "Yapı No_Text": "-11" }, "geometry": { "type": "Point", "coordinates": [ 26.692638786000032, 39.319182294000029 ] } },
{ "type": "Feature", "properties": { "fid": 2235, "Yapı No_Text": "-12" }, "geometry": { "type": "Point", "coordinates": [ 26.692557989000079, 39.319176587000072 ] } },
{ "type": "Feature", "properties": { "fid": 2236, "Yapı No_Text": "-13" }, "geometry": { "type": "Point", "coordinates": [ 26.692516113000067, 39.31919864200006 ] } },
{ "type": "Feature", "properties": { "fid": 2237, "Yapı No_Text": "-14" }, "geometry": { "type": "Point", "coordinates": [ 26.692645436000078, 39.319360510000024 ] } },
{ "type": "Feature", "properties": { "fid": 2238, "Yapı No_Text": "611" }, "geometry": { "type": "Point", "coordinates": [ 26.692678426000043, 39.319256132000078 ] } },
{ "type": "Feature", "properties": { "fid": 2239, "Yapı No_Text": "-01" }, "geometry": { "type": "Point", "coordinates": [ 26.693006037000032, 39.31930464900006 ] } },
{ "type": "Feature", "properties": { "fid": 2240, "Yapı No_Text": "-02A" }, "geometry": { "type": "Point", "coordinates": [ 26.692994987000077, 39.319263418000048 ] } },
{ "type": "Feature", "properties": { "fid": 2241, "Yapı No_Text": "-03" }, "geometry": { "type": "Point", "coordinates": [ 26.692973190000032, 39.319150704000037 ] } },
{ "type": "Feature", "properties": { "fid": 2242, "Yapı No_Text": "-04" }, "geometry": { "type": "Point", "coordinates": [ 26.692904932000033, 39.319122376000053 ] } },
{ "type": "Feature", "properties": { "fid": 2243, "Yapı No_Text": "-05" }, "geometry": { "type": "Point", "coordinates": [ 26.69293889100004, 39.31906460700003 ] } },
{ "type": "Feature", "properties": { "fid": 2244, "Yapı No_Text": "-06" }, "geometry": { "type": "Point", "coordinates": [ 26.692997287000026, 39.319081573000062 ] } },
{ "type": "Feature", "properties": { "fid": 2245, "Yapı No_Text": "-07" }, "geometry": { "type": "Point", "coordinates": [ 26.69305617200007, 39.31911503200007 ] } },
{ "type": "Feature", "properties": { "fid": 2246, "Yapı No_Text": "-08" }, "geometry": { "type": "Point", "coordinates": [ 26.693104370000071, 39.31904684400007 ] } },
{ "type": "Feature", "properties": { "fid": 2247, "Yapı No_Text": "-09" }, "geometry": { "type": "Point", "coordinates": [ 26.693138691000058, 39.319111544000066 ] } },
{ "type": "Feature", "properties": { "fid": 2248, "Yapı No_Text": "-10" }, "geometry": { "type": "Point", "coordinates": [ 26.693166681000037, 39.319154282000056 ] } },
{ "type": "Feature", "properties": { "fid": 2249, "Yapı No_Text": "-11" }, "geometry": { "type": "Point", "coordinates": [ 26.693177413000058, 39.319192809000072 ] } },
{ "type": "Feature", "properties": { "fid": 2250, "Yapı No_Text": "-12" }, "geometry": { "type": "Point", "coordinates": [ 26.693234486000051, 39.319234413000061 ] } },
{ "type": "Feature", "properties": { "fid": 2251, "Yapı No_Text": "-13" }, "geometry": { "type": "Point", "coordinates": [ 26.693202896000059, 39.319260918000055 ] } },
{ "type": "Feature", "properties": { "fid": 2252, "Yapı No_Text": "-14" }, "geometry": { "type": "Point", "coordinates": [ 26.693136378000077, 39.319265722000068 ] } },
{ "type": "Feature", "properties": { "fid": 2253, "Yapı No_Text": "-15" }, "geometry": { "type": "Point", "coordinates": [ 26.693112357000075, 39.319289101000038 ] } },
{ "type": "Feature", "properties": { "fid": 2254, "Yapı No_Text": "-16" }, "geometry": { "type": "Point", "coordinates": [ 26.693046980000076, 39.319284956000047 ] } },
{ "type": "Feature", "properties": { "fid": 2255, "Yapı No_Text": "440" }, "geometry": { "type": "Point", "coordinates": [ 26.693072447000077, 39.319191587000034 ] } },
{ "type": "Feature", "properties": { "fid": 2256, "Yapı No_Text": "-02B" }, "geometry": { "type": "Point", "coordinates": [ 26.692964360000076, 39.319223195000063 ] } },
{ "type": "Feature", "properties": { "fid": 2257, "Yapı No_Text": "-01" }, "geometry": { "type": "Point", "coordinates": [ 26.692788825000036, 39.319757026000048 ] } },
{ "type": "Feature", "properties": { "fid": 2258, "Yapı No_Text": "-02" }, "geometry": { "type": "Point", "coordinates": [ 26.69292099200004, 39.319726839000054 ] } },
{ "type": "Feature", "properties": { "fid": 2259, "Yapı No_Text": "-03" }, "geometry": { "type": "Point", "coordinates": [ 26.692940231000023, 39.319643187000054 ] } },
{ "type": "Feature", "properties": { "fid": 2260, "Yapı No_Text": "-04A" }, "geometry": { "type": "Point", "coordinates": [ 26.692825947000074, 39.319504647000031 ] } },
{ "type": "Feature", "properties": { "fid": 2261, "Yapı No_Text": "-05" }, "geometry": { "type": "Point", "coordinates": [ 26.692721987000027, 39.319511374000058 ] } },
{ "type": "Feature", "properties": { "fid": 2262, "Yapı No_Text": "-06" }, "geometry": { "type": "Point", "coordinates": [ 26.692740550000053, 39.319576258000041 ] } },
{ "type": "Feature", "properties": { "fid": 2263, "Yapı No_Text": "-07" }, "geometry": { "type": "Point", "coordinates": [ 26.692761591000078, 39.319619788000068 ] } },
{ "type": "Feature", "properties": { "fid": 2264, "Yapı No_Text": "-08" }, "geometry": { "type": "Point", "coordinates": [ 26.692790420000051, 39.319695205000073 ] } },
{ "type": "Feature", "properties": { "fid": 2265, "Yapı No_Text": "-04B" }, "geometry": { "type": "Point", "coordinates": [ 26.692816037000057, 39.319462564000048 ] } },
{ "type": "Feature", "properties": { "fid": 2266, "Yapı No_Text": "613" }, "geometry": { "type": "Point", "coordinates": [ 26.692841219000059, 39.319574820000071 ] } },
{ "type": "Feature", "properties": { "fid": 2267, "Yapı No_Text": "-01" }, "geometry": { "type": "Point", "coordinates": [ 26.693075935000024, 39.319693030000053 ] } },
{ "type": "Feature", "properties": { "fid": 2268, "Yapı No_Text": "-02" }, "geometry": { "type": "Point", "coordinates": [ 26.693120936000071, 39.319694509000044 ] } },
{ "type": "Feature", "properties": { "fid": 2269, "Yapı No_Text": "-03" }, "geometry": { "type": "Point", "coordinates": [ 26.693148461000078, 39.319654783000033 ] } },
{ "type": "Feature", "properties": { "fid": 2270, "Yapı No_Text": "-04" }, "geometry": { "type": "Point", "coordinates": [ 26.693179557000065, 39.319572415000039 ] } },
{ "type": "Feature", "properties": { "fid": 2271, "Yapı No_Text": "-05" }, "geometry": { "type": "Point", "coordinates": [ 26.693149414000061, 39.319462859000055 ] } },
{ "type": "Feature", "properties": { "fid": 2272, "Yapı No_Text": "-06" }, "geometry": { "type": "Point", "coordinates": [ 26.693099704000076, 39.31939901100003 ] } },
{ "type": "Feature", "properties": { "fid": 2273, "Yapı No_Text": "-07" }, "geometry": { "type": "Point", "coordinates": [ 26.69304849100007, 39.319429893000063 ] } },
{ "type": "Feature", "properties": { "fid": 2274, "Yapı No_Text": "-08" }, "geometry": { "type": "Point", "coordinates": [ 26.692961103000073, 39.319393250000076 ] } },
{ "type": "Feature", "properties": { "fid": 2275, "Yapı No_Text": "-09" }, "geometry": { "type": "Point", "coordinates": [ 26.692984769000077, 39.319469623000032 ] } },
{ "type": "Feature", "properties": { "fid": 2276, "Yapı No_Text": "-10" }, "geometry": { "type": "Point", "coordinates": [ 26.693012759000055, 39.319512357000065 ] } },
{ "type": "Feature", "properties": { "fid": 2277, "Yapı No_Text": "-11" }, "geometry": { "type": "Point", "coordinates": [ 26.693042478000052, 39.319565519000037 ] } },
{ "type": "Feature", "properties": { "fid": 2278, "Yapı No_Text": "-12" }, "geometry": { "type": "Point", "coordinates": [ 26.693072511000025, 39.319622296000034 ] } },
{ "type": "Feature", "properties": { "fid": 2279, "Yapı No_Text": "517" }, "geometry": { "type": "Point", "coordinates": [ 26.693114175000062, 39.319520413000077 ] } },
{ "type": "Feature", "properties": { "fid": 2280, "Yapı No_Text": "-01" }, "geometry": { "type": "Point", "coordinates": [ 26.693075935000024, 39.319693030000053 ] } },
{ "type": "Feature", "properties": { "fid": 2281, "Yapı No_Text": "-02" }, "geometry": { "type": "Point", "coordinates": [ 26.693120936000071, 39.319694509000044 ] } },
{ "type": "Feature", "properties": { "fid": 2282, "Yapı No_Text": "-03" }, "geometry": { "type": "Point", "coordinates": [ 26.693148461000078, 39.319654783000033 ] } },
{ "type": "Feature", "properties": { "fid": 2283, "Yapı No_Text": "-04" }, "geometry": { "type": "Point", "coordinates": [ 26.693179557000065, 39.319572415000039 ] } },
{ "type": "Feature", "properties": { "fid": 2284, "Yapı No_Text": "-05" }, "geometry": { "type": "Point", "coordinates": [ 26.693149414000061, 39.319462859000055 ] } },
{ "type": "Feature", "properties": { "fid": 2285, "Yapı No_Text": "-06" }, "geometry": { "type": "Point", "coordinates": [ 26.693099704000076, 39.31939901100003 ] } },
{ "type": "Feature", "properties": { "fid": 2286, "Yapı No_Text": "-07" }, "geometry": { "type": "Point", "coordinates": [ 26.69304849100007, 39.319429893000063 ] } },
{ "type": "Feature", "properties": { "fid": 2287, "Yapı No_Text": "-08" }, "geometry": { "type": "Point", "coordinates": [ 26.692961103000073, 39.319393250000076 ] } },
{ "type": "Feature", "properties": { "fid": 2288, "Yapı No_Text": "-03" }, "geometry": { "type": "Point", "coordinates": [ 26.693323281000062, 39.319510336000064 ] } },
{ "type": "Feature", "properties": { "fid": 2289, "Yapı No_Text": "-01" }, "geometry": { "type": "Point", "coordinates": [ 26.693366279000031, 39.319585440000026 ] } },
{ "type": "Feature", "properties": { "fid": 2290, "Yapı No_Text": "-03" }, "geometry": { "type": "Point", "coordinates": [ 26.693323281000062, 39.319510336000064 ] } },
{ "type": "Feature", "properties": { "fid": 2291, "Yapı No_Text": "-04" }, "geometry": { "type": "Point", "coordinates": [ 26.693316439000057, 39.319449399000064 ] } },
{ "type": "Feature", "properties": { "fid": 2292, "Yapı No_Text": "-05" }, "geometry": { "type": "Point", "coordinates": [ 26.693295381000041, 39.31940363800004 ] } },
{ "type": "Feature", "properties": { "fid": 2293, "Yapı No_Text": "-06" }, "geometry": { "type": "Point", "coordinates": [ 26.69326492600004, 39.319351754000024 ] } },
{ "type": "Feature", "properties": { "fid": 2294, "Yapı No_Text": "-07" }, "geometry": { "type": "Point", "coordinates": [ 26.693248505000042, 39.319320650000066 ] } },
{ "type": "Feature", "properties": { "fid": 2295, "Yapı No_Text": "-08" }, "geometry": { "type": "Point", "coordinates": [ 26.693406711000023, 39.319528607000052 ] } },
{ "type": "Feature", "properties": { "fid": 2296, "Yapı No_Text": "-02" }, "geometry": { "type": "Point", "coordinates": [ 26.693337763000045, 39.319560724000041 ] } },
{ "type": "Feature", "properties": { "fid": 2297, "Yapı No_Text": "516" }, "geometry": { "type": "Point", "coordinates": [ 26.693375538000055, 39.319467921000069 ] } },
{ "type": "Feature", "properties": { "fid": 2298, "Yapı No_Text": "-01" }, "geometry": { "type": "Point", "coordinates": [ 26.693727228000057, 39.320017567000036 ] } },
{ "type": "Feature", "properties": { "fid": 2299, "Yapı No_Text": "-02" }, "geometry": { "type": "Point", "coordinates": [ 26.693819725000026, 39.319999800000062 ] } },
{ "type": "Feature", "properties": { "fid": 2300, "Yapı No_Text": "-03" }, "geometry": { "type": "Point", "coordinates": [ 26.693903061000071, 39.320007525000051 ] } },
{ "type": "Feature", "properties": { "fid": 2301, "Yapı No_Text": "-04" }, "geometry": { "type": "Point", "coordinates": [ 26.694031239000026, 39.320031854000035 ] } },
{ "type": "Feature", "properties": { "fid": 2302, "Yapı No_Text": "-05" }, "geometry": { "type": "Point", "coordinates": [ 26.694140029000039, 39.320060803000047 ] } },
{ "type": "Feature", "properties": { "fid": 2303, "Yapı No_Text": "-06" }, "geometry": { "type": "Point", "coordinates": [ 26.694168596000054, 39.319959997000069 ] } },
{ "type": "Feature", "properties": { "fid": 2304, "Yapı No_Text": "-07" }, "geometry": { "type": "Point", "coordinates": [ 26.694197941000027, 39.319915675000061 ] } },
{ "type": "Feature", "properties": { "fid": 2305, "Yapı No_Text": "-08" }, "geometry": { "type": "Point", "coordinates": [ 26.694149637000066, 39.31989225500007 ] } },
{ "type": "Feature", "properties": { "fid": 2306, "Yapı No_Text": "-09" }, "geometry": { "type": "Point", "coordinates": [ 26.693983495000055, 39.319739104000064 ] } },
{ "type": "Feature", "properties": { "fid": 2307, "Yapı No_Text": "-10" }, "geometry": { "type": "Point", "coordinates": [ 26.694023121000043, 39.319666075000043 ] } },
{ "type": "Feature", "properties": { "fid": 2308, "Yapı No_Text": "-11" }, "geometry": { "type": "Point", "coordinates": [ 26.694017328000029, 39.319605008000053 ] } },
{ "type": "Feature", "properties": { "fid": 2309, "Yapı No_Text": "-12" }, "geometry": { "type": "Point", "coordinates": [ 26.693954886000029, 39.319545085000073 ] } },
{ "type": "Feature", "properties": { "fid": 2310, "Yapı No_Text": "-13" }, "geometry": { "type": "Point", "coordinates": [ 26.694035472000053, 39.319512802000077 ] } },
{ "type": "Feature", "properties": { "fid": 2311, "Yapı No_Text": "-14" }, "geometry": { "type": "Point", "coordinates": [ 26.693879087000028, 39.319575599000075 ] } },
{ "type": "Feature", "properties": { "fid": 2312, "Yapı No_Text": "-15" }, "geometry": { "type": "Point", "coordinates": [ 26.693819065000071, 39.319592984000053 ] } },
{ "type": "Feature", "properties": { "fid": 2313, "Yapı No_Text": "-16" }, "geometry": { "type": "Point", "coordinates": [ 26.693765909000035, 39.319582131000061 ] } },
{ "type": "Feature", "properties": { "fid": 2314, "Yapı No_Text": "-17" }, "geometry": { "type": "Point", "coordinates": [ 26.693670140000052, 39.319598846000076 ] } },
{ "type": "Feature", "properties": { "fid": 2315, "Yapı No_Text": "-18" }, "geometry": { "type": "Point", "coordinates": [ 26.693673916000023, 39.319642329000033 ] } },
{ "type": "Feature", "properties": { "fid": 2316, "Yapı No_Text": "-19" }, "geometry": { "type": "Point", "coordinates": [ 26.693704912000044, 39.319700174000047 ] } },
{ "type": "Feature", "properties": { "fid": 2317, "Yapı No_Text": "-20" }, "geometry": { "type": "Point", "coordinates": [ 26.69371135800003, 39.319807514000047 ] } },
{ "type": "Feature", "properties": { "fid": 2318, "Yapı No_Text": "-21" }, "geometry": { "type": "Point", "coordinates": [ 26.693869434000078, 39.31978177600007 ] } },
{ "type": "Feature", "properties": { "fid": 2319, "Yapı No_Text": "525" }, "geometry": { "type": "Point", "coordinates": [ 26.69389760200005, 39.31987040000007 ] } },
{ "type": "Feature", "properties": { "fid": 2320, "Yapı No_Text": "521" }, "geometry": { "type": "Point", "coordinates": [ 26.694231992000027, 39.319521830000042 ] } },
{ "type": "Feature", "properties": { "fid": 2321, "Yapı No_Text": "-05A" }, "geometry": { "type": "Point", "coordinates": [ 26.694132772000046, 39.320013843000027 ] } },
{ "type": "Feature", "properties": { "fid": 2322, "Yapı No_Text": "-01" }, "geometry": { "type": "Point", "coordinates": [ 26.69411070700005, 39.319576286000029 ] } },
{ "type": "Feature", "properties": { "fid": 2323, "Yapı No_Text": "-02" }, "geometry": { "type": "Point", "coordinates": [ 26.694193032000044, 39.319585366000069 ] } },
{ "type": "Feature", "properties": { "fid": 2324, "Yapı No_Text": "-03" }, "geometry": { "type": "Point", "coordinates": [ 26.694307516000038, 39.319604438000056 ] } },
{ "type": "Feature", "properties": { "fid": 2325, "Yapı No_Text": "-04" }, "geometry": { "type": "Point", "coordinates": [ 26.694376365000039, 39.319577228000071 ] } },
{ "type": "Feature", "properties": { "fid": 2326, "Yapı No_Text": "-05" }, "geometry": { "type": "Point", "coordinates": [ 26.694310219000045, 39.319527978000053 ] } },
{ "type": "Feature", "properties": { "fid": 2327, "Yapı No_Text": "-06A" }, "geometry": { "type": "Point", "coordinates": [ 26.694196784000042, 39.319442471000059 ] } },
{ "type": "Feature", "properties": { "fid": 2328, "Yapı No_Text": "-07" }, "geometry": { "type": "Point", "coordinates": [ 26.694133664000049, 39.319522530000029 ] } },
{ "type": "Feature", "properties": { "fid": 2329, "Yapı No_Text": "-06B" }, "geometry": { "type": "Point", "coordinates": [ 26.694255392000059, 39.319478555000046 ] } },
{ "type": "Feature", "properties": { "fid": 2330, "Yapı No_Text": "-01" }, "geometry": { "type": "Point", "coordinates": [ 26.69010240800003, 39.313505189000068 ] } },
{ "type": "Feature", "properties": { "fid": 2331, "Yapı No_Text": "-02" }, "geometry": { "type": "Point", "coordinates": [ 26.690018076000058, 39.313524487000052 ] } },
{ "type": "Feature", "properties": { "fid": 2332, "Yapı No_Text": " 17" }, "geometry": { "type": "Point", "coordinates": [ 26.690009902000043, 39.313578316000076 ] } },
{ "type": "Feature", "properties": { "fid": 2333, "Yapı No_Text": "-01" }, "geometry": { "type": "Point", "coordinates": [ 26.690281046000052, 39.313798104000057 ] } },
{ "type": "Feature", "properties": { "fid": 2334, "Yapı No_Text": "-02" }, "geometry": { "type": "Point", "coordinates": [ 26.690238591000025, 39.31367784300005 ] } },
{ "type": "Feature", "properties": { "fid": 2335, "Yapı No_Text": " 18" }, "geometry": { "type": "Point", "coordinates": [ 26.690147069000034, 39.313714981000032 ] } },
{ "type": "Feature", "properties": { "fid": 2336, "Yapı No_Text": "-03" }, "geometry": { "type": "Point", "coordinates": [ 26.690164374000062, 39.313641911000047 ] } },
{ "type": "Feature", "properties": { "fid": 2337, "Yapı No_Text": "-04" }, "geometry": { "type": "Point", "coordinates": [ 26.690081901000042, 39.313639081000076 ] } },
{ "type": "Feature", "properties": { "fid": 2338, "Yapı No_Text": " 19" }, "geometry": { "type": "Point", "coordinates": [ 26.690338065000049, 39.313899799000069 ] } },
{ "type": "Feature", "properties": { "fid": 2339, "Yapı No_Text": "-01" }, "geometry": { "type": "Point", "coordinates": [ 26.690412896000055, 39.313974858000051 ] } },
{ "type": "Feature", "properties": { "fid": 2340, "Yapı No_Text": "-02" }, "geometry": { "type": "Point", "coordinates": [ 26.690469783000026, 39.313862659000051 ] } },
{ "type": "Feature", "properties": { "fid": 2341, "Yapı No_Text": "-03" }, "geometry": { "type": "Point", "coordinates": [ 26.690431250000074, 39.313804043000061 ] } },
{ "type": "Feature", "properties": { "fid": 2342, "Yapı No_Text": "-01A" }, "geometry": { "type": "Point", "coordinates": [ 26.690501021000046, 39.314113158000055 ] } },
{ "type": "Feature", "properties": { "fid": 2343, "Yapı No_Text": "-01B" }, "geometry": { "type": "Point", "coordinates": [ 26.69060089900006, 39.314087747000031 ] } },
{ "type": "Feature", "properties": { "fid": 2344, "Yapı No_Text": "-01C" }, "geometry": { "type": "Point", "coordinates": [ 26.690622149000035, 39.314038206000077 ] } },
{ "type": "Feature", "properties": { "fid": 2345, "Yapı No_Text": "-01D" }, "geometry": { "type": "Point", "coordinates": [ 26.690582781000046, 39.313994017000027 ] } },
{ "type": "Feature", "properties": { "fid": 2346, "Yapı No_Text": " 20" }, "geometry": { "type": "Point", "coordinates": [ 26.690380062000031, 39.31413395900006 ] } },
{ "type": "Feature", "properties": { "fid": 2347, "Yapı No_Text": "-03" }, "geometry": { "type": "Point", "coordinates": [ 26.690692845000058, 39.314348013000028 ] } },
{ "type": "Feature", "properties": { "fid": 2348, "Yapı No_Text": "-02" }, "geometry": { "type": "Point", "coordinates": [ 26.690632298000025, 39.314347923000071 ] } },
{ "type": "Feature", "properties": { "fid": 2349, "Yapı No_Text": "-01" }, "geometry": { "type": "Point", "coordinates": [ 26.690511880000031, 39.31438711800007 ] } },
{ "type": "Feature", "properties": { "fid": 2350, "Yapı No_Text": "-09" }, "geometry": { "type": "Point", "coordinates": [ 26.690460266000059, 39.314295874000038 ] } },
{ "type": "Feature", "properties": { "fid": 2351, "Yapı No_Text": "-08" }, "geometry": { "type": "Point", "coordinates": [ 26.690572402000043, 39.314206968000065 ] } },
{ "type": "Feature", "properties": { "fid": 2352, "Yapı No_Text": "-07" }, "geometry": { "type": "Point", "coordinates": [ 26.690715973000067, 39.314124366000044 ] } },
{ "type": "Feature", "properties": { "fid": 2353, "Yapı No_Text": "-06" }, "geometry": { "type": "Point", "coordinates": [ 26.690727479000032, 39.314171687000055 ] } },
{ "type": "Feature", "properties": { "fid": 2354, "Yapı No_Text": "-05" }, "geometry": { "type": "Point", "coordinates": [ 26.690747146000035, 39.31424854100004 ] } },
{ "type": "Feature", "properties": { "fid": 2355, "Yapı No_Text": "-04" }, "geometry": { "type": "Point", "coordinates": [ 26.690764460000025, 39.314289642000062 ] } },
{ "type": "Feature", "properties": { "fid": 2356, "Yapı No_Text": " 21" }, "geometry": { "type": "Point", "coordinates": [ 26.690573948000065, 39.314296637000041 ] } },
{ "type": "Feature", "properties": { "fid": 2357, "Yapı No_Text": "-02" }, "geometry": { "type": "Point", "coordinates": [ 26.690367039000023, 39.314432294000028 ] } },
{ "type": "Feature", "properties": { "fid": 2358, "Yapı No_Text": "-01" }, "geometry": { "type": "Point", "coordinates": [ 26.690414945000043, 39.314660360000062 ] } },
{ "type": "Feature", "properties": { "fid": 2359, "Yapı No_Text": "543" }, "geometry": { "type": "Point", "coordinates": [ 26.690438107000034, 39.314570890000027 ] } },
{ "type": "Feature", "properties": { "fid": 2360, "Yapı No_Text": "543a" }, "geometry": { "type": "Point", "coordinates": [ 26.690338415000042, 39.314350220000051 ] } },
{ "type": "Feature", "properties": { "fid": 2361, "Yapı No_Text": "-01A" }, "geometry": { "type": "Point", "coordinates": [ 26.69039151100003, 39.314853094000057 ] } },
{ "type": "Feature", "properties": { "fid": 2362, "Yapı No_Text": "-01B" }, "geometry": { "type": "Point", "coordinates": [ 26.690563016000056, 39.314715498000055 ] } },
{ "type": "Feature", "properties": { "fid": 2363, "Yapı No_Text": "544" }, "geometry": { "type": "Point", "coordinates": [ 26.690510564000078, 39.314765445000035 ] } },
{ "type": "Feature", "properties": { "fid": 2364, "Yapı No_Text": " 26" }, "geometry": { "type": "Point", "coordinates": [ 26.690440620000061, 39.315166021000039 ] } },
{ "type": "Feature", "properties": { "fid": 2365, "Yapı No_Text": "-01" }, "geometry": { "type": "Point", "coordinates": [ 26.690415649000045, 39.315086826000027 ] } },
{ "type": "Feature", "properties": { "fid": 2366, "Yapı No_Text": "-02b" }, "geometry": { "type": "Point", "coordinates": [ 26.690829545000042, 39.315219229000036 ] } },
{ "type": "Feature", "properties": { "fid": 2367, "Yapı No_Text": "-02a" }, "geometry": { "type": "Point", "coordinates": [ 26.69077973800006, 39.315217967000081 ] } },
{ "type": "Feature", "properties": { "fid": 2368, "Yapı No_Text": "-01" }, "geometry": { "type": "Point", "coordinates": [ 26.690698507000036, 39.31525706900004 ] } },
{ "type": "Feature", "properties": { "fid": 2369, "Yapı No_Text": "-07" }, "geometry": { "type": "Point", "coordinates": [ 26.690681256000062, 39.315116523000029 ] } },
{ "type": "Feature", "properties": { "fid": 2370, "Yapı No_Text": "-06" }, "geometry": { "type": "Point", "coordinates": [ 26.690814017000037, 39.31503189700004 ] } },
{ "type": "Feature", "properties": { "fid": 2371, "Yapı No_Text": "-05" }, "geometry": { "type": "Point", "coordinates": [ 26.69085311200007, 39.315103087000068 ] } },
{ "type": "Feature", "properties": { "fid": 2372, "Yapı No_Text": "-04" }, "geometry": { "type": "Point", "coordinates": [ 26.690904679000027, 39.315141115000074 ] } },
{ "type": "Feature", "properties": { "fid": 2373, "Yapı No_Text": "-03" }, "geometry": { "type": "Point", "coordinates": [ 26.690865049000024, 39.315182768000057 ] } },
{ "type": "Feature", "properties": { "fid": 2374, "Yapı No_Text": "-11" }, "geometry": { "type": "Point", "coordinates": [ 26.690664845000072, 39.315213966000044 ] } },
{ "type": "Feature", "properties": { "fid": 2375, "Yapı No_Text": "-10" }, "geometry": { "type": "Point", "coordinates": [ 26.69064312200004, 39.315186857000072 ] } },
{ "type": "Feature", "properties": { "fid": 2376, "Yapı No_Text": "-09" }, "geometry": { "type": "Point", "coordinates": [ 26.690571803000068, 39.314943913000036 ] } },
{ "type": "Feature", "properties": { "fid": 2377, "Yapı No_Text": "-08" }, "geometry": { "type": "Point", "coordinates": [ 26.690622381000026, 39.315013129000079 ] } },
{ "type": "Feature", "properties": { "fid": 2378, "Yapı No_Text": " 25" }, "geometry": { "type": "Point", "coordinates": [ 26.690694375000078, 39.315052621000063 ] } },
{ "type": "Feature", "properties": { "fid": 2379, "Yapı No_Text": "-01" }, "geometry": { "type": "Point", "coordinates": [ 26.690816258000041, 39.315656389000026 ] } },
{ "type": "Feature", "properties": { "fid": 2380, "Yapı No_Text": "-02" }, "geometry": { "type": "Point", "coordinates": [ 26.69092134400006, 39.315534874000036 ] } },
{ "type": "Feature", "properties": { "fid": 2381, "Yapı No_Text": "-03" }, "geometry": { "type": "Point", "coordinates": [ 26.690811460000077, 39.315465829000061 ] } },
{ "type": "Feature", "properties": { "fid": 2382, "Yapı No_Text": " 27" }, "geometry": { "type": "Point", "coordinates": [ 26.690729947000023, 39.315592189000029 ] } },
{ "type": "Feature", "properties": { "fid": 2383, "Yapı No_Text": "-03" }, "geometry": { "type": "Point", "coordinates": [ 26.691222228000072, 39.315338372000042 ] } },
{ "type": "Feature", "properties": { "fid": 2384, "Yapı No_Text": "-02" }, "geometry": { "type": "Point", "coordinates": [ 26.691234917000031, 39.315395122000041 ] } },
{ "type": "Feature", "properties": { "fid": 2385, "Yapı No_Text": "-01A" }, "geometry": { "type": "Point", "coordinates": [ 26.691345144000024, 39.315468427000042 ] } },
{ "type": "Feature", "properties": { "fid": 2386, "Yapı No_Text": "-08" }, "geometry": { "type": "Point", "coordinates": [ 26.690965936000055, 39.315358298000035 ] } },
{ "type": "Feature", "properties": { "fid": 2387, "Yapı No_Text": "-07" }, "geometry": { "type": "Point", "coordinates": [ 26.691029850000064, 39.315307400000052 ] } },
{ "type": "Feature", "properties": { "fid": 2388, "Yapı No_Text": "-06" }, "geometry": { "type": "Point", "coordinates": [ 26.691058372000043, 39.315246349000063 ] } },
{ "type": "Feature", "properties": { "fid": 2389, "Yapı No_Text": "-05" }, "geometry": { "type": "Point", "coordinates": [ 26.691144807000057, 39.315273741000055 ] } },
{ "type": "Feature", "properties": { "fid": 2390, "Yapı No_Text": "-04" }, "geometry": { "type": "Point", "coordinates": [ 26.691189433000034, 39.315307589000042 ] } },
{ "type": "Feature", "properties": { "fid": 2391, "Yapı No_Text": "-12" }, "geometry": { "type": "Point", "coordinates": [ 26.691242042000056, 39.315549071000078 ] } },
{ "type": "Feature", "properties": { "fid": 2392, "Yapı No_Text": "-11" }, "geometry": { "type": "Point", "coordinates": [ 26.691152873000078, 39.315515624000057 ] } },
{ "type": "Feature", "properties": { "fid": 2393, "Yapı No_Text": "-10" }, "geometry": { "type": "Point", "coordinates": [ 26.691107956000053, 39.315449482000076 ] } },
{ "type": "Feature", "properties": { "fid": 2394, "Yapı No_Text": "-09" }, "geometry": { "type": "Point", "coordinates": [ 26.691032151000059, 39.315408251000065 ] } },
{ "type": "Feature", "properties": { "fid": 2395, "Yapı No_Text": "-01B" }, "geometry": { "type": "Point", "coordinates": [ 26.691255632000036, 39.315437846000066 ] } },
{ "type": "Feature", "properties": { "fid": 2396, "Yapı No_Text": "172" }, "geometry": { "type": "Point", "coordinates": [ 26.691114301000027, 39.315369151000027 ] } },
{ "type": "Feature", "properties": { "fid": 2397, "Yapı No_Text": "-01A" }, "geometry": { "type": "Point", "coordinates": [ 26.69179394400004, 39.315555396000036 ] } },
{ "type": "Feature", "properties": { "fid": 2398, "Yapı No_Text": "-01B" }, "geometry": { "type": "Point", "coordinates": [ 26.691718617000049, 39.315603486000043 ] } },
{ "type": "Feature", "properties": { "fid": 2399, "Yapı No_Text": "-01C" }, "geometry": { "type": "Point", "coordinates": [ 26.691728445000024, 39.315467068000032 ] } },
{ "type": "Feature", "properties": { "fid": 2400, "Yapı No_Text": "-01D" }, "geometry": { "type": "Point", "coordinates": [ 26.691602450000062, 39.315431511000043 ] } },
{ "type": "Feature", "properties": { "fid": 2401, "Yapı No_Text": "318" }, "geometry": { "type": "Point", "coordinates": [ 26.691659965000042, 39.315503437000075 ] } },
{ "type": "Feature", "properties": { "fid": 2402, "Yapı No_Text": "-03" }, "geometry": { "type": "Point", "coordinates": [ 26.691906687000028, 39.315288746000078 ] } },
{ "type": "Feature", "properties": { "fid": 2403, "Yapı No_Text": "-02" }, "geometry": { "type": "Point", "coordinates": [ 26.691938218000075, 39.31533054700003 ] } },
{ "type": "Feature", "properties": { "fid": 2404, "Yapı No_Text": "-01" }, "geometry": { "type": "Point", "coordinates": [ 26.692040925000072, 39.315393391000043 ] } },
{ "type": "Feature", "properties": { "fid": 2405, "Yapı No_Text": "-07" }, "geometry": { "type": "Point", "coordinates": [ 26.691818649000027, 39.315309356000057 ] } },
{ "type": "Feature", "properties": { "fid": 2406, "Yapı No_Text": "-06" }, "geometry": { "type": "Point", "coordinates": [ 26.691722193000032, 39.315300385000057 ] } },
{ "type": "Feature", "properties": { "fid": 2407, "Yapı No_Text": "-05" }, "geometry": { "type": "Point", "coordinates": [ 26.691801079000072, 39.315237311000033 ] } },
{ "type": "Feature", "properties": { "fid": 2408, "Yapı No_Text": "-04" }, "geometry": { "type": "Point", "coordinates": [ 26.691866541000024, 39.31525612300004 ] } },
{ "type": "Feature", "properties": { "fid": 2409, "Yapı No_Text": "-09" }, "geometry": { "type": "Point", "coordinates": [ 26.691864103000057, 39.315414992000058 ] } },
{ "type": "Feature", "properties": { "fid": 2410, "Yapı No_Text": "-08" }, "geometry": { "type": "Point", "coordinates": [ 26.691778549000048, 39.315356418000079 ] } },
{ "type": "Feature", "properties": { "fid": 2411, "Yapı No_Text": "-10" }, "geometry": { "type": "Point", "coordinates": [ 26.691927221000071, 39.31547176600003 ] } },
{ "type": "Feature", "properties": { "fid": 2412, "Yapı No_Text": "-11" }, "geometry": { "type": "Point", "coordinates": [ 26.691970742000024, 39.315416533000075 ] } },
{ "type": "Feature", "properties": { "fid": 2413, "Yapı No_Text": "317" }, "geometry": { "type": "Point", "coordinates": [ 26.69186473600007, 39.315344209000045 ] } },
{ "type": "Feature", "properties": { "fid": 2414, "Yapı No_Text": "-01" }, "geometry": { "type": "Point", "coordinates": [ 26.692120602000045, 39.315321189000031 ] } },
{ "type": "Feature", "properties": { "fid": 2415, "Yapı No_Text": "-03" }, "geometry": { "type": "Point", "coordinates": [ 26.692210578000072, 39.315243613000064 ] } },
{ "type": "Feature", "properties": { "fid": 2416, "Yapı No_Text": "-04" }, "geometry": { "type": "Point", "coordinates": [ 26.692258799000058, 39.315193470000054 ] } },
{ "type": "Feature", "properties": { "fid": 2417, "Yapı No_Text": "-05" }, "geometry": { "type": "Point", "coordinates": [ 26.692315816000075, 39.315152273000081 ] } },
{ "type": "Feature", "properties": { "fid": 2418, "Yapı No_Text": "-06" }, "geometry": { "type": "Point", "coordinates": [ 26.692364075000057, 39.315124397000034 ] } },
{ "type": "Feature", "properties": { "fid": 2419, "Yapı No_Text": "-07" }, "geometry": { "type": "Point", "coordinates": [ 26.692314886000077, 39.315075874000058 ] } },
{ "type": "Feature", "properties": { "fid": 2420, "Yapı No_Text": "-08" }, "geometry": { "type": "Point", "coordinates": [ 26.69224564600006, 39.315028525000059 ] } },
{ "type": "Feature", "properties": { "fid": 2421, "Yapı No_Text": "-09" }, "geometry": { "type": "Point", "coordinates": [ 26.692187158000024, 39.31500790900003 ] } },
{ "type": "Feature", "properties": { "fid": 2422, "Yapı No_Text": "-10" }, "geometry": { "type": "Point", "coordinates": [ 26.692129546000047, 39.314981713000066 ] } },
{ "type": "Feature", "properties": { "fid": 2423, "Yapı No_Text": "-11" }, "geometry": { "type": "Point", "coordinates": [ 26.692054747000043, 39.315049977000058 ] } },
{ "type": "Feature", "properties": { "fid": 2424, "Yapı No_Text": "-12" }, "geometry": { "type": "Point", "coordinates": [ 26.692013964000068, 39.315091052000071 ] } },
{ "type": "Feature", "properties": { "fid": 2425, "Yapı No_Text": "-14" }, "geometry": { "type": "Point", "coordinates": [ 26.692010435000043, 39.315172394000058 ] } },
{ "type": "Feature", "properties": { "fid": 2426, "Yapı No_Text": "-02" }, "geometry": { "type": "Point", "coordinates": [ 26.692151935000027, 39.315280315000052 ] } },
{ "type": "Feature", "properties": { "fid": 2427, "Yapı No_Text": "-13" }, "geometry": { "type": "Point", "coordinates": [ 26.691939086000048, 39.31513969000008 ] } },
{ "type": "Feature", "properties": { "fid": 2428, "Yapı No_Text": "-15" }, "geometry": { "type": "Point", "coordinates": [ 26.691969425000025, 39.315193689000068 ] } },
{ "type": "Feature", "properties": { "fid": 2429, "Yapı No_Text": "-16" }, "geometry": { "type": "Point", "coordinates": [ 26.692009827000049, 39.31521457100007 ] } },
{ "type": "Feature", "properties": { "fid": 2430, "Yapı No_Text": "-17" }, "geometry": { "type": "Point", "coordinates": [ 26.69205680500005, 39.315237288000048 ] } },
{ "type": "Feature", "properties": { "fid": 2431, "Yapı No_Text": "316" }, "geometry": { "type": "Point", "coordinates": [ 26.692141172000049, 39.315150301000074 ] } },
{ "type": "Feature", "properties": { "fid": 2432, "Yapı No_Text": "-01" }, "geometry": { "type": "Point", "coordinates": [ 26.691493091000041, 39.31538293400007 ] } },
{ "type": "Feature", "properties": { "fid": 2433, "Yapı No_Text": "-02" }, "geometry": { "type": "Point", "coordinates": [ 26.691569934000029, 39.315318739000077 ] } },
{ "type": "Feature", "properties": { "fid": 2434, "Yapı No_Text": "-05" }, "geometry": { "type": "Point", "coordinates": [ 26.691687741000067, 39.31520275500003 ] } },
{ "type": "Feature", "properties": { "fid": 2435, "Yapı No_Text": "-06" }, "geometry": { "type": "Point", "coordinates": [ 26.691738443000077, 39.315165465000064 ] } },
{ "type": "Feature", "properties": { "fid": 2436, "Yapı No_Text": "-03" }, "geometry": { "type": "Point", "coordinates": [ 26.691630151000027, 39.315248905000033 ] } },
{ "type": "Feature", "properties": { "fid": 2437, "Yapı No_Text": "-04" }, "geometry": { "type": "Point", "coordinates": [ 26.691546123000023, 39.315234228000065 ] } },
{ "type": "Feature", "properties": { "fid": 2438, "Yapı No_Text": "-07" }, "geometry": { "type": "Point", "coordinates": [ 26.691813290000027, 39.315111862000037 ] } },
{ "type": "Feature", "properties": { "fid": 2439, "Yapı No_Text": "-08" }, "geometry": { "type": "Point", "coordinates": [ 26.691870301000051, 39.315082664000045 ] } },
{ "type": "Feature", "properties": { "fid": 2440, "Yapı No_Text": "-09" }, "geometry": { "type": "Point", "coordinates": [ 26.69192933100004, 39.31502295100006 ] } },
{ "type": "Feature", "properties": { "fid": 2441, "Yapı No_Text": "-10" }, "geometry": { "type": "Point", "coordinates": [ 26.691985145000046, 39.314977796000051 ] } },
{ "type": "Feature", "properties": { "fid": 2442, "Yapı No_Text": "-11A" }, "geometry": { "type": "Point", "coordinates": [ 26.692028554000046, 39.314954954000029 ] } },
{ "type": "Feature", "properties": { "fid": 2443, "Yapı No_Text": "-12" }, "geometry": { "type": "Point", "coordinates": [ 26.692044950000025, 39.314859708000029 ] } },
{ "type": "Feature", "properties": { "fid": 2444, "Yapı No_Text": "-13" }, "geometry": { "type": "Point", "coordinates": [ 26.692007655000054, 39.31480788600004 ] } },
{ "type": "Feature", "properties": { "fid": 2445, "Yapı No_Text": "-14" }, "geometry": { "type": "Point", "coordinates": [ 26.691887015000077, 39.31486241600004 ] } },
{ "type": "Feature", "properties": { "fid": 2446, "Yapı No_Text": "-16" }, "geometry": { "type": "Point", "coordinates": [ 26.691831253000032, 39.314922996000064 ] } },
{ "type": "Feature", "properties": { "fid": 2447, "Yapı No_Text": "-15" }, "geometry": { "type": "Point", "coordinates": [ 26.691838284000028, 39.314896632000057 ] } },
{ "type": "Feature", "properties": { "fid": 2448, "Yapı No_Text": "-17" }, "geometry": { "type": "Point", "coordinates": [ 26.691732893000051, 39.314983933000065 ] } },
{ "type": "Feature", "properties": { "fid": 2449, "Yapı No_Text": "-18" }, "geometry": { "type": "Point", "coordinates": [ 26.691628692000052, 39.315002908000054 ] } },
{ "type": "Feature", "properties": { "fid": 2450, "Yapı No_Text": "-19" }, "geometry": { "type": "Point", "coordinates": [ 26.691553990000045, 39.315047149000065 ] } },
{ "type": "Feature", "properties": { "fid": 2451, "Yapı No_Text": "-20" }, "geometry": { "type": "Point", "coordinates": [ 26.691512444000068, 39.315076379000061 ] } },
{ "type": "Feature", "properties": { "fid": 2452, "Yapı No_Text": "-11B" }, "geometry": { "type": "Point", "coordinates": [ 26.692069333000063, 39.314909155000066 ] } },
{ "type": "Feature", "properties": { "fid": 2453, "Yapı No_Text": "-21" }, "geometry": { "type": "Point", "coordinates": [ 26.691450597000028, 39.315081845000066 ] } },
{ "type": "Feature", "properties": { "fid": 2454, "Yapı No_Text": "-22" }, "geometry": { "type": "Point", "coordinates": [ 26.691387997000049, 39.315116234000072 ] } },
{ "type": "Feature", "properties": { "fid": 2455, "Yapı No_Text": "-23" }, "geometry": { "type": "Point", "coordinates": [ 26.691373167000052, 39.315169340000068 ] } },
{ "type": "Feature", "properties": { "fid": 2456, "Yapı No_Text": "-24" }, "geometry": { "type": "Point", "coordinates": [ 26.691274922000048, 39.315153517000056 ] } },
{ "type": "Feature", "properties": { "fid": 2457, "Yapı No_Text": "-25A" }, "geometry": { "type": "Point", "coordinates": [ 26.691223018000073, 39.315179288000024 ] } },
{ "type": "Feature", "properties": { "fid": 2458, "Yapı No_Text": "-26" }, "geometry": { "type": "Point", "coordinates": [ 26.691313924000042, 39.315270382000051 ] } },
{ "type": "Feature", "properties": { "fid": 2459, "Yapı No_Text": "-27A" }, "geometry": { "type": "Point", "coordinates": [ 26.691378279000048, 39.315312302000052 ] } },
{ "type": "Feature", "properties": { "fid": 2460, "Yapı No_Text": "-25B" }, "geometry": { "type": "Point", "coordinates": [ 26.691214937000041, 39.315222327000072 ] } },
{ "type": "Feature", "properties": { "fid": 2461, "Yapı No_Text": "-25C" }, "geometry": { "type": "Point", "coordinates": [ 26.691258203000075, 39.315244819000043 ] } },
{ "type": "Feature", "properties": { "fid": 2462, "Yapı No_Text": "-27B" }, "geometry": { "type": "Point", "coordinates": [ 26.691426554000032, 39.315349520000041 ] } },
{ "type": "Feature", "properties": { "fid": 2463, "Yapı No_Text": "171" }, "geometry": { "type": "Point", "coordinates": [ 26.691500957000073, 39.31515618800006 ] } },
{ "type": "Feature", "properties": { "fid": 2464, "Yapı No_Text": "-01" }, "geometry": { "type": "Point", "coordinates": [ 26.691342955000039, 39.314994223000042 ] } },
{ "type": "Feature", "properties": { "fid": 2465, "Yapı No_Text": "-02" }, "geometry": { "type": "Point", "coordinates": [ 26.691417801000057, 39.314967711000065 ] } },
{ "type": "Feature", "properties": { "fid": 2466, "Yapı No_Text": "-05" }, "geometry": { "type": "Point", "coordinates": [ 26.691422372000034, 39.314843666000058 ] } },
{ "type": "Feature", "properties": { "fid": 2467, "Yapı No_Text": "-06" }, "geometry": { "type": "Point", "coordinates": [ 26.691580395000074, 39.31485834800003 ] } },
{ "type": "Feature", "properties": { "fid": 2468, "Yapı No_Text": "-03" }, "geometry": { "type": "Point", "coordinates": [ 26.691502082000056, 39.314931609000041 ] } },
{ "type": "Feature", "properties": { "fid": 2469, "Yapı No_Text": "-04" }, "geometry": { "type": "Point", "coordinates": [ 26.691492603000029, 39.314873276000071 ] } },
{ "type": "Feature", "properties": { "fid": 2470, "Yapı No_Text": "-07" }, "geometry": { "type": "Point", "coordinates": [ 26.691623457000048, 39.314830837000045 ] } },
{ "type": "Feature", "properties": { "fid": 2471, "Yapı No_Text": "-08" }, "geometry": { "type": "Point", "coordinates": [ 26.691688194000051, 39.314855804000047 ] } },
{ "type": "Feature", "properties": { "fid": 2472, "Yapı No_Text": "-09" }, "geometry": { "type": "Point", "coordinates": [ 26.691716992000067, 39.314795925000055 ] } },
{ "type": "Feature", "properties": { "fid": 2473, "Yapı No_Text": "-10" }, "geometry": { "type": "Point", "coordinates": [ 26.691774852000037, 39.314806303000069 ] } },
{ "type": "Feature", "properties": { "fid": 2474, "Yapı No_Text": "-11" }, "geometry": { "type": "Point", "coordinates": [ 26.691701494000029, 39.314684087000046 ] } },
{ "type": "Feature", "properties": { "fid": 2475, "Yapı No_Text": "-12" }, "geometry": { "type": "Point", "coordinates": [ 26.691834418000042, 39.31471760900007 ] } },
{ "type": "Feature", "properties": { "fid": 2476, "Yapı No_Text": "-13" }, "geometry": { "type": "Point", "coordinates": [ 26.691851416000077, 39.314763919000029 ] } },
{ "type": "Feature", "properties": { "fid": 2477, "Yapı No_Text": "-14" }, "geometry": { "type": "Point", "coordinates": [ 26.691889261000028, 39.314721127000041 ] } },
{ "type": "Feature", "properties": { "fid": 2478, "Yapı No_Text": "-16" }, "geometry": { "type": "Point", "coordinates": [ 26.691928859000029, 39.314649872000075 ] } },
{ "type": "Feature", "properties": { "fid": 2479, "Yapı No_Text": "-15" }, "geometry": { "type": "Point", "coordinates": [ 26.691948910000065, 39.314708964000033 ] } },
{ "type": "Feature", "properties": { "fid": 2480, "Yapı No_Text": "-17" }, "geometry": { "type": "Point", "coordinates": [ 26.691866807000054, 39.314614903000063 ] } },
{ "type": "Feature", "properties": { "fid": 2481, "Yapı No_Text": "-18" }, "geometry": { "type": "Point", "coordinates": [ 26.691847052000071, 39.31456778300003 ] } },
{ "type": "Feature", "properties": { "fid": 2482, "Yapı No_Text": "-19" }, "geometry": { "type": "Point", "coordinates": [ 26.69179463100005, 39.31452758000006 ] } },
{ "type": "Feature", "properties": { "fid": 2483, "Yapı No_Text": "-20" }, "geometry": { "type": "Point", "coordinates": [ 26.691685052000025, 39.314577279000048 ] } },
{ "type": "Feature", "properties": { "fid": 2484, "Yapı No_Text": "-21" }, "geometry": { "type": "Point", "coordinates": [ 26.691615499000079, 39.314611210000066 ] } },
{ "type": "Feature", "properties": { "fid": 2485, "Yapı No_Text": "-22" }, "geometry": { "type": "Point", "coordinates": [ 26.691529668000044, 39.314633911000044 ] } },
{ "type": "Feature", "properties": { "fid": 2486, "Yapı No_Text": "-23" }, "geometry": { "type": "Point", "coordinates": [ 26.691455442000063, 39.314667830000076 ] } },
{ "type": "Feature", "properties": { "fid": 2487, "Yapı No_Text": "-24" }, "geometry": { "type": "Point", "coordinates": [ 26.691407069000036, 39.31469755300003 ] } },
{ "type": "Feature", "properties": { "fid": 2488, "Yapı No_Text": "-25" }, "geometry": { "type": "Point", "coordinates": [ 26.691348428000026, 39.314671217000068 ] } },
{ "type": "Feature", "properties": { "fid": 2489, "Yapı No_Text": "-26" }, "geometry": { "type": "Point", "coordinates": [ 26.691301339000063, 39.314702433000036 ] } },
{ "type": "Feature", "properties": { "fid": 2490, "Yapı No_Text": "-27" }, "geometry": { "type": "Point", "coordinates": [ 26.691178117000049, 39.31472100600007 ] } },
{ "type": "Feature", "properties": { "fid": 2491, "Yapı No_Text": "-28" }, "geometry": { "type": "Point", "coordinates": [ 26.691212263000068, 39.314758761000064 ] } },
{ "type": "Feature", "properties": { "fid": 2492, "Yapı No_Text": "-29" }, "geometry": { "type": "Point", "coordinates": [ 26.691239217000032, 39.314799442000037 ] } },
{ "type": "Feature", "properties": { "fid": 2493, "Yapı No_Text": "-30" }, "geometry": { "type": "Point", "coordinates": [ 26.691285779000054, 39.31488330500008 ] } },
{ "type": "Feature", "properties": { "fid": 2494, "Yapı No_Text": "-31" }, "geometry": { "type": "Point", "coordinates": [ 26.691336546000059, 39.314931395000031 ] } },
{ "type": "Feature", "properties": { "fid": 2495, "Yapı No_Text": "170" }, "geometry": { "type": "Point", "coordinates": [ 26.691561229000058, 39.31472429300004 ] } },
{ "type": "Feature", "properties": { "fid": 2496, "Yapı No_Text": "-01" }, "geometry": { "type": "Point", "coordinates": [ 26.691154231000041, 39.314661238000042 ] } },
{ "type": "Feature", "properties": { "fid": 2497, "Yapı No_Text": "-02" }, "geometry": { "type": "Point", "coordinates": [ 26.691229078000049, 39.314634727000055 ] } },
{ "type": "Feature", "properties": { "fid": 2498, "Yapı No_Text": "-05" }, "geometry": { "type": "Point", "coordinates": [ 26.691442889000029, 39.314574163000032 ] } },
{ "type": "Feature", "properties": { "fid": 2499, "Yapı No_Text": "-06" }, "geometry": { "type": "Point", "coordinates": [ 26.691496933000053, 39.314554549000036 ] } },
{ "type": "Feature", "properties": { "fid": 2500, "Yapı No_Text": "-03" }, "geometry": { "type": "Point", "coordinates": [ 26.691339959000061, 39.31459856400005 ] } },
{ "type": "Feature", "properties": { "fid": 2501, "Yapı No_Text": "-04" }, "geometry": { "type": "Point", "coordinates": [ 26.691374265000036, 39.314569529000039 ] } },
{ "type": "Feature", "properties": { "fid": 2502, "Yapı No_Text": "-07" }, "geometry": { "type": "Point", "coordinates": [ 26.691536787000075, 39.31452474300005 ] } },
{ "type": "Feature", "properties": { "fid": 2503, "Yapı No_Text": "-08" }, "geometry": { "type": "Point", "coordinates": [ 26.691601870000056, 39.314509759000032 ] } },
{ "type": "Feature", "properties": { "fid": 2504, "Yapı No_Text": "-09" }, "geometry": { "type": "Point", "coordinates": [ 26.691720496000073, 39.314462499000058 ] } },
{ "type": "Feature", "properties": { "fid": 2505, "Yapı No_Text": "-10" }, "geometry": { "type": "Point", "coordinates": [ 26.691713183000047, 39.31442426600006 ] } },
{ "type": "Feature", "properties": { "fid": 2506, "Yapı No_Text": "-11" }, "geometry": { "type": "Point", "coordinates": [ 26.69166629800003, 39.314404783000043 ] } },
{ "type": "Feature", "properties": { "fid": 2507, "Yapı No_Text": "-12" }, "geometry": { "type": "Point", "coordinates": [ 26.691676176000044, 39.314369412000076 ] } },
{ "type": "Feature", "properties": { "fid": 2508, "Yapı No_Text": "-13" }, "geometry": { "type": "Point", "coordinates": [ 26.691668148000076, 39.314332825000065 ] } },
{ "type": "Feature", "properties": { "fid": 2509, "Yapı No_Text": "-14" }, "geometry": { "type": "Point", "coordinates": [ 26.691643287000034, 39.31430497000008 ] } },
{ "type": "Feature", "properties": { "fid": 2510, "Yapı No_Text": "-16" }, "geometry": { "type": "Point", "coordinates": [ 26.691523133000032, 39.314333984000029 ] } },
{ "type": "Feature", "properties": { "fid": 2511, "Yapı No_Text": "-15" }, "geometry": { "type": "Point", "coordinates": [ 26.691622921000032, 39.314268021000032 ] } },
{ "type": "Feature", "properties": { "fid": 2512, "Yapı No_Text": "-17" }, "geometry": { "type": "Point", "coordinates": [ 26.691460942000049, 39.314363111000034 ] } },
{ "type": "Feature", "properties": { "fid": 2513, "Yapı No_Text": "-18" }, "geometry": { "type": "Point", "coordinates": [ 26.691421422000076, 39.31438195000004 ] } },
{ "type": "Feature", "properties": { "fid": 2514, "Yapı No_Text": "-19" }, "geometry": { "type": "Point", "coordinates": [ 26.69136941000005, 39.31438864200004 ] } },
{ "type": "Feature", "properties": { "fid": 2515, "Yapı No_Text": "-20" }, "geometry": { "type": "Point", "coordinates": [ 26.691291377000027, 39.314405488000034 ] } },
{ "type": "Feature", "properties": { "fid": 2516, "Yapı No_Text": "-21" }, "geometry": { "type": "Point", "coordinates": [ 26.691358592000029, 39.314486437000028 ] } },
{ "type": "Feature", "properties": { "fid": 2517, "Yapı No_Text": "-22" }, "geometry": { "type": "Point", "coordinates": [ 26.691162440000028, 39.314611643000035 ] } },
{ "type": "Feature", "properties": { "fid": 2518, "Yapı No_Text": "-23" }, "geometry": { "type": "Point", "coordinates": [ 26.691113084000051, 39.314624897000044 ] } },
{ "type": "Feature", "properties": { "fid": 2519, "Yapı No_Text": "-01" }, "geometry": { "type": "Point", "coordinates": [ 26.69107596300006, 39.314541852000048 ] } },
{ "type": "Feature", "properties": { "fid": 2520, "Yapı No_Text": "-02" }, "geometry": { "type": "Point", "coordinates": [ 26.691120172000069, 39.314526250000029 ] } },
{ "type": "Feature", "properties": { "fid": 2521, "Yapı No_Text": "-03" }, "geometry": { "type": "Point", "coordinates": [ 26.691239066000037, 39.314495061000059 ] } },
{ "type": "Feature", "properties": { "fid": 2522, "Yapı No_Text": "-04" }, "geometry": { "type": "Point", "coordinates": [ 26.691204566000067, 39.314446671000042 ] } },
{ "type": "Feature", "properties": { "fid": 2523, "Yapı No_Text": "-05" }, "geometry": { "type": "Point", "coordinates": [ 26.691148196000029, 39.314468292000072 ] } },
{ "type": "Feature", "properties": { "fid": 2524, "Yapı No_Text": "-06" }, "geometry": { "type": "Point", "coordinates": [ 26.691106008000077, 39.314484617000062 ] } },
{ "type": "Feature", "properties": { "fid": 2525, "Yapı No_Text": "-07" }, "geometry": { "type": "Point", "coordinates": [ 26.691048829000067, 39.314503522000052 ] } },
{ "type": "Feature", "properties": { "fid": 2526, "Yapı No_Text": "169" }, "geometry": { "type": "Point", "coordinates": [ 26.691466650000052, 39.314437833000056 ] } },
{ "type": "Feature", "properties": { "fid": 2527, "Yapı No_Text": "168" }, "geometry": { "type": "Point", "coordinates": [ 26.691162493000036, 39.314493556000059 ] } },
{ "type": "Feature", "properties": { "fid": 2528, "Yapı No_Text": "-01" }, "geometry": { "type": "Point", "coordinates": [ 26.691026818000068, 39.314442584000062 ] } },
{ "type": "Feature", "properties": { "fid": 2529, "Yapı No_Text": "-02" }, "geometry": { "type": "Point", "coordinates": [ 26.691094867000061, 39.314404032000027 ] } },
{ "type": "Feature", "properties": { "fid": 2530, "Yapı No_Text": "-03" }, "geometry": { "type": "Point", "coordinates": [ 26.691160424000032, 39.314371387000051 ] } },
{ "type": "Feature", "properties": { "fid": 2531, "Yapı No_Text": "-04" }, "geometry": { "type": "Point", "coordinates": [ 26.691234048000069, 39.31434673900003 ] } },
{ "type": "Feature", "properties": { "fid": 2532, "Yapı No_Text": "-10" }, "geometry": { "type": "Point", "coordinates": [ 26.691544564000026, 39.314136932000054 ] } },
{ "type": "Feature", "properties": { "fid": 2533, "Yapı No_Text": "-12" }, "geometry": { "type": "Point", "coordinates": [ 26.691292773000043, 39.314290864000043 ] } },
{ "type": "Feature", "properties": { "fid": 2534, "Yapı No_Text": "-05" }, "geometry": { "type": "Point", "coordinates": [ 26.691311665000057, 39.314332571000079 ] } },
{ "type": "Feature", "properties": { "fid": 2535, "Yapı No_Text": "-06" }, "geometry": { "type": "Point", "coordinates": [ 26.691369604000045, 39.314303246000065 ] } },
{ "type": "Feature", "properties": { "fid": 2536, "Yapı No_Text": "-07" }, "geometry": { "type": "Point", "coordinates": [ 26.691409458000066, 39.314273437000054 ] } },
{ "type": "Feature", "properties": { "fid": 2537, "Yapı No_Text": "-08" }, "geometry": { "type": "Point", "coordinates": [ 26.691474539000069, 39.314258455000072 ] } },
{ "type": "Feature", "properties": { "fid": 2538, "Yapı No_Text": "-09" }, "geometry": { "type": "Point", "coordinates": [ 26.69159316300005, 39.314211191000027 ] } },
{ "type": "Feature", "properties": { "fid": 2539, "Yapı No_Text": "-11" }, "geometry": { "type": "Point", "coordinates": [ 26.691340710000077, 39.314262399000029 ] } },
{ "type": "Feature", "properties": { "fid": 2540, "Yapı No_Text": "-13" }, "geometry": { "type": "Point", "coordinates": [ 26.691003642000055, 39.314413792000039 ] } },
{ "type": "Feature", "properties": { "fid": 2541, "Yapı No_Text": "167" }, "geometry": { "type": "Point", "coordinates": [ 26.691441215000054, 39.314192614000035 ] } },
{ "type": "Feature", "properties": { "fid": 2542, "Yapı No_Text": "-01" }, "geometry": { "type": "Point", "coordinates": [ 26.690972682000051, 39.314345239000033 ] } },
{ "type": "Feature", "properties": { "fid": 2543, "Yapı No_Text": "-02" }, "geometry": { "type": "Point", "coordinates": [ 26.691080021000062, 39.314282835000029 ] } },
{ "type": "Feature", "properties": { "fid": 2544, "Yapı No_Text": "-05" }, "geometry": { "type": "Point", "coordinates": [ 26.691300989000069, 39.314174116000061 ] } },
{ "type": "Feature", "properties": { "fid": 2545, "Yapı No_Text": "-06" }, "geometry": { "type": "Point", "coordinates": [ 26.691344607000076, 39.31414933800005 ] } },
{ "type": "Feature", "properties": { "fid": 2546, "Yapı No_Text": "-03" }, "geometry": { "type": "Point", "coordinates": [ 26.691148899000041, 39.314267107000035 ] } },
{ "type": "Feature", "properties": { "fid": 2547, "Yapı No_Text": "-04" }, "geometry": { "type": "Point", "coordinates": [ 26.691241859000058, 39.31420969900006 ] } },
{ "type": "Feature", "properties": { "fid": 2548, "Yapı No_Text": "-07" }, "geometry": { "type": "Point", "coordinates": [ 26.691378713000063, 39.31412419000003 ] } },
{ "type": "Feature", "properties": { "fid": 2549, "Yapı No_Text": "-08" }, "geometry": { "type": "Point", "coordinates": [ 26.691436109000051, 39.314110400000061 ] } },
{ "type": "Feature", "properties": { "fid": 2550, "Yapı No_Text": "-09" }, "geometry": { "type": "Point", "coordinates": [ 26.691507878000039, 39.314061672000037 ] } },
{ "type": "Feature", "properties": { "fid": 2551, "Yapı No_Text": "-10" }, "geometry": { "type": "Point", "coordinates": [ 26.691466588000026, 39.314010188000054 ] } },
{ "type": "Feature", "properties": { "fid": 2552, "Yapı No_Text": "-11" }, "geometry": { "type": "Point", "coordinates": [ 26.691447578000066, 39.313972901000056 ] } },
{ "type": "Feature", "properties": { "fid": 2553, "Yapı No_Text": "-12" }, "geometry": { "type": "Point", "coordinates": [ 26.69139188500003, 39.313989941000045 ] } },
{ "type": "Feature", "properties": { "fid": 2554, "Yapı No_Text": "-13" }, "geometry": { "type": "Point", "coordinates": [ 26.691349395000032, 39.314038092000033 ] } },
{ "type": "Feature", "properties": { "fid": 2555, "Yapı No_Text": "-14" }, "geometry": { "type": "Point", "coordinates": [ 26.691310768000051, 39.314057898000044 ] } },
{ "type": "Feature", "properties": { "fid": 2556, "Yapı No_Text": "-16" }, "geometry": { "type": "Point", "coordinates": [ 26.691245199000036, 39.314124124000045 ] } },
{ "type": "Feature", "properties": { "fid": 2557, "Yapı No_Text": "-15" }, "geometry": { "type": "Point", "coordinates": [ 26.691284212000028, 39.314091158000053 ] } },
{ "type": "Feature", "properties": { "fid": 2558, "Yapı No_Text": "-17" }, "geometry": { "type": "Point", "coordinates": [ 26.691190608000056, 39.314156564000029 ] } },
{ "type": "Feature", "properties": { "fid": 2559, "Yapı No_Text": "-18" }, "geometry": { "type": "Point", "coordinates": [ 26.691127714000061, 39.314170965000073 ] } },
{ "type": "Feature", "properties": { "fid": 2560, "Yapı No_Text": "-19" }, "geometry": { "type": "Point", "coordinates": [ 26.691098112000077, 39.314193914000043 ] } },
{ "type": "Feature", "properties": { "fid": 2561, "Yapı No_Text": "-20" }, "geometry": { "type": "Point", "coordinates": [ 26.691076587000055, 39.314224392000028 ] } },
{ "type": "Feature", "properties": { "fid": 2562, "Yapı No_Text": "-21" }, "geometry": { "type": "Point", "coordinates": [ 26.691008624000062, 39.314279738000039 ] } },
{ "type": "Feature", "properties": { "fid": 2563, "Yapı No_Text": "-22" }, "geometry": { "type": "Point", "coordinates": [ 26.690933762000043, 39.314313241000036 ] } },
{ "type": "Feature", "properties": { "fid": 2564, "Yapı No_Text": "166" }, "geometry": { "type": "Point", "coordinates": [ 26.691416521000065, 39.314047511000069 ] } },
{ "type": "Feature", "properties": { "fid": 2565, "Yapı No_Text": "-01" }, "geometry": { "type": "Point", "coordinates": [ 26.690871713000035, 39.314200438000057 ] } },
{ "type": "Feature", "properties": { "fid": 2566, "Yapı No_Text": "-02" }, "geometry": { "type": "Point", "coordinates": [ 26.690926343000058, 39.314186481000036 ] } },
{ "type": "Feature", "properties": { "fid": 2567, "Yapı No_Text": "-05A" }, "geometry": { "type": "Point", "coordinates": [ 26.691031332000023, 39.314077885000074 ] } },
{ "type": "Feature", "properties": { "fid": 2568, "Yapı No_Text": "-06" }, "geometry": { "type": "Point", "coordinates": [ 26.691116640000075, 39.314065658000061 ] } },
{ "type": "Feature", "properties": { "fid": 2569, "Yapı No_Text": "-03" }, "geometry": { "type": "Point", "coordinates": [ 26.690965338000069, 39.31415747300008 ] } },
{ "type": "Feature", "properties": { "fid": 2570, "Yapı No_Text": "-04" }, "geometry": { "type": "Point", "coordinates": [ 26.691005972000028, 39.314121666000062 ] } },
{ "type": "Feature", "properties": { "fid": 2571, "Yapı No_Text": "-07" }, "geometry": { "type": "Point", "coordinates": [ 26.69117828900005, 39.314037087000031 ] } },
{ "type": "Feature", "properties": { "fid": 2572, "Yapı No_Text": "-08" }, "geometry": { "type": "Point", "coordinates": [ 26.691214140000056, 39.314005554000062 ] } },
{ "type": "Feature", "properties": { "fid": 2573, "Yapı No_Text": "-09" }, "geometry": { "type": "Point", "coordinates": [ 26.691252237000072, 39.31397800700006 ] } },
{ "type": "Feature", "properties": { "fid": 2574, "Yapı No_Text": "-10" }, "geometry": { "type": "Point", "coordinates": [ 26.691288651000036, 39.313950037000041 ] } },
{ "type": "Feature", "properties": { "fid": 2575, "Yapı No_Text": "-11" }, "geometry": { "type": "Point", "coordinates": [ 26.691321339000069, 39.313925103000031 ] } },
{ "type": "Feature", "properties": { "fid": 2576, "Yapı No_Text": "-12" }, "geometry": { "type": "Point", "coordinates": [ 26.691368019000038, 39.313904592000029 ] } },
{ "type": "Feature", "properties": { "fid": 2577, "Yapı No_Text": "-13" }, "geometry": { "type": "Point", "coordinates": [ 26.691319804000045, 39.313872752000066 ] } },
{ "type": "Feature", "properties": { "fid": 2578, "Yapı No_Text": "-14" }, "geometry": { "type": "Point", "coordinates": [ 26.691283951000059, 39.313836507000076 ] } },
{ "type": "Feature", "properties": { "fid": 2579, "Yapı No_Text": "-16" }, "geometry": { "type": "Point", "coordinates": [ 26.691126525000072, 39.313941229000079 ] } },
{ "type": "Feature", "properties": { "fid": 2580, "Yapı No_Text": "-15" }, "geometry": { "type": "Point", "coordinates": [ 26.691186931000061, 39.313894256000026 ] } },
{ "type": "Feature", "properties": { "fid": 2581, "Yapı No_Text": "-17" }, "geometry": { "type": "Point", "coordinates": [ 26.691052358000036, 39.313986214000067 ] } },
{ "type": "Feature", "properties": { "fid": 2582, "Yapı No_Text": "-18" }, "geometry": { "type": "Point", "coordinates": [ 26.69081152900003, 39.314099637000027 ] } },
{ "type": "Feature", "properties": { "fid": 2583, "Yapı No_Text": "-19" }, "geometry": { "type": "Point", "coordinates": [ 26.690849847000038, 39.31413830300005 ] } },
{ "type": "Feature", "properties": { "fid": 2584, "Yapı No_Text": "-05B" }, "geometry": { "type": "Point", "coordinates": [ 26.691090184000075, 39.31409522000007 ] } },
{ "type": "Feature", "properties": { "fid": 2585, "Yapı No_Text": "165" }, "geometry": { "type": "Point", "coordinates": [ 26.69094535000005, 39.31403924600005 ] } },
{ "type": "Feature", "properties": { "fid": 2586, "Yapı No_Text": "-03" }, "geometry": { "type": "Point", "coordinates": [ 26.690781851000054, 39.314479882000057 ] } },
{ "type": "Feature", "properties": { "fid": 2587, "Yapı No_Text": "-02" }, "geometry": { "type": "Point", "coordinates": [ 26.690776871000025, 39.314563612000029 ] } },
{ "type": "Feature", "properties": { "fid": 2588, "Yapı No_Text": "-01" }, "geometry": { "type": "Point", "coordinates": [ 26.690656454000077, 39.31460280400006 ] } },
{ "type": "Feature", "properties": { "fid": 2589, "Yapı No_Text": "-09" }, "geometry": { "type": "Point", "coordinates": [ 26.690670795000074, 39.314433980000047 ] } },
{ "type": "Feature", "properties": { "fid": 2590, "Yapı No_Text": "-08A" }, "geometry": { "type": "Point", "coordinates": [ 26.690837888000033, 39.314353492000066 ] } },
{ "type": "Feature", "properties": { "fid": 2591, "Yapı No_Text": "-07" }, "geometry": { "type": "Point", "coordinates": [ 26.690853498000024, 39.314404825000054 ] } },
{ "type": "Feature", "properties": { "fid": 2592, "Yapı No_Text": "-06" }, "geometry": { "type": "Point", "coordinates": [ 26.690878689000044, 39.314437143000077 ] } },
{ "type": "Feature", "properties": { "fid": 2593, "Yapı No_Text": "-05" }, "geometry": { "type": "Point", "coordinates": [ 26.690929194000034, 39.314464289000057 ] } },
{ "type": "Feature", "properties": { "fid": 2594, "Yapı No_Text": "-04" }, "geometry": { "type": "Point", "coordinates": [ 26.69093940700003, 39.314505260000033 ] } },
{ "type": "Feature", "properties": { "fid": 2595, "Yapı No_Text": "-08B" }, "geometry": { "type": "Point", "coordinates": [ 26.690774809000061, 39.314390132000028 ] } },
{ "type": "Feature", "properties": { "fid": 2596, "Yapı No_Text": "-10" }, "geometry": { "type": "Point", "coordinates": [ 26.690586420000045, 39.314482055000042 ] } },
{ "type": "Feature", "properties": { "fid": 2597, "Yapı No_Text": "-11" }, "geometry": { "type": "Point", "coordinates": [ 26.690632754000035, 39.314516824000066 ] } },
{ "type": "Feature", "properties": { "fid": 2598, "Yapı No_Text": "-12" }, "geometry": { "type": "Point", "coordinates": [ 26.690639281000074, 39.31455021000005 ] } },
{ "type": "Feature", "properties": { "fid": 2599, "Yapı No_Text": " 22" }, "geometry": { "type": "Point", "coordinates": [ 26.690698481000027, 39.314487141000029 ] } },
{ "type": "Feature", "properties": { "fid": 2600, "Yapı No_Text": "-03a" }, "geometry": { "type": "Point", "coordinates": [ 26.690960122000035, 39.31460474000005 ] } },
{ "type": "Feature", "properties": { "fid": 2601, "Yapı No_Text": "-02" }, "geometry": { "type": "Point", "coordinates": [ 26.690989782000031, 39.31468677600003 ] } },
{ "type": "Feature", "properties": { "fid": 2602, "Yapı No_Text": "-01" }, "geometry": { "type": "Point", "coordinates": [ 26.690751860000034, 39.314746466000031 ] } },
{ "type": "Feature", "properties": { "fid": 2603, "Yapı No_Text": "-05" }, "geometry": { "type": "Point", "coordinates": [ 26.690756585000031, 39.314646681000056 ] } },
{ "type": "Feature", "properties": { "fid": 2604, "Yapı No_Text": "-03b" }, "geometry": { "type": "Point", "coordinates": [ 26.690941527000064, 39.314564948000054 ] } },
{ "type": "Feature", "properties": { "fid": 2605, "Yapı No_Text": " 23" }, "geometry": { "type": "Point", "coordinates": [ 26.690857352000023, 39.314699460000043 ] } },
{ "type": "Feature", "properties": { "fid": 2606, "Yapı No_Text": "-03" }, "geometry": { "type": "Point", "coordinates": [ 26.69110708900007, 39.315108768000073 ] } },
{ "type": "Feature", "properties": { "fid": 2607, "Yapı No_Text": "-02" }, "geometry": { "type": "Point", "coordinates": [ 26.691039388000036, 39.31509841500008 ] } },
{ "type": "Feature", "properties": { "fid": 2608, "Yapı No_Text": "-01" }, "geometry": { "type": "Point", "coordinates": [ 26.691006592000065, 39.315126165000038 ] } },
{ "type": "Feature", "properties": { "fid": 2609, "Yapı No_Text": "-09" }, "geometry": { "type": "Point", "coordinates": [ 26.691119342000036, 39.314866319000032 ] } },
{ "type": "Feature", "properties": { "fid": 2610, "Yapı No_Text": "-07" }, "geometry": { "type": "Point", "coordinates": [ 26.691168203000075, 39.314952732000052 ] } },
{ "type": "Feature", "properties": { "fid": 2611, "Yapı No_Text": "-06" }, "geometry": { "type": "Point", "coordinates": [ 26.691205376000028, 39.314990902000034 ] } },
{ "type": "Feature", "properties": { "fid": 2612, "Yapı No_Text": "-05" }, "geometry": { "type": "Point", "coordinates": [ 26.691213793000031, 39.315061373000049 ] } },
{ "type": "Feature", "properties": { "fid": 2613, "Yapı No_Text": "-04" }, "geometry": { "type": "Point", "coordinates": [ 26.691108052000061, 39.315037475000054 ] } },
{ "type": "Feature", "properties": { "fid": 2614, "Yapı No_Text": "-08" }, "geometry": { "type": "Point", "coordinates": [ 26.691139778000036, 39.314900113000078 ] } },
{ "type": "Feature", "properties": { "fid": 2615, "Yapı No_Text": "-10" }, "geometry": { "type": "Point", "coordinates": [ 26.691078818000051, 39.314846567000075 ] } },
{ "type": "Feature", "properties": { "fid": 2616, "Yapı No_Text": "-11" }, "geometry": { "type": "Point", "coordinates": [ 26.691098748000059, 39.314802881000048 ] } },
{ "type": "Feature", "properties": { "fid": 2617, "Yapı No_Text": "-12A" }, "geometry": { "type": "Point", "coordinates": [ 26.691040931000032, 39.314771599000039 ] } },
{ "type": "Feature", "properties": { "fid": 2618, "Yapı No_Text": "-12B" }, "geometry": { "type": "Point", "coordinates": [ 26.69093532200003, 39.314798241000062 ] } },
{ "type": "Feature", "properties": { "fid": 2619, "Yapı No_Text": "-13" }, "geometry": { "type": "Point", "coordinates": [ 26.690883079000059, 39.314912645000049 ] } },
{ "type": "Feature", "properties": { "fid": 2620, "Yapı No_Text": "-14" }, "geometry": { "type": "Point", "coordinates": [ 26.690898806000064, 39.314993788000038 ] } },
{ "type": "Feature", "properties": { "fid": 2621, "Yapı No_Text": "-15" }, "geometry": { "type": "Point", "coordinates": [ 26.690950509000061, 39.31502720800006 ] } },
{ "type": "Feature", "properties": { "fid": 2622, "Yapı No_Text": " 24" }, "geometry": { "type": "Point", "coordinates": [ 26.690969279000058, 39.314894630000026 ] } },
{ "type": "Feature", "properties": { "fid": 2623, "Yapı No_Text": "-01" }, "geometry": { "type": "Point", "coordinates": [ 26.690771495000035, 39.31402147700004 ] } },
{ "type": "Feature", "properties": { "fid": 2624, "Yapı No_Text": "-02" }, "geometry": { "type": "Point", "coordinates": [ 26.690882307000038, 39.313950323000029 ] } },
{ "type": "Feature", "properties": { "fid": 2625, "Yapı No_Text": "-05" }, "geometry": { "type": "Point", "coordinates": [ 26.691008191000037, 39.313890695000055 ] } },
{ "type": "Feature", "properties": { "fid": 2626, "Yapı No_Text": "-06" }, "geometry": { "type": "Point", "coordinates": [ 26.691069429000038, 39.313901275000035 ] } },
{ "type": "Feature", "properties": { "fid": 2627, "Yapı No_Text": "-03" }, "geometry": { "type": "Point", "coordinates": [ 26.690946371000052, 39.313964340000041 ] } },
{ "type": "Feature", "properties": { "fid": 2628, "Yapı No_Text": "-04" }, "geometry": { "type": "Point", "coordinates": [ 26.690987280000058, 39.313932006000073 ] } },
{ "type": "Feature", "properties": { "fid": 2629, "Yapı No_Text": "-07" }, "geometry": { "type": "Point", "coordinates": [ 26.691115289000038, 39.313858036000056 ] } },
{ "type": "Feature", "properties": { "fid": 2630, "Yapı No_Text": "-08" }, "geometry": { "type": "Point", "coordinates": [ 26.691155457000036, 39.313794287000064 ] } },
{ "type": "Feature", "properties": { "fid": 2631, "Yapı No_Text": "-09" }, "geometry": { "type": "Point", "coordinates": [ 26.691133520000051, 39.313744922000069 ] } },
{ "type": "Feature", "properties": { "fid": 2632, "Yapı No_Text": "-10" }, "geometry": { "type": "Point", "coordinates": [ 26.691050121000046, 39.313718874000074 ] } },
{ "type": "Feature", "properties": { "fid": 2633, "Yapı No_Text": "-11" }, "geometry": { "type": "Point", "coordinates": [ 26.69098488800006, 39.313752286000067 ] } },
{ "type": "Feature", "properties": { "fid": 2634, "Yapı No_Text": "-12" }, "geometry": { "type": "Point", "coordinates": [ 26.690960718000042, 39.313784546000079 ] } },
{ "type": "Feature", "properties": { "fid": 2635, "Yapı No_Text": "-13" }, "geometry": { "type": "Point", "coordinates": [ 26.690919707000035, 39.313810453000031 ] } },
{ "type": "Feature", "properties": { "fid": 2636, "Yapı No_Text": "-14" }, "geometry": { "type": "Point", "coordinates": [ 26.690860749000024, 39.313845960000037 ] } },
{ "type": "Feature", "properties": { "fid": 2637, "Yapı No_Text": "-16" }, "geometry": { "type": "Point", "coordinates": [ 26.690752650000036, 39.313894889000039 ] } },
{ "type": "Feature", "properties": { "fid": 2638, "Yapı No_Text": "-15" }, "geometry": { "type": "Point", "coordinates": [ 26.690833375000068, 39.313912285000072 ] } },
{ "type": "Feature", "properties": { "fid": 2639, "Yapı No_Text": "-17" }, "geometry": { "type": "Point", "coordinates": [ 26.69071477500006, 39.313935547000028 ] } },
{ "type": "Feature", "properties": { "fid": 2640, "Yapı No_Text": "-18" }, "geometry": { "type": "Point", "coordinates": [ 26.690775087000077, 39.313969849000046 ] } },
{ "type": "Feature", "properties": { "fid": 2641, "Yapı No_Text": "164" }, "geometry": { "type": "Point", "coordinates": [ 26.690916702000038, 39.313879464000024 ] } },
{ "type": "Feature", "properties": { "fid": 2642, "Yapı No_Text": "-03" }, "geometry": { "type": "Point", "coordinates": [ 26.690881350000041, 39.313722262000056 ] } },
{ "type": "Feature", "properties": { "fid": 2643, "Yapı No_Text": "-02" }, "geometry": { "type": "Point", "coordinates": [ 26.690827137000042, 39.313773124000079 ] } },
{ "type": "Feature", "properties": { "fid": 2644, "Yapı No_Text": "-01" }, "geometry": { "type": "Point", "coordinates": [ 26.690703721000034, 39.313836092000031 ] } },
{ "type": "Feature", "properties": { "fid": 2645, "Yapı No_Text": "-09" }, "geometry": { "type": "Point", "coordinates": [ 26.690598457000078, 39.31371788000007 ] } },
{ "type": "Feature", "properties": { "fid": 2646, "Yapı No_Text": "-08" }, "geometry": { "type": "Point", "coordinates": [ 26.690732177000029, 39.313665431000061 ] } },
{ "type": "Feature", "properties": { "fid": 2647, "Yapı No_Text": "-07" }, "geometry": { "type": "Point", "coordinates": [ 26.690803037000023, 39.313572090000036 ] } },
{ "type": "Feature", "properties": { "fid": 2648, "Yapı No_Text": "-06" }, "geometry": { "type": "Point", "coordinates": [ 26.690888944000051, 39.313579437000044 ] } },
{ "type": "Feature", "properties": { "fid": 2649, "Yapı No_Text": "-05B" }, "geometry": { "type": "Point", "coordinates": [ 26.690966919000061, 39.313612033000027 ] } },
{ "type": "Feature", "properties": { "fid": 2650, "Yapı No_Text": "-04" }, "geometry": { "type": "Point", "coordinates": [ 26.690929733000075, 39.313706144000037 ] } },
{ "type": "Feature", "properties": { "fid": 2651, "Yapı No_Text": "-10" }, "geometry": { "type": "Point", "coordinates": [ 26.690635766000071, 39.313759583000035 ] } },
{ "type": "Feature", "properties": { "fid": 2652, "Yapı No_Text": "-11" }, "geometry": { "type": "Point", "coordinates": [ 26.690674271000034, 39.313799465000045 ] } },
{ "type": "Feature", "properties": { "fid": 2653, "Yapı No_Text": "-05A" }, "geometry": { "type": "Point", "coordinates": [ 26.690967013000034, 39.313668310000025 ] } },
{ "type": "Feature", "properties": { "fid": 2654, "Yapı No_Text": "163" }, "geometry": { "type": "Point", "coordinates": [ 26.690800035000052, 39.313684786000067 ] } },
{ "type": "Feature", "properties": { "fid": 2655, "Yapı No_Text": "-03" }, "geometry": { "type": "Point", "coordinates": [ 26.690755968000076, 39.313515949000077 ] } },
{ "type": "Feature", "properties": { "fid": 2656, "Yapı No_Text": "-01" }, "geometry": { "type": "Point", "coordinates": [ 26.690461861000074, 39.313621362000049 ] } },
{ "type": "Feature", "properties": { "fid": 2657, "Yapı No_Text": "-08" }, "geometry": { "type": "Point", "coordinates": [ 26.690451658000029, 39.313522796000029 ] } },
{ "type": "Feature", "properties": { "fid": 2658, "Yapı No_Text": "-07" }, "geometry": { "type": "Point", "coordinates": [ 26.69036858000004, 39.31347712400003 ] } },
{ "type": "Feature", "properties": { "fid": 2659, "Yapı No_Text": "-06" }, "geometry": { "type": "Point", "coordinates": [ 26.690336703000071, 39.31341575700003 ] } },
{ "type": "Feature", "properties": { "fid": 2660, "Yapı No_Text": "-05" }, "geometry": { "type": "Point", "coordinates": [ 26.690395241000033, 39.313327280000067 ] } },
{ "type": "Feature", "properties": { "fid": 2661, "Yapı No_Text": "-04" }, "geometry": { "type": "Point", "coordinates": [ 26.690583365000066, 39.313388817000032 ] } },
{ "type": "Feature", "properties": { "fid": 2662, "Yapı No_Text": "-02A" }, "geometry": { "type": "Point", "coordinates": [ 26.690564079000069, 39.313592161000031 ] } },
{ "type": "Feature", "properties": { "fid": 2663, "Yapı No_Text": "-02B" }, "geometry": { "type": "Point", "coordinates": [ 26.690624455000034, 39.313505445000033 ] } },
{ "type": "Feature", "properties": { "fid": 2664, "Yapı No_Text": "162" }, "geometry": { "type": "Point", "coordinates": [ 26.690501677000043, 39.313454752000041 ] } },
{ "type": "Feature", "properties": { "fid": 2665, "Yapı No_Text": "-01" }, "geometry": { "type": "Point", "coordinates": [ 26.692076633000056, 39.31460787900005 ] } },
{ "type": "Feature", "properties": { "fid": 2666, "Yapı No_Text": "-02A" }, "geometry": { "type": "Point", "coordinates": [ 26.692130083000052, 39.314585310000041 ] } },
{ "type": "Feature", "properties": { "fid": 2667, "Yapı No_Text": "-05" }, "geometry": { "type": "Point", "coordinates": [ 26.692163144000062, 39.31436547800007 ] } },
{ "type": "Feature", "properties": { "fid": 2668, "Yapı No_Text": "-06" }, "geometry": { "type": "Point", "coordinates": [ 26.692174965000049, 39.314320733000045 ] } },
{ "type": "Feature", "properties": { "fid": 2669, "Yapı No_Text": "-03" }, "geometry": { "type": "Point", "coordinates": [ 26.692165568000064, 39.314501776000043 ] } },
{ "type": "Feature", "properties": { "fid": 2670, "Yapı No_Text": "-04" }, "geometry": { "type": "Point", "coordinates": [ 26.692195041000048, 39.314395344000047 ] } },
{ "type": "Feature", "properties": { "fid": 2671, "Yapı No_Text": "-07" }, "geometry": { "type": "Point", "coordinates": [ 26.692085954000049, 39.314271624000071 ] } },
{ "type": "Feature", "properties": { "fid": 2672, "Yapı No_Text": "-08" }, "geometry": { "type": "Point", "coordinates": [ 26.691994471000044, 39.314328088000025 ] } },
{ "type": "Feature", "properties": { "fid": 2673, "Yapı No_Text": "-09" }, "geometry": { "type": "Point", "coordinates": [ 26.691964462000044, 39.314359336000052 ] } },
{ "type": "Feature", "properties": { "fid": 2674, "Yapı No_Text": "-10" }, "geometry": { "type": "Point", "coordinates": [ 26.691908369000032, 39.314365494000072 ] } },
{ "type": "Feature", "properties": { "fid": 2675, "Yapı No_Text": "-11" }, "geometry": { "type": "Point", "coordinates": [ 26.691940196000076, 39.314415292000035 ] } },
{ "type": "Feature", "properties": { "fid": 2676, "Yapı No_Text": "-12" }, "geometry": { "type": "Point", "coordinates": [ 26.691941991000078, 39.314470519000054 ] } },
{ "type": "Feature", "properties": { "fid": 2677, "Yapı No_Text": "-13" }, "geometry": { "type": "Point", "coordinates": [ 26.691982606000067, 39.314498032000074 ] } },
{ "type": "Feature", "properties": { "fid": 2678, "Yapı No_Text": "-14" }, "geometry": { "type": "Point", "coordinates": [ 26.692008521000048, 39.31452833600008 ] } },
{ "type": "Feature", "properties": { "fid": 2679, "Yapı No_Text": "-15" }, "geometry": { "type": "Point", "coordinates": [ 26.692029146000039, 39.314562379000051 ] } },
{ "type": "Feature", "properties": { "fid": 2680, "Yapı No_Text": "-02B" }, "geometry": { "type": "Point", "coordinates": [ 26.692093705000048, 39.314525361000051 ] } },
{ "type": "Feature", "properties": { "fid": 2681, "Yapı No_Text": "314" }, "geometry": { "type": "Point", "coordinates": [ 26.692069467000067, 39.314421768000045 ] } },
{ "type": "Feature", "properties": { "fid": 2682, "Yapı No_Text": "-03" }, "geometry": { "type": "Point", "coordinates": [ 26.692067215000066, 39.314208824000048 ] } },
{ "type": "Feature", "properties": { "fid": 2683, "Yapı No_Text": "-02" }, "geometry": { "type": "Point", "coordinates": [ 26.691984326000068, 39.314201818000072 ] } },
{ "type": "Feature", "properties": { "fid": 2684, "Yapı No_Text": "-01" }, "geometry": { "type": "Point", "coordinates": [ 26.691852336000068, 39.314300467000066 ] } },
{ "type": "Feature", "properties": { "fid": 2685, "Yapı No_Text": "-09" }, "geometry": { "type": "Point", "coordinates": [ 26.691869934000067, 39.314001104000056 ] } },
{ "type": "Feature", "properties": { "fid": 2686, "Yapı No_Text": "-07" }, "geometry": { "type": "Point", "coordinates": [ 26.691997785000069, 39.314062275000026 ] } },
{ "type": "Feature", "properties": { "fid": 2687, "Yapı No_Text": "-06" }, "geometry": { "type": "Point", "coordinates": [ 26.692026246000069, 39.314106914000035 ] } },
{ "type": "Feature", "properties": { "fid": 2688, "Yapı No_Text": "-05" }, "geometry": { "type": "Point", "coordinates": [ 26.692049986000029, 39.314139781000051 ] } },
{ "type": "Feature", "properties": { "fid": 2689, "Yapı No_Text": "-04" }, "geometry": { "type": "Point", "coordinates": [ 26.692106098000068, 39.314163629000063 ] } },
{ "type": "Feature", "properties": { "fid": 2690, "Yapı No_Text": "-08" }, "geometry": { "type": "Point", "coordinates": [ 26.691932770000051, 39.31400102300006 ] } },
{ "type": "Feature", "properties": { "fid": 2691, "Yapı No_Text": "-10" }, "geometry": { "type": "Point", "coordinates": [ 26.691842276000045, 39.314043295000033 ] } },
{ "type": "Feature", "properties": { "fid": 2692, "Yapı No_Text": "-11" }, "geometry": { "type": "Point", "coordinates": [ 26.69175053400005, 39.31412799900005 ] } },
{ "type": "Feature", "properties": { "fid": 2693, "Yapı No_Text": "-12A" }, "geometry": { "type": "Point", "coordinates": [ 26.69179555900007, 39.314185924000071 ] } },
{ "type": "Feature", "properties": { "fid": 2694, "Yapı No_Text": "-13" }, "geometry": { "type": "Point", "coordinates": [ 26.691819953000049, 39.31425022500008 ] } },
{ "type": "Feature", "properties": { "fid": 2695, "Yapı No_Text": "300" }, "geometry": { "type": "Point", "coordinates": [ 26.691894737000041, 39.314145702000076 ] } },
{ "type": "Feature", "properties": { "fid": 2696, "Yapı No_Text": "-01" }, "geometry": { "type": "Point", "coordinates": [ 26.697101775000078, 39.319397345000027 ] } },
{ "type": "Feature", "properties": { "fid": 2697, "Yapı No_Text": "-02" }, "geometry": { "type": "Point", "coordinates": [ 26.697161164000079, 39.319401453000069 ] } },
{ "type": "Feature", "properties": { "fid": 2698, "Yapı No_Text": "-05" }, "geometry": { "type": "Point", "coordinates": [ 26.697337609000044, 39.319364586000063 ] } },
{ "type": "Feature", "properties": { "fid": 2699, "Yapı No_Text": "-06" }, "geometry": { "type": "Point", "coordinates": [ 26.697445771000048, 39.319384455000034 ] } },
{ "type": "Feature", "properties": { "fid": 2700, "Yapı No_Text": "-03" }, "geometry": { "type": "Point", "coordinates": [ 26.697231518000024, 39.319390370000065 ] } },
{ "type": "Feature", "properties": { "fid": 2701, "Yapı No_Text": "-04" }, "geometry": { "type": "Point", "coordinates": [ 26.697280228000068, 39.319376728000066 ] } },
{ "type": "Feature", "properties": { "fid": 2702, "Yapı No_Text": "-07" }, "geometry": { "type": "Point", "coordinates": [ 26.697498200000041, 39.319418739000071 ] } },
{ "type": "Feature", "properties": { "fid": 2703, "Yapı No_Text": "-08" }, "geometry": { "type": "Point", "coordinates": [ 26.697562835000042, 39.319426261000046 ] } },
{ "type": "Feature", "properties": { "fid": 2704, "Yapı No_Text": "-09" }, "geometry": { "type": "Point", "coordinates": [ 26.697637469000028, 39.319419221000032 ] } },
{ "type": "Feature", "properties": { "fid": 2705, "Yapı No_Text": "-10" }, "geometry": { "type": "Point", "coordinates": [ 26.697698777000028, 39.31944876600005 ] } },
{ "type": "Feature", "properties": { "fid": 2706, "Yapı No_Text": "-11" }, "geometry": { "type": "Point", "coordinates": [ 26.697771820000071, 39.319423074000042 ] } },
{ "type": "Feature", "properties": { "fid": 2707, "Yapı No_Text": "-12" }, "geometry": { "type": "Point", "coordinates": [ 26.697827793000044, 39.319438648000073 ] } },
{ "type": "Feature", "properties": { "fid": 2708, "Yapı No_Text": "-13" }, "geometry": { "type": "Point", "coordinates": [ 26.697947258000056, 39.319430659000034 ] } },
{ "type": "Feature", "properties": { "fid": 2709, "Yapı No_Text": "-14" }, "geometry": { "type": "Point", "coordinates": [ 26.697995114000037, 39.319304158000079 ] } },
{ "type": "Feature", "properties": { "fid": 2710, "Yapı No_Text": "-16" }, "geometry": { "type": "Point", "coordinates": [ 26.697759814000051, 39.319236740000065 ] } },
{ "type": "Feature", "properties": { "fid": 2711, "Yapı No_Text": "-15" }, "geometry": { "type": "Point", "coordinates": [ 26.697890663000067, 39.31923983300004 ] } },
{ "type": "Feature", "properties": { "fid": 2712, "Yapı No_Text": "-17" }, "geometry": { "type": "Point", "coordinates": [ 26.697473477000074, 39.319248019000042 ] } },
{ "type": "Feature", "properties": { "fid": 2713, "Yapı No_Text": "-18" }, "geometry": { "type": "Point", "coordinates": [ 26.697293524000031, 39.319222997000054 ] } },
{ "type": "Feature", "properties": { "fid": 2714, "Yapı No_Text": "-19" }, "geometry": { "type": "Point", "coordinates": [ 26.697227157000043, 39.319218331000059 ] } },
{ "type": "Feature", "properties": { "fid": 2715, "Yapı No_Text": "-20" }, "geometry": { "type": "Point", "coordinates": [ 26.69715119600005, 39.31910302600005 ] } },
{ "type": "Feature", "properties": { "fid": 2716, "Yapı No_Text": "-21" }, "geometry": { "type": "Point", "coordinates": [ 26.697040510000079, 39.319109869000044 ] } },
{ "type": "Feature", "properties": { "fid": 2717, "Yapı No_Text": "-22" }, "geometry": { "type": "Point", "coordinates": [ 26.697062520000031, 39.319163223000032 ] } },
{ "type": "Feature", "properties": { "fid": 2718, "Yapı No_Text": "-23" }, "geometry": { "type": "Point", "coordinates": [ 26.697062618000075, 39.319222248000074 ] } },
{ "type": "Feature", "properties": { "fid": 2719, "Yapı No_Text": "-23A" }, "geometry": { "type": "Point", "coordinates": [ 26.697061403000077, 39.319269012000063 ] } },
{ "type": "Feature", "properties": { "fid": 2720, "Yapı No_Text": "-23B" }, "geometry": { "type": "Point", "coordinates": [ 26.69710731400005, 39.319310848000043 ] } },
{ "type": "Feature", "properties": { "fid": 2721, "Yapı No_Text": "260A" }, "geometry": { "type": "Point", "coordinates": [ 26.69761614600003, 39.319300623000061 ] } },
{ "type": "Feature", "properties": { "fid": 2722, "Yapı No_Text": "-39" }, "geometry": { "type": "Point", "coordinates": [ 26.69742511000004, 39.318613191000054 ] } },
{ "type": "Feature", "properties": { "fid": 2723, "Yapı No_Text": "-38" }, "geometry": { "type": "Point", "coordinates": [ 26.697418970000058, 39.318572380000035 ] } },
{ "type": "Feature", "properties": { "fid": 2724, "Yapı No_Text": "-42" }, "geometry": { "type": "Point", "coordinates": [ 26.697373091000031, 39.318730662000064 ] } },
{ "type": "Feature", "properties": { "fid": 2725, "Yapı No_Text": "-41" }, "geometry": { "type": "Point", "coordinates": [ 26.69740637600006, 39.318694354000058 ] } },
{ "type": "Feature", "properties": { "fid": 2726, "Yapı No_Text": "-43" }, "geometry": { "type": "Point", "coordinates": [ 26.697358442000052, 39.318784387000051 ] } },
{ "type": "Feature", "properties": { "fid": 2727, "Yapı No_Text": "-44A" }, "geometry": { "type": "Point", "coordinates": [ 26.697241950000034, 39.318845729000031 ] } },
{ "type": "Feature", "properties": { "fid": 2728, "Yapı No_Text": "-45" }, "geometry": { "type": "Point", "coordinates": [ 26.697278251000057, 39.318945122000059 ] } },
{ "type": "Feature", "properties": { "fid": 2729, "Yapı No_Text": "-46" }, "geometry": { "type": "Point", "coordinates": [ 26.697249710000051, 39.318990291000034 ] } },
{ "type": "Feature", "properties": { "fid": 2730, "Yapı No_Text": "-24" }, "geometry": { "type": "Point", "coordinates": [ 26.697024911000028, 39.319035754000026 ] } },
{ "type": "Feature", "properties": { "fid": 2731, "Yapı No_Text": "-25" }, "geometry": { "type": "Point", "coordinates": [ 26.697034789000043, 39.318991279000045 ] } },
{ "type": "Feature", "properties": { "fid": 2732, "Yapı No_Text": "-26" }, "geometry": { "type": "Point", "coordinates": [ 26.697033351000073, 39.318962937000038 ] } },
{ "type": "Feature", "properties": { "fid": 2733, "Yapı No_Text": "-27" }, "geometry": { "type": "Point", "coordinates": [ 26.69702277500005, 39.318928463000077 ] } },
{ "type": "Feature", "properties": { "fid": 2734, "Yapı No_Text": "-28" }, "geometry": { "type": "Point", "coordinates": [ 26.696999377000054, 39.318878765000079 ] } },
{ "type": "Feature", "properties": { "fid": 2735, "Yapı No_Text": "-29" }, "geometry": { "type": "Point", "coordinates": [ 26.696994551000046, 39.318834031000051 ] } },
{ "type": "Feature", "properties": { "fid": 2736, "Yapı No_Text": "-30" }, "geometry": { "type": "Point", "coordinates": [ 26.696985325000071, 39.318788763000043 ] } },
{ "type": "Feature", "properties": { "fid": 2737, "Yapı No_Text": "-31" }, "geometry": { "type": "Point", "coordinates": [ 26.697021792000044, 39.318723814000066 ] } },
{ "type": "Feature", "properties": { "fid": 2738, "Yapı No_Text": "-32" }, "geometry": { "type": "Point", "coordinates": [ 26.696998234000034, 39.318672608000043 ] } },
{ "type": "Feature", "properties": { "fid": 2739, "Yapı No_Text": "-33B" }, "geometry": { "type": "Point", "coordinates": [ 26.696978121000029, 39.31861815600007 ] } },
{ "type": "Feature", "properties": { "fid": 2740, "Yapı No_Text": "-34" }, "geometry": { "type": "Point", "coordinates": [ 26.697093324000036, 39.318553650000069 ] } },
{ "type": "Feature", "properties": { "fid": 2741, "Yapı No_Text": "-35" }, "geometry": { "type": "Point", "coordinates": [ 26.697163709000051, 39.318527322000079 ] } },
{ "type": "Feature", "properties": { "fid": 2742, "Yapı No_Text": "-36" }, "geometry": { "type": "Point", "coordinates": [ 26.697280376000037, 39.318514238000034 ] } },
{ "type": "Feature", "properties": { "fid": 2743, "Yapı No_Text": "-37" }, "geometry": { "type": "Point", "coordinates": [ 26.697347344000036, 39.318501179000066 ] } },
{ "type": "Feature", "properties": { "fid": 2744, "Yapı No_Text": "-47" }, "geometry": { "type": "Point", "coordinates": [ 26.697239761000048, 39.319036320000066 ] } },
{ "type": "Feature", "properties": { "fid": 2745, "Yapı No_Text": "-40" }, "geometry": { "type": "Point", "coordinates": [ 26.697421813000062, 39.318661600000041 ] } },
{ "type": "Feature", "properties": { "fid": 2746, "Yapı No_Text": "-44B" }, "geometry": { "type": "Point", "coordinates": [ 26.697281298000064, 39.318890854000074 ] } },
{ "type": "Feature", "properties": { "fid": 2747, "Yapı No_Text": "-33A" }, "geometry": { "type": "Point", "coordinates": [ 26.696978041000023, 39.318568920000075 ] } },
{ "type": "Feature", "properties": { "fid": 2748, "Yapı No_Text": "260B" }, "geometry": { "type": "Point", "coordinates": [ 26.697113375000072, 39.318801431000054 ] } },
{ "type": "Feature", "properties": { "fid": 2749, "Yapı No_Text": "-48" }, "geometry": { "type": "Point", "coordinates": [ 26.69727298600003, 39.319126439000058 ] } },
{ "type": "Feature", "properties": { "fid": 2750, "Yapı No_Text": "-49" }, "geometry": { "type": "Point", "coordinates": [ 26.697366843000054, 39.319124912000063 ] } },
{ "type": "Feature", "properties": { "fid": 2751, "Yapı No_Text": "-50" }, "geometry": { "type": "Point", "coordinates": [ 26.697423956000023, 39.319095048000065 ] } },
{ "type": "Feature", "properties": { "fid": 2752, "Yapı No_Text": "-51" }, "geometry": { "type": "Point", "coordinates": [ 26.697503015000052, 39.318786901000067 ] } },
{ "type": "Feature", "properties": { "fid": 2753, "Yapı No_Text": "-52" }, "geometry": { "type": "Point", "coordinates": [ 26.697536874000036, 39.318728736000025 ] } },
{ "type": "Feature", "properties": { "fid": 2754, "Yapı No_Text": "-53" }, "geometry": { "type": "Point", "coordinates": [ 26.697536936000063, 39.318595072000051 ] } },
{ "type": "Feature", "properties": { "fid": 2755, "Yapı No_Text": "-54" }, "geometry": { "type": "Point", "coordinates": [ 26.69760354500005, 39.318648927000027 ] } },
{ "type": "Feature", "properties": { "fid": 2756, "Yapı No_Text": "-55" }, "geometry": { "type": "Point", "coordinates": [ 26.697591951000049, 39.318712292000043 ] } },
{ "type": "Feature", "properties": { "fid": 2757, "Yapı No_Text": "-56" }, "geometry": { "type": "Point", "coordinates": [ 26.697585243000049, 39.31881588300007 ] } },
{ "type": "Feature", "properties": { "fid": 2758, "Yapı No_Text": "-57" }, "geometry": { "type": "Point", "coordinates": [ 26.697624193000024, 39.318878788000063 ] } },
{ "type": "Feature", "properties": { "fid": 2759, "Yapı No_Text": "-58" }, "geometry": { "type": "Point", "coordinates": [ 26.697602671000027, 39.318916103000049 ] } },
{ "type": "Feature", "properties": { "fid": 2760, "Yapı No_Text": "-59" }, "geometry": { "type": "Point", "coordinates": [ 26.697593020000056, 39.318958032000069 ] } },
{ "type": "Feature", "properties": { "fid": 2761, "Yapı No_Text": "-60" }, "geometry": { "type": "Point", "coordinates": [ 26.697557410000059, 39.319137492000038 ] } },
{ "type": "Feature", "properties": { "fid": 2762, "Yapı No_Text": "-61" }, "geometry": { "type": "Point", "coordinates": [ 26.697477571000036, 39.319134542000029 ] } },
{ "type": "Feature", "properties": { "fid": 2763, "Yapı No_Text": "260C" }, "geometry": { "type": "Point", "coordinates": [ 26.697466707000046, 39.318919011000048 ] } },
{ "type": "Feature", "properties": { "fid": 2764, "Yapı No_Text": "-01" }, "geometry": { "type": "Point", "coordinates": [ 26.697720835000041, 39.31914342400006 ] } },
{ "type": "Feature", "properties": { "fid": 2765, "Yapı No_Text": "-02" }, "geometry": { "type": "Point", "coordinates": [ 26.697783170000037, 39.319117591000065 ] } },
{ "type": "Feature", "properties": { "fid": 2766, "Yapı No_Text": "-03" }, "geometry": { "type": "Point", "coordinates": [ 26.697954779000042, 39.319110351000063 ] } },
{ "type": "Feature", "properties": { "fid": 2767, "Yapı No_Text": "-04" }, "geometry": { "type": "Point", "coordinates": [ 26.697865199000034, 39.319054368000025 ] } },
{ "type": "Feature", "properties": { "fid": 2768, "Yapı No_Text": "-05" }, "geometry": { "type": "Point", "coordinates": [ 26.697861339000042, 39.31894589500007 ] } },
{ "type": "Feature", "properties": { "fid": 2769, "Yapı No_Text": "-06" }, "geometry": { "type": "Point", "coordinates": [ 26.697852457000067, 39.318904367000073 ] } },
{ "type": "Feature", "properties": { "fid": 2770, "Yapı No_Text": "-07" }, "geometry": { "type": "Point", "coordinates": [ 26.697971964000033, 39.318888370000025 ] } },
{ "type": "Feature", "properties": { "fid": 2771, "Yapı No_Text": "-08" }, "geometry": { "type": "Point", "coordinates": [ 26.697974052000063, 39.318868277000036 ] } },
{ "type": "Feature", "properties": { "fid": 2772, "Yapı No_Text": "-09" }, "geometry": { "type": "Point", "coordinates": [ 26.69789131400006, 39.31883083300005 ] } },
{ "type": "Feature", "properties": { "fid": 2773, "Yapı No_Text": "-10" }, "geometry": { "type": "Point", "coordinates": [ 26.69788230000006, 39.318705396000041 ] } },
{ "type": "Feature", "properties": { "fid": 2774, "Yapı No_Text": "-11" }, "geometry": { "type": "Point", "coordinates": [ 26.697883668000031, 39.318662103000065 ] } },
{ "type": "Feature", "properties": { "fid": 2775, "Yapı No_Text": "-12" }, "geometry": { "type": "Point", "coordinates": [ 26.697782492000044, 39.318652238000027 ] } },
{ "type": "Feature", "properties": { "fid": 2776, "Yapı No_Text": "-13" }, "geometry": { "type": "Point", "coordinates": [ 26.697720280000055, 39.318661500000076 ] } },
{ "type": "Feature", "properties": { "fid": 2777, "Yapı No_Text": "-14" }, "geometry": { "type": "Point", "coordinates": [ 26.697715058000028, 39.318728456000031 ] } },
{ "type": "Feature", "properties": { "fid": 2778, "Yapı No_Text": "-15" }, "geometry": { "type": "Point", "coordinates": [ 26.697707877000028, 39.31877928800003 ] } },
{ "type": "Feature", "properties": { "fid": 2779, "Yapı No_Text": "-16" }, "geometry": { "type": "Point", "coordinates": [ 26.697711631000061, 39.318832318000034 ] } },
{ "type": "Feature", "properties": { "fid": 2780, "Yapı No_Text": "-17" }, "geometry": { "type": "Point", "coordinates": [ 26.69774314700004, 39.318901312000037 ] } },
{ "type": "Feature", "properties": { "fid": 2781, "Yapı No_Text": "-18" }, "geometry": { "type": "Point", "coordinates": [ 26.697767616000078, 39.318953838000027 ] } },
{ "type": "Feature", "properties": { "fid": 2782, "Yapı No_Text": "-19" }, "geometry": { "type": "Point", "coordinates": [ 26.69775248600007, 39.319019281000067 ] } },
{ "type": "Feature", "properties": { "fid": 2783, "Yapı No_Text": "261" }, "geometry": { "type": "Point", "coordinates": [ 26.697837081000046, 39.318767992000062 ] } },
{ "type": "Feature", "properties": { "fid": 2784, "Yapı No_Text": "-01" }, "geometry": { "type": "Point", "coordinates": [ 26.696863326000027, 39.319538617000035 ] } },
{ "type": "Feature", "properties": { "fid": 2785, "Yapı No_Text": "-02" }, "geometry": { "type": "Point", "coordinates": [ 26.696951894000051, 39.319508762000055 ] } },
{ "type": "Feature", "properties": { "fid": 2786, "Yapı No_Text": "-03" }, "geometry": { "type": "Point", "coordinates": [ 26.696978659000024, 39.319468576000077 ] } },
{ "type": "Feature", "properties": { "fid": 2787, "Yapı No_Text": "-04" }, "geometry": { "type": "Point", "coordinates": [ 26.696984698000051, 39.319422842000051 ] } },
{ "type": "Feature", "properties": { "fid": 2788, "Yapı No_Text": "-05" }, "geometry": { "type": "Point", "coordinates": [ 26.696966240000052, 39.319371757000056 ] } },
{ "type": "Feature", "properties": { "fid": 2789, "Yapı No_Text": "-06" }, "geometry": { "type": "Point", "coordinates": [ 26.696957388000044, 39.319338759000061 ] } },
{ "type": "Feature", "properties": { "fid": 2790, "Yapı No_Text": "-07" }, "geometry": { "type": "Point", "coordinates": [ 26.696923561000062, 39.31928339500007 ] } },
{ "type": "Feature", "properties": { "fid": 2791, "Yapı No_Text": "-08" }, "geometry": { "type": "Point", "coordinates": [ 26.696858124000073, 39.31924331700003 ] } },
{ "type": "Feature", "properties": { "fid": 2792, "Yapı No_Text": "-09" }, "geometry": { "type": "Point", "coordinates": [ 26.696819486000038, 39.319195131000072 ] } },
{ "type": "Feature", "properties": { "fid": 2793, "Yapı No_Text": "-10" }, "geometry": { "type": "Point", "coordinates": [ 26.696896345000027, 39.319119526000065 ] } },
{ "type": "Feature", "properties": { "fid": 2794, "Yapı No_Text": "-11" }, "geometry": { "type": "Point", "coordinates": [ 26.696843281000042, 39.319082740000056 ] } },
{ "type": "Feature", "properties": { "fid": 2795, "Yapı No_Text": "-12" }, "geometry": { "type": "Point", "coordinates": [ 26.696693614000026, 39.319111159000045 ] } },
{ "type": "Feature", "properties": { "fid": 2796, "Yapı No_Text": "-13" }, "geometry": { "type": "Point", "coordinates": [ 26.69672070200005, 39.319147323000038 ] } },
{ "type": "Feature", "properties": { "fid": 2797, "Yapı No_Text": "-14" }, "geometry": { "type": "Point", "coordinates": [ 26.696729897000068, 39.319240157000024 ] } },
{ "type": "Feature", "properties": { "fid": 2798, "Yapı No_Text": "-15" }, "geometry": { "type": "Point", "coordinates": [ 26.696757973000047, 39.319275198000071 ] } },
{ "type": "Feature", "properties": { "fid": 2799, "Yapı No_Text": "-16" }, "geometry": { "type": "Point", "coordinates": [ 26.69675817600006, 39.319312437000065 ] } },
{ "type": "Feature", "properties": { "fid": 2800, "Yapı No_Text": "-17" }, "geometry": { "type": "Point", "coordinates": [ 26.696783685000071, 39.319339315000036 ] } },
{ "type": "Feature", "properties": { "fid": 2801, "Yapı No_Text": "-18A" }, "geometry": { "type": "Point", "coordinates": [ 26.696817137000039, 39.319457068000077 ] } },
{ "type": "Feature", "properties": { "fid": 2802, "Yapı No_Text": "-19" }, "geometry": { "type": "Point", "coordinates": [ 26.696836964000056, 39.319502843000066 ] } },
{ "type": "Feature", "properties": { "fid": 2803, "Yapı No_Text": "-18B" }, "geometry": { "type": "Point", "coordinates": [ 26.696786173000078, 39.319393183000045 ] } },
{ "type": "Feature", "properties": { "fid": 2804, "Yapı No_Text": "259" }, "geometry": { "type": "Point", "coordinates": [ 26.696859439000036, 39.31931781600008 ] } },
{ "type": "Feature", "properties": { "fid": 2805, "Yapı No_Text": "-01A" }, "geometry": { "type": "Point", "coordinates": [ 26.69640023200003, 39.319421282000064 ] } },
{ "type": "Feature", "properties": { "fid": 2806, "Yapı No_Text": "-02A" }, "geometry": { "type": "Point", "coordinates": [ 26.69636507000007, 39.319380218000049 ] } },
{ "type": "Feature", "properties": { "fid": 2807, "Yapı No_Text": "-03" }, "geometry": { "type": "Point", "coordinates": [ 26.696289168000078, 39.319301678000045 ] } },
{ "type": "Feature", "properties": { "fid": 2808, "Yapı No_Text": "-04" }, "geometry": { "type": "Point", "coordinates": [ 26.696387691000041, 39.319256141000039 ] } },
{ "type": "Feature", "properties": { "fid": 2809, "Yapı No_Text": "-05" }, "geometry": { "type": "Point", "coordinates": [ 26.696442855000043, 39.319218421000073 ] } },
{ "type": "Feature", "properties": { "fid": 2810, "Yapı No_Text": "-06" }, "geometry": { "type": "Point", "coordinates": [ 26.696492266000064, 39.319192159000067 ] } },
{ "type": "Feature", "properties": { "fid": 2811, "Yapı No_Text": "-07" }, "geometry": { "type": "Point", "coordinates": [ 26.696562961000041, 39.31916527900006 ] } },
{ "type": "Feature", "properties": { "fid": 2812, "Yapı No_Text": "-08" }, "geometry": { "type": "Point", "coordinates": [ 26.696555775000036, 39.319205874000033 ] } },
{ "type": "Feature", "properties": { "fid": 2813, "Yapı No_Text": "-09" }, "geometry": { "type": "Point", "coordinates": [ 26.696593497000038, 39.319276565000052 ] } },
{ "type": "Feature", "properties": { "fid": 2814, "Yapı No_Text": "-10" }, "geometry": { "type": "Point", "coordinates": [ 26.69663500200005, 39.319307054000035 ] } },
{ "type": "Feature", "properties": { "fid": 2815, "Yapı No_Text": "-11" }, "geometry": { "type": "Point", "coordinates": [ 26.696648211000024, 39.319346901000074 ] } },
{ "type": "Feature", "properties": { "fid": 2816, "Yapı No_Text": "-12" }, "geometry": { "type": "Point", "coordinates": [ 26.696657089000041, 39.319394446000047 ] } },
{ "type": "Feature", "properties": { "fid": 2817, "Yapı No_Text": "-13" }, "geometry": { "type": "Point", "coordinates": [ 26.696028802000058, 39.319234362000032 ] } },
{ "type": "Feature", "properties": { "fid": 2818, "Yapı No_Text": "-14" }, "geometry": { "type": "Point", "coordinates": [ 26.695995520000054, 39.319280889000026 ] } },
{ "type": "Feature", "properties": { "fid": 2819, "Yapı No_Text": "-15" }, "geometry": { "type": "Point", "coordinates": [ 26.695966683000051, 39.319342497000036 ] } },
{ "type": "Feature", "properties": { "fid": 2820, "Yapı No_Text": "-16" }, "geometry": { "type": "Point", "coordinates": [ 26.69594844900007, 39.319384468000067 ] } },
{ "type": "Feature", "properties": { "fid": 2821, "Yapı No_Text": "-01B" }, "geometry": { "type": "Point", "coordinates": [ 26.696517386000039, 39.31943388500008 ] } },
{ "type": "Feature", "properties": { "fid": 2822, "Yapı No_Text": "-02B" }, "geometry": { "type": "Point", "coordinates": [ 26.696326542000065, 39.319340177000072 ] } },
{ "type": "Feature", "properties": { "fid": 2823, "Yapı No_Text": "179" }, "geometry": { "type": "Point", "coordinates": [ 26.696501544000057, 39.319328714000051 ] } },
{ "type": "Feature", "properties": { "fid": 2824, "Yapı No_Text": "-01" }, "geometry": { "type": "Point", "coordinates": [ 26.69629645200007, 39.319746576000057 ] } },
{ "type": "Feature", "properties": { "fid": 2825, "Yapı No_Text": "-02" }, "geometry": { "type": "Point", "coordinates": [ 26.696385018000058, 39.319716722000067 ] } },
{ "type": "Feature", "properties": { "fid": 2826, "Yapı No_Text": "-03" }, "geometry": { "type": "Point", "coordinates": [ 26.696475666000026, 39.319621735000055 ] } },
{ "type": "Feature", "properties": { "fid": 2827, "Yapı No_Text": "-04" }, "geometry": { "type": "Point", "coordinates": [ 26.696589821000032, 39.319608871000071 ] } },
{ "type": "Feature", "properties": { "fid": 2828, "Yapı No_Text": "-05" }, "geometry": { "type": "Point", "coordinates": [ 26.696661774000063, 39.319579113000032 ] } },
{ "type": "Feature", "properties": { "fid": 2829, "Yapı No_Text": "-06" }, "geometry": { "type": "Point", "coordinates": [ 26.696737550000023, 39.319567104000043 ] } },
{ "type": "Feature", "properties": { "fid": 2830, "Yapı No_Text": "-07" }, "geometry": { "type": "Point", "coordinates": [ 26.696701481000048, 39.319522101000075 ] } },
{ "type": "Feature", "properties": { "fid": 2831, "Yapı No_Text": "-08" }, "geometry": { "type": "Point", "coordinates": [ 26.696693161000042, 39.319489221000026 ] } },
{ "type": "Feature", "properties": { "fid": 2832, "Yapı No_Text": "-09" }, "geometry": { "type": "Point", "coordinates": [ 26.696688666000057, 39.319459011000049 ] } },
{ "type": "Feature", "properties": { "fid": 2833, "Yapı No_Text": "-10" }, "geometry": { "type": "Point", "coordinates": [ 26.69653736600003, 39.319502471000078 ] } },
{ "type": "Feature", "properties": { "fid": 2834, "Yapı No_Text": "-11B" }, "geometry": { "type": "Point", "coordinates": [ 26.696246049000024, 39.319381461000035 ] } },
{ "type": "Feature", "properties": { "fid": 2835, "Yapı No_Text": "-12" }, "geometry": { "type": "Point", "coordinates": [ 26.696106738000026, 39.319363304000035 ] } },
{ "type": "Feature", "properties": { "fid": 2836, "Yapı No_Text": "-11A" }, "geometry": { "type": "Point", "coordinates": [ 26.696263397000052, 39.319421656000031 ] } },
{ "type": "Feature", "properties": { "fid": 2837, "Yapı No_Text": "-11C" }, "geometry": { "type": "Point", "coordinates": [ 26.696204911000052, 39.319334814000058 ] } },
{ "type": "Feature", "properties": { "fid": 2838, "Yapı No_Text": "-18" }, "geometry": { "type": "Point", "coordinates": [ 26.695856969000033, 39.319418531000053 ] } },
{ "type": "Feature", "properties": { "fid": 2839, "Yapı No_Text": "-17" }, "geometry": { "type": "Point", "coordinates": [ 26.695877525000071, 39.319384627000034 ] } },
{ "type": "Feature", "properties": { "fid": 2840, "Yapı No_Text": "-19" }, "geometry": { "type": "Point", "coordinates": [ 26.695915252000077, 39.319431467000072 ] } },
{ "type": "Feature", "properties": { "fid": 2841, "Yapı No_Text": "-20" }, "geometry": { "type": "Point", "coordinates": [ 26.695965752000063, 39.319469629000025 ] } },
{ "type": "Feature", "properties": { "fid": 2842, "Yapı No_Text": "-21" }, "geometry": { "type": "Point", "coordinates": [ 26.696110523000073, 39.319536863000053 ] } },
{ "type": "Feature", "properties": { "fid": 2843, "Yapı No_Text": "-22" }, "geometry": { "type": "Point", "coordinates": [ 26.696126912000068, 39.319574696000075 ] } },
{ "type": "Feature", "properties": { "fid": 2844, "Yapı No_Text": "-3B?" }, "geometry": { "type": "Point", "coordinates": [ 26.696181670000044, 39.319620014000066 ] } },
{ "type": "Feature", "properties": { "fid": 2845, "Yapı No_Text": "-23" }, "geometry": { "type": "Point", "coordinates": [ 26.696219705000033, 39.31969519900008 ] } },
{ "type": "Feature", "properties": { "fid": 2846, "Yapı No_Text": "-24" }, "geometry": { "type": "Point", "coordinates": [ 26.696281999000064, 39.319673721000072 ] } },
{ "type": "Feature", "properties": { "fid": 2847, "Yapı No_Text": "258" }, "geometry": { "type": "Point", "coordinates": [ 26.696242541000061, 39.319542858000034 ] } },
{ "type": "Feature", "properties": { "fid": 2848, "Yapı No_Text": "-01" }, "geometry": { "type": "Point", "coordinates": [ 26.697466831000042, 39.319496412000035 ] } },
{ "type": "Feature", "properties": { "fid": 2849, "Yapı No_Text": "-02A" }, "geometry": { "type": "Point", "coordinates": [ 26.697455796000042, 39.319535 ] } },
{ "type": "Feature", "properties": { "fid": 2850, "Yapı No_Text": "-02B" }, "geometry": { "type": "Point", "coordinates": [ 26.697454658000026, 39.319566328000064 ] } },
{ "type": "Feature", "properties": { "fid": 2851, "Yapı No_Text": "-03" }, "geometry": { "type": "Point", "coordinates": [ 26.69747140000004, 39.319609902000025 ] } },
{ "type": "Feature", "properties": { "fid": 2852, "Yapı No_Text": "-04" }, "geometry": { "type": "Point", "coordinates": [ 26.697465560000069, 39.319678388000057 ] } },
{ "type": "Feature", "properties": { "fid": 2853, "Yapı No_Text": "-05" }, "geometry": { "type": "Point", "coordinates": [ 26.69747717000007, 39.319732474000034 ] } },
{ "type": "Feature", "properties": { "fid": 2854, "Yapı No_Text": "-06" }, "geometry": { "type": "Point", "coordinates": [ 26.697485120000067, 39.319782578000058 ] } },
{ "type": "Feature", "properties": { "fid": 2855, "Yapı No_Text": "-07" }, "geometry": { "type": "Point", "coordinates": [ 26.697596583000063, 39.319780190000074 ] } },
{ "type": "Feature", "properties": { "fid": 2856, "Yapı No_Text": "-08" }, "geometry": { "type": "Point", "coordinates": [ 26.697631837000074, 39.319721017000063 ] } },
{ "type": "Feature", "properties": { "fid": 2857, "Yapı No_Text": "-09" }, "geometry": { "type": "Point", "coordinates": [ 26.697649848000026, 39.319681253000056 ] } },
{ "type": "Feature", "properties": { "fid": 2858, "Yapı No_Text": "-10" }, "geometry": { "type": "Point", "coordinates": [ 26.697648909000065, 39.319643959000075 ] } },
{ "type": "Feature", "properties": { "fid": 2859, "Yapı No_Text": "-11" }, "geometry": { "type": "Point", "coordinates": [ 26.697640652000075, 39.319604593000065 ] } },
{ "type": "Feature", "properties": { "fid": 2860, "Yapı No_Text": "-12" }, "geometry": { "type": "Point", "coordinates": [ 26.697665310000048, 39.319526740000072 ] } },
{ "type": "Feature", "properties": { "fid": 2861, "Yapı No_Text": "-13" }, "geometry": { "type": "Point", "coordinates": [ 26.697595191000062, 39.319528074000061 ] } },
{ "type": "Feature", "properties": { "fid": 2862, "Yapı No_Text": "-14" }, "geometry": { "type": "Point", "coordinates": [ 26.697534046000044, 39.319507901000065 ] } },
{ "type": "Feature", "properties": { "fid": 2863, "Yapı No_Text": "117" }, "geometry": { "type": "Point", "coordinates": [ 26.697552109000071, 39.319616984000049 ] } },
{ "type": "Feature", "properties": { "fid": 2864, "Yapı No_Text": "-01" }, "geometry": { "type": "Point", "coordinates": [ 26.697796627000059, 39.319523730000071 ] } },
{ "type": "Feature", "properties": { "fid": 2865, "Yapı No_Text": "-02" }, "geometry": { "type": "Point", "coordinates": [ 26.697878747000061, 39.31955210600006 ] } },
{ "type": "Feature", "properties": { "fid": 2866, "Yapı No_Text": "-04" }, "geometry": { "type": "Point", "coordinates": [ 26.697787364000078, 39.31969820300003 ] } },
{ "type": "Feature", "properties": { "fid": 2867, "Yapı No_Text": "-05" }, "geometry": { "type": "Point", "coordinates": [ 26.697788799000023, 39.31973802300007 ] } },
{ "type": "Feature", "properties": { "fid": 2868, "Yapı No_Text": "-06" }, "geometry": { "type": "Point", "coordinates": [ 26.697788484000057, 39.319779216000029 ] } },
{ "type": "Feature", "properties": { "fid": 2869, "Yapı No_Text": "-07" }, "geometry": { "type": "Point", "coordinates": [ 26.697967600000027, 39.319780944000058 ] } },
{ "type": "Feature", "properties": { "fid": 2870, "Yapı No_Text": "-08" }, "geometry": { "type": "Point", "coordinates": [ 26.698059860000058, 39.319762685000057 ] } },
{ "type": "Feature", "properties": { "fid": 2871, "Yapı No_Text": "-09" }, "geometry": { "type": "Point", "coordinates": [ 26.69812382300006, 39.319772549000049 ] } },
{ "type": "Feature", "properties": { "fid": 2872, "Yapı No_Text": "-10" }, "geometry": { "type": "Point", "coordinates": [ 26.69807356900003, 39.319681268000068 ] } },
{ "type": "Feature", "properties": { "fid": 2873, "Yapı No_Text": "-11" }, "geometry": { "type": "Point", "coordinates": [ 26.69807654300007, 39.319647215000032 ] } },
{ "type": "Feature", "properties": { "fid": 2874, "Yapı No_Text": "-12" }, "geometry": { "type": "Point", "coordinates": [ 26.697945832000073, 39.319613611000079 ] } },
{ "type": "Feature", "properties": { "fid": 2875, "Yapı No_Text": "-03" }, "geometry": { "type": "Point", "coordinates": [ 26.697771492000072, 39.31963507200004 ] } },
{ "type": "Feature", "properties": { "fid": 2876, "Yapı No_Text": "-11A" }, "geometry": { "type": "Point", "coordinates": [ 26.698076431000061, 39.319577023000079 ] } },
{ "type": "Feature", "properties": { "fid": 2877, "Yapı No_Text": "118" }, "geometry": { "type": "Point", "coordinates": [ 26.697908760000075, 39.319681930000058 ] } },
{ "type": "Feature", "properties": { "fid": 2878, "Yapı No_Text": "-01" }, "geometry": { "type": "Point", "coordinates": [ 26.698198707000074, 39.319572922000077 ] } },
{ "type": "Feature", "properties": { "fid": 2879, "Yapı No_Text": "-03" }, "geometry": { "type": "Point", "coordinates": [ 26.698203273000047, 39.319686411000077 ] } },
{ "type": "Feature", "properties": { "fid": 2880, "Yapı No_Text": "-04" }, "geometry": { "type": "Point", "coordinates": [ 26.698263105000024, 39.319741020000038 ] } },
{ "type": "Feature", "properties": { "fid": 2881, "Yapı No_Text": "-05" }, "geometry": { "type": "Point", "coordinates": [ 26.698252206000063, 39.319775422000077 ] } },
{ "type": "Feature", "properties": { "fid": 2882, "Yapı No_Text": "-06" }, "geometry": { "type": "Point", "coordinates": [ 26.698237536000079, 39.319802589000062 ] } },
{ "type": "Feature", "properties": { "fid": 2883, "Yapı No_Text": "-07" }, "geometry": { "type": "Point", "coordinates": [ 26.698353076000046, 39.319817064000063 ] } },
{ "type": "Feature", "properties": { "fid": 2884, "Yapı No_Text": "-08" }, "geometry": { "type": "Point", "coordinates": [ 26.698363647000065, 39.319759090000048 ] } },
{ "type": "Feature", "properties": { "fid": 2885, "Yapı No_Text": "-09" }, "geometry": { "type": "Point", "coordinates": [ 26.698411738000061, 39.319710179000026 ] } },
{ "type": "Feature", "properties": { "fid": 2886, "Yapı No_Text": "-10" }, "geometry": { "type": "Point", "coordinates": [ 26.698433078000051, 39.319669690000069 ] } },
{ "type": "Feature", "properties": { "fid": 2887, "Yapı No_Text": "-11" }, "geometry": { "type": "Point", "coordinates": [ 26.698443182000062, 39.319634595000025 ] } },
{ "type": "Feature", "properties": { "fid": 2888, "Yapı No_Text": "-12" }, "geometry": { "type": "Point", "coordinates": [ 26.698460538000063, 39.319611854000073 ] } },
{ "type": "Feature", "properties": { "fid": 2889, "Yapı No_Text": "-13" }, "geometry": { "type": "Point", "coordinates": [ 26.69838689900007, 39.319604445000039 ] } },
{ "type": "Feature", "properties": { "fid": 2890, "Yapı No_Text": "-14" }, "geometry": { "type": "Point", "coordinates": [ 26.698326535000035, 39.319584268000028 ] } },
{ "type": "Feature", "properties": { "fid": 2891, "Yapı No_Text": "-02" }, "geometry": { "type": "Point", "coordinates": [ 26.698212119000061, 39.319640215000049 ] } },
{ "type": "Feature", "properties": { "fid": 2892, "Yapı No_Text": "119" }, "geometry": { "type": "Point", "coordinates": [ 26.698297353000044, 39.31966420100008 ] } },
{ "type": "Feature", "properties": { "fid": 2893, "Yapı No_Text": "-01" }, "geometry": { "type": "Point", "coordinates": [ 26.698576591000062, 39.319635662000053 ] } },
{ "type": "Feature", "properties": { "fid": 2894, "Yapı No_Text": "-02" }, "geometry": { "type": "Point", "coordinates": [ 26.698547698000027, 39.319736939000052 ] } },
{ "type": "Feature", "properties": { "fid": 2895, "Yapı No_Text": "-03" }, "geometry": { "type": "Point", "coordinates": [ 26.698617396000031, 39.319770822000066 ] } },
{ "type": "Feature", "properties": { "fid": 2896, "Yapı No_Text": "-04A" }, "geometry": { "type": "Point", "coordinates": [ 26.698693108000043, 39.319846166000048 ] } },
{ "type": "Feature", "properties": { "fid": 2897, "Yapı No_Text": "-05" }, "geometry": { "type": "Point", "coordinates": [ 26.698823182000069, 39.319754467000053 ] } },
{ "type": "Feature", "properties": { "fid": 2898, "Yapı No_Text": "-06" }, "geometry": { "type": "Point", "coordinates": [ 26.698712396000076, 39.319729130000042 ] } },
{ "type": "Feature", "properties": { "fid": 2899, "Yapı No_Text": "-07" }, "geometry": { "type": "Point", "coordinates": [ 26.698648663000029, 39.319704780000052 ] } },
{ "type": "Feature", "properties": { "fid": 2900, "Yapı No_Text": "-04C" }, "geometry": { "type": "Point", "coordinates": [ 26.698862731000077, 39.31980623700008 ] } },
{ "type": "Feature", "properties": { "fid": 2901, "Yapı No_Text": "-04B" }, "geometry": { "type": "Point", "coordinates": [ 26.699059740000052, 39.319867561000081 ] } },
{ "type": "Feature", "properties": { "fid": 2902, "Yapı No_Text": "-01" }, "geometry": { "type": "Point", "coordinates": [ 26.698136370000043, 39.31947434500006 ] } },
{ "type": "Feature", "properties": { "fid": 2903, "Yapı No_Text": "-02" }, "geometry": { "type": "Point", "coordinates": [ 26.698227990000078, 39.319477909000057 ] } },
{ "type": "Feature", "properties": { "fid": 2904, "Yapı No_Text": "-03" }, "geometry": { "type": "Point", "coordinates": [ 26.698283094000033, 39.319486266000069 ] } },
{ "type": "Feature", "properties": { "fid": 2905, "Yapı No_Text": "-04" }, "geometry": { "type": "Point", "coordinates": [ 26.698340159000054, 39.319458866000048 ] } },
{ "type": "Feature", "properties": { "fid": 2906, "Yapı No_Text": "-05" }, "geometry": { "type": "Point", "coordinates": [ 26.698408846000063, 39.319487216000027 ] } },
{ "type": "Feature", "properties": { "fid": 2907, "Yapı No_Text": "-06" }, "geometry": { "type": "Point", "coordinates": [ 26.698430879000057, 39.319424898000079 ] } },
{ "type": "Feature", "properties": { "fid": 2908, "Yapı No_Text": "-07" }, "geometry": { "type": "Point", "coordinates": [ 26.698427503000062, 39.319357944000046 ] } },
{ "type": "Feature", "properties": { "fid": 2909, "Yapı No_Text": "-08" }, "geometry": { "type": "Point", "coordinates": [ 26.698424279000051, 39.319316964000052 ] } },
{ "type": "Feature", "properties": { "fid": 2910, "Yapı No_Text": "-09" }, "geometry": { "type": "Point", "coordinates": [ 26.698452201000066, 39.319246538000073 ] } },
{ "type": "Feature", "properties": { "fid": 2911, "Yapı No_Text": "-10" }, "geometry": { "type": "Point", "coordinates": [ 26.698460144000023, 39.319185770000047 ] } },
{ "type": "Feature", "properties": { "fid": 2912, "Yapı No_Text": "-11" }, "geometry": { "type": "Point", "coordinates": [ 26.698349284000074, 39.319208236000065 ] } },
{ "type": "Feature", "properties": { "fid": 2913, "Yapı No_Text": "-12" }, "geometry": { "type": "Point", "coordinates": [ 26.698304330000042, 39.319156676000034 ] } },
{ "type": "Feature", "properties": { "fid": 2914, "Yapı No_Text": "-13" }, "geometry": { "type": "Point", "coordinates": [ 26.698188581000068, 39.319180537000079 ] } },
{ "type": "Feature", "properties": { "fid": 2915, "Yapı No_Text": "-14" }, "geometry": { "type": "Point", "coordinates": [ 26.698075171000028, 39.319128799000055 ] } },
{ "type": "Feature", "properties": { "fid": 2916, "Yapı No_Text": "-16" }, "geometry": { "type": "Point", "coordinates": [ 26.698246601000051, 39.319566587000054 ] } },
{ "type": "Feature", "properties": { "fid": 2917, "Yapı No_Text": "-15" }, "geometry": { "type": "Point", "coordinates": [ 26.698275379000052, 39.319600107000042 ] } },
{ "type": "Feature", "properties": { "fid": 2918, "Yapı No_Text": "-16" }, "geometry": { "type": "Point", "coordinates": [ 26.698134420000031, 39.319328291000033 ] } },
{ "type": "Feature", "properties": { "fid": 2919, "Yapı No_Text": "-15B" }, "geometry": { "type": "Point", "coordinates": [ 26.698088860000041, 39.319170383000028 ] } },
{ "type": "Feature", "properties": { "fid": 2920, "Yapı No_Text": "-17" }, "geometry": { "type": "Point", "coordinates": [ 26.698145976000035, 39.319415856000035 ] } },
{ "type": "Feature", "properties": { "fid": 2921, "Yapı No_Text": "-15" }, "geometry": { "type": "Point", "coordinates": [ 26.698088987000062, 39.319246548000081 ] } },
{ "type": "Feature", "properties": { "fid": 2922, "Yapı No_Text": "262" }, "geometry": { "type": "Point", "coordinates": [ 26.698241220000057, 39.319371708000062 ] } },
{ "type": "Feature", "properties": { "fid": 2923, "Yapı No_Text": "-01" }, "geometry": { "type": "Point", "coordinates": [ 26.698085711000033, 39.319046710000066 ] } },
{ "type": "Feature", "properties": { "fid": 2924, "Yapı No_Text": "-02" }, "geometry": { "type": "Point", "coordinates": [ 26.698177331000068, 39.319050275000052 ] } },
{ "type": "Feature", "properties": { "fid": 2925, "Yapı No_Text": "-03" }, "geometry": { "type": "Point", "coordinates": [ 26.698448638000059, 39.319089887000075 ] } },
{ "type": "Feature", "properties": { "fid": 2926, "Yapı No_Text": "-04" }, "geometry": { "type": "Point", "coordinates": [ 26.698458132000042, 39.318985231000056 ] } },
{ "type": "Feature", "properties": { "fid": 2927, "Yapı No_Text": "-05" }, "geometry": { "type": "Point", "coordinates": [ 26.698493202000066, 39.318935311000075 ] } },
{ "type": "Feature", "properties": { "fid": 2928, "Yapı No_Text": "-06" }, "geometry": { "type": "Point", "coordinates": [ 26.698512101000063, 39.318864351000059 ] } },
{ "type": "Feature", "properties": { "fid": 2929, "Yapı No_Text": "-07" }, "geometry": { "type": "Point", "coordinates": [ 26.698376659000076, 39.318819649000034 ] } },
{ "type": "Feature", "properties": { "fid": 2930, "Yapı No_Text": "-08" }, "geometry": { "type": "Point", "coordinates": [ 26.698299507000058, 39.318799680000041 ] } },
{ "type": "Feature", "properties": { "fid": 2931, "Yapı No_Text": "-09" }, "geometry": { "type": "Point", "coordinates": [ 26.698238270000047, 39.318783770000039 ] } },
{ "type": "Feature", "properties": { "fid": 2932, "Yapı No_Text": "-10" }, "geometry": { "type": "Point", "coordinates": [ 26.698194644000068, 39.318750388000069 ] } },
{ "type": "Feature", "properties": { "fid": 2933, "Yapı No_Text": "-11" }, "geometry": { "type": "Point", "coordinates": [ 26.698116975000062, 39.318729615000052 ] } },
{ "type": "Feature", "properties": { "fid": 2934, "Yapı No_Text": "-12" }, "geometry": { "type": "Point", "coordinates": [ 26.698023946000035, 39.318709755000043 ] } },
{ "type": "Feature", "properties": { "fid": 2935, "Yapı No_Text": "-13" }, "geometry": { "type": "Point", "coordinates": [ 26.698044967000044, 39.318805866000048 ] } },
{ "type": "Feature", "properties": { "fid": 2936, "Yapı No_Text": "-14" }, "geometry": { "type": "Point", "coordinates": [ 26.698047065000026, 39.318841932000055 ] } },
{ "type": "Feature", "properties": { "fid": 2937, "Yapı No_Text": "-16" }, "geometry": { "type": "Point", "coordinates": [ 26.698057430000063, 39.31890652800007 ] } },
{ "type": "Feature", "properties": { "fid": 2938, "Yapı No_Text": "-17A" }, "geometry": { "type": "Point", "coordinates": [ 26.698058177000064, 39.31893614300003 ] } },
{ "type": "Feature", "properties": { "fid": 2939, "Yapı No_Text": "-15" }, "geometry": { "type": "Point", "coordinates": [ 26.698028946000079, 39.318870742000058 ] } },
{ "type": "Feature", "properties": { "fid": 2940, "Yapı No_Text": "-17B" }, "geometry": { "type": "Point", "coordinates": [ 26.698058232000051, 39.318970152000077 ] } },
{ "type": "Feature", "properties": { "fid": 2941, "Yapı No_Text": "-18" }, "geometry": { "type": "Point", "coordinates": [ 26.698048503000052, 39.319010365000054 ] } },
{ "type": "Feature", "properties": { "fid": 2942, "Yapı No_Text": "-02B" }, "geometry": { "type": "Point", "coordinates": [ 26.698297179000065, 39.319049050000046 ] } },
{ "type": "Feature", "properties": { "fid": 2943, "Yapı No_Text": "-02A" }, "geometry": { "type": "Point", "coordinates": [ 26.698368283000036, 39.319066642000053 ] } },
{ "type": "Feature", "properties": { "fid": 2944, "Yapı No_Text": "391" }, "geometry": { "type": "Point", "coordinates": [ 26.698222904000033, 39.318917092000049 ] } },
{ "type": "Feature", "properties": { "fid": 2945, "Yapı No_Text": "-01A" }, "geometry": { "type": "Point", "coordinates": [ 26.698504617000026, 39.319521339000062 ] } },
{ "type": "Feature", "properties": { "fid": 2946, "Yapı No_Text": "-02" }, "geometry": { "type": "Point", "coordinates": [ 26.698596235000025, 39.319524904000048 ] } },
{ "type": "Feature", "properties": { "fid": 2947, "Yapı No_Text": "-03" }, "geometry": { "type": "Point", "coordinates": [ 26.698651251000058, 39.319479716000046 ] } },
{ "type": "Feature", "properties": { "fid": 2948, "Yapı No_Text": "-04" }, "geometry": { "type": "Point", "coordinates": [ 26.69864265800004, 39.319418565000035 ] } },
{ "type": "Feature", "properties": { "fid": 2949, "Yapı No_Text": "-05" }, "geometry": { "type": "Point", "coordinates": [ 26.698651591000043, 39.319376390000059 ] } },
{ "type": "Feature", "properties": { "fid": 2950, "Yapı No_Text": "-06" }, "geometry": { "type": "Point", "coordinates": [ 26.698694335000027, 39.319349673000033 ] } },
{ "type": "Feature", "properties": { "fid": 2951, "Yapı No_Text": "-07" }, "geometry": { "type": "Point", "coordinates": [ 26.69870402500004, 39.319307035000065 ] } },
{ "type": "Feature", "properties": { "fid": 2952, "Yapı No_Text": "-08" }, "geometry": { "type": "Point", "coordinates": [ 26.69857640400005, 39.319277789000068 ] } },
{ "type": "Feature", "properties": { "fid": 2953, "Yapı No_Text": "-09" }, "geometry": { "type": "Point", "coordinates": [ 26.698557500000049, 39.319355526000038 ] } },
{ "type": "Feature", "properties": { "fid": 2954, "Yapı No_Text": "-10" }, "geometry": { "type": "Point", "coordinates": [ 26.698542877000023, 39.319402280000077 ] } },
{ "type": "Feature", "properties": { "fid": 2955, "Yapı No_Text": "-11" }, "geometry": { "type": "Point", "coordinates": [ 26.698545800000034, 39.319460405000029 ] } },
{ "type": "Feature", "properties": { "fid": 2956, "Yapı No_Text": "263" }, "geometry": { "type": "Point", "coordinates": [ 26.698609432000069, 39.319319603000054 ] } },
{ "type": "Feature", "properties": { "fid": 2957, "Yapı No_Text": "-01B" }, "geometry": { "type": "Point", "coordinates": [ 26.69855732700006, 39.319502744000033 ] } },
{ "type": "Feature", "properties": { "fid": 2958, "Yapı No_Text": "-01" }, "geometry": { "type": "Point", "coordinates": [ 26.698567490000073, 39.319186707000028 ] } },
{ "type": "Feature", "properties": { "fid": 2959, "Yapı No_Text": "-02" }, "geometry": { "type": "Point", "coordinates": [ 26.698670856000035, 39.319224551000048 ] } },
{ "type": "Feature", "properties": { "fid": 2960, "Yapı No_Text": "392" }, "geometry": { "type": "Point", "coordinates": [ 26.69862975500007, 39.319168283000067 ] } },
{ "type": "Feature", "properties": { "fid": 2961, "Yapı No_Text": "-01" }, "geometry": { "type": "Point", "coordinates": [ 26.698615732000064, 39.319061743000077 ] } },
{ "type": "Feature", "properties": { "fid": 2962, "Yapı No_Text": "-02" }, "geometry": { "type": "Point", "coordinates": [ 26.698707428000034, 39.319112444000041 ] } },
{ "type": "Feature", "properties": { "fid": 2963, "Yapı No_Text": "-03" }, "geometry": { "type": "Point", "coordinates": [ 26.698746294000046, 39.319049173000053 ] } },
{ "type": "Feature", "properties": { "fid": 2964, "Yapı No_Text": "-04" }, "geometry": { "type": "Point", "coordinates": [ 26.698779234000028, 39.318973736000032 ] } },
{ "type": "Feature", "properties": { "fid": 2965, "Yapı No_Text": "-05" }, "geometry": { "type": "Point", "coordinates": [ 26.698722793000059, 39.318973852000056 ] } },
{ "type": "Feature", "properties": { "fid": 2966, "Yapı No_Text": "-06" }, "geometry": { "type": "Point", "coordinates": [ 26.698636589000046, 39.31893662300007 ] } },
{ "type": "Feature", "properties": { "fid": 2967, "Yapı No_Text": "393" }, "geometry": { "type": "Point", "coordinates": [ 26.698673055000029, 39.318994319000069 ] } },
{ "type": "Feature", "properties": { "fid": 2968, "Yapı No_Text": "-01" }, "geometry": { "type": "Point", "coordinates": [ 26.699109017000069, 39.319123395000076 ] } },
{ "type": "Feature", "properties": { "fid": 2969, "Yapı No_Text": "-02" }, "geometry": { "type": "Point", "coordinates": [ 26.699024351000048, 39.319111708000037 ] } },
{ "type": "Feature", "properties": { "fid": 2970, "Yapı No_Text": "-03" }, "geometry": { "type": "Point", "coordinates": [ 26.698946569000043, 39.319034939000062 ] } },
{ "type": "Feature", "properties": { "fid": 2971, "Yapı No_Text": "-04" }, "geometry": { "type": "Point", "coordinates": [ 26.698864755000045, 39.319009337000068 ] } },
{ "type": "Feature", "properties": { "fid": 2972, "Yapı No_Text": "-05" }, "geometry": { "type": "Point", "coordinates": [ 26.698836559000029, 39.319047330000046 ] } },
{ "type": "Feature", "properties": { "fid": 2973, "Yapı No_Text": "-06A" }, "geometry": { "type": "Point", "coordinates": [ 26.69882023100007, 39.319090409000069 ] } },
{ "type": "Feature", "properties": { "fid": 2974, "Yapı No_Text": "-07" }, "geometry": { "type": "Point", "coordinates": [ 26.698791272000051, 39.31916946900003 ] } },
{ "type": "Feature", "properties": { "fid": 2975, "Yapı No_Text": "-08" }, "geometry": { "type": "Point", "coordinates": [ 26.698764327000049, 39.319229466000024 ] } },
{ "type": "Feature", "properties": { "fid": 2976, "Yapı No_Text": "-09A" }, "geometry": { "type": "Point", "coordinates": [ 26.698814517000073, 39.319258296000044 ] } },
{ "type": "Feature", "properties": { "fid": 2977, "Yapı No_Text": "-10" }, "geometry": { "type": "Point", "coordinates": [ 26.698908236000022, 39.319291254000063 ] } },
{ "type": "Feature", "properties": { "fid": 2978, "Yapı No_Text": "-09B" }, "geometry": { "type": "Point", "coordinates": [ 26.698856848000048, 39.319275225000069 ] } },
{ "type": "Feature", "properties": { "fid": 2979, "Yapı No_Text": "265" }, "geometry": { "type": "Point", "coordinates": [ 26.698917748000042, 39.319162642000038 ] } },
{ "type": "Feature", "properties": { "fid": 2980, "Yapı No_Text": "-06B" }, "geometry": { "type": "Point", "coordinates": [ 26.698802846000035, 39.319124582000029 ] } },
{ "type": "Feature", "properties": { "fid": 2981, "Yapı No_Text": "-01" }, "geometry": { "type": "Point", "coordinates": [ 26.699178152000059, 39.318638115000056 ] } },
{ "type": "Feature", "properties": { "fid": 2982, "Yapı No_Text": "-02" }, "geometry": { "type": "Point", "coordinates": [ 26.699219181000046, 39.318561640000041 ] } },
{ "type": "Feature", "properties": { "fid": 2983, "Yapı No_Text": "-03" }, "geometry": { "type": "Point", "coordinates": [ 26.699242361000074, 39.318441118000067 ] } },
{ "type": "Feature", "properties": { "fid": 2984, "Yapı No_Text": "-04" }, "geometry": { "type": "Point", "coordinates": [ 26.699264969000069, 39.318360262000056 ] } },
{ "type": "Feature", "properties": { "fid": 2985, "Yapı No_Text": "-01" }, "geometry": { "type": "Point", "coordinates": [ 26.698654432000069, 39.318777005000072 ] } },
{ "type": "Feature", "properties": { "fid": 2986, "Yapı No_Text": "-02" }, "geometry": { "type": "Point", "coordinates": [ 26.698746131000064, 39.318830605000073 ] } },
{ "type": "Feature", "properties": { "fid": 2987, "Yapı No_Text": "-03" }, "geometry": { "type": "Point", "coordinates": [ 26.698811524000064, 39.318862899000067 ] } },
{ "type": "Feature", "properties": { "fid": 2988, "Yapı No_Text": "-04" }, "geometry": { "type": "Point", "coordinates": [ 26.698862312000074, 39.318884878000063 ] } },
{ "type": "Feature", "properties": { "fid": 2989, "Yapı No_Text": "-05" }, "geometry": { "type": "Point", "coordinates": [ 26.698917057000074, 39.318903199000033 ] } },
{ "type": "Feature", "properties": { "fid": 2990, "Yapı No_Text": "-06A" }, "geometry": { "type": "Point", "coordinates": [ 26.698983732000045, 39.318927989000031 ] } },
{ "type": "Feature", "properties": { "fid": 2991, "Yapı No_Text": "-07" }, "geometry": { "type": "Point", "coordinates": [ 26.699012765000077, 39.318809895000072 ] } },
{ "type": "Feature", "properties": { "fid": 2992, "Yapı No_Text": "-08" }, "geometry": { "type": "Point", "coordinates": [ 26.699026805000074, 39.318739356000037 ] } },
{ "type": "Feature", "properties": { "fid": 2993, "Yapı No_Text": "-09" }, "geometry": { "type": "Point", "coordinates": [ 26.698967510000045, 39.318722345000026 ] } },
{ "type": "Feature", "properties": { "fid": 2994, "Yapı No_Text": "-10" }, "geometry": { "type": "Point", "coordinates": [ 26.698899694000033, 39.318705699000077 ] } },
{ "type": "Feature", "properties": { "fid": 2995, "Yapı No_Text": "-11B" }, "geometry": { "type": "Point", "coordinates": [ 26.69873089400005, 39.318688080000072 ] } },
{ "type": "Feature", "properties": { "fid": 2996, "Yapı No_Text": "-12" }, "geometry": { "type": "Point", "coordinates": [ 26.698685474000058, 39.318703346000063 ] } },
{ "type": "Feature", "properties": { "fid": 2997, "Yapı No_Text": "-11A" }, "geometry": { "type": "Point", "coordinates": [ 26.698797487000036, 39.318703862000064 ] } },
{ "type": "Feature", "properties": { "fid": 2998, "Yapı No_Text": "-07" }, "geometry": { "type": "Point", "coordinates": [ 26.723515716000065, 39.330971915000077 ] } },
{ "type": "Feature", "properties": { "fid": 2999, "Yapı No_Text": "-06B" }, "geometry": { "type": "Point", "coordinates": [ 26.698991264000028, 39.318871063000074 ] } },
{ "type": "Feature", "properties": { "fid": 3000, "Yapı No_Text": "394" }, "geometry": { "type": "Point", "coordinates": [ 26.69886690800007, 39.318775344000073 ] } },
{ "type": "Feature", "properties": { "fid": 3001, "Yapı No_Text": "-01" }, "geometry": { "type": "Point", "coordinates": [ 26.723157381000078, 39.330939029000035 ] } },
{ "type": "Feature", "properties": { "fid": 3002, "Yapı No_Text": "-01" }, "geometry": { "type": "Point", "coordinates": [ 26.698707283000033, 39.318585142000074 ] } },
{ "type": "Feature", "properties": { "fid": 3003, "Yapı No_Text": "-02" }, "geometry": { "type": "Point", "coordinates": [ 26.698857663000069, 39.318581083000026 ] } },
{ "type": "Feature", "properties": { "fid": 3004, "Yapı No_Text": "-03" }, "geometry": { "type": "Point", "coordinates": [ 26.69888751700006, 39.318608934000054 ] } },
{ "type": "Feature", "properties": { "fid": 3005, "Yapı No_Text": "-04" }, "geometry": { "type": "Point", "coordinates": [ 26.698926817000029, 39.318629635000036 ] } },
{ "type": "Feature", "properties": { "fid": 3006, "Yapı No_Text": "-05" }, "geometry": { "type": "Point", "coordinates": [ 26.699025655000071, 39.318642184000055 ] } },
{ "type": "Feature", "properties": { "fid": 3007, "Yapı No_Text": "-06A" }, "geometry": { "type": "Point", "coordinates": [ 26.699036257000046, 39.318537375000062 ] } },
{ "type": "Feature", "properties": { "fid": 3008, "Yapı No_Text": "-07" }, "geometry": { "type": "Point", "coordinates": [ 26.699065313000062, 39.318432349000034 ] } },
{ "type": "Feature", "properties": { "fid": 3009, "Yapı No_Text": "-08" }, "geometry": { "type": "Point", "coordinates": [ 26.69906873900004, 39.318364265000071 ] } },
{ "type": "Feature", "properties": { "fid": 3010, "Yapı No_Text": "-09" }, "geometry": { "type": "Point", "coordinates": [ 26.698924068000053, 39.318359567000073 ] } },
{ "type": "Feature", "properties": { "fid": 3011, "Yapı No_Text": "-10" }, "geometry": { "type": "Point", "coordinates": [ 26.69887163900006, 39.31835562200007 ] } },
{ "type": "Feature", "properties": { "fid": 3012, "Yapı No_Text": "-12A" }, "geometry": { "type": "Point", "coordinates": [ 26.698751591000075, 39.318447992000074 ] } },
{ "type": "Feature", "properties": { "fid": 3013, "Yapı No_Text": "-11" }, "geometry": { "type": "Point", "coordinates": [ 26.698773563000032, 39.318347829000061 ] } },
{ "type": "Feature", "properties": { "fid": 3014, "Yapı No_Text": "-12B" }, "geometry": { "type": "Point", "coordinates": [ 26.698724896000044, 39.318399061000036 ] } },
{ "type": "Feature", "properties": { "fid": 3015, "Yapı No_Text": "-13" }, "geometry": { "type": "Point", "coordinates": [ 26.698759801000051, 39.318490250000025 ] } },
{ "type": "Feature", "properties": { "fid": 3016, "Yapı No_Text": "-14" }, "geometry": { "type": "Point", "coordinates": [ 26.698710421000044, 39.318531230000076 ] } },
{ "type": "Feature", "properties": { "fid": 3017, "Yapı No_Text": "395" }, "geometry": { "type": "Point", "coordinates": [ 26.698853289000056, 39.318520203000048 ] } },
{ "type": "Feature", "properties": { "fid": 3018, "Yapı No_Text": "-01" }, "geometry": { "type": "Point", "coordinates": [ 26.698296107000033, 39.318671299000073 ] } },
{ "type": "Feature", "properties": { "fid": 3019, "Yapı No_Text": "-02" }, "geometry": { "type": "Point", "coordinates": [ 26.698374379000029, 39.31869419700007 ] } },
{ "type": "Feature", "properties": { "fid": 3020, "Yapı No_Text": "-03" }, "geometry": { "type": "Point", "coordinates": [ 26.698441636000041, 39.31870703800007 ] } },
{ "type": "Feature", "properties": { "fid": 3021, "Yapı No_Text": "-04" }, "geometry": { "type": "Point", "coordinates": [ 26.698487771000032, 39.318736768000065 ] } },
{ "type": "Feature", "properties": { "fid": 3022, "Yapı No_Text": "-05" }, "geometry": { "type": "Point", "coordinates": [ 26.698546252000028, 39.318752667000069 ] } },
{ "type": "Feature", "properties": { "fid": 3023, "Yapı No_Text": "-06" }, "geometry": { "type": "Point", "coordinates": [ 26.698535430000049, 39.318696339000041 ] } },
{ "type": "Feature", "properties": { "fid": 3024, "Yapı No_Text": "-07" }, "geometry": { "type": "Point", "coordinates": [ 26.698538885000062, 39.318637830000057 ] } },
{ "type": "Feature", "properties": { "fid": 3025, "Yapı No_Text": "-08" }, "geometry": { "type": "Point", "coordinates": [ 26.698550148000038, 39.318592079000041 ] } },
{ "type": "Feature", "properties": { "fid": 3026, "Yapı No_Text": "-09" }, "geometry": { "type": "Point", "coordinates": [ 26.698598315000027, 39.318461958000057 ] } },
{ "type": "Feature", "properties": { "fid": 3027, "Yapı No_Text": "-10" }, "geometry": { "type": "Point", "coordinates": [ 26.698614076000069, 39.31840731300008 ] } },
{ "type": "Feature", "properties": { "fid": 3028, "Yapı No_Text": "-11" }, "geometry": { "type": "Point", "coordinates": [ 26.698600101000068, 39.318326397000078 ] } },
{ "type": "Feature", "properties": { "fid": 3029, "Yapı No_Text": "-12" }, "geometry": { "type": "Point", "coordinates": [ 26.698534517000041, 39.318327349000072 ] } },
{ "type": "Feature", "properties": { "fid": 3030, "Yapı No_Text": "-13" }, "geometry": { "type": "Point", "coordinates": [ 26.698476682000035, 39.318337307000036 ] } },
{ "type": "Feature", "properties": { "fid": 3031, "Yapı No_Text": "-14" }, "geometry": { "type": "Point", "coordinates": [ 26.69843148700005, 39.318392749000054 ] } },
{ "type": "Feature", "properties": { "fid": 3032, "Yapı No_Text": "-15" }, "geometry": { "type": "Point", "coordinates": [ 26.698424310000064, 39.318443587000047 ] } },
{ "type": "Feature", "properties": { "fid": 3033, "Yapı No_Text": "-16" }, "geometry": { "type": "Point", "coordinates": [ 26.698436359000027, 39.318533946000059 ] } },
{ "type": "Feature", "properties": { "fid": 3034, "Yapı No_Text": "-17" }, "geometry": { "type": "Point", "coordinates": [ 26.698337317000039, 39.318554634000066 ] } },
{ "type": "Feature", "properties": { "fid": 3035, "Yapı No_Text": "-18" }, "geometry": { "type": "Point", "coordinates": [ 26.698341830000061, 39.318606772000066 ] } },
{ "type": "Feature", "properties": { "fid": 3036, "Yapı No_Text": "396" }, "geometry": { "type": "Point", "coordinates": [ 26.698527669000043, 39.318520956000043 ] } },
{ "type": "Feature", "properties": { "fid": 3037, "Yapı No_Text": "-01" }, "geometry": { "type": "Point", "coordinates": [ 26.69833090000003, 39.318480865000026 ] } },
{ "type": "Feature", "properties": { "fid": 3038, "Yapı No_Text": "-02" }, "geometry": { "type": "Point", "coordinates": [ 26.698346309000044, 39.318327490000058 ] } },
{ "type": "Feature", "properties": { "fid": 3039, "Yapı No_Text": "397" }, "geometry": { "type": "Point", "coordinates": [ 26.698320017000071, 39.31840078700003 ] } },
{ "type": "Feature", "properties": { "fid": 3040, "Yapı No_Text": "-01" }, "geometry": { "type": "Point", "coordinates": [ 26.697431098000038, 39.31847590700005 ] } },
{ "type": "Feature", "properties": { "fid": 3041, "Yapı No_Text": "-02" }, "geometry": { "type": "Point", "coordinates": [ 26.697536606000028, 39.318479611000043 ] } },
{ "type": "Feature", "properties": { "fid": 3042, "Yapı No_Text": "-03" }, "geometry": { "type": "Point", "coordinates": [ 26.697601088000056, 39.318489154000076 ] } },
{ "type": "Feature", "properties": { "fid": 3043, "Yapı No_Text": "-04" }, "geometry": { "type": "Point", "coordinates": [ 26.697654570000054, 39.318503405000058 ] } },
{ "type": "Feature", "properties": { "fid": 3044, "Yapı No_Text": "-05" }, "geometry": { "type": "Point", "coordinates": [ 26.697709709000037, 39.318519695000077 ] } },
{ "type": "Feature", "properties": { "fid": 3045, "Yapı No_Text": "-06" }, "geometry": { "type": "Point", "coordinates": [ 26.697782872000062, 39.318496700000026 ] } },
{ "type": "Feature", "properties": { "fid": 3046, "Yapı No_Text": "-07" }, "geometry": { "type": "Point", "coordinates": [ 26.697819190000075, 39.318533337000076 ] } },
{ "type": "Feature", "properties": { "fid": 3047, "Yapı No_Text": "-08" }, "geometry": { "type": "Point", "coordinates": [ 26.697887202000061, 39.31852869100004 ] } },
{ "type": "Feature", "properties": { "fid": 3048, "Yapı No_Text": "-09" }, "geometry": { "type": "Point", "coordinates": [ 26.697959463000075, 39.318527835000054 ] } },
{ "type": "Feature", "properties": { "fid": 3049, "Yapı No_Text": "-10" }, "geometry": { "type": "Point", "coordinates": [ 26.698069349000036, 39.318611092000026 ] } },
{ "type": "Feature", "properties": { "fid": 3050, "Yapı No_Text": "-11" }, "geometry": { "type": "Point", "coordinates": [ 26.698152709000055, 39.318617965000044 ] } },
{ "type": "Feature", "properties": { "fid": 3051, "Yapı No_Text": "-12" }, "geometry": { "type": "Point", "coordinates": [ 26.698198933000072, 39.318626724000069 ] } },
{ "type": "Feature", "properties": { "fid": 3052, "Yapı No_Text": "-13" }, "geometry": { "type": "Point", "coordinates": [ 26.698230183000078, 39.318539029000078 ] } },
{ "type": "Feature", "properties": { "fid": 3053, "Yapı No_Text": "-14" }, "geometry": { "type": "Point", "coordinates": [ 26.698192372000051, 39.318492105000075 ] } },
{ "type": "Feature", "properties": { "fid": 3054, "Yapı No_Text": "-16" }, "geometry": { "type": "Point", "coordinates": [ 26.698174409000046, 39.318288725000059 ] } },
{ "type": "Feature", "properties": { "fid": 3055, "Yapı No_Text": "-15" }, "geometry": { "type": "Point", "coordinates": [ 26.698195185000031, 39.318410442000072 ] } },
{ "type": "Feature", "properties": { "fid": 3056, "Yapı No_Text": "-17" }, "geometry": { "type": "Point", "coordinates": [ 26.698111896000057, 39.318322486000056 ] } },
{ "type": "Feature", "properties": { "fid": 3057, "Yapı No_Text": "-18" }, "geometry": { "type": "Point", "coordinates": [ 26.698025401000052, 39.31833914300006 ] } },
{ "type": "Feature", "properties": { "fid": 3058, "Yapı No_Text": "-19" }, "geometry": { "type": "Point", "coordinates": [ 26.697977750000064, 39.318300218000047 ] } },
{ "type": "Feature", "properties": { "fid": 3059, "Yapı No_Text": "-20" }, "geometry": { "type": "Point", "coordinates": [ 26.697933252000041, 39.318356033000043 ] } },
{ "type": "Feature", "properties": { "fid": 3060, "Yapı No_Text": "-21" }, "geometry": { "type": "Point", "coordinates": [ 26.697835330000032, 39.318364073000055 ] } },
{ "type": "Feature", "properties": { "fid": 3061, "Yapı No_Text": "-22" }, "geometry": { "type": "Point", "coordinates": [ 26.697715846000051, 39.318366415000071 ] } },
{ "type": "Feature", "properties": { "fid": 3062, "Yapı No_Text": "-23" }, "geometry": { "type": "Point", "coordinates": [ 26.697642218000055, 39.318370354000081 ] } },
{ "type": "Feature", "properties": { "fid": 3063, "Yapı No_Text": "-24" }, "geometry": { "type": "Point", "coordinates": [ 26.697595971000055, 39.318376545000035 ] } },
{ "type": "Feature", "properties": { "fid": 3064, "Yapı No_Text": "-25" }, "geometry": { "type": "Point", "coordinates": [ 26.697496607000062, 39.318390573000045 ] } },
{ "type": "Feature", "properties": { "fid": 3065, "Yapı No_Text": "470" }, "geometry": { "type": "Point", "coordinates": [ 26.697967636000044, 39.318439964000049 ] } },
{ "type": "Feature", "properties": { "fid": 3066, "Yapı No_Text": "-01" }, "geometry": { "type": "Point", "coordinates": [ 26.694907950000072, 39.32471436700007 ] } },
{ "type": "Feature", "properties": { "fid": 3067, "Yapı No_Text": "-02" }, "geometry": { "type": "Point", "coordinates": [ 26.694826102000036, 39.324633468000059 ] } },
{ "type": "Feature", "properties": { "fid": 3068, "Yapı No_Text": "-03" }, "geometry": { "type": "Point", "coordinates": [ 26.694780015000049, 39.324573951000048 ] } },
{ "type": "Feature", "properties": { "fid": 3069, "Yapı No_Text": "-04" }, "geometry": { "type": "Point", "coordinates": [ 26.694701589000033, 39.32453296400007 ] } },
{ "type": "Feature", "properties": { "fid": 3070, "Yapı No_Text": "-05" }, "geometry": { "type": "Point", "coordinates": [ 26.694756877000032, 39.324458856000035 ] } },
{ "type": "Feature", "properties": { "fid": 3071, "Yapı No_Text": "73" }, "geometry": { "type": "Point", "coordinates": [ 26.694786715000077, 39.324738011000079 ] } },
{ "type": "Feature", "properties": { "fid": 3072, "Yapı No_Text": "609" }, "geometry": { "type": "Point", "coordinates": [ 26.695332403000066, 39.325169229000039 ] } },
{ "type": "Feature", "properties": { "fid": 3073, "Yapı No_Text": "-01" }, "geometry": { "type": "Point", "coordinates": [ 26.695564036000064, 39.325335246000066 ] } },
{ "type": "Feature", "properties": { "fid": 3074, "Yapı No_Text": "-02" }, "geometry": { "type": "Point", "coordinates": [ 26.695685991000062, 39.325219005000065 ] } },
{ "type": "Feature", "properties": { "fid": 3075, "Yapı No_Text": "-03" }, "geometry": { "type": "Point", "coordinates": [ 26.695579480000049, 39.32520852500005 ] } },
{ "type": "Feature", "properties": { "fid": 3076, "Yapı No_Text": "-04" }, "geometry": { "type": "Point", "coordinates": [ 26.695462476000046, 39.325249626000073 ] } },
{ "type": "Feature", "properties": { "fid": 3077, "Yapı No_Text": "-05" }, "geometry": { "type": "Point", "coordinates": [ 26.695509825000045, 39.325169576000064 ] } },
{ "type": "Feature", "properties": { "fid": 3078, "Yapı No_Text": "-06" }, "geometry": { "type": "Point", "coordinates": [ 26.695493060000047, 39.325046758000042 ] } },
{ "type": "Feature", "properties": { "fid": 3079, "Yapı No_Text": "-07" }, "geometry": { "type": "Point", "coordinates": [ 26.695205170000065, 39.325183453000079 ] } },
{ "type": "Feature", "properties": { "fid": 3080, "Yapı No_Text": "-08B" }, "geometry": { "type": "Point", "coordinates": [ 26.695310479000057, 39.324948577000043 ] } },
{ "type": "Feature", "properties": { "fid": 3081, "Yapı No_Text": "-08A" }, "geometry": { "type": "Point", "coordinates": [ 26.695407629000044, 39.324986403000025 ] } },
{ "type": "Feature", "properties": { "fid": 3082, "Yapı No_Text": "-08C" }, "geometry": { "type": "Point", "coordinates": [ 26.695288288000029, 39.324885108000046 ] } },
{ "type": "Feature", "properties": { "fid": 3083, "Yapı No_Text": "-08D" }, "geometry": { "type": "Point", "coordinates": [ 26.69524474900004, 39.324813745000029 ] } },
{ "type": "Feature", "properties": { "fid": 3084, "Yapı No_Text": "-09" }, "geometry": { "type": "Point", "coordinates": [ 26.695183048000047, 39.324751529000025 ] } },
{ "type": "Feature", "properties": { "fid": 3085, "Yapı No_Text": "-10" }, "geometry": { "type": "Point", "coordinates": [ 26.694933035000076, 39.324883406000026 ] } },
{ "type": "Feature", "properties": { "fid": 3086, "Yapı No_Text": "-11" }, "geometry": { "type": "Point", "coordinates": [ 26.695510038000066, 39.325297884000065 ] } },
{ "type": "Feature", "properties": { "fid": 3087, "Yapı No_Text": "-01" }, "geometry": { "type": "Point", "coordinates": [ 26.697034571000074, 39.325497049000035 ] } },
{ "type": "Feature", "properties": { "fid": 3088, "Yapı No_Text": "-02" }, "geometry": { "type": "Point", "coordinates": [ 26.697129328000074, 39.325464297000053 ] } },
{ "type": "Feature", "properties": { "fid": 3089, "Yapı No_Text": "-03" }, "geometry": { "type": "Point", "coordinates": [ 26.697202304000029, 39.325449123000055 ] } },
{ "type": "Feature", "properties": { "fid": 3090, "Yapı No_Text": "-04" }, "geometry": { "type": "Point", "coordinates": [ 26.697253887000045, 39.325434611000048 ] } },
{ "type": "Feature", "properties": { "fid": 3091, "Yapı No_Text": "-05" }, "geometry": { "type": "Point", "coordinates": [ 26.697227355000052, 39.32533685900006 ] } },
{ "type": "Feature", "properties": { "fid": 3092, "Yapı No_Text": "-06" }, "geometry": { "type": "Point", "coordinates": [ 26.697164546000067, 39.325276098000074 ] } },
{ "type": "Feature", "properties": { "fid": 3093, "Yapı No_Text": "-07" }, "geometry": { "type": "Point", "coordinates": [ 26.697113651000052, 39.325292090000062 ] } },
{ "type": "Feature", "properties": { "fid": 3094, "Yapı No_Text": "-08" }, "geometry": { "type": "Point", "coordinates": [ 26.697023302000048, 39.325332067000033 ] } },
{ "type": "Feature", "properties": { "fid": 3095, "Yapı No_Text": "-09" }, "geometry": { "type": "Point", "coordinates": [ 26.696951985000055, 39.325373475000049 ] } },
{ "type": "Feature", "properties": { "fid": 3096, "Yapı No_Text": "-10" }, "geometry": { "type": "Point", "coordinates": [ 26.696968739000056, 39.325406995000037 ] } },
{ "type": "Feature", "properties": { "fid": 3097, "Yapı No_Text": "92" }, "geometry": { "type": "Point", "coordinates": [ 26.69711165800004, 39.325389248000079 ] } },
{ "type": "Feature", "properties": { "fid": 3098, "Yapı No_Text": "-01" }, "geometry": { "type": "Point", "coordinates": [ 26.696631637000053, 39.325381904000039 ] } },
{ "type": "Feature", "properties": { "fid": 3099, "Yapı No_Text": "-02" }, "geometry": { "type": "Point", "coordinates": [ 26.696583071000077, 39.325319161000039 ] } },
{ "type": "Feature", "properties": { "fid": 3100, "Yapı No_Text": "-03" }, "geometry": { "type": "Point", "coordinates": [ 26.696665343000063, 39.325316453000028 ] } },
{ "type": "Feature", "properties": { "fid": 3101, "Yapı No_Text": "-04" }, "geometry": { "type": "Point", "coordinates": [ 26.696717514000056, 39.325281552000035 ] } },
{ "type": "Feature", "properties": { "fid": 3102, "Yapı No_Text": "-05" }, "geometry": { "type": "Point", "coordinates": [ 26.696758514000066, 39.325194697000029 ] } },
{ "type": "Feature", "properties": { "fid": 3103, "Yapı No_Text": "-06" }, "geometry": { "type": "Point", "coordinates": [ 26.696774763000064, 39.325326201000053 ] } },
{ "type": "Feature", "properties": { "fid": 3104, "Yapı No_Text": "229" }, "geometry": { "type": "Point", "coordinates": [ 26.696701112000028, 39.325360027000045 ] } },
{ "type": "Feature", "properties": { "fid": 3105, "Yapı No_Text": "-01" }, "geometry": { "type": "Point", "coordinates": [ 26.696612827000024, 39.325207869000053 ] } },
{ "type": "Feature", "properties": { "fid": 3106, "Yapı No_Text": "-02" }, "geometry": { "type": "Point", "coordinates": [ 26.696662598000046, 39.325167388000068 ] } },
{ "type": "Feature", "properties": { "fid": 3107, "Yapı No_Text": "-03A" }, "geometry": { "type": "Point", "coordinates": [ 26.69666538000007, 39.32512508800005 ] } },
{ "type": "Feature", "properties": { "fid": 3108, "Yapı No_Text": "-04" }, "geometry": { "type": "Point", "coordinates": [ 26.696629019000056, 39.325051986000062 ] } },
{ "type": "Feature", "properties": { "fid": 3109, "Yapı No_Text": "-05" }, "geometry": { "type": "Point", "coordinates": [ 26.69659411300006, 39.324988215000076 ] } },
{ "type": "Feature", "properties": { "fid": 3110, "Yapı No_Text": "-06" }, "geometry": { "type": "Point", "coordinates": [ 26.696537423000052, 39.325002077000079 ] } },
{ "type": "Feature", "properties": { "fid": 3111, "Yapı No_Text": "-07" }, "geometry": { "type": "Point", "coordinates": [ 26.696500142000048, 39.325021865000053 ] } },
{ "type": "Feature", "properties": { "fid": 3112, "Yapı No_Text": "-08" }, "geometry": { "type": "Point", "coordinates": [ 26.69642602600004, 39.325053464000064 ] } },
{ "type": "Feature", "properties": { "fid": 3113, "Yapı No_Text": "-09" }, "geometry": { "type": "Point", "coordinates": [ 26.69643097200003, 39.325138361000029 ] } },
{ "type": "Feature", "properties": { "fid": 3114, "Yapı No_Text": "-10" }, "geometry": { "type": "Point", "coordinates": [ 26.696500159000038, 39.325175370000068 ] } },
{ "type": "Feature", "properties": { "fid": 3115, "Yapı No_Text": "-03B" }, "geometry": { "type": "Point", "coordinates": [ 26.696636193000074, 39.325102589000039 ] } },
{ "type": "Feature", "properties": { "fid": 3116, "Yapı No_Text": "231" }, "geometry": { "type": "Point", "coordinates": [ 26.696525688000065, 39.325099850000072 ] } },
{ "type": "Feature", "properties": { "fid": 3117, "Yapı No_Text": "-01" }, "geometry": { "type": "Point", "coordinates": [ 26.696932059000062, 39.325271127000065 ] } },
{ "type": "Feature", "properties": { "fid": 3118, "Yapı No_Text": "-02" }, "geometry": { "type": "Point", "coordinates": [ 26.696973877000062, 39.325236142000051 ] } },
{ "type": "Feature", "properties": { "fid": 3119, "Yapı No_Text": "-03" }, "geometry": { "type": "Point", "coordinates": [ 26.697085299000037, 39.325182406000067 ] } },
{ "type": "Feature", "properties": { "fid": 3120, "Yapı No_Text": "94" }, "geometry": { "type": "Point", "coordinates": [ 26.697033316000045, 39.32513635600003 ] } },
{ "type": "Feature", "properties": { "fid": 3121, "Yapı No_Text": "-01" }, "geometry": { "type": "Point", "coordinates": [ 26.696795502000043, 39.325085650000062 ] } },
{ "type": "Feature", "properties": { "fid": 3122, "Yapı No_Text": "-02" }, "geometry": { "type": "Point", "coordinates": [ 26.69685051700003, 39.325097589000052 ] } },
{ "type": "Feature", "properties": { "fid": 3123, "Yapı No_Text": "-03" }, "geometry": { "type": "Point", "coordinates": [ 26.696974820000037, 39.325013639000076 ] } },
{ "type": "Feature", "properties": { "fid": 3124, "Yapı No_Text": "548" }, "geometry": { "type": "Point", "coordinates": [ 26.696901734000051, 39.325043311000059 ] } },
{ "type": "Feature", "properties": { "fid": 3125, "Yapı No_Text": "-01A" }, "geometry": { "type": "Point", "coordinates": [ 26.696744876000025, 39.325029957000027 ] } },
{ "type": "Feature", "properties": { "fid": 3126, "Yapı No_Text": "-02" }, "geometry": { "type": "Point", "coordinates": [ 26.696962971000062, 39.324917667000079 ] } },
{ "type": "Feature", "properties": { "fid": 3127, "Yapı No_Text": "-03" }, "geometry": { "type": "Point", "coordinates": [ 26.696912410000039, 39.324859502000038 ] } },
{ "type": "Feature", "properties": { "fid": 3128, "Yapı No_Text": "-04" }, "geometry": { "type": "Point", "coordinates": [ 26.696854788000053, 39.324796828000046 ] } },
{ "type": "Feature", "properties": { "fid": 3129, "Yapı No_Text": "-05" }, "geometry": { "type": "Point", "coordinates": [ 26.696741055000075, 39.324809986000048 ] } },
{ "type": "Feature", "properties": { "fid": 3130, "Yapı No_Text": "-06" }, "geometry": { "type": "Point", "coordinates": [ 26.696710506000045, 39.324845413000048 ] } },
{ "type": "Feature", "properties": { "fid": 3131, "Yapı No_Text": "-07" }, "geometry": { "type": "Point", "coordinates": [ 26.696664905000034, 39.324864287000025 ] } },
{ "type": "Feature", "properties": { "fid": 3132, "Yapı No_Text": "-08" }, "geometry": { "type": "Point", "coordinates": [ 26.696697758000028, 39.324923983000076 ] } },
{ "type": "Feature", "properties": { "fid": 3133, "Yapı No_Text": "-09" }, "geometry": { "type": "Point", "coordinates": [ 26.696719576000078, 39.324963698000033 ] } },
{ "type": "Feature", "properties": { "fid": 3134, "Yapı No_Text": "-01B" }, "geometry": { "type": "Point", "coordinates": [ 26.696816182000077, 39.325005980000071 ] } },
{ "type": "Feature", "properties": { "fid": 3135, "Yapı No_Text": "95" }, "geometry": { "type": "Point", "coordinates": [ 26.696831976000055, 39.324890056000072 ] } },
{ "type": "Feature", "properties": { "fid": 3136, "Yapı No_Text": "-01" }, "geometry": { "type": "Point", "coordinates": [ 26.696579169000074, 39.32477969100006 ] } },
{ "type": "Feature", "properties": { "fid": 3137, "Yapı No_Text": "-02" }, "geometry": { "type": "Point", "coordinates": [ 26.696640702000025, 39.32476519100004 ] } },
{ "type": "Feature", "properties": { "fid": 3138, "Yapı No_Text": "-03" }, "geometry": { "type": "Point", "coordinates": [ 26.69672206000007, 39.32473600700007 ] } },
{ "type": "Feature", "properties": { "fid": 3139, "Yapı No_Text": "-04" }, "geometry": { "type": "Point", "coordinates": [ 26.696786803000066, 39.32471500500003 ] } },
{ "type": "Feature", "properties": { "fid": 3140, "Yapı No_Text": "-05" }, "geometry": { "type": "Point", "coordinates": [ 26.696901741000033, 39.324647330000062 ] } },
{ "type": "Feature", "properties": { "fid": 3141, "Yapı No_Text": "-01" }, "geometry": { "type": "Point", "coordinates": [ 26.695932646000074, 39.324812466000026 ] } },
{ "type": "Feature", "properties": { "fid": 3142, "Yapı No_Text": "-02" }, "geometry": { "type": "Point", "coordinates": [ 26.696065067000063, 39.324777291000032 ] } },
{ "type": "Feature", "properties": { "fid": 3143, "Yapı No_Text": "-03" }, "geometry": { "type": "Point", "coordinates": [ 26.696109084000057, 39.324754021000047 ] } },
{ "type": "Feature", "properties": { "fid": 3144, "Yapı No_Text": "-04" }, "geometry": { "type": "Point", "coordinates": [ 26.696153293000066, 39.324723586000061 ] } },
{ "type": "Feature", "properties": { "fid": 3145, "Yapı No_Text": "-05" }, "geometry": { "type": "Point", "coordinates": [ 26.696218259000034, 39.324702786000046 ] } },
{ "type": "Feature", "properties": { "fid": 3146, "Yapı No_Text": "-06" }, "geometry": { "type": "Point", "coordinates": [ 26.695753333000027, 39.324576769000032 ] } },
{ "type": "Feature", "properties": { "fid": 3147, "Yapı No_Text": "-07" }, "geometry": { "type": "Point", "coordinates": [ 26.695728764000023, 39.324528772000065 ] } },
{ "type": "Feature", "properties": { "fid": 3148, "Yapı No_Text": "233" }, "geometry": { "type": "Point", "coordinates": [ 26.696048758000074, 39.324628919000077 ] } },
{ "type": "Feature", "properties": { "fid": 3149, "Yapı No_Text": "-01" }, "geometry": { "type": "Point", "coordinates": [ 26.696140873000047, 39.325058500000068 ] } },
{ "type": "Feature", "properties": { "fid": 3150, "Yapı No_Text": "-02" }, "geometry": { "type": "Point", "coordinates": [ 26.696178391000046, 39.32504153900004 ] } },
{ "type": "Feature", "properties": { "fid": 3151, "Yapı No_Text": "-03" }, "geometry": { "type": "Point", "coordinates": [ 26.696235675000025, 39.325004472000046 ] } },
{ "type": "Feature", "properties": { "fid": 3152, "Yapı No_Text": "-04" }, "geometry": { "type": "Point", "coordinates": [ 26.696295387000077, 39.324983680000059 ] } },
{ "type": "Feature", "properties": { "fid": 3153, "Yapı No_Text": "-05" }, "geometry": { "type": "Point", "coordinates": [ 26.696355244000074, 39.324988984000072 ] } },
{ "type": "Feature", "properties": { "fid": 3154, "Yapı No_Text": "-06" }, "geometry": { "type": "Point", "coordinates": [ 26.696359618000031, 39.324934674000076 ] } },
{ "type": "Feature", "properties": { "fid": 3155, "Yapı No_Text": "-07" }, "geometry": { "type": "Point", "coordinates": [ 26.696402263000039, 39.324955292000027 ] } },
{ "type": "Feature", "properties": { "fid": 3156, "Yapı No_Text": "-08" }, "geometry": { "type": "Point", "coordinates": [ 26.696412111000029, 39.324910958000032 ] } },
{ "type": "Feature", "properties": { "fid": 3157, "Yapı No_Text": "-09" }, "geometry": { "type": "Point", "coordinates": [ 26.696464160000062, 39.324966768000024 ] } },
{ "type": "Feature", "properties": { "fid": 3158, "Yapı No_Text": "-10" }, "geometry": { "type": "Point", "coordinates": [ 26.696461433000024, 39.324927999000067 ] } },
{ "type": "Feature", "properties": { "fid": 3159, "Yapı No_Text": "-11" }, "geometry": { "type": "Point", "coordinates": [ 26.696489446000044, 39.324883040000032 ] } },
{ "type": "Feature", "properties": { "fid": 3160, "Yapı No_Text": "-12" }, "geometry": { "type": "Point", "coordinates": [ 26.696471717000065, 39.324812799000028 ] } },
{ "type": "Feature", "properties": { "fid": 3161, "Yapı No_Text": "-13" }, "geometry": { "type": "Point", "coordinates": [ 26.696398944000066, 39.324711985000079 ] } },
{ "type": "Feature", "properties": { "fid": 3162, "Yapı No_Text": "-14" }, "geometry": { "type": "Point", "coordinates": [ 26.696342638000033, 39.324748617000068 ] } },
{ "type": "Feature", "properties": { "fid": 3163, "Yapı No_Text": "-15" }, "geometry": { "type": "Point", "coordinates": [ 26.696248980000064, 39.324799011000039 ] } },
{ "type": "Feature", "properties": { "fid": 3164, "Yapı No_Text": "-16" }, "geometry": { "type": "Point", "coordinates": [ 26.696125745000074, 39.324840158000029 ] } },
{ "type": "Feature", "properties": { "fid": 3165, "Yapı No_Text": "-17" }, "geometry": { "type": "Point", "coordinates": [ 26.696041981000064, 39.32492658700005 ] } },
{ "type": "Feature", "properties": { "fid": 3166, "Yapı No_Text": "232" }, "geometry": { "type": "Point", "coordinates": [ 26.696251431000064, 39.324888434000059 ] } },
{ "type": "Feature", "properties": { "fid": 3167, "Yapı No_Text": "-01" }, "geometry": { "type": "Point", "coordinates": [ 26.696377212000073, 39.325319676000049 ] } },
{ "type": "Feature", "properties": { "fid": 3168, "Yapı No_Text": "-02" }, "geometry": { "type": "Point", "coordinates": [ 26.696374522000042, 39.325229480000075 ] } },
{ "type": "Feature", "properties": { "fid": 3169, "Yapı No_Text": "-03" }, "geometry": { "type": "Point", "coordinates": [ 26.69630969800005, 39.325213081000072 ] } },
{ "type": "Feature", "properties": { "fid": 3170, "Yapı No_Text": "-04" }, "geometry": { "type": "Point", "coordinates": [ 26.696281128000066, 39.325180945000056 ] } },
{ "type": "Feature", "properties": { "fid": 3171, "Yapı No_Text": "-05" }, "geometry": { "type": "Point", "coordinates": [ 26.696274629000072, 39.325128678000056 ] } },
{ "type": "Feature", "properties": { "fid": 3172, "Yapı No_Text": "-06" }, "geometry": { "type": "Point", "coordinates": [ 26.696212582000044, 39.325155438000024 ] } },
{ "type": "Feature", "properties": { "fid": 3173, "Yapı No_Text": "230" }, "geometry": { "type": "Point", "coordinates": [ 26.696310713000059, 39.325266987000077 ] } },
{ "type": "Feature", "properties": { "fid": 3174, "Yapı No_Text": "-01" }, "geometry": { "type": "Point", "coordinates": [ 26.697062879000043, 39.324863515000061 ] } },
{ "type": "Feature", "properties": { "fid": 3175, "Yapı No_Text": "-02" }, "geometry": { "type": "Point", "coordinates": [ 26.697032915000023, 39.324823938000065 ] } },
{ "type": "Feature", "properties": { "fid": 3176, "Yapı No_Text": "-03" }, "geometry": { "type": "Point", "coordinates": [ 26.696986217000074, 39.324735027000031 ] } },
{ "type": "Feature", "properties": { "fid": 3177, "Yapı No_Text": "555" }, "geometry": { "type": "Point", "coordinates": [ 26.697016513000051, 39.324771935000058 ] } },
{ "type": "Feature", "properties": { "fid": 3178, "Yapı No_Text": "-01" }, "geometry": { "type": "Point", "coordinates": [ 26.695121880000045, 39.324244386000032 ] } },
{ "type": "Feature", "properties": { "fid": 3179, "Yapı No_Text": "-02" }, "geometry": { "type": "Point", "coordinates": [ 26.695197509000025, 39.324201527000071 ] } },
{ "type": "Feature", "properties": { "fid": 3180, "Yapı No_Text": "-03" }, "geometry": { "type": "Point", "coordinates": [ 26.695230022000032, 39.324143981000077 ] } },
{ "type": "Feature", "properties": { "fid": 3181, "Yapı No_Text": "-04" }, "geometry": { "type": "Point", "coordinates": [ 26.695190556000057, 39.32409741400005 ] } },
{ "type": "Feature", "properties": { "fid": 3182, "Yapı No_Text": "-05" }, "geometry": { "type": "Point", "coordinates": [ 26.695075987000052, 39.324094621000029 ] } },
{ "type": "Feature", "properties": { "fid": 3183, "Yapı No_Text": "-06A" }, "geometry": { "type": "Point", "coordinates": [ 26.694972335000045, 39.324188919000051 ] } },
{ "type": "Feature", "properties": { "fid": 3184, "Yapı No_Text": "-06B" }, "geometry": { "type": "Point", "coordinates": [ 26.694949715000064, 39.32414787600004 ] } },
{ "type": "Feature", "properties": { "fid": 3185, "Yapı No_Text": "216" }, "geometry": { "type": "Point", "coordinates": [ 26.695093933000066, 39.32414822700008 ] } },
{ "type": "Feature", "properties": { "fid": 3186, "Yapı No_Text": "-01A" }, "geometry": { "type": "Point", "coordinates": [ 26.694905986000038, 39.324054441000044 ] } },
{ "type": "Feature", "properties": { "fid": 3187, "Yapı No_Text": "-02" }, "geometry": { "type": "Point", "coordinates": [ 26.695084907000023, 39.323899126000072 ] } },
{ "type": "Feature", "properties": { "fid": 3188, "Yapı No_Text": "-03" }, "geometry": { "type": "Point", "coordinates": [ 26.695058284000027, 39.323868251000079 ] } },
{ "type": "Feature", "properties": { "fid": 3189, "Yapı No_Text": "-04" }, "geometry": { "type": "Point", "coordinates": [ 26.69500086000005, 39.323907920000067 ] } },
{ "type": "Feature", "properties": { "fid": 3190, "Yapı No_Text": "-05" }, "geometry": { "type": "Point", "coordinates": [ 26.694939092000027, 39.323929053000029 ] } },
{ "type": "Feature", "properties": { "fid": 3191, "Yapı No_Text": "-06B" }, "geometry": { "type": "Point", "coordinates": [ 26.694800959000077, 39.323946164000063 ] } },
{ "type": "Feature", "properties": { "fid": 3192, "Yapı No_Text": "-01B" }, "geometry": { "type": "Point", "coordinates": [ 26.695061290000069, 39.323994983000034 ] } },
{ "type": "Feature", "properties": { "fid": 3193, "Yapı No_Text": "215" }, "geometry": { "type": "Point", "coordinates": [ 26.694979509000063, 39.323983222000038 ] } },
{ "type": "Feature", "properties": { "fid": 3194, "Yapı No_Text": "-06" }, "geometry": { "type": "Point", "coordinates": [ 26.695696683000051, 39.323984994000057 ] } },
{ "type": "Feature", "properties": { "fid": 3195, "Yapı No_Text": "-01" }, "geometry": { "type": "Point", "coordinates": [ 26.695373603000064, 39.32413736500007 ] } },
{ "type": "Feature", "properties": { "fid": 3196, "Yapı No_Text": "-02" }, "geometry": { "type": "Point", "coordinates": [ 26.695427547000065, 39.324102319000076 ] } },
{ "type": "Feature", "properties": { "fid": 3197, "Yapı No_Text": "-03" }, "geometry": { "type": "Point", "coordinates": [ 26.695533544000057, 39.324036827000043 ] } },
{ "type": "Feature", "properties": { "fid": 3198, "Yapı No_Text": "-04" }, "geometry": { "type": "Point", "coordinates": [ 26.695613888000025, 39.324043807000066 ] } },
{ "type": "Feature", "properties": { "fid": 3199, "Yapı No_Text": "-05" }, "geometry": { "type": "Point", "coordinates": [ 26.695637894000072, 39.324009886000056 ] } },
{ "type": "Feature", "properties": { "fid": 3200, "Yapı No_Text": "-07" }, "geometry": { "type": "Point", "coordinates": [ 26.695732097000075, 39.323936252000067 ] } },
{ "type": "Feature", "properties": { "fid": 3201, "Yapı No_Text": "-08" }, "geometry": { "type": "Point", "coordinates": [ 26.695658268000045, 39.323906291000071 ] } },
{ "type": "Feature", "properties": { "fid": 3202, "Yapı No_Text": "-09" }, "geometry": { "type": "Point", "coordinates": [ 26.695633515000054, 39.323851028000036 ] } },
{ "type": "Feature", "properties": { "fid": 3203, "Yapı No_Text": "-10" }, "geometry": { "type": "Point", "coordinates": [ 26.695558411000036, 39.323844109000049 ] } },
{ "type": "Feature", "properties": { "fid": 3204, "Yapı No_Text": "-11" }, "geometry": { "type": "Point", "coordinates": [ 26.695578960000034, 39.32378454600007 ] } },
{ "type": "Feature", "properties": { "fid": 3205, "Yapı No_Text": "-12" }, "geometry": { "type": "Point", "coordinates": [ 26.695541719000062, 39.323728621000043 ] } },
{ "type": "Feature", "properties": { "fid": 3206, "Yapı No_Text": "-13" }, "geometry": { "type": "Point", "coordinates": [ 26.695432198000049, 39.323736268000062 ] } },
{ "type": "Feature", "properties": { "fid": 3207, "Yapı No_Text": "-14" }, "geometry": { "type": "Point", "coordinates": [ 26.695423615000038, 39.323764592000032 ] } },
{ "type": "Feature", "properties": { "fid": 3208, "Yapı No_Text": "-15" }, "geometry": { "type": "Point", "coordinates": [ 26.695338618000051, 39.323753970000041 ] } },
{ "type": "Feature", "properties": { "fid": 3209, "Yapı No_Text": "-16" }, "geometry": { "type": "Point", "coordinates": [ 26.695472186000075, 39.324064515000032 ] } },
{ "type": "Feature", "properties": { "fid": 3210, "Yapı No_Text": "-16" }, "geometry": { "type": "Point", "coordinates": [ 26.695421964000047, 39.323804482000071 ] } },
{ "type": "Feature", "properties": { "fid": 3211, "Yapı No_Text": "-17" }, "geometry": { "type": "Point", "coordinates": [ 26.695336015000066, 39.323844082000051 ] } },
{ "type": "Feature", "properties": { "fid": 3212, "Yapı No_Text": "-18" }, "geometry": { "type": "Point", "coordinates": [ 26.695267053000066, 39.323787047000053 ] } },
{ "type": "Feature", "properties": { "fid": 3213, "Yapı No_Text": "-19A" }, "geometry": { "type": "Point", "coordinates": [ 26.695202078000023, 39.323825561000035 ] } },
{ "type": "Feature", "properties": { "fid": 3214, "Yapı No_Text": "-19B" }, "geometry": { "type": "Point", "coordinates": [ 26.695256266000058, 39.323923484000034 ] } },
{ "type": "Feature", "properties": { "fid": 3215, "Yapı No_Text": "-19C" }, "geometry": { "type": "Point", "coordinates": [ 26.695269107000058, 39.323979800000075 ] } },
{ "type": "Feature", "properties": { "fid": 3216, "Yapı No_Text": "-20" }, "geometry": { "type": "Point", "coordinates": [ 26.695317683000042, 39.32403823900006 ] } },
{ "type": "Feature", "properties": { "fid": 3217, "Yapı No_Text": "-21" }, "geometry": { "type": "Point", "coordinates": [ 26.695336854000061, 39.32406929900003 ] } },
{ "type": "Feature", "properties": { "fid": 3218, "Yapı No_Text": "364" }, "geometry": { "type": "Point", "coordinates": [ 26.695422420000057, 39.323934898000061 ] } },
{ "type": "Feature", "properties": { "fid": 3219, "Yapı No_Text": "365" }, "geometry": { "type": "Point", "coordinates": [ 26.69561797800003, 39.32422570500006 ] } },
{ "type": "Feature", "properties": { "fid": 3220, "Yapı No_Text": "-01" }, "geometry": { "type": "Point", "coordinates": [ 26.696173686000066, 39.325907125000072 ] } },
{ "type": "Feature", "properties": { "fid": 3221, "Yapı No_Text": "-02" }, "geometry": { "type": "Point", "coordinates": [ 26.696142743000053, 39.325841344000025 ] } },
{ "type": "Feature", "properties": { "fid": 3222, "Yapı No_Text": "-03" }, "geometry": { "type": "Point", "coordinates": [ 26.695978033000074, 39.325817247000032 ] } },
{ "type": "Feature", "properties": { "fid": 3223, "Yapı No_Text": "-04" }, "geometry": { "type": "Point", "coordinates": [ 26.695951108000031, 39.32560957000004 ] } },
{ "type": "Feature", "properties": { "fid": 3224, "Yapı No_Text": "-01" }, "geometry": { "type": "Point", "coordinates": [ 26.695766228000025, 39.325464135000061 ] } },
{ "type": "Feature", "properties": { "fid": 3225, "Yapı No_Text": "76" }, "geometry": { "type": "Point", "coordinates": [ 26.695713651000062, 39.325516381000057 ] } },
{ "type": "Feature", "properties": { "fid": 3226, "Yapı No_Text": "77" }, "geometry": { "type": "Point", "coordinates": [ 26.696069600000044, 39.325708757000029 ] } },
{ "type": "Feature", "properties": { "fid": 3227, "Yapı No_Text": "78" }, "geometry": { "type": "Point", "coordinates": [ 26.696405768000034, 39.326106601000049 ] } },
{ "type": "Feature", "properties": { "fid": 3228, "Yapı No_Text": "-01" }, "geometry": { "type": "Point", "coordinates": [ 26.696469024000066, 39.326133070000026 ] } },
{ "type": "Feature", "properties": { "fid": 3229, "Yapı No_Text": "-02" }, "geometry": { "type": "Point", "coordinates": [ 26.696317810000039, 39.326079477000064 ] } },
{ "type": "Feature", "properties": { "fid": 3230, "Yapı No_Text": "-01" }, "geometry": { "type": "Point", "coordinates": [ 26.697037044000069, 39.32699572100006 ] } },
{ "type": "Feature", "properties": { "fid": 3231, "Yapı No_Text": "-02" }, "geometry": { "type": "Point", "coordinates": [ 26.696887214000071, 39.326774425000053 ] } },
{ "type": "Feature", "properties": { "fid": 3232, "Yapı No_Text": "-03" }, "geometry": { "type": "Point", "coordinates": [ 26.696517283000048, 39.326691248000031 ] } },
{ "type": "Feature", "properties": { "fid": 3233, "Yapı No_Text": "-04" }, "geometry": { "type": "Point", "coordinates": [ 26.696462680000025, 39.326454442000056 ] } },
{ "type": "Feature", "properties": { "fid": 3234, "Yapı No_Text": "-05" }, "geometry": { "type": "Point", "coordinates": [ 26.696451980000063, 39.326219087000027 ] } },
{ "type": "Feature", "properties": { "fid": 3235, "Yapı No_Text": "79" }, "geometry": { "type": "Point", "coordinates": [ 26.696804277000069, 39.327140647000078 ] } },
{ "type": "Feature", "properties": { "fid": 3236, "Yapı No_Text": "-01" }, "geometry": { "type": "Point", "coordinates": [ 26.697301030000062, 39.327184407000061 ] } },
{ "type": "Feature", "properties": { "fid": 3237, "Yapı No_Text": "81" }, "geometry": { "type": "Point", "coordinates": [ 26.69727252000007, 39.327349368000057 ] } },
{ "type": "Feature", "properties": { "fid": 3238, "Yapı No_Text": "-01" }, "geometry": { "type": "Point", "coordinates": [ 26.697397099000057, 39.327030483000044 ] } },
{ "type": "Feature", "properties": { "fid": 3239, "Yapı No_Text": "-02" }, "geometry": { "type": "Point", "coordinates": [ 26.697568614000033, 39.326776745000075 ] } },
{ "type": "Feature", "properties": { "fid": 3240, "Yapı No_Text": "-03" }, "geometry": { "type": "Point", "coordinates": [ 26.697524459000078, 39.326696035000055 ] } },
{ "type": "Feature", "properties": { "fid": 3241, "Yapı No_Text": "-04" }, "geometry": { "type": "Point", "coordinates": [ 26.697502609000026, 39.326594182000065 ] } },
{ "type": "Feature", "properties": { "fid": 3242, "Yapı No_Text": "-05" }, "geometry": { "type": "Point", "coordinates": [ 26.697343439000065, 39.326456375000078 ] } },
{ "type": "Feature", "properties": { "fid": 3243, "Yapı No_Text": "-06" }, "geometry": { "type": "Point", "coordinates": [ 26.697268433000033, 39.326329157000032 ] } },
{ "type": "Feature", "properties": { "fid": 3244, "Yapı No_Text": "-07" }, "geometry": { "type": "Point", "coordinates": [ 26.69720379000006, 39.326220712000065 ] } },
{ "type": "Feature", "properties": { "fid": 3245, "Yapı No_Text": "-08" }, "geometry": { "type": "Point", "coordinates": [ 26.697030061000078, 39.326280752000059 ] } },
{ "type": "Feature", "properties": { "fid": 3246, "Yapı No_Text": "-09" }, "geometry": { "type": "Point", "coordinates": [ 26.697126407000042, 39.32636313200004 ] } },
{ "type": "Feature", "properties": { "fid": 3247, "Yapı No_Text": "-10" }, "geometry": { "type": "Point", "coordinates": [ 26.69718817100005, 39.326456730000075 ] } },
{ "type": "Feature", "properties": { "fid": 3248, "Yapı No_Text": "-11" }, "geometry": { "type": "Point", "coordinates": [ 26.697279169000069, 39.32654103200008 ] } },
{ "type": "Feature", "properties": { "fid": 3249, "Yapı No_Text": "90" }, "geometry": { "type": "Point", "coordinates": [ 26.697357434000025, 39.326671827000041 ] } },
{ "type": "Feature", "properties": { "fid": 3250, "Yapı No_Text": "-01" }, "geometry": { "type": "Point", "coordinates": [ 26.696915043000047, 39.326187902000072 ] } },
{ "type": "Feature", "properties": { "fid": 3251, "Yapı No_Text": "-02" }, "geometry": { "type": "Point", "coordinates": [ 26.69699649100005, 39.326181118000079 ] } },
{ "type": "Feature", "properties": { "fid": 3252, "Yapı No_Text": "-03" }, "geometry": { "type": "Point", "coordinates": [ 26.697068169000033, 39.326164953000045 ] } },
{ "type": "Feature", "properties": { "fid": 3253, "Yapı No_Text": "-04" }, "geometry": { "type": "Point", "coordinates": [ 26.697012648000054, 39.326099729000077 ] } },
{ "type": "Feature", "properties": { "fid": 3254, "Yapı No_Text": "-05" }, "geometry": { "type": "Point", "coordinates": [ 26.696972244000051, 39.326042980000068 ] } },
{ "type": "Feature", "properties": { "fid": 3255, "Yapı No_Text": "-06" }, "geometry": { "type": "Point", "coordinates": [ 26.696954169000037, 39.325978465000048 ] } },
{ "type": "Feature", "properties": { "fid": 3256, "Yapı No_Text": "-07" }, "geometry": { "type": "Point", "coordinates": [ 26.696950937000054, 39.325945083000079 ] } },
{ "type": "Feature", "properties": { "fid": 3257, "Yapı No_Text": "-08" }, "geometry": { "type": "Point", "coordinates": [ 26.696942178000029, 39.325919438000028 ] } },
{ "type": "Feature", "properties": { "fid": 3258, "Yapı No_Text": "-09" }, "geometry": { "type": "Point", "coordinates": [ 26.696907083000042, 39.325861229000054 ] } },
{ "type": "Feature", "properties": { "fid": 3259, "Yapı No_Text": "-10" }, "geometry": { "type": "Point", "coordinates": [ 26.696873813000025, 39.325760183000057 ] } },
{ "type": "Feature", "properties": { "fid": 3260, "Yapı No_Text": "-11" }, "geometry": { "type": "Point", "coordinates": [ 26.696804128000053, 39.325785180000025 ] } },
{ "type": "Feature", "properties": { "fid": 3261, "Yapı No_Text": "-12" }, "geometry": { "type": "Point", "coordinates": [ 26.696724574000029, 39.325826599000038 ] } },
{ "type": "Feature", "properties": { "fid": 3262, "Yapı No_Text": "-13" }, "geometry": { "type": "Point", "coordinates": [ 26.696790005000025, 39.325900880000063 ] } },
{ "type": "Feature", "properties": { "fid": 3263, "Yapı No_Text": "-14" }, "geometry": { "type": "Point", "coordinates": [ 26.696813302000066, 39.325980543000071 ] } },
{ "type": "Feature", "properties": { "fid": 3264, "Yapı No_Text": "-15" }, "geometry": { "type": "Point", "coordinates": [ 26.696864441000059, 39.326081382000041 ] } },
{ "type": "Feature", "properties": { "fid": 3265, "Yapı No_Text": "225" }, "geometry": { "type": "Point", "coordinates": [ 26.696882214000027, 39.326006820000032 ] } },
{ "type": "Feature", "properties": { "fid": 3266, "Yapı No_Text": "228" }, "geometry": { "type": "Point", "coordinates": [ 26.696505247000061, 39.325445560000048 ] } },
{ "type": "Feature", "properties": { "fid": 3267, "Yapı No_Text": "-01" }, "geometry": { "type": "Point", "coordinates": [ 26.696486581000045, 39.32549182200006 ] } },
{ "type": "Feature", "properties": { "fid": 3268, "Yapı No_Text": "-02" }, "geometry": { "type": "Point", "coordinates": [ 26.696483858000079, 39.325378510000064 ] } },
{ "type": "Feature", "properties": { "fid": 3269, "Yapı No_Text": "-01" }, "geometry": { "type": "Point", "coordinates": [ 26.69667326800004, 39.32570422100008 ] } },
{ "type": "Feature", "properties": { "fid": 3270, "Yapı No_Text": "-02" }, "geometry": { "type": "Point", "coordinates": [ 26.696657805000029, 39.325648265000041 ] } },
{ "type": "Feature", "properties": { "fid": 3271, "Yapı No_Text": "-03" }, "geometry": { "type": "Point", "coordinates": [ 26.696605757000043, 39.325597626000047 ] } },
{ "type": "Feature", "properties": { "fid": 3272, "Yapı No_Text": "-04" }, "geometry": { "type": "Point", "coordinates": [ 26.696577190000028, 39.325565490000031 ] } },
{ "type": "Feature", "properties": { "fid": 3273, "Yapı No_Text": "227" }, "geometry": { "type": "Point", "coordinates": [ 26.696663454000031, 39.325595448000058 ] } },
{ "type": "Feature", "properties": { "fid": 3274, "Yapı No_Text": "-01" }, "geometry": { "type": "Point", "coordinates": [ 26.697176739000042, 39.326132095000048 ] } },
{ "type": "Feature", "properties": { "fid": 3275, "Yapı No_Text": "-02" }, "geometry": { "type": "Point", "coordinates": [ 26.697187426000028, 39.326019643000052 ] } },
{ "type": "Feature", "properties": { "fid": 3276, "Yapı No_Text": "-03" }, "geometry": { "type": "Point", "coordinates": [ 26.696896496000079, 39.325504557000045 ] } },
{ "type": "Feature", "properties": { "fid": 3277, "Yapı No_Text": "-04" }, "geometry": { "type": "Point", "coordinates": [ 26.696870699000044, 39.32545708400005 ] } },
{ "type": "Feature", "properties": { "fid": 3278, "Yapı No_Text": "-05" }, "geometry": { "type": "Point", "coordinates": [ 26.696830319000071, 39.325415276000058 ] } },
{ "type": "Feature", "properties": { "fid": 3279, "Yapı No_Text": "-06" }, "geometry": { "type": "Point", "coordinates": [ 26.697154559000069, 39.326078449000079 ] } },
{ "type": "Feature", "properties": { "fid": 3280, "Yapı No_Text": "-07" }, "geometry": { "type": "Point", "coordinates": [ 26.697112296000057, 39.326043804000051 ] } },
{ "type": "Feature", "properties": { "fid": 3281, "Yapı No_Text": "-08" }, "geometry": { "type": "Point", "coordinates": [ 26.697103685000059, 39.32601399400005 ] } },
{ "type": "Feature", "properties": { "fid": 3282, "Yapı No_Text": "-09" }, "geometry": { "type": "Point", "coordinates": [ 26.697053396000058, 39.325924333000046 ] } },
{ "type": "Feature", "properties": { "fid": 3283, "Yapı No_Text": "-10" }, "geometry": { "type": "Point", "coordinates": [ 26.69703637300006, 39.325831362000031 ] } },
{ "type": "Feature", "properties": { "fid": 3284, "Yapı No_Text": "-11" }, "geometry": { "type": "Point", "coordinates": [ 26.696991075000028, 39.325752381000029 ] } },
{ "type": "Feature", "properties": { "fid": 3285, "Yapı No_Text": "-12" }, "geometry": { "type": "Point", "coordinates": [ 26.696961012000031, 39.325678445000051 ] } },
{ "type": "Feature", "properties": { "fid": 3286, "Yapı No_Text": "-13" }, "geometry": { "type": "Point", "coordinates": [ 26.696928263000075, 39.325642349000077 ] } },
{ "type": "Feature", "properties": { "fid": 3287, "Yapı No_Text": "-14" }, "geometry": { "type": "Point", "coordinates": [ 26.696805874000063, 39.325546410000072 ] } },
{ "type": "Feature", "properties": { "fid": 3288, "Yapı No_Text": "-15" }, "geometry": { "type": "Point", "coordinates": [ 26.696721161000028, 39.325475902000051 ] } },
{ "type": "Feature", "properties": { "fid": 3289, "Yapı No_Text": "226" }, "geometry": { "type": "Point", "coordinates": [ 26.69712151400006, 39.325947571000029 ] } },
{ "type": "Feature", "properties": { "fid": 3290, "Yapı No_Text": "-01" }, "geometry": { "type": "Point", "coordinates": [ 26.697425615000043, 39.325927251000053 ] } },
{ "type": "Feature", "properties": { "fid": 3291, "Yapı No_Text": "-02" }, "geometry": { "type": "Point", "coordinates": [ 26.697507069000039, 39.32592046700006 ] } },
{ "type": "Feature", "properties": { "fid": 3292, "Yapı No_Text": "-03" }, "geometry": { "type": "Point", "coordinates": [ 26.697299198000053, 39.325713692000079 ] } },
{ "type": "Feature", "properties": { "fid": 3293, "Yapı No_Text": "-04" }, "geometry": { "type": "Point", "coordinates": [ 26.697308001000067, 39.325537213000075 ] } },
{ "type": "Feature", "properties": { "fid": 3294, "Yapı No_Text": "-05" }, "geometry": { "type": "Point", "coordinates": [ 26.69720443600005, 39.325553282000044 ] } },
{ "type": "Feature", "properties": { "fid": 3295, "Yapı No_Text": "-06" }, "geometry": { "type": "Point", "coordinates": [ 26.697117973000047, 39.325580244000037 ] } },
{ "type": "Feature", "properties": { "fid": 3296, "Yapı No_Text": "-07" }, "geometry": { "type": "Point", "coordinates": [ 26.69706504100003, 39.325586409000039 ] } },
{ "type": "Feature", "properties": { "fid": 3297, "Yapı No_Text": "-08" }, "geometry": { "type": "Point", "coordinates": [ 26.697086445000025, 39.32562050000007 ] } },
{ "type": "Feature", "properties": { "fid": 3298, "Yapı No_Text": "-09" }, "geometry": { "type": "Point", "coordinates": [ 26.697151180000048, 39.325648441000055 ] } },
{ "type": "Feature", "properties": { "fid": 3299, "Yapı No_Text": "-10" }, "geometry": { "type": "Point", "coordinates": [ 26.697145251000052, 39.325682574000041 ] } },
{ "type": "Feature", "properties": { "fid": 3300, "Yapı No_Text": "-11" }, "geometry": { "type": "Point", "coordinates": [ 26.697162654000067, 39.325726189000079 ] } },
{ "type": "Feature", "properties": { "fid": 3301, "Yapı No_Text": "-12" }, "geometry": { "type": "Point", "coordinates": [ 26.697195488000034, 39.325808208000069 ] } },
{ "type": "Feature", "properties": { "fid": 3302, "Yapı No_Text": "91" }, "geometry": { "type": "Point", "coordinates": [ 26.69734081200005, 39.325760556000034 ] } },
{ "type": "Feature", "properties": { "fid": 3303, "Yapı No_Text": "-01" }, "geometry": { "type": "Point", "coordinates": [ 26.693551830000047, 39.321491294000054 ] } },
{ "type": "Feature", "properties": { "fid": 3304, "Yapı No_Text": "-02" }, "geometry": { "type": "Point", "coordinates": [ 26.693612400000063, 39.321506209000063 ] } },
{ "type": "Feature", "properties": { "fid": 3305, "Yapı No_Text": "-03" }, "geometry": { "type": "Point", "coordinates": [ 26.693686469000056, 39.321505308000042 ] } },
{ "type": "Feature", "properties": { "fid": 3306, "Yapı No_Text": "-04" }, "geometry": { "type": "Point", "coordinates": [ 26.693772831000047, 39.321491182000045 ] } },
{ "type": "Feature", "properties": { "fid": 3307, "Yapı No_Text": "-05" }, "geometry": { "type": "Point", "coordinates": [ 26.693873884000027, 39.321455144000026 ] } },
{ "type": "Feature", "properties": { "fid": 3308, "Yapı No_Text": "-06" }, "geometry": { "type": "Point", "coordinates": [ 26.693810026000051, 39.321389402000079 ] } },
{ "type": "Feature", "properties": { "fid": 3309, "Yapı No_Text": "-07" }, "geometry": { "type": "Point", "coordinates": [ 26.693751096000028, 39.321399472000053 ] } },
{ "type": "Feature", "properties": { "fid": 3310, "Yapı No_Text": "-08" }, "geometry": { "type": "Point", "coordinates": [ 26.693607641000028, 39.321424942000078 ] } },
{ "type": "Feature", "properties": { "fid": 3311, "Yapı No_Text": "451" }, "geometry": { "type": "Point", "coordinates": [ 26.693686931000059, 39.321445334000032 ] } },
{ "type": "Feature", "properties": { "fid": 3312, "Yapı No_Text": "-01" }, "geometry": { "type": "Point", "coordinates": [ 26.693624046000025, 39.32174152500005 ] } },
{ "type": "Feature", "properties": { "fid": 3313, "Yapı No_Text": "-02" }, "geometry": { "type": "Point", "coordinates": [ 26.693695946000048, 39.321728300000075 ] } },
{ "type": "Feature", "properties": { "fid": 3314, "Yapı No_Text": "-03" }, "geometry": { "type": "Point", "coordinates": [ 26.693750260000058, 39.321722029000057 ] } },
{ "type": "Feature", "properties": { "fid": 3315, "Yapı No_Text": "-04" }, "geometry": { "type": "Point", "coordinates": [ 26.693790131000071, 39.321694402000048 ] } },
{ "type": "Feature", "properties": { "fid": 3316, "Yapı No_Text": "-05" }, "geometry": { "type": "Point", "coordinates": [ 26.693849768000064, 39.321700393000071 ] } },
{ "type": "Feature", "properties": { "fid": 3317, "Yapı No_Text": "-06" }, "geometry": { "type": "Point", "coordinates": [ 26.693882858000052, 39.321665936000045 ] } },
{ "type": "Feature", "properties": { "fid": 3318, "Yapı No_Text": "-07" }, "geometry": { "type": "Point", "coordinates": [ 26.693948194000029, 39.321629495000025 ] } },
{ "type": "Feature", "properties": { "fid": 3319, "Yapı No_Text": "-08" }, "geometry": { "type": "Point", "coordinates": [ 26.693940276000035, 39.321668885000065 ] } },
{ "type": "Feature", "properties": { "fid": 3320, "Yapı No_Text": "-14" }, "geometry": { "type": "Point", "coordinates": [ 26.693632266000066, 39.321685473000059 ] } },
{ "type": "Feature", "properties": { "fid": 3321, "Yapı No_Text": "-13" }, "geometry": { "type": "Point", "coordinates": [ 26.693616119000069, 39.32162981700003 ] } },
{ "type": "Feature", "properties": { "fid": 3322, "Yapı No_Text": "-12" }, "geometry": { "type": "Point", "coordinates": [ 26.693610793000062, 39.321587426000065 ] } },
{ "type": "Feature", "properties": { "fid": 3323, "Yapı No_Text": "-11" }, "geometry": { "type": "Point", "coordinates": [ 26.693726133000041, 39.321564182000031 ] } },
{ "type": "Feature", "properties": { "fid": 3324, "Yapı No_Text": "-10" }, "geometry": { "type": "Point", "coordinates": [ 26.693810255000074, 39.32159200600006 ] } },
{ "type": "Feature", "properties": { "fid": 3325, "Yapı No_Text": "-09" }, "geometry": { "type": "Point", "coordinates": [ 26.693881253000029, 39.321555303000025 ] } },
{ "type": "Feature", "properties": { "fid": 3326, "Yapı No_Text": "357" }, "geometry": { "type": "Point", "coordinates": [ 26.693720115000076, 39.321634249000056 ] } },
{ "type": "Feature", "properties": { "fid": 3327, "Yapı No_Text": "-01" }, "geometry": { "type": "Point", "coordinates": [ 26.693534811000063, 39.32193034900007 ] } },
{ "type": "Feature", "properties": { "fid": 3328, "Yapı No_Text": "-02" }, "geometry": { "type": "Point", "coordinates": [ 26.693599285000062, 39.321913863000077 ] } },
{ "type": "Feature", "properties": { "fid": 3329, "Yapı No_Text": "-03" }, "geometry": { "type": "Point", "coordinates": [ 26.693669804000024, 39.321894402000055 ] } },
{ "type": "Feature", "properties": { "fid": 3330, "Yapı No_Text": "-04" }, "geometry": { "type": "Point", "coordinates": [ 26.693750229000045, 39.321877348000044 ] } },
{ "type": "Feature", "properties": { "fid": 3331, "Yapı No_Text": "-05" }, "geometry": { "type": "Point", "coordinates": [ 26.693816016000028, 39.32186190300007 ] } },
{ "type": "Feature", "properties": { "fid": 3332, "Yapı No_Text": "-06" }, "geometry": { "type": "Point", "coordinates": [ 26.693891890000032, 39.321853515000043 ] } },
{ "type": "Feature", "properties": { "fid": 3333, "Yapı No_Text": "-07" }, "geometry": { "type": "Point", "coordinates": [ 26.693981969000049, 39.321830172000034 ] } },
{ "type": "Feature", "properties": { "fid": 3334, "Yapı No_Text": "-08" }, "geometry": { "type": "Point", "coordinates": [ 26.694057092000037, 39.321825258000047 ] } },
{ "type": "Feature", "properties": { "fid": 3335, "Yapı No_Text": "-14" }, "geometry": { "type": "Point", "coordinates": [ 26.693570865000027, 39.321854638000048 ] } },
{ "type": "Feature", "properties": { "fid": 3336, "Yapı No_Text": "-13" }, "geometry": { "type": "Point", "coordinates": [ 26.693856443000072, 39.321786970000062 ] } },
{ "type": "Feature", "properties": { "fid": 3337, "Yapı No_Text": "-12" }, "geometry": { "type": "Point", "coordinates": [ 26.693970017000026, 39.321759051000072 ] } },
{ "type": "Feature", "properties": { "fid": 3338, "Yapı No_Text": "-11" }, "geometry": { "type": "Point", "coordinates": [ 26.694038955000053, 39.32171887100003 ] } },
{ "type": "Feature", "properties": { "fid": 3339, "Yapı No_Text": "-10" }, "geometry": { "type": "Point", "coordinates": [ 26.694064156000024, 39.321754996000038 ] } },
{ "type": "Feature", "properties": { "fid": 3340, "Yapı No_Text": "-09" }, "geometry": { "type": "Point", "coordinates": [ 26.694093567000039, 39.321803700000032 ] } },
{ "type": "Feature", "properties": { "fid": 3341, "Yapı No_Text": "-15" }, "geometry": { "type": "Point", "coordinates": [ 26.693483299000036, 39.321878405000064 ] } },
{ "type": "Feature", "properties": { "fid": 3342, "Yapı No_Text": "204" }, "geometry": { "type": "Point", "coordinates": [ 26.693744064000043, 39.321809153000061 ] } },
{ "type": "Feature", "properties": { "fid": 3343, "Yapı No_Text": "205" }, "geometry": { "type": "Point", "coordinates": [ 26.693861120000065, 39.322075461000054 ] } },
{ "type": "Feature", "properties": { "fid": 3344, "Yapı No_Text": "-01" }, "geometry": { "type": "Point", "coordinates": [ 26.693896275000043, 39.321944102000032 ] } },
{ "type": "Feature", "properties": { "fid": 3345, "Yapı No_Text": "-02" }, "geometry": { "type": "Point", "coordinates": [ 26.693970669000066, 39.322195449000048 ] } },
{ "type": "Feature", "properties": { "fid": 3346, "Yapı No_Text": "-03" }, "geometry": { "type": "Point", "coordinates": [ 26.694102078000071, 39.322189154000057 ] } },
{ "type": "Feature", "properties": { "fid": 3347, "Yapı No_Text": "-04" }, "geometry": { "type": "Point", "coordinates": [ 26.694163311000068, 39.322152913000025 ] } },
{ "type": "Feature", "properties": { "fid": 3348, "Yapı No_Text": "-05A" }, "geometry": { "type": "Point", "coordinates": [ 26.69411001900005, 39.322097972000051 ] } },
{ "type": "Feature", "properties": { "fid": 3349, "Yapı No_Text": "-06" }, "geometry": { "type": "Point", "coordinates": [ 26.694094810000024, 39.321961135000038 ] } },
{ "type": "Feature", "properties": { "fid": 3350, "Yapı No_Text": "-07" }, "geometry": { "type": "Point", "coordinates": [ 26.694092023000053, 39.321912799000074 ] } },
{ "type": "Feature", "properties": { "fid": 3351, "Yapı No_Text": "-08" }, "geometry": { "type": "Point", "coordinates": [ 26.693991004000054, 39.32193433100008 ] } },
{ "type": "Feature", "properties": { "fid": 3352, "Yapı No_Text": "-05B" }, "geometry": { "type": "Point", "coordinates": [ 26.694119244000035, 39.322057142000062 ] } },
{ "type": "Feature", "properties": { "fid": 3353, "Yapı No_Text": "-01" }, "geometry": { "type": "Point", "coordinates": [ 26.694420093000076, 39.322396037000033 ] } },
{ "type": "Feature", "properties": { "fid": 3354, "Yapı No_Text": "-02" }, "geometry": { "type": "Point", "coordinates": [ 26.694435342000077, 39.322314731000063 ] } },
{ "type": "Feature", "properties": { "fid": 3355, "Yapı No_Text": "-03" }, "geometry": { "type": "Point", "coordinates": [ 26.694461613000044, 39.322255947000031 ] } },
{ "type": "Feature", "properties": { "fid": 3356, "Yapı No_Text": "-04" }, "geometry": { "type": "Point", "coordinates": [ 26.69449955400006, 39.322199498000032 ] } },
{ "type": "Feature", "properties": { "fid": 3357, "Yapı No_Text": "-05" }, "geometry": { "type": "Point", "coordinates": [ 26.694493131000058, 39.322136722000039 ] } },
{ "type": "Feature", "properties": { "fid": 3358, "Yapı No_Text": "-06" }, "geometry": { "type": "Point", "coordinates": [ 26.694507817000044, 39.322074440000051 ] } },
{ "type": "Feature", "properties": { "fid": 3359, "Yapı No_Text": "-07" }, "geometry": { "type": "Point", "coordinates": [ 26.694570835000036, 39.322000826000078 ] } },
{ "type": "Feature", "properties": { "fid": 3360, "Yapı No_Text": "-08" }, "geometry": { "type": "Point", "coordinates": [ 26.694508962000043, 39.321972085000027 ] } },
{ "type": "Feature", "properties": { "fid": 3361, "Yapı No_Text": "-15" }, "geometry": { "type": "Point", "coordinates": [ 26.69438880000007, 39.322215220000032 ] } },
{ "type": "Feature", "properties": { "fid": 3362, "Yapı No_Text": "-14" }, "geometry": { "type": "Point", "coordinates": [ 26.694357029000059, 39.322150740000041 ] } },
{ "type": "Feature", "properties": { "fid": 3363, "Yapı No_Text": "-12" }, "geometry": { "type": "Point", "coordinates": [ 26.694309044000079, 39.322047160000068 ] } },
{ "type": "Feature", "properties": { "fid": 3364, "Yapı No_Text": "-11" }, "geometry": { "type": "Point", "coordinates": [ 26.694317654000031, 39.321980901000074 ] } },
{ "type": "Feature", "properties": { "fid": 3365, "Yapı No_Text": "-10" }, "geometry": { "type": "Point", "coordinates": [ 26.694308077000073, 39.321927910000056 ] } },
{ "type": "Feature", "properties": { "fid": 3366, "Yapı No_Text": "-09" }, "geometry": { "type": "Point", "coordinates": [ 26.694436370000062, 39.32196712700005 ] } },
{ "type": "Feature", "properties": { "fid": 3367, "Yapı No_Text": "358" }, "geometry": { "type": "Point", "coordinates": [ 26.694385875000023, 39.322049912000068 ] } },
{ "type": "Feature", "properties": { "fid": 3368, "Yapı No_Text": "-01" }, "geometry": { "type": "Point", "coordinates": [ 26.694685837000065, 39.32206771500006 ] } },
{ "type": "Feature", "properties": { "fid": 3369, "Yapı No_Text": "-02" }, "geometry": { "type": "Point", "coordinates": [ 26.694750313000043, 39.322051228000078 ] } },
{ "type": "Feature", "properties": { "fid": 3370, "Yapı No_Text": "-03" }, "geometry": { "type": "Point", "coordinates": [ 26.694891247000044, 39.321974615000045 ] } },
{ "type": "Feature", "properties": { "fid": 3371, "Yapı No_Text": "-04" }, "geometry": { "type": "Point", "coordinates": [ 26.694947782000042, 39.321996785000067 ] } },
{ "type": "Feature", "properties": { "fid": 3372, "Yapı No_Text": "-05" }, "geometry": { "type": "Point", "coordinates": [ 26.695015036000029, 39.32199915700005 ] } },
{ "type": "Feature", "properties": { "fid": 3373, "Yapı No_Text": "-06" }, "geometry": { "type": "Point", "coordinates": [ 26.695148482000036, 39.321972740000035 ] } },
{ "type": "Feature", "properties": { "fid": 3374, "Yapı No_Text": "-07" }, "geometry": { "type": "Point", "coordinates": [ 26.695241718000034, 39.321936986000026 ] } },
{ "type": "Feature", "properties": { "fid": 3375, "Yapı No_Text": "-08" }, "geometry": { "type": "Point", "coordinates": [ 26.695309844000064, 39.321929577000049 ] } },
{ "type": "Feature", "properties": { "fid": 3376, "Yapı No_Text": "-12" }, "geometry": { "type": "Point", "coordinates": [ 26.694996930000059, 39.321956954000029 ] } },
{ "type": "Feature", "properties": { "fid": 3377, "Yapı No_Text": "-11" }, "geometry": { "type": "Point", "coordinates": [ 26.69514035900005, 39.321926664000046 ] } },
{ "type": "Feature", "properties": { "fid": 3378, "Yapı No_Text": "-10" }, "geometry": { "type": "Point", "coordinates": [ 26.695356635000053, 39.32188338800006 ] } },
{ "type": "Feature", "properties": { "fid": 3379, "Yapı No_Text": "-09" }, "geometry": { "type": "Point", "coordinates": [ 26.695367146000024, 39.32191956500003 ] } },
{ "type": "Feature", "properties": { "fid": 3380, "Yapı No_Text": "-14" }, "geometry": { "type": "Point", "coordinates": [ 26.694716916000061, 39.321975018000046 ] } },
{ "type": "Feature", "properties": { "fid": 3381, "Yapı No_Text": "455" }, "geometry": { "type": "Point", "coordinates": [ 26.695065744000033, 39.321952528000054 ] } },
{ "type": "Feature", "properties": { "fid": 3382, "Yapı No_Text": "-01" }, "geometry": { "type": "Point", "coordinates": [ 26.694760955000049, 39.321908603000054 ] } },
{ "type": "Feature", "properties": { "fid": 3383, "Yapı No_Text": "-02" }, "geometry": { "type": "Point", "coordinates": [ 26.694830156000023, 39.321891018000031 ] } },
{ "type": "Feature", "properties": { "fid": 3384, "Yapı No_Text": "-03" }, "geometry": { "type": "Point", "coordinates": [ 26.694900662000066, 39.321886052000025 ] } },
{ "type": "Feature", "properties": { "fid": 3385, "Yapı No_Text": "-04" }, "geometry": { "type": "Point", "coordinates": [ 26.694999150000058, 39.321876043000032 ] } },
{ "type": "Feature", "properties": { "fid": 3386, "Yapı No_Text": "-05" }, "geometry": { "type": "Point", "coordinates": [ 26.695074542000043, 39.321864207000033 ] } },
{ "type": "Feature", "properties": { "fid": 3387, "Yapı No_Text": "-06" }, "geometry": { "type": "Point", "coordinates": [ 26.695145933000049, 39.321835193000027 ] } },
{ "type": "Feature", "properties": { "fid": 3388, "Yapı No_Text": "-07" }, "geometry": { "type": "Point", "coordinates": [ 26.69522055300007, 39.321834404000072 ] } },
{ "type": "Feature", "properties": { "fid": 3389, "Yapı No_Text": "-08" }, "geometry": { "type": "Point", "coordinates": [ 26.695281645000023, 39.321817078000038 ] } },
{ "type": "Feature", "properties": { "fid": 3390, "Yapı No_Text": "-12" }, "geometry": { "type": "Point", "coordinates": [ 26.695300106000047, 39.321639661000063 ] } },
{ "type": "Feature", "properties": { "fid": 3391, "Yapı No_Text": "-11" }, "geometry": { "type": "Point", "coordinates": [ 26.695314171000064, 39.32169224300003 ] } },
{ "type": "Feature", "properties": { "fid": 3392, "Yapı No_Text": "-10" }, "geometry": { "type": "Point", "coordinates": [ 26.695321235000051, 39.32175621500005 ] } },
{ "type": "Feature", "properties": { "fid": 3393, "Yapı No_Text": "-09" }, "geometry": { "type": "Point", "coordinates": [ 26.695339792000027, 39.321813847000044 ] } },
{ "type": "Feature", "properties": { "fid": 3394, "Yapı No_Text": "-14" }, "geometry": { "type": "Point", "coordinates": [ 26.695180562000075, 39.321698188000028 ] } },
{ "type": "Feature", "properties": { "fid": 3395, "Yapı No_Text": "-13" }, "geometry": { "type": "Point", "coordinates": [ 26.695231886000045, 39.321692704000043 ] } },
{ "type": "Feature", "properties": { "fid": 3396, "Yapı No_Text": "-15" }, "geometry": { "type": "Point", "coordinates": [ 26.695099958000071, 39.321718174000068 ] } },
{ "type": "Feature", "properties": { "fid": 3397, "Yapı No_Text": "-16" }, "geometry": { "type": "Point", "coordinates": [ 26.695038160000024, 39.321719530000053 ] } },
{ "type": "Feature", "properties": { "fid": 3398, "Yapı No_Text": "-17A" }, "geometry": { "type": "Point", "coordinates": [ 26.695015168000054, 39.321759607000047 ] } },
{ "type": "Feature", "properties": { "fid": 3399, "Yapı No_Text": "-17B" }, "geometry": { "type": "Point", "coordinates": [ 26.694944990000067, 39.321744368000054 ] } },
{ "type": "Feature", "properties": { "fid": 3400, "Yapı No_Text": "-19" }, "geometry": { "type": "Point", "coordinates": [ 26.694828962000031, 39.32174709800006 ] } },
{ "type": "Feature", "properties": { "fid": 3401, "Yapı No_Text": "-20" }, "geometry": { "type": "Point", "coordinates": [ 26.694833804000041, 39.321791335000057 ] } },
{ "type": "Feature", "properties": { "fid": 3402, "Yapı No_Text": "-21" }, "geometry": { "type": "Point", "coordinates": [ 26.694797306000055, 39.321849230000055 ] } },
{ "type": "Feature", "properties": { "fid": 3403, "Yapı No_Text": "-18" }, "geometry": { "type": "Point", "coordinates": [ 26.694908004000069, 39.321721635000074 ] } },
{ "type": "Feature", "properties": { "fid": 3404, "Yapı No_Text": "456" }, "geometry": { "type": "Point", "coordinates": [ 26.695039405000045, 39.321809299000051 ] } },
{ "type": "Feature", "properties": { "fid": 3405, "Yapı No_Text": "48" }, "geometry": { "type": "Point", "coordinates": [ 26.691845293000029, 39.32017770200008 ] } },
{ "type": "Feature", "properties": { "fid": 3406, "Yapı No_Text": "-01" }, "geometry": { "type": "Point", "coordinates": [ 26.691947618000029, 39.320156806000057 ] } },
{ "type": "Feature", "properties": { "fid": 3407, "Yapı No_Text": "Ataturk Cd. 6. sk. " }, "geometry": { "type": "Point", "coordinates": [ 26.692098304000069, 39.320382491000032 ] } },
{ "type": "Feature", "properties": { "fid": 3408, "Yapı No_Text": "Ataturk Cd. 7. sk. " }, "geometry": { "type": "Point", "coordinates": [ 26.692249017000051, 39.320670356000051 ] } },
{ "type": "Feature", "properties": { "fid": 3409, "Yapı No_Text": "910" }, "geometry": { "type": "Point", "coordinates": [ 26.693301063000035, 39.321285428000067 ] } },
{ "type": "Feature", "properties": { "fid": 3410, "Yapı No_Text": "-03" }, "geometry": { "type": "Point", "coordinates": [ 26.690811812000049, 39.313229868000064 ] } },
{ "type": "Feature", "properties": { "fid": 3411, "Yapı No_Text": "-02" }, "geometry": { "type": "Point", "coordinates": [ 26.690785310000024, 39.313290844000051 ] } },
{ "type": "Feature", "properties": { "fid": 3412, "Yapı No_Text": "-01" }, "geometry": { "type": "Point", "coordinates": [ 26.69076565000006, 39.313333817000057 ] } },
{ "type": "Feature", "properties": { "fid": 3413, "Yapı No_Text": "-21" }, "geometry": { "type": "Point", "coordinates": [ 26.690606204000062, 39.313219134000065 ] } },
{ "type": "Feature", "properties": { "fid": 3414, "Yapı No_Text": "-19" }, "geometry": { "type": "Point", "coordinates": [ 26.690706410000075, 39.313111219000064 ] } },
{ "type": "Feature", "properties": { "fid": 3415, "Yapı No_Text": "-18" }, "geometry": { "type": "Point", "coordinates": [ 26.690673209000067, 39.313038955000025 ] } },
{ "type": "Feature", "properties": { "fid": 3416, "Yapı No_Text": "-17" }, "geometry": { "type": "Point", "coordinates": [ 26.690700458000038, 39.312998800000059 ] } },
{ "type": "Feature", "properties": { "fid": 3417, "Yapı No_Text": "-16" }, "geometry": { "type": "Point", "coordinates": [ 26.690938306000078, 39.31273445000005 ] } },
{ "type": "Feature", "properties": { "fid": 3418, "Yapı No_Text": "-15" }, "geometry": { "type": "Point", "coordinates": [ 26.691033446000063, 39.312762572000054 ] } },
{ "type": "Feature", "properties": { "fid": 3419, "Yapı No_Text": "-14" }, "geometry": { "type": "Point", "coordinates": [ 26.691080297000042, 39.312795016000052 ] } },
{ "type": "Feature", "properties": { "fid": 3420, "Yapı No_Text": "-13" }, "geometry": { "type": "Point", "coordinates": [ 26.69112059400004, 39.312824456000044 ] } },
{ "type": "Feature", "properties": { "fid": 3421, "Yapı No_Text": "-12" }, "geometry": { "type": "Point", "coordinates": [ 26.691082907000066, 39.312881259000051 ] } },
{ "type": "Feature", "properties": { "fid": 3422, "Yapı No_Text": "-11" }, "geometry": { "type": "Point", "coordinates": [ 26.691040056000077, 39.312911866000036 ] } },
{ "type": "Feature", "properties": { "fid": 3423, "Yapı No_Text": "-10" }, "geometry": { "type": "Point", "coordinates": [ 26.691023745000052, 39.312954012000034 ] } },
{ "type": "Feature", "properties": { "fid": 3424, "Yapı No_Text": "-09" }, "geometry": { "type": "Point", "coordinates": [ 26.690988530000027, 39.31299699200008 ] } },
{ "type": "Feature", "properties": { "fid": 3425, "Yapı No_Text": "-08" }, "geometry": { "type": "Point", "coordinates": [ 26.69097002500007, 39.313026151000031 ] } },
{ "type": "Feature", "properties": { "fid": 3426, "Yapı No_Text": "-07" }, "geometry": { "type": "Point", "coordinates": [ 26.690929768000046, 39.313056642000049 ] } },
{ "type": "Feature", "properties": { "fid": 3427, "Yapı No_Text": "-06" }, "geometry": { "type": "Point", "coordinates": [ 26.690875901000027, 39.313075598000069 ] } },
{ "type": "Feature", "properties": { "fid": 3428, "Yapı No_Text": "-05" }, "geometry": { "type": "Point", "coordinates": [ 26.690880236000055, 39.313129357000037 ] } },
{ "type": "Feature", "properties": { "fid": 3429, "Yapı No_Text": "-04" }, "geometry": { "type": "Point", "coordinates": [ 26.690849476000039, 39.313172629000064 ] } },
{ "type": "Feature", "properties": { "fid": 3430, "Yapı No_Text": "-20" }, "geometry": { "type": "Point", "coordinates": [ 26.690685625000071, 39.313189029000057 ] } },
{ "type": "Feature", "properties": { "fid": 3431, "Yapı No_Text": "-m " }, "geometry": { "type": "Point", "coordinates": [ 26.690836019000074, 39.31287973600007 ] } },
{ "type": "Feature", "properties": { "fid": 3432, "Yapı No_Text": "-22" }, "geometry": { "type": "Point", "coordinates": [ 26.690714042000025, 39.313296722000075 ] } },
{ "type": "Feature", "properties": { "fid": 3433, "Yapı No_Text": "-m " }, "geometry": { "type": "Point", "coordinates": [ 26.690580246000025, 39.313170355000068 ] } },
{ "type": "Feature", "properties": { "fid": 3434, "Yapı No_Text": "161" }, "geometry": { "type": "Point", "coordinates": [ 26.69086560900007, 39.312966950000032 ] } },
{ "type": "Feature", "properties": { "fid": 3435, "Yapı No_Text": "-03" }, "geometry": { "type": "Point", "coordinates": [ 26.690492574000075, 39.31303478500007 ] } },
{ "type": "Feature", "properties": { "fid": 3436, "Yapı No_Text": "-02" }, "geometry": { "type": "Point", "coordinates": [ 26.690466072000049, 39.313095759000078 ] } },
{ "type": "Feature", "properties": { "fid": 3437, "Yapı No_Text": "-01" }, "geometry": { "type": "Point", "coordinates": [ 26.690446417000032, 39.313138730000048 ] } },
{ "type": "Feature", "properties": { "fid": 3438, "Yapı No_Text": "-21" }, "geometry": { "type": "Point", "coordinates": [ 26.690123207000056, 39.313033432000054 ] } },
{ "type": "Feature", "properties": { "fid": 3439, "Yapı No_Text": "-19" }, "geometry": { "type": "Point", "coordinates": [ 26.690186279000045, 39.312775664000071 ] } },
{ "type": "Feature", "properties": { "fid": 3440, "Yapı No_Text": "-18" }, "geometry": { "type": "Point", "coordinates": [ 26.690363373000025, 39.312544885000079 ] } },
{ "type": "Feature", "properties": { "fid": 3441, "Yapı No_Text": "-17" }, "geometry": { "type": "Point", "coordinates": [ 26.690515111000025, 39.312288081000077 ] } },
{ "type": "Feature", "properties": { "fid": 3442, "Yapı No_Text": "-16" }, "geometry": { "type": "Point", "coordinates": [ 26.690620011000078, 39.312118772000076 ] } },
{ "type": "Feature", "properties": { "fid": 3443, "Yapı No_Text": "-15" }, "geometry": { "type": "Point", "coordinates": [ 26.690895048000073, 39.312134395000044 ] } },
{ "type": "Feature", "properties": { "fid": 3444, "Yapı No_Text": "-14" }, "geometry": { "type": "Point", "coordinates": [ 26.690877463000049, 39.312315179000052 ] } },
{ "type": "Feature", "properties": { "fid": 3445, "Yapı No_Text": "-13" }, "geometry": { "type": "Point", "coordinates": [ 26.690837098000031, 39.312422905000062 ] } },
{ "type": "Feature", "properties": { "fid": 3446, "Yapı No_Text": "-12" }, "geometry": { "type": "Point", "coordinates": [ 26.690835077000031, 39.312537979000069 ] } },
{ "type": "Feature", "properties": { "fid": 3447, "Yapı No_Text": "-11" }, "geometry": { "type": "Point", "coordinates": [ 26.690832409000052, 39.312581987000044 ] } },
{ "type": "Feature", "properties": { "fid": 3448, "Yapı No_Text": "-10" }, "geometry": { "type": "Point", "coordinates": [ 26.690775817000031, 39.312688757000046 ] } },
{ "type": "Feature", "properties": { "fid": 3449, "Yapı No_Text": "-09" }, "geometry": { "type": "Point", "coordinates": [ 26.690743252000061, 39.312744697000028 ] } },
{ "type": "Feature", "properties": { "fid": 3450, "Yapı No_Text": "-08" }, "geometry": { "type": "Point", "coordinates": [ 26.690716413000075, 39.312794569000062 ] } },
{ "type": "Feature", "properties": { "fid": 3451, "Yapı No_Text": "-07" }, "geometry": { "type": "Point", "coordinates": [ 26.690654104000032, 39.31285176800003 ] } },
{ "type": "Feature", "properties": { "fid": 3452, "Yapı No_Text": "-06" }, "geometry": { "type": "Point", "coordinates": [ 26.690619083000058, 39.312883802000044 ] } },
{ "type": "Feature", "properties": { "fid": 3453, "Yapı No_Text": "-05" }, "geometry": { "type": "Point", "coordinates": [ 26.690608698000062, 39.312923377000061 ] } },
{ "type": "Feature", "properties": { "fid": 3454, "Yapı No_Text": "-04" }, "geometry": { "type": "Point", "coordinates": [ 26.690580591000071, 39.312941288000047 ] } },
{ "type": "Feature", "properties": { "fid": 3455, "Yapı No_Text": "-20" }, "geometry": { "type": "Point", "coordinates": [ 26.690047458000038, 39.312949575000061 ] } },
{ "type": "Feature", "properties": { "fid": 3456, "Yapı No_Text": "160" }, "geometry": { "type": "Point", "coordinates": [ 26.690546372000028, 39.312771867000038 ] } },
{ "type": "Feature", "properties": { "fid": 3457, "Yapı No_Text": "-38" }, "geometry": { "type": "Point", "coordinates": [ 26.689517307000074, 39.312442813000075 ] } },
{ "type": "Feature", "properties": { "fid": 3458, "Yapı No_Text": "-26" }, "geometry": { "type": "Point", "coordinates": [ 26.690330523000057, 39.312949026000069 ] } },
{ "type": "Feature", "properties": { "fid": 3459, "Yapı No_Text": "-27" }, "geometry": { "type": "Point", "coordinates": [ 26.689652858000045, 39.312814032000063 ] } },
{ "type": "Feature", "properties": { "fid": 3460, "Yapı No_Text": "-28" }, "geometry": { "type": "Point", "coordinates": [ 26.689779046000069, 39.31266430800008 ] } },
{ "type": "Feature", "properties": { "fid": 3461, "Yapı No_Text": "-29" }, "geometry": { "type": "Point", "coordinates": [ 26.689856737000071, 39.312512570000024 ] } },
{ "type": "Feature", "properties": { "fid": 3462, "Yapı No_Text": "-30" }, "geometry": { "type": "Point", "coordinates": [ 26.689978150000059, 39.312350265000077 ] } },
{ "type": "Feature", "properties": { "fid": 3463, "Yapı No_Text": "-31" }, "geometry": { "type": "Point", "coordinates": [ 26.690206371000045, 39.312154340000063 ] } },
{ "type": "Feature", "properties": { "fid": 3464, "Yapı No_Text": "-32" }, "geometry": { "type": "Point", "coordinates": [ 26.690351578000048, 39.311969662000024 ] } },
{ "type": "Feature", "properties": { "fid": 3465, "Yapı No_Text": "-33" }, "geometry": { "type": "Point", "coordinates": [ 26.690024332000064, 39.312066471000037 ] } },
{ "type": "Feature", "properties": { "fid": 3466, "Yapı No_Text": "-34" }, "geometry": { "type": "Point", "coordinates": [ 26.689687830000025, 39.31192429500004 ] } },
{ "type": "Feature", "properties": { "fid": 3467, "Yapı No_Text": "-35" }, "geometry": { "type": "Point", "coordinates": [ 26.690112753000051, 39.311936428000024 ] } },
{ "type": "Feature", "properties": { "fid": 3468, "Yapı No_Text": "-36" }, "geometry": { "type": "Point", "coordinates": [ 26.688929389000066, 39.312504884000077 ] } },
{ "type": "Feature", "properties": { "fid": 3469, "Yapı No_Text": "-37" }, "geometry": { "type": "Point", "coordinates": [ 26.689085006000028, 39.312568838000061 ] } },
{ "type": "Feature", "properties": { "fid": 3470, "Yapı No_Text": "-22" }, "geometry": { "type": "Point", "coordinates": [ 26.690170917000046, 39.313043567000079 ] } },
{ "type": "Feature", "properties": { "fid": 3471, "Yapı No_Text": "-23" }, "geometry": { "type": "Point", "coordinates": [ 26.690215059000025, 39.313078776000054 ] } },
{ "type": "Feature", "properties": { "fid": 3472, "Yapı No_Text": "-24" }, "geometry": { "type": "Point", "coordinates": [ 26.69026662300007, 39.313040994000062 ] } },
{ "type": "Feature", "properties": { "fid": 3473, "Yapı No_Text": "-25" }, "geometry": { "type": "Point", "coordinates": [ 26.690297304000069, 39.313012557000036 ] } },
{ "type": "Feature", "properties": { "fid": 3474, "Yapı No_Text": "-03" }, "geometry": { "type": "Point", "coordinates": [ 26.689365771000041, 39.312858213000027 ] } },
{ "type": "Feature", "properties": { "fid": 3475, "Yapı No_Text": "-02" }, "geometry": { "type": "Point", "coordinates": [ 26.689480093000043, 39.312986091000027 ] } },
{ "type": "Feature", "properties": { "fid": 3476, "Yapı No_Text": "-01" }, "geometry": { "type": "Point", "coordinates": [ 26.68974914000006, 39.31310751400008 ] } },
{ "type": "Feature", "properties": { "fid": 3477, "Yapı No_Text": "-06" }, "geometry": { "type": "Point", "coordinates": [ 26.688998468000023, 39.312725024000031 ] } },
{ "type": "Feature", "properties": { "fid": 3478, "Yapı No_Text": "-05" }, "geometry": { "type": "Point", "coordinates": [ 26.689216771000076, 39.312790820000032 ] } },
{ "type": "Feature", "properties": { "fid": 3479, "Yapı No_Text": "-04" }, "geometry": { "type": "Point", "coordinates": [ 26.689289938000059, 39.312820436000038 ] } },
{ "type": "Feature", "properties": { "fid": 3480, "Yapı No_Text": "14" }, "geometry": { "type": "Point", "coordinates": [ 26.689255492000029, 39.312922139000079 ] } },
{ "type": "Feature", "properties": { "fid": 3481, "Yapı No_Text": "-m " }, "geometry": { "type": "Point", "coordinates": [ 26.689673904000074, 39.312604843000031 ] } },
{ "type": "Feature", "properties": { "fid": 3482, "Yapı No_Text": "160" }, "geometry": { "type": "Point", "coordinates": [ 26.690462459000059, 39.312460273000056 ] } },
{ "type": "Feature", "properties": { "fid": 3483, "Yapı No_Text": "160" }, "geometry": { "type": "Point", "coordinates": [ 26.689286358000061, 39.312385904000053 ] } },
{ "type": "Feature", "properties": { "fid": 3484, "Yapı No_Text": "13" }, "geometry": { "type": "Point", "coordinates": [ 26.688952563000043, 39.311955828000066 ] } },
{ "type": "Feature", "properties": { "fid": 3485, "Yapı No_Text": "-03" }, "geometry": { "type": "Point", "coordinates": [ 26.689125386000057, 39.311819387000071 ] } },
{ "type": "Feature", "properties": { "fid": 3486, "Yapı No_Text": "-02" }, "geometry": { "type": "Point", "coordinates": [ 26.689078902000062, 39.311950984000077 ] } },
{ "type": "Feature", "properties": { "fid": 3487, "Yapı No_Text": "-01" }, "geometry": { "type": "Point", "coordinates": [ 26.688620728000046, 39.31238257800004 ] } },
{ "type": "Feature", "properties": { "fid": 3488, "Yapı No_Text": "-01" }, "geometry": { "type": "Point", "coordinates": [ 26.688870848000079, 39.312372379000067 ] } },
{ "type": "Feature", "properties": { "fid": 3489, "Yapı No_Text": "-01" }, "geometry": { "type": "Point", "coordinates": [ 26.688976898000078, 39.31215515100007 ] } },
{ "type": "Feature", "properties": { "fid": 3490, "Yapı No_Text": "15" }, "geometry": { "type": "Point", "coordinates": [ 26.690057054000079, 39.313246616000072 ] } },
{ "type": "Feature", "properties": { "fid": 3491, "Yapı No_Text": "-03" }, "geometry": { "type": "Point", "coordinates": [ 26.690097051000066, 39.313251067000067 ] } },
{ "type": "Feature", "properties": { "fid": 3492, "Yapı No_Text": "-02" }, "geometry": { "type": "Point", "coordinates": [ 26.69007055000003, 39.313312044000043 ] } },
{ "type": "Feature", "properties": { "fid": 3493, "Yapı No_Text": "-01" }, "geometry": { "type": "Point", "coordinates": [ 26.690050891000055, 39.313355014000081 ] } },
{ "type": "Feature", "properties": { "fid": 3494, "Yapı No_Text": "-09" }, "geometry": { "type": "Point", "coordinates": [ 26.689970368000047, 39.313309348000075 ] } },
{ "type": "Feature", "properties": { "fid": 3495, "Yapı No_Text": "-08" }, "geometry": { "type": "Point", "coordinates": [ 26.689985670000056, 39.313218230000075 ] } },
{ "type": "Feature", "properties": { "fid": 3496, "Yapı No_Text": "-07" }, "geometry": { "type": "Point", "coordinates": [ 26.690033818000074, 39.313149252000073 ] } },
{ "type": "Feature", "properties": { "fid": 3497, "Yapı No_Text": "-06" }, "geometry": { "type": "Point", "coordinates": [ 26.690087681000023, 39.313161052000055 ] } },
{ "type": "Feature", "properties": { "fid": 3498, "Yapı No_Text": "-05" }, "geometry": { "type": "Point", "coordinates": [ 26.690162612000051, 39.313166567000053 ] } },
{ "type": "Feature", "properties": { "fid": 3499, "Yapı No_Text": "-04" }, "geometry": { "type": "Point", "coordinates": [ 26.690129816000024, 39.313211188000025 ] } },
{ "type": "Feature", "properties": { "fid": 3500, "Yapı No_Text": "16" }, "geometry": { "type": "Point", "coordinates": [ 26.69024081200007, 39.313319365000041 ] } },
{ "type": "Feature", "properties": { "fid": 3501, "Yapı No_Text": "-03" }, "geometry": { "type": "Point", "coordinates": [ 26.69035197200003, 39.313265479000052 ] } },
{ "type": "Feature", "properties": { "fid": 3502, "Yapı No_Text": "-02" }, "geometry": { "type": "Point", "coordinates": [ 26.690216712000051, 39.31337906300007 ] } },
{ "type": "Feature", "properties": { "fid": 3503, "Yapı No_Text": "-06" }, "geometry": { "type": "Point", "coordinates": [ 26.690209669000069, 39.313286714000071 ] } },
{ "type": "Feature", "properties": { "fid": 3504, "Yapı No_Text": "-05" }, "geometry": { "type": "Point", "coordinates": [ 26.690233343000045, 39.313252320000061 ] } },
{ "type": "Feature", "properties": { "fid": 3505, "Yapı No_Text": "-04" }, "geometry": { "type": "Point", "coordinates": [ 26.690311147000045, 39.313242468000055 ] } },
{ "type": "Feature", "properties": { "fid": 3506, "Yapı No_Text": "-03" }, "geometry": { "type": "Point", "coordinates": [ 26.691260262000071, 39.312614031000066 ] } },
{ "type": "Feature", "properties": { "fid": 3507, "Yapı No_Text": "-02" }, "geometry": { "type": "Point", "coordinates": [ 26.691250162000074, 39.312664717000075 ] } },
{ "type": "Feature", "properties": { "fid": 3508, "Yapı No_Text": "-01" }, "geometry": { "type": "Point", "coordinates": [ 26.691212348000079, 39.31270631600006 ] } },
{ "type": "Feature", "properties": { "fid": 3509, "Yapı No_Text": "-19" }, "geometry": { "type": "Point", "coordinates": [ 26.691087280000033, 39.312694478000026 ] } },
{ "type": "Feature", "properties": { "fid": 3510, "Yapı No_Text": "-18" }, "geometry": { "type": "Point", "coordinates": [ 26.691107591000048, 39.312648644000035 ] } },
{ "type": "Feature", "properties": { "fid": 3511, "Yapı No_Text": "-17" }, "geometry": { "type": "Point", "coordinates": [ 26.691134623000039, 39.31255369400003 ] } },
{ "type": "Feature", "properties": { "fid": 3512, "Yapı No_Text": "-16" }, "geometry": { "type": "Point", "coordinates": [ 26.69104092200007, 39.31255582600005 ] } },
{ "type": "Feature", "properties": { "fid": 3513, "Yapı No_Text": "-15" }, "geometry": { "type": "Point", "coordinates": [ 26.691063650000046, 39.312490991000061 ] } },
{ "type": "Feature", "properties": { "fid": 3514, "Yapı No_Text": "-14" }, "geometry": { "type": "Point", "coordinates": [ 26.691043461000049, 39.312403231000076 ] } },
{ "type": "Feature", "properties": { "fid": 3515, "Yapı No_Text": "-13" }, "geometry": { "type": "Point", "coordinates": [ 26.691055254000048, 39.31234947400003 ] } },
{ "type": "Feature", "properties": { "fid": 3516, "Yapı No_Text": "-12" }, "geometry": { "type": "Point", "coordinates": [ 26.691239639000059, 39.312258326000062 ] } },
{ "type": "Feature", "properties": { "fid": 3517, "Yapı No_Text": "-11" }, "geometry": { "type": "Point", "coordinates": [ 26.691372344000058, 39.312274547000072 ] } },
{ "type": "Feature", "properties": { "fid": 3518, "Yapı No_Text": "-10" }, "geometry": { "type": "Point", "coordinates": [ 26.691431518000059, 39.312287917000049 ] } },
{ "type": "Feature", "properties": { "fid": 3519, "Yapı No_Text": "-09" }, "geometry": { "type": "Point", "coordinates": [ 26.691437139000072, 39.312394310000059 ] } },
{ "type": "Feature", "properties": { "fid": 3520, "Yapı No_Text": "-08" }, "geometry": { "type": "Point", "coordinates": [ 26.691317671000036, 39.312415522000038 ] } },
{ "type": "Feature", "properties": { "fid": 3521, "Yapı No_Text": "-07" }, "geometry": { "type": "Point", "coordinates": [ 26.691378377000035, 39.312453961000074 ] } },
{ "type": "Feature", "properties": { "fid": 3522, "Yapı No_Text": "-06" }, "geometry": { "type": "Point", "coordinates": [ 26.69132703300005, 39.312535495000077 ] } },
{ "type": "Feature", "properties": { "fid": 3523, "Yapı No_Text": "-05" }, "geometry": { "type": "Point", "coordinates": [ 26.691320222000058, 39.312566573000026 ] } },
{ "type": "Feature", "properties": { "fid": 3524, "Yapı No_Text": "-04" }, "geometry": { "type": "Point", "coordinates": [ 26.691286529000024, 39.312592744000028 ] } },
{ "type": "Feature", "properties": { "fid": 3525, "Yapı No_Text": "-20" }, "geometry": { "type": "Point", "coordinates": [ 26.691147173000047, 39.31271726500006 ] } },
{ "type": "Feature", "properties": { "fid": 3526, "Yapı No_Text": "159" }, "geometry": { "type": "Point", "coordinates": [ 26.691314220000038, 39.312364270000046 ] } },
{ "type": "Feature", "properties": { "fid": 3527, "Yapı No_Text": "-03" }, "geometry": { "type": "Point", "coordinates": [ 26.691047813000068, 39.313245147000032 ] } },
{ "type": "Feature", "properties": { "fid": 3528, "Yapı No_Text": "-02" }, "geometry": { "type": "Point", "coordinates": [ 26.690995321000059, 39.313316118000046 ] } },
{ "type": "Feature", "properties": { "fid": 3529, "Yapı No_Text": "-01" }, "geometry": { "type": "Point", "coordinates": [ 26.690946291000046, 39.313354428000025 ] } },
{ "type": "Feature", "properties": { "fid": 3530, "Yapı No_Text": "-11" }, "geometry": { "type": "Point", "coordinates": [ 26.690832482000076, 39.313395807000063 ] } },
{ "type": "Feature", "properties": { "fid": 3531, "Yapı No_Text": "-10" }, "geometry": { "type": "Point", "coordinates": [ 26.69088898900003, 39.313313652000033 ] } },
{ "type": "Feature", "properties": { "fid": 3532, "Yapı No_Text": "-09" }, "geometry": { "type": "Point", "coordinates": [ 26.691012030000024, 39.313149266000039 ] } },
{ "type": "Feature", "properties": { "fid": 3533, "Yapı No_Text": "-08" }, "geometry": { "type": "Point", "coordinates": [ 26.691035086000056, 39.313104161000069 ] } },
{ "type": "Feature", "properties": { "fid": 3534, "Yapı No_Text": "-07" }, "geometry": { "type": "Point", "coordinates": [ 26.691092118000029, 39.313054469000065 ] } },
{ "type": "Feature", "properties": { "fid": 3535, "Yapı No_Text": "-06" }, "geometry": { "type": "Point", "coordinates": [ 26.691181616000051, 39.313094334000027 ] } },
{ "type": "Feature", "properties": { "fid": 3536, "Yapı No_Text": "-05" }, "geometry": { "type": "Point", "coordinates": [ 26.69112916000006, 39.313137893000032 ] } },
{ "type": "Feature", "properties": { "fid": 3537, "Yapı No_Text": "-04" }, "geometry": { "type": "Point", "coordinates": [ 26.691104266000025, 39.313170118000073 ] } },
{ "type": "Feature", "properties": { "fid": 3538, "Yapı No_Text": "309" }, "geometry": { "type": "Point", "coordinates": [ 26.690976656000032, 39.313261367000052 ] } },
{ "type": "Feature", "properties": { "fid": 3539, "Yapı No_Text": "-03" }, "geometry": { "type": "Point", "coordinates": [ 26.691386547000036, 39.313275559000033 ] } },
{ "type": "Feature", "properties": { "fid": 3540, "Yapı No_Text": "-02" }, "geometry": { "type": "Point", "coordinates": [ 26.691378643000064, 39.313309764000053 ] } },
{ "type": "Feature", "properties": { "fid": 3541, "Yapı No_Text": "-01" }, "geometry": { "type": "Point", "coordinates": [ 26.69132961400004, 39.313348072000053 ] } },
{ "type": "Feature", "properties": { "fid": 3542, "Yapı No_Text": "-06a" }, "geometry": { "type": "Point", "coordinates": [ 26.691305672000055, 39.313303444000042 ] } },
{ "type": "Feature", "properties": { "fid": 3543, "Yapı No_Text": "-05" }, "geometry": { "type": "Point", "coordinates": [ 26.691406562000054, 39.313198444000079 ] } },
{ "type": "Feature", "properties": { "fid": 3544, "Yapı No_Text": "-04" }, "geometry": { "type": "Point", "coordinates": [ 26.691426485000079, 39.313253043000032 ] } },
{ "type": "Feature", "properties": { "fid": 3545, "Yapı No_Text": "310" }, "geometry": { "type": "Point", "coordinates": [ 26.691335403000039, 39.313233378000064 ] } },
{ "type": "Feature", "properties": { "fid": 3546, "Yapı No_Text": "-12" }, "geometry": { "type": "Point", "coordinates": [ 26.691195877000041, 39.313185969000074 ] } },
{ "type": "Feature", "properties": { "fid": 3547, "Yapı No_Text": "-11" }, "geometry": { "type": "Point", "coordinates": [ 26.691224009000052, 39.313158353000063 ] } },
{ "type": "Feature", "properties": { "fid": 3548, "Yapı No_Text": "-10" }, "geometry": { "type": "Point", "coordinates": [ 26.691257713000027, 39.313125656000068 ] } },
{ "type": "Feature", "properties": { "fid": 3549, "Yapı No_Text": "-09" }, "geometry": { "type": "Point", "coordinates": [ 26.691292514000054, 39.313143424000032 ] } },
{ "type": "Feature", "properties": { "fid": 3550, "Yapı No_Text": "-08" }, "geometry": { "type": "Point", "coordinates": [ 26.691265229000066, 39.313176331000079 ] } },
{ "type": "Feature", "properties": { "fid": 3551, "Yapı No_Text": "-07" }, "geometry": { "type": "Point", "coordinates": [ 26.691186408000078, 39.313247741000055 ] } },
{ "type": "Feature", "properties": { "fid": 3552, "Yapı No_Text": "310" }, "geometry": { "type": "Point", "coordinates": [ 26.691221356000028, 39.313213757000028 ] } },
{ "type": "Feature", "properties": { "fid": 3553, "Yapı No_Text": "-03" }, "geometry": { "type": "Point", "coordinates": [ 26.691461702000026, 39.31305278800005 ] } },
{ "type": "Feature", "properties": { "fid": 3554, "Yapı No_Text": "-02" }, "geometry": { "type": "Point", "coordinates": [ 26.691463713000076, 39.313137604000076 ] } },
{ "type": "Feature", "properties": { "fid": 3555, "Yapı No_Text": "-01" }, "geometry": { "type": "Point", "coordinates": [ 26.691506324000045, 39.313162610000063 ] } },
{ "type": "Feature", "properties": { "fid": 3556, "Yapı No_Text": "-06" }, "geometry": { "type": "Point", "coordinates": [ 26.691579654000066, 39.313068924000049 ] } },
{ "type": "Feature", "properties": { "fid": 3557, "Yapı No_Text": "-05" }, "geometry": { "type": "Point", "coordinates": [ 26.691539375000048, 39.313034862000052 ] } },
{ "type": "Feature", "properties": { "fid": 3558, "Yapı No_Text": "-04" }, "geometry": { "type": "Point", "coordinates": [ 26.691490094000073, 39.313020241000061 ] } },
{ "type": "Feature", "properties": { "fid": 3559, "Yapı No_Text": "311" }, "geometry": { "type": "Point", "coordinates": [ 26.691429130000074, 39.313091462000045 ] } },
{ "type": "Feature", "properties": { "fid": 3560, "Yapı No_Text": "-07" }, "geometry": { "type": "Point", "coordinates": [ 26.691545383000062, 39.31309456200006 ] } },
{ "type": "Feature", "properties": { "fid": 3561, "Yapı No_Text": "-03" }, "geometry": { "type": "Point", "coordinates": [ 26.691729757000076, 39.313267504000066 ] } },
{ "type": "Feature", "properties": { "fid": 3562, "Yapı No_Text": "-02" }, "geometry": { "type": "Point", "coordinates": [ 26.691770438000049, 39.313290011000049 ] } },
{ "type": "Feature", "properties": { "fid": 3563, "Yapı No_Text": "-01" }, "geometry": { "type": "Point", "coordinates": [ 26.691843218000031, 39.313357216000043 ] } },
{ "type": "Feature", "properties": { "fid": 3564, "Yapı No_Text": "-06" }, "geometry": { "type": "Point", "coordinates": [ 26.691574874000025, 39.313193628000079 ] } },
{ "type": "Feature", "properties": { "fid": 3565, "Yapı No_Text": "-05" }, "geometry": { "type": "Point", "coordinates": [ 26.691674608000028, 39.313167074000035 ] } },
{ "type": "Feature", "properties": { "fid": 3566, "Yapı No_Text": "-04" }, "geometry": { "type": "Point", "coordinates": [ 26.691685283000027, 39.313250001000029 ] } },
{ "type": "Feature", "properties": { "fid": 3567, "Yapı No_Text": "-07" }, "geometry": { "type": "Point", "coordinates": [ 26.691649633000054, 39.313128277000033 ] } },
{ "type": "Feature", "properties": { "fid": 3568, "Yapı No_Text": "-12" }, "geometry": { "type": "Point", "coordinates": [ 26.691905034000058, 39.313323618000027 ] } },
{ "type": "Feature", "properties": { "fid": 3569, "Yapı No_Text": "-11" }, "geometry": { "type": "Point", "coordinates": [ 26.691937983000059, 39.313276951000034 ] } },
{ "type": "Feature", "properties": { "fid": 3570, "Yapı No_Text": "-10" }, "geometry": { "type": "Point", "coordinates": [ 26.691859667000074, 39.313237934000028 ] } },
{ "type": "Feature", "properties": { "fid": 3571, "Yapı No_Text": "-09" }, "geometry": { "type": "Point", "coordinates": [ 26.691788632000055, 39.313195620000045 ] } },
{ "type": "Feature", "properties": { "fid": 3572, "Yapı No_Text": "-08" }, "geometry": { "type": "Point", "coordinates": [ 26.691742125000076, 39.313168239000049 ] } },
{ "type": "Feature", "properties": { "fid": 3573, "Yapı No_Text": "303" }, "geometry": { "type": "Point", "coordinates": [ 26.691741691000061, 39.31322414400006 ] } },
{ "type": "Feature", "properties": { "fid": 3574, "Yapı No_Text": "302" }, "geometry": { "type": "Point", "coordinates": [ 26.691568079000035, 39.313387287000069 ] } },
{ "type": "Feature", "properties": { "fid": 3575, "Yapı No_Text": "-03" }, "geometry": { "type": "Point", "coordinates": [ 26.691759191000074, 39.313481298000056 ] } },
{ "type": "Feature", "properties": { "fid": 3576, "Yapı No_Text": "-02" }, "geometry": { "type": "Point", "coordinates": [ 26.691709687000071, 39.313526315000047 ] } },
{ "type": "Feature", "properties": { "fid": 3577, "Yapı No_Text": "-01" }, "geometry": { "type": "Point", "coordinates": [ 26.691690028000039, 39.313569289000043 ] } },
{ "type": "Feature", "properties": { "fid": 3578, "Yapı No_Text": "-09" }, "geometry": { "type": "Point", "coordinates": [ 26.69158856100006, 39.313298060000079 ] } },
{ "type": "Feature", "properties": { "fid": 3579, "Yapı No_Text": "-08" }, "geometry": { "type": "Point", "coordinates": [ 26.69162962300004, 39.313320824000073 ] } },
{ "type": "Feature", "properties": { "fid": 3580, "Yapı No_Text": "-07" }, "geometry": { "type": "Point", "coordinates": [ 26.691665336000028, 39.31334223600004 ] } },
{ "type": "Feature", "properties": { "fid": 3581, "Yapı No_Text": "-06" }, "geometry": { "type": "Point", "coordinates": [ 26.691700860000026, 39.313360748000036 ] } },
{ "type": "Feature", "properties": { "fid": 3582, "Yapı No_Text": "-05" }, "geometry": { "type": "Point", "coordinates": [ 26.691742321000049, 39.313397206000047 ] } },
{ "type": "Feature", "properties": { "fid": 3583, "Yapı No_Text": "-04" }, "geometry": { "type": "Point", "coordinates": [ 26.691784766000069, 39.313418024000043 ] } },
{ "type": "Feature", "properties": { "fid": 3584, "Yapı No_Text": "-17" }, "geometry": { "type": "Point", "coordinates": [ 26.691626371000041, 39.313526643000046 ] } },
{ "type": "Feature", "properties": { "fid": 3585, "Yapı No_Text": "-16" }, "geometry": { "type": "Point", "coordinates": [ 26.69159963900006, 39.313495125000031 ] } },
{ "type": "Feature", "properties": { "fid": 3586, "Yapı No_Text": "-15" }, "geometry": { "type": "Point", "coordinates": [ 26.691569324000056, 39.313468666000063 ] } },
{ "type": "Feature", "properties": { "fid": 3587, "Yapı No_Text": "-14" }, "geometry": { "type": "Point", "coordinates": [ 26.691497593000065, 39.313453382000034 ] } },
{ "type": "Feature", "properties": { "fid": 3588, "Yapı No_Text": "-13" }, "geometry": { "type": "Point", "coordinates": [ 26.691444337000064, 39.313400584000078 ] } },
{ "type": "Feature", "properties": { "fid": 3589, "Yapı No_Text": "-12" }, "geometry": { "type": "Point", "coordinates": [ 26.691412919000072, 39.313382122000064 ] } },
{ "type": "Feature", "properties": { "fid": 3590, "Yapı No_Text": "-11" }, "geometry": { "type": "Point", "coordinates": [ 26.691501130000063, 39.313347606000036 ] } },
{ "type": "Feature", "properties": { "fid": 3591, "Yapı No_Text": "-10" }, "geometry": { "type": "Point", "coordinates": [ 26.69155076900006, 39.313288660000069 ] } },
{ "type": "Feature", "properties": { "fid": 3592, "Yapı No_Text": "-06b" }, "geometry": { "type": "Point", "coordinates": [ 26.691242832000057, 39.313282918000027 ] } },
{ "type": "Feature", "properties": { "fid": 3593, "Yapı No_Text": "301" }, "geometry": { "type": "Point", "coordinates": [ 26.691361330000063, 39.313584412000068 ] } },
{ "type": "Feature", "properties": { "fid": 3594, "Yapı No_Text": "-03" }, "geometry": { "type": "Point", "coordinates": [ 26.691525788000035, 39.313685486000054 ] } },
{ "type": "Feature", "properties": { "fid": 3595, "Yapı No_Text": "-02" }, "geometry": { "type": "Point", "coordinates": [ 26.691502943000046, 39.313723443000072 ] } },
{ "type": "Feature", "properties": { "fid": 3596, "Yapı No_Text": "-01" }, "geometry": { "type": "Point", "coordinates": [ 26.691483283000025, 39.313766412000064 ] } },
{ "type": "Feature", "properties": { "fid": 3597, "Yapı No_Text": "-09" }, "geometry": { "type": "Point", "coordinates": [ 26.691318111000044, 39.313451390000068 ] } },
{ "type": "Feature", "properties": { "fid": 3598, "Yapı No_Text": "-08" }, "geometry": { "type": "Point", "coordinates": [ 26.691362253000023, 39.313487515000077 ] } },
{ "type": "Feature", "properties": { "fid": 3599, "Yapı No_Text": "-07" }, "geometry": { "type": "Point", "coordinates": [ 26.691400896000061, 39.313510601000075 ] } },
{ "type": "Feature", "properties": { "fid": 3600, "Yapı No_Text": "-06" }, "geometry": { "type": "Point", "coordinates": [ 26.691431410000064, 39.313530101000026 ] } },
{ "type": "Feature", "properties": { "fid": 3601, "Yapı No_Text": "-05" }, "geometry": { "type": "Point", "coordinates": [ 26.691464482000072, 39.313567910000074 ] } },
{ "type": "Feature", "properties": { "fid": 3602, "Yapı No_Text": "-04a" }, "geometry": { "type": "Point", "coordinates": [ 26.691581872000029, 39.313657847000059 ] } },
{ "type": "Feature", "properties": { "fid": 3603, "Yapı No_Text": "-17" }, "geometry": { "type": "Point", "coordinates": [ 26.691295340000067, 39.313710038000067 ] } },
{ "type": "Feature", "properties": { "fid": 3604, "Yapı No_Text": "-16" }, "geometry": { "type": "Point", "coordinates": [ 26.691244600000061, 39.313666337000029 ] } },
{ "type": "Feature", "properties": { "fid": 3605, "Yapı No_Text": "-15" }, "geometry": { "type": "Point", "coordinates": [ 26.691197995000039, 39.313629064000054 ] } },
{ "type": "Feature", "properties": { "fid": 3606, "Yapı No_Text": "-14" }, "geometry": { "type": "Point", "coordinates": [ 26.691167589000031, 39.313584850000041 ] } },
{ "type": "Feature", "properties": { "fid": 3607, "Yapı No_Text": "-13" }, "geometry": { "type": "Point", "coordinates": [ 26.691121407000026, 39.313553367000054 ] } },
{ "type": "Feature", "properties": { "fid": 3608, "Yapı No_Text": "-12" }, "geometry": { "type": "Point", "coordinates": [ 26.691037455000071, 39.31350528300004 ] } },
{ "type": "Feature", "properties": { "fid": 3609, "Yapı No_Text": "-11A" }, "geometry": { "type": "Point", "coordinates": [ 26.691152008000074, 39.313368288000049 ] } },
{ "type": "Feature", "properties": { "fid": 3610, "Yapı No_Text": "-10" }, "geometry": { "type": "Point", "coordinates": [ 26.691291596000042, 39.313419829000054 ] } },
{ "type": "Feature", "properties": { "fid": 3611, "Yapı No_Text": "-04b" }, "geometry": { "type": "Point", "coordinates": [ 26.691610718000049, 39.313622961000078 ] } },
{ "type": "Feature", "properties": { "fid": 3612, "Yapı No_Text": "-18" }, "geometry": { "type": "Point", "coordinates": [ 26.691358797000078, 39.313748942000075 ] } },
{ "type": "Feature", "properties": { "fid": 3613, "Yapı No_Text": "-m " }, "geometry": { "type": "Point", "coordinates": [ 26.691261798000028, 39.313638301000026 ] } },
{ "type": "Feature", "properties": { "fid": 3614, "Yapı No_Text": "-m " }, "geometry": { "type": "Point", "coordinates": [ 26.691303707000031, 39.313657804000059 ] } },
{ "type": "Feature", "properties": { "fid": 3615, "Yapı No_Text": "-01" }, "geometry": { "type": "Point", "coordinates": [ 26.693492450000065, 39.316624612000055 ] } },
{ "type": "Feature", "properties": { "fid": 3616, "Yapı No_Text": "-02" }, "geometry": { "type": "Point", "coordinates": [ 26.693550280000068, 39.316643004000071 ] } },
{ "type": "Feature", "properties": { "fid": 3617, "Yapı No_Text": "-03" }, "geometry": { "type": "Point", "coordinates": [ 26.693612719000043, 39.316655367000067 ] } },
{ "type": "Feature", "properties": { "fid": 3618, "Yapı No_Text": "-04" }, "geometry": { "type": "Point", "coordinates": [ 26.69372115300007, 39.316622540000026 ] } },
{ "type": "Feature", "properties": { "fid": 3619, "Yapı No_Text": "-07" }, "geometry": { "type": "Point", "coordinates": [ 26.693826899000044, 39.316536393000035 ] } },
{ "type": "Feature", "properties": { "fid": 3620, "Yapı No_Text": "-05" }, "geometry": { "type": "Point", "coordinates": [ 26.693841623000026, 39.316652773000044 ] } },
{ "type": "Feature", "properties": { "fid": 3621, "Yapı No_Text": "-06" }, "geometry": { "type": "Point", "coordinates": [ 26.69382491600004, 39.316593401000034 ] } },
{ "type": "Feature", "properties": { "fid": 3622, "Yapı No_Text": "-08" }, "geometry": { "type": "Point", "coordinates": [ 26.693785253000044, 39.316462629000057 ] } },
{ "type": "Feature", "properties": { "fid": 3623, "Yapı No_Text": "-09" }, "geometry": { "type": "Point", "coordinates": [ 26.693722988000047, 39.31647481400006 ] } },
{ "type": "Feature", "properties": { "fid": 3624, "Yapı No_Text": "-10" }, "geometry": { "type": "Point", "coordinates": [ 26.693659704000027, 39.316499048000026 ] } },
{ "type": "Feature", "properties": { "fid": 3625, "Yapı No_Text": "-02" }, "geometry": { "type": "Point", "coordinates": [ 26.690955003000056, 39.313204349000046 ] } },
{ "type": "Feature", "properties": { "fid": 3626, "Yapı No_Text": "-03" }, "geometry": { "type": "Point", "coordinates": [ 26.694310203000043, 39.316618619000053 ] } },
{ "type": "Feature", "properties": { "fid": 3627, "Yapı No_Text": "-02" }, "geometry": { "type": "Point", "coordinates": [ 26.694295873000044, 39.316528235000078 ] } },
{ "type": "Feature", "properties": { "fid": 3628, "Yapı No_Text": "-01" }, "geometry": { "type": "Point", "coordinates": [ 26.694015978000039, 39.316619963000051 ] } },
{ "type": "Feature", "properties": { "fid": 3629, "Yapı No_Text": "-21" }, "geometry": { "type": "Point", "coordinates": [ 26.695118290000039, 39.316117685000052 ] } },
{ "type": "Feature", "properties": { "fid": 3630, "Yapı No_Text": "-19" }, "geometry": { "type": "Point", "coordinates": [ 26.695170537000024, 39.316277013000047 ] } },
{ "type": "Feature", "properties": { "fid": 3631, "Yapı No_Text": "-18" }, "geometry": { "type": "Point", "coordinates": [ 26.695197298000039, 39.316344231000073 ] } },
{ "type": "Feature", "properties": { "fid": 3632, "Yapı No_Text": "-17" }, "geometry": { "type": "Point", "coordinates": [ 26.69522930100004, 39.316376396000067 ] } },
{ "type": "Feature", "properties": { "fid": 3633, "Yapı No_Text": "-16" }, "geometry": { "type": "Point", "coordinates": [ 26.695238431000064, 39.316416186000026 ] } },
{ "type": "Feature", "properties": { "fid": 3634, "Yapı No_Text": "-15" }, "geometry": { "type": "Point", "coordinates": [ 26.695250914000042, 39.316477792000057 ] } },
{ "type": "Feature", "properties": { "fid": 3635, "Yapı No_Text": "-14" }, "geometry": { "type": "Point", "coordinates": [ 26.69518826500007, 39.316494457000033 ] } },
{ "type": "Feature", "properties": { "fid": 3636, "Yapı No_Text": "-13" }, "geometry": { "type": "Point", "coordinates": [ 26.695132391000072, 39.316525845000058 ] } },
{ "type": "Feature", "properties": { "fid": 3637, "Yapı No_Text": "-12" }, "geometry": { "type": "Point", "coordinates": [ 26.695008702000052, 39.316521526000031 ] } },
{ "type": "Feature", "properties": { "fid": 3638, "Yapı No_Text": "-11" }, "geometry": { "type": "Point", "coordinates": [ 26.694889408000051, 39.31653027200008 ] } },
{ "type": "Feature", "properties": { "fid": 3639, "Yapı No_Text": "-10" }, "geometry": { "type": "Point", "coordinates": [ 26.694840898000052, 39.316539417000058 ] } },
{ "type": "Feature", "properties": { "fid": 3640, "Yapı No_Text": "-09" }, "geometry": { "type": "Point", "coordinates": [ 26.694785512000067, 39.316547065000066 ] } },
{ "type": "Feature", "properties": { "fid": 3641, "Yapı No_Text": "-08" }, "geometry": { "type": "Point", "coordinates": [ 26.694726079000077, 39.31655696100006 ] } },
{ "type": "Feature", "properties": { "fid": 3642, "Yapı No_Text": "-07" }, "geometry": { "type": "Point", "coordinates": [ 26.694631448000052, 39.316609954000057 ] } },
{ "type": "Feature", "properties": { "fid": 3643, "Yapı No_Text": "-06" }, "geometry": { "type": "Point", "coordinates": [ 26.694485904000032, 39.31661605000005 ] } },
{ "type": "Feature", "properties": { "fid": 3644, "Yapı No_Text": "-05" }, "geometry": { "type": "Point", "coordinates": [ 26.694422025000051, 39.316595165000081 ] } },
{ "type": "Feature", "properties": { "fid": 3645, "Yapı No_Text": "-04" }, "geometry": { "type": "Point", "coordinates": [ 26.694359986000052, 39.316614604000051 ] } },
{ "type": "Feature", "properties": { "fid": 3646, "Yapı No_Text": "-20" }, "geometry": { "type": "Point", "coordinates": [ 26.69515990900004, 39.316172347000077 ] } },
{ "type": "Feature", "properties": { "fid": 3647, "Yapı No_Text": "-39" }, "geometry": { "type": "Point", "coordinates": [ 26.694362968000064, 39.315708930000028 ] } },
{ "type": "Feature", "properties": { "fid": 3648, "Yapı No_Text": "-38" }, "geometry": { "type": "Point", "coordinates": [ 26.694397903000038, 39.315778416000057 ] } },
{ "type": "Feature", "properties": { "fid": 3649, "Yapı No_Text": "-42" }, "geometry": { "type": "Point", "coordinates": [ 26.694194036000056, 39.315590696000072 ] } },
{ "type": "Feature", "properties": { "fid": 3650, "Yapı No_Text": "-41" }, "geometry": { "type": "Point", "coordinates": [ 26.694307454000068, 39.31559406100007 ] } },
{ "type": "Feature", "properties": { "fid": 3651, "Yapı No_Text": "-43" }, "geometry": { "type": "Point", "coordinates": [ 26.694137910000052, 39.316331784000056 ] } },
{ "type": "Feature", "properties": { "fid": 3652, "Yapı No_Text": "-44" }, "geometry": { "type": "Point", "coordinates": [ 26.694330587000024, 39.315898719000074 ] } },
{ "type": "Feature", "properties": { "fid": 3653, "Yapı No_Text": "-45" }, "geometry": { "type": "Point", "coordinates": [ 26.694022864000033, 39.315706993000049 ] } },
{ "type": "Feature", "properties": { "fid": 3654, "Yapı No_Text": "-46" }, "geometry": { "type": "Point", "coordinates": [ 26.694014329000026, 39.315656853000064 ] } },
{ "type": "Feature", "properties": { "fid": 3655, "Yapı No_Text": "-22" }, "geometry": { "type": "Point", "coordinates": [ 26.695141913000043, 39.316066102000036 ] } },
{ "type": "Feature", "properties": { "fid": 3656, "Yapı No_Text": "-23" }, "geometry": { "type": "Point", "coordinates": [ 26.695122436000077, 39.315966010000068 ] } },
{ "type": "Feature", "properties": { "fid": 3657, "Yapı No_Text": "-24a" }, "geometry": { "type": "Point", "coordinates": [ 26.695079958000065, 39.315882204000047 ] } },
{ "type": "Feature", "properties": { "fid": 3658, "Yapı No_Text": "-25" }, "geometry": { "type": "Point", "coordinates": [ 26.695042435000062, 39.315740715000061 ] } },
{ "type": "Feature", "properties": { "fid": 3659, "Yapı No_Text": "-26" }, "geometry": { "type": "Point", "coordinates": [ 26.694885604000035, 39.315775119000079 ] } },
{ "type": "Feature", "properties": { "fid": 3660, "Yapı No_Text": "-27" }, "geometry": { "type": "Point", "coordinates": [ 26.695056765000061, 39.31566084800005 ] } },
{ "type": "Feature", "properties": { "fid": 3661, "Yapı No_Text": "-28" }, "geometry": { "type": "Point", "coordinates": [ 26.69497769700007, 39.315686525000046 ] } },
{ "type": "Feature", "properties": { "fid": 3662, "Yapı No_Text": "-29" }, "geometry": { "type": "Point", "coordinates": [ 26.694939851000072, 39.315707598000074 ] } },
{ "type": "Feature", "properties": { "fid": 3663, "Yapı No_Text": "-30" }, "geometry": { "type": "Point", "coordinates": [ 26.694895947000077, 39.315717213000028 ] } },
{ "type": "Feature", "properties": { "fid": 3664, "Yapı No_Text": "-31" }, "geometry": { "type": "Point", "coordinates": [ 26.69484897500007, 39.315720117000069 ] } },
{ "type": "Feature", "properties": { "fid": 3665, "Yapı No_Text": "-32" }, "geometry": { "type": "Point", "coordinates": [ 26.694806211000071, 39.315731073000052 ] } },
{ "type": "Feature", "properties": { "fid": 3666, "Yapı No_Text": "-33" }, "geometry": { "type": "Point", "coordinates": [ 26.694760533000078, 39.315718955000079 ] } },
{ "type": "Feature", "properties": { "fid": 3667, "Yapı No_Text": "-34" }, "geometry": { "type": "Point", "coordinates": [ 26.694720160000031, 39.315728752000041 ] } },
{ "type": "Feature", "properties": { "fid": 3668, "Yapı No_Text": "-35" }, "geometry": { "type": "Point", "coordinates": [ 26.694668188000037, 39.315739974000053 ] } },
{ "type": "Feature", "properties": { "fid": 3669, "Yapı No_Text": "-36" }, "geometry": { "type": "Point", "coordinates": [ 26.694551207000075, 39.315822526000034 ] } },
{ "type": "Feature", "properties": { "fid": 3670, "Yapı No_Text": "-37" }, "geometry": { "type": "Point", "coordinates": [ 26.694528407000064, 39.315766384000028 ] } },
{ "type": "Feature", "properties": { "fid": 3671, "Yapı No_Text": "-47" }, "geometry": { "type": "Point", "coordinates": [ 26.693975130000069, 39.315637570000035 ] } },
{ "type": "Feature", "properties": { "fid": 3672, "Yapı No_Text": "-48" }, "geometry": { "type": "Point", "coordinates": [ 26.693920499000058, 39.315683226000033 ] } },
{ "type": "Feature", "properties": { "fid": 3673, "Yapı No_Text": "-49" }, "geometry": { "type": "Point", "coordinates": [ 26.693861345000073, 39.315705881000042 ] } },
{ "type": "Feature", "properties": { "fid": 3674, "Yapı No_Text": "-50" }, "geometry": { "type": "Point", "coordinates": [ 26.693806579000068, 39.315720669000029 ] } },
{ "type": "Feature", "properties": { "fid": 3675, "Yapı No_Text": "-51" }, "geometry": { "type": "Point", "coordinates": [ 26.693735220000065, 39.315737936000062 ] } },
{ "type": "Feature", "properties": { "fid": 3676, "Yapı No_Text": "-52" }, "geometry": { "type": "Point", "coordinates": [ 26.693670540000028, 39.315761520000081 ] } },
{ "type": "Feature", "properties": { "fid": 3677, "Yapı No_Text": "-53" }, "geometry": { "type": "Point", "coordinates": [ 26.693591585000036, 39.315791002000026 ] } },
{ "type": "Feature", "properties": { "fid": 3678, "Yapı No_Text": "-54" }, "geometry": { "type": "Point", "coordinates": [ 26.693616143000042, 39.315828403000069 ] } },
{ "type": "Feature", "properties": { "fid": 3679, "Yapı No_Text": "-55" }, "geometry": { "type": "Point", "coordinates": [ 26.693641059000072, 39.315875921000043 ] } },
{ "type": "Feature", "properties": { "fid": 3680, "Yapı No_Text": "-56" }, "geometry": { "type": "Point", "coordinates": [ 26.693700103000026, 39.315907922000065 ] } },
{ "type": "Feature", "properties": { "fid": 3681, "Yapı No_Text": "-57" }, "geometry": { "type": "Point", "coordinates": [ 26.693724547000045, 39.315985712000042 ] } },
{ "type": "Feature", "properties": { "fid": 3682, "Yapı No_Text": "-58" }, "geometry": { "type": "Point", "coordinates": [ 26.693761772000073, 39.316042346000074 ] } },
{ "type": "Feature", "properties": { "fid": 3683, "Yapı No_Text": "-59" }, "geometry": { "type": "Point", "coordinates": [ 26.693778677000068, 39.316102555000043 ] } },
{ "type": "Feature", "properties": { "fid": 3684, "Yapı No_Text": "-60" }, "geometry": { "type": "Point", "coordinates": [ 26.693787900000075, 39.316171799000074 ] } },
{ "type": "Feature", "properties": { "fid": 3685, "Yapı No_Text": "-61" }, "geometry": { "type": "Point", "coordinates": [ 26.693803501000048, 39.316335221000031 ] } },
{ "type": "Feature", "properties": { "fid": 3686, "Yapı No_Text": "-62" }, "geometry": { "type": "Point", "coordinates": [ 26.693897823000043, 39.316311412000061 ] } },
{ "type": "Feature", "properties": { "fid": 3687, "Yapı No_Text": "-63" }, "geometry": { "type": "Point", "coordinates": [ 26.693901571000026, 39.316412157000059 ] } },
{ "type": "Feature", "properties": { "fid": 3688, "Yapı No_Text": "-64" }, "geometry": { "type": "Point", "coordinates": [ 26.693958221000059, 39.316486940000061 ] } },
{ "type": "Feature", "properties": { "fid": 3689, "Yapı No_Text": "-65" }, "geometry": { "type": "Point", "coordinates": [ 26.69395458200006, 39.316570457000068 ] } },
{ "type": "Feature", "properties": { "fid": 3690, "Yapı No_Text": "-66" }, "geometry": { "type": "Point", "coordinates": [ 26.693959421000045, 39.316597625000043 ] } },
{ "type": "Feature", "properties": { "fid": 3691, "Yapı No_Text": "-40" }, "geometry": { "type": "Point", "coordinates": [ 26.694339038000066, 39.315667361000067 ] } },
{ "type": "Feature", "properties": { "fid": 3692, "Yapı No_Text": "-24b" }, "geometry": { "type": "Point", "coordinates": [ 26.695039591000068, 39.31581114200003 ] } },
{ "type": "Feature", "properties": { "fid": 3693, "Yapı No_Text": "-01" }, "geometry": { "type": "Point", "coordinates": [ 26.693294307000031, 39.316615565000063 ] } },
{ "type": "Feature", "properties": { "fid": 3694, "Yapı No_Text": "-02" }, "geometry": { "type": "Point", "coordinates": [ 26.693590378000067, 39.316424364000056 ] } },
{ "type": "Feature", "properties": { "fid": 3695, "Yapı No_Text": "-03" }, "geometry": { "type": "Point", "coordinates": [ 26.693655120000074, 39.316396393000048 ] } },
{ "type": "Feature", "properties": { "fid": 3696, "Yapı No_Text": "-04" }, "geometry": { "type": "Point", "coordinates": [ 26.693672965000076, 39.316324302000055 ] } },
{ "type": "Feature", "properties": { "fid": 3697, "Yapı No_Text": "-07" }, "geometry": { "type": "Point", "coordinates": [ 26.693614456000034, 39.316140682000025 ] } },
{ "type": "Feature", "properties": { "fid": 3698, "Yapı No_Text": "-05" }, "geometry": { "type": "Point", "coordinates": [ 26.693664321000028, 39.316280171000074 ] } },
{ "type": "Feature", "properties": { "fid": 3699, "Yapı No_Text": "-06b" }, "geometry": { "type": "Point", "coordinates": [ 26.693635701000062, 39.316253123000024 ] } },
{ "type": "Feature", "properties": { "fid": 3700, "Yapı No_Text": "-08" }, "geometry": { "type": "Point", "coordinates": [ 26.693542996000076, 39.316185948000054 ] } },
{ "type": "Feature", "properties": { "fid": 3701, "Yapı No_Text": "-09" }, "geometry": { "type": "Point", "coordinates": [ 26.693463723000036, 39.31620717900006 ] } },
{ "type": "Feature", "properties": { "fid": 3702, "Yapı No_Text": "-10" }, "geometry": { "type": "Point", "coordinates": [ 26.693344985000067, 39.316250859000036 ] } },
{ "type": "Feature", "properties": { "fid": 3703, "Yapı No_Text": "-06a" }, "geometry": { "type": "Point", "coordinates": [ 26.693563005000044, 39.316250259000071 ] } },
{ "type": "Feature", "properties": { "fid": 3704, "Yapı No_Text": "-06c" }, "geometry": { "type": "Point", "coordinates": [ 26.693624330000034, 39.316187573000036 ] } },
{ "type": "Feature", "properties": { "fid": 3705, "Yapı No_Text": "-17" }, "geometry": { "type": "Point", "coordinates": [ 26.693276747000027, 39.316565645000026 ] } },
{ "type": "Feature", "properties": { "fid": 3706, "Yapı No_Text": "-16" }, "geometry": { "type": "Point", "coordinates": [ 26.69324419700007, 39.316528068000025 ] } },
{ "type": "Feature", "properties": { "fid": 3707, "Yapı No_Text": "-15" }, "geometry": { "type": "Point", "coordinates": [ 26.693193206000046, 39.316462110000032 ] } },
{ "type": "Feature", "properties": { "fid": 3708, "Yapı No_Text": "-14" }, "geometry": { "type": "Point", "coordinates": [ 26.693191173000059, 39.316408472000035 ] } },
{ "type": "Feature", "properties": { "fid": 3709, "Yapı No_Text": "-13" }, "geometry": { "type": "Point", "coordinates": [ 26.69321506600005, 39.316341593000061 ] } },
{ "type": "Feature", "properties": { "fid": 3710, "Yapı No_Text": "-12" }, "geometry": { "type": "Point", "coordinates": [ 26.693189992000043, 39.316272601000037 ] } },
{ "type": "Feature", "properties": { "fid": 3711, "Yapı No_Text": "-11" }, "geometry": { "type": "Point", "coordinates": [ 26.693299401000047, 39.316253784000025 ] } },
{ "type": "Feature", "properties": { "fid": 3712, "Yapı No_Text": "-01" }, "geometry": { "type": "Point", "coordinates": [ 26.693121116000043, 39.316204819000063 ] } },
{ "type": "Feature", "properties": { "fid": 3713, "Yapı No_Text": "-02" }, "geometry": { "type": "Point", "coordinates": [ 26.693266127000072, 39.316206341000054 ] } },
{ "type": "Feature", "properties": { "fid": 3714, "Yapı No_Text": "-03" }, "geometry": { "type": "Point", "coordinates": [ 26.693356033000043, 39.316150422000078 ] } },
{ "type": "Feature", "properties": { "fid": 3715, "Yapı No_Text": "-04" }, "geometry": { "type": "Point", "coordinates": [ 26.693347649000032, 39.315960501000063 ] } },
{ "type": "Feature", "properties": { "fid": 3716, "Yapı No_Text": "-07" }, "geometry": { "type": "Point", "coordinates": [ 26.693470292000029, 39.315875420000054 ] } },
{ "type": "Feature", "properties": { "fid": 3717, "Yapı No_Text": "-05" }, "geometry": { "type": "Point", "coordinates": [ 26.693415506000065, 39.315985208000029 ] } },
{ "type": "Feature", "properties": { "fid": 3718, "Yapı No_Text": "-06" }, "geometry": { "type": "Point", "coordinates": [ 26.693423808000034, 39.315896395000038 ] } },
{ "type": "Feature", "properties": { "fid": 3719, "Yapı No_Text": "-08a" }, "geometry": { "type": "Point", "coordinates": [ 26.693550813000058, 39.31591190100005 ] } },
{ "type": "Feature", "properties": { "fid": 3720, "Yapı No_Text": "-09" }, "geometry": { "type": "Point", "coordinates": [ 26.693364605000056, 39.315921671000069 ] } },
{ "type": "Feature", "properties": { "fid": 3721, "Yapı No_Text": "-10" }, "geometry": { "type": "Point", "coordinates": [ 26.693282105000037, 39.315951465000069 ] } },
{ "type": "Feature", "properties": { "fid": 3722, "Yapı No_Text": "-16" }, "geometry": { "type": "Point", "coordinates": [ 26.693131557000072, 39.31613752100003 ] } },
{ "type": "Feature", "properties": { "fid": 3723, "Yapı No_Text": "-15" }, "geometry": { "type": "Point", "coordinates": [ 26.693061885000077, 39.316118721000066 ] } },
{ "type": "Feature", "properties": { "fid": 3724, "Yapı No_Text": "-14" }, "geometry": { "type": "Point", "coordinates": [ 26.693035067000039, 39.316081859000064 ] } },
{ "type": "Feature", "properties": { "fid": 3725, "Yapı No_Text": "-13" }, "geometry": { "type": "Point", "coordinates": [ 26.693050080000035, 39.316040388000033 ] } },
{ "type": "Feature", "properties": { "fid": 3726, "Yapı No_Text": "-12" }, "geometry": { "type": "Point", "coordinates": [ 26.693092965000062, 39.31602362600006 ] } },
{ "type": "Feature", "properties": { "fid": 3727, "Yapı No_Text": "-11" }, "geometry": { "type": "Point", "coordinates": [ 26.693165450000038, 39.315985402000081 ] } },
{ "type": "Feature", "properties": { "fid": 3728, "Yapı No_Text": "-08b" }, "geometry": { "type": "Point", "coordinates": [ 26.693512846000033, 39.315861626000071 ] } },
{ "type": "Feature", "properties": { "fid": 3729, "Yapı No_Text": "-05B" }, "geometry": { "type": "Point", "coordinates": [ 26.692406721000054, 39.318070397000042 ] } },
{ "type": "Feature", "properties": { "fid": 3730, "Yapı No_Text": "-05A" }, "geometry": { "type": "Point", "coordinates": [ 26.692362898000056, 39.318129498000076 ] } },
{ "type": "Feature", "properties": { "fid": 3731, "Yapı No_Text": "-01" }, "geometry": { "type": "Point", "coordinates": [ 26.692140421000033, 39.318412748000071 ] } },
{ "type": "Feature", "properties": { "fid": 3732, "Yapı No_Text": "-02" }, "geometry": { "type": "Point", "coordinates": [ 26.692259742000033, 39.318383772000061 ] } },
{ "type": "Feature", "properties": { "fid": 3733, "Yapı No_Text": "-03" }, "geometry": { "type": "Point", "coordinates": [ 26.692366333000052, 39.318342051000059 ] } },
{ "type": "Feature", "properties": { "fid": 3734, "Yapı No_Text": "-04" }, "geometry": { "type": "Point", "coordinates": [ 26.692223098000056, 39.31826682500008 ] } },
{ "type": "Feature", "properties": { "fid": 3735, "Yapı No_Text": "187" }, "geometry": { "type": "Point", "coordinates": [ 26.692210899000031, 39.318207341000061 ] } },
{ "type": "Feature", "properties": { "fid": 3736, "Yapı No_Text": "-01" }, "geometry": { "type": "Point", "coordinates": [ 26.691808050000077, 39.317687480000075 ] } },
{ "type": "Feature", "properties": { "fid": 3737, "Yapı No_Text": "-02" }, "geometry": { "type": "Point", "coordinates": [ 26.691900965000059, 39.317473676000077 ] } },
{ "type": "Feature", "properties": { "fid": 3738, "Yapı No_Text": "-03" }, "geometry": { "type": "Point", "coordinates": [ 26.69187656500003, 39.317390161000048 ] } },
{ "type": "Feature", "properties": { "fid": 3739, "Yapı No_Text": "606" }, "geometry": { "type": "Point", "coordinates": [ 26.691819831000032, 39.317544724000072 ] } },
{ "type": "Feature", "properties": { "fid": 3740, "Yapı No_Text": "-01" }, "geometry": { "type": "Point", "coordinates": [ 26.691596619000052, 39.317659941000045 ] } },
{ "type": "Feature", "properties": { "fid": 3741, "Yapı No_Text": "-02" }, "geometry": { "type": "Point", "coordinates": [ 26.691610251000043, 39.317576031000044 ] } },
{ "type": "Feature", "properties": { "fid": 3742, "Yapı No_Text": "-03" }, "geometry": { "type": "Point", "coordinates": [ 26.69160987500004, 39.317351606000045 ] } },
{ "type": "Feature", "properties": { "fid": 3743, "Yapı No_Text": "34" }, "geometry": { "type": "Point", "coordinates": [ 26.691545280000071, 39.317508983000039 ] } },
{ "type": "Feature", "properties": { "fid": 3744, "Yapı No_Text": "-04" }, "geometry": { "type": "Point", "coordinates": [ 26.691647639000053, 39.31747363900007 ] } },
{ "type": "Feature", "properties": { "fid": 3745, "Yapı No_Text": "-01" }, "geometry": { "type": "Point", "coordinates": [ 26.691606178000029, 39.317221731000075 ] } },
{ "type": "Feature", "properties": { "fid": 3746, "Yapı No_Text": "33" }, "geometry": { "type": "Point", "coordinates": [ 26.691554840000038, 39.317070774000058 ] } },
{ "type": "Feature", "properties": { "fid": 3747, "Yapı No_Text": "-01" }, "geometry": { "type": "Point", "coordinates": [ 26.691854397000043, 39.31723992700006 ] } },
{ "type": "Feature", "properties": { "fid": 3748, "Yapı No_Text": "-02a" }, "geometry": { "type": "Point", "coordinates": [ 26.691864243000055, 39.317138733000036 ] } },
{ "type": "Feature", "properties": { "fid": 3749, "Yapı No_Text": "182" }, "geometry": { "type": "Point", "coordinates": [ 26.691785767000056, 39.317070869000077 ] } },
{ "type": "Feature", "properties": { "fid": 3750, "Yapı No_Text": "-01" }, "geometry": { "type": "Point", "coordinates": [ 26.69155087200005, 39.316969934000042 ] } },
{ "type": "Feature", "properties": { "fid": 3751, "Yapı No_Text": "-02" }, "geometry": { "type": "Point", "coordinates": [ 26.691564503000052, 39.316886022000062 ] } },
{ "type": "Feature", "properties": { "fid": 3752, "Yapı No_Text": "32" }, "geometry": { "type": "Point", "coordinates": [ 26.691417014000024, 39.316934331000027 ] } },
{ "type": "Feature", "properties": { "fid": 3753, "Yapı No_Text": "-02b" }, "geometry": { "type": "Point", "coordinates": [ 26.691926530000046, 39.317053291000036 ] } },
{ "type": "Feature", "properties": { "fid": 3754, "Yapı No_Text": "-02a" }, "geometry": { "type": "Point", "coordinates": [ 26.691569949000041, 39.317173531000037 ] } },
{ "type": "Feature", "properties": { "fid": 3755, "Yapı No_Text": "-02b" }, "geometry": { "type": "Point", "coordinates": [ 26.691632239000057, 39.317088092000063 ] } },
{ "type": "Feature", "properties": { "fid": 3756, "Yapı No_Text": "-02c" }, "geometry": { "type": "Point", "coordinates": [ 26.69141021400003, 39.317091959000038 ] } },
{ "type": "Feature", "properties": { "fid": 3757, "Yapı No_Text": "-02d" }, "geometry": { "type": "Point", "coordinates": [ 26.691408160000037, 39.31716132300005 ] } },
{ "type": "Feature", "properties": { "fid": 3758, "Yapı No_Text": "-01" }, "geometry": { "type": "Point", "coordinates": [ 26.692173065000077, 39.31776540900006 ] } },
{ "type": "Feature", "properties": { "fid": 3759, "Yapı No_Text": "-02" }, "geometry": { "type": "Point", "coordinates": [ 26.69217356300004, 39.317635254000038 ] } },
{ "type": "Feature", "properties": { "fid": 3760, "Yapı No_Text": "185" }, "geometry": { "type": "Point", "coordinates": [ 26.692092430000059, 39.317706301000044 ] } },
{ "type": "Feature", "properties": { "fid": 3761, "Yapı No_Text": "-01" }, "geometry": { "type": "Point", "coordinates": [ 26.692139908000058, 39.317530394000073 ] } },
{ "type": "Feature", "properties": { "fid": 3762, "Yapı No_Text": "-02" }, "geometry": { "type": "Point", "coordinates": [ 26.692258176000053, 39.31755514200006 ] } },
{ "type": "Feature", "properties": { "fid": 3763, "Yapı No_Text": "184" }, "geometry": { "type": "Point", "coordinates": [ 26.692182724000077, 39.317412293000075 ] } },
{ "type": "Feature", "properties": { "fid": 3764, "Yapı No_Text": "-03" }, "geometry": { "type": "Point", "coordinates": [ 26.692348283000058, 39.317494870000075 ] } },
{ "type": "Feature", "properties": { "fid": 3765, "Yapı No_Text": "-04" }, "geometry": { "type": "Point", "coordinates": [ 26.692351894000069, 39.317413878000025 ] } },
{ "type": "Feature", "properties": { "fid": 3766, "Yapı No_Text": "-05" }, "geometry": { "type": "Point", "coordinates": [ 26.69232549000003, 39.317346468000039 ] } },
{ "type": "Feature", "properties": { "fid": 3767, "Yapı No_Text": "-06" }, "geometry": { "type": "Point", "coordinates": [ 26.692133672000068, 39.317339981000032 ] } },
{ "type": "Feature", "properties": { "fid": 3768, "Yapı No_Text": "-07" }, "geometry": { "type": "Point", "coordinates": [ 26.692109893000065, 39.317414898000038 ] } },
{ "type": "Feature", "properties": { "fid": 3769, "Yapı No_Text": "-01" }, "geometry": { "type": "Point", "coordinates": [ 26.692185117000065, 39.317229264000048 ] } },
{ "type": "Feature", "properties": { "fid": 3770, "Yapı No_Text": "-02" }, "geometry": { "type": "Point", "coordinates": [ 26.692365487000075, 39.317259279000041 ] } },
{ "type": "Feature", "properties": { "fid": 3771, "Yapı No_Text": "184" }, "geometry": { "type": "Point", "coordinates": [ 26.692227929000069, 39.317111160000024 ] } },
{ "type": "Feature", "properties": { "fid": 3772, "Yapı No_Text": "-03" }, "geometry": { "type": "Point", "coordinates": [ 26.692361787000038, 39.317205321000074 ] } },
{ "type": "Feature", "properties": { "fid": 3773, "Yapı No_Text": "-04" }, "geometry": { "type": "Point", "coordinates": [ 26.692378460000043, 39.317101067000067 ] } },
{ "type": "Feature", "properties": { "fid": 3774, "Yapı No_Text": "-05" }, "geometry": { "type": "Point", "coordinates": [ 26.692370695000079, 39.317045337000025 ] } },
{ "type": "Feature", "properties": { "fid": 3775, "Yapı No_Text": "-06" }, "geometry": { "type": "Point", "coordinates": [ 26.692178876000071, 39.317038849000028 ] } },
{ "type": "Feature", "properties": { "fid": 3776, "Yapı No_Text": "-01" }, "geometry": { "type": "Point", "coordinates": [ 26.692569352000078, 39.317280688000039 ] } },
{ "type": "Feature", "properties": { "fid": 3777, "Yapı No_Text": "-02" }, "geometry": { "type": "Point", "coordinates": [ 26.692596766000065, 39.317227842000079 ] } },
{ "type": "Feature", "properties": { "fid": 3778, "Yapı No_Text": "329" }, "geometry": { "type": "Point", "coordinates": [ 26.69261216700005, 39.317162587000041 ] } },
{ "type": "Feature", "properties": { "fid": 3779, "Yapı No_Text": "-03" }, "geometry": { "type": "Point", "coordinates": [ 26.69258762000004, 39.317079707000062 ] } },
{ "type": "Feature", "properties": { "fid": 3780, "Yapı No_Text": "-04" }, "geometry": { "type": "Point", "coordinates": [ 26.692604531000029, 39.317026509000073 ] } },
{ "type": "Feature", "properties": { "fid": 3781, "Yapı No_Text": "-02" }, "geometry": { "type": "Point", "coordinates": [ 26.69289952500003, 39.317294208000078 ] } },
{ "type": "Feature", "properties": { "fid": 3782, "Yapı No_Text": "-03" }, "geometry": { "type": "Point", "coordinates": [ 26.69297756900005, 39.317291607000072 ] } },
{ "type": "Feature", "properties": { "fid": 3783, "Yapı No_Text": "-01" }, "geometry": { "type": "Point", "coordinates": [ 26.692808549000063, 39.317298171000061 ] } },
{ "type": "Feature", "properties": { "fid": 3784, "Yapı No_Text": "-04" }, "geometry": { "type": "Point", "coordinates": [ 26.693145703000027, 39.31732536100003 ] } },
{ "type": "Feature", "properties": { "fid": 3785, "Yapı No_Text": "-05" }, "geometry": { "type": "Point", "coordinates": [ 26.693148007000048, 39.317264336000051 ] } },
{ "type": "Feature", "properties": { "fid": 3786, "Yapı No_Text": "-06" }, "geometry": { "type": "Point", "coordinates": [ 26.693132240000068, 39.317219511000076 ] } },
{ "type": "Feature", "properties": { "fid": 3787, "Yapı No_Text": "-07" }, "geometry": { "type": "Point", "coordinates": [ 26.693128927000032, 39.31716711200005 ] } },
{ "type": "Feature", "properties": { "fid": 3788, "Yapı No_Text": "-08" }, "geometry": { "type": "Point", "coordinates": [ 26.693137400000069, 39.317087230000027 ] } },
{ "type": "Feature", "properties": { "fid": 3789, "Yapı No_Text": "-09" }, "geometry": { "type": "Point", "coordinates": [ 26.693117905000065, 39.317018078000046 ] } },
{ "type": "Feature", "properties": { "fid": 3790, "Yapı No_Text": "-10" }, "geometry": { "type": "Point", "coordinates": [ 26.693012495000062, 39.317019152000057 ] } },
{ "type": "Feature", "properties": { "fid": 3791, "Yapı No_Text": "-11" }, "geometry": { "type": "Point", "coordinates": [ 26.692917836000049, 39.317017707000048 ] } },
{ "type": "Feature", "properties": { "fid": 3792, "Yapı No_Text": "-13" }, "geometry": { "type": "Point", "coordinates": [ 26.692796327000053, 39.31705886900005 ] } },
{ "type": "Feature", "properties": { "fid": 3793, "Yapı No_Text": "-12" }, "geometry": { "type": "Point", "coordinates": [ 26.69279842800006, 39.317009665000057 ] } },
{ "type": "Feature", "properties": { "fid": 3794, "Yapı No_Text": "-14" }, "geometry": { "type": "Point", "coordinates": [ 26.692812521000064, 39.317094605000079 ] } },
{ "type": "Feature", "properties": { "fid": 3795, "Yapı No_Text": "-15" }, "geometry": { "type": "Point", "coordinates": [ 26.692801893000023, 39.317173654000044 ] } },
{ "type": "Feature", "properties": { "fid": 3796, "Yapı No_Text": "-01" }, "geometry": { "type": "Point", "coordinates": [ 26.692487323000023, 39.317567362000034 ] } },
{ "type": "Feature", "properties": { "fid": 3797, "Yapı No_Text": "-02" }, "geometry": { "type": "Point", "coordinates": [ 26.692570889000024, 39.317577116000052 ] } },
{ "type": "Feature", "properties": { "fid": 3798, "Yapı No_Text": "330" }, "geometry": { "type": "Point", "coordinates": [ 26.692530137000062, 39.317449263000071 ] } },
{ "type": "Feature", "properties": { "fid": 3799, "Yapı No_Text": "-03" }, "geometry": { "type": "Point", "coordinates": [ 26.692630864000023, 39.317586284000072 ] } },
{ "type": "Feature", "properties": { "fid": 3800, "Yapı No_Text": "-04" }, "geometry": { "type": "Point", "coordinates": [ 26.692641868000067, 39.317535880000037 ] } },
{ "type": "Feature", "properties": { "fid": 3801, "Yapı No_Text": "-05" }, "geometry": { "type": "Point", "coordinates": [ 26.692651383000054, 39.317422251000039 ] } },
{ "type": "Feature", "properties": { "fid": 3802, "Yapı No_Text": "-06" }, "geometry": { "type": "Point", "coordinates": [ 26.692518293000035, 39.317393619000029 ] } },
{ "type": "Feature", "properties": { "fid": 3803, "Yapı No_Text": "-02" }, "geometry": { "type": "Point", "coordinates": [ 26.692808625000055, 39.317594738000025 ] } },
{ "type": "Feature", "properties": { "fid": 3804, "Yapı No_Text": "-03" }, "geometry": { "type": "Point", "coordinates": [ 26.692886671000053, 39.317592132000073 ] } },
{ "type": "Feature", "properties": { "fid": 3805, "Yapı No_Text": "-01" }, "geometry": { "type": "Point", "coordinates": [ 26.692717651000066, 39.317598700000076 ] } },
{ "type": "Feature", "properties": { "fid": 3806, "Yapı No_Text": "-04" }, "geometry": { "type": "Point", "coordinates": [ 26.692951827000059, 39.31760143300005 ] } },
{ "type": "Feature", "properties": { "fid": 3807, "Yapı No_Text": "-05" }, "geometry": { "type": "Point", "coordinates": [ 26.693029956000032, 39.317595404000031 ] } },
{ "type": "Feature", "properties": { "fid": 3808, "Yapı No_Text": "-06" }, "geometry": { "type": "Point", "coordinates": [ 26.693075551000049, 39.317614925000044 ] } },
{ "type": "Feature", "properties": { "fid": 3809, "Yapı No_Text": "-07" }, "geometry": { "type": "Point", "coordinates": [ 26.69314772000007, 39.317640728000072 ] } },
{ "type": "Feature", "properties": { "fid": 3810, "Yapı No_Text": "-08" }, "geometry": { "type": "Point", "coordinates": [ 26.693157731000042, 39.317597169000067 ] } },
{ "type": "Feature", "properties": { "fid": 3811, "Yapı No_Text": "-09" }, "geometry": { "type": "Point", "coordinates": [ 26.693136602000038, 39.317544510000062 ] } },
{ "type": "Feature", "properties": { "fid": 3812, "Yapı No_Text": "-10" }, "geometry": { "type": "Point", "coordinates": [ 26.693134005000047, 39.317494405000048 ] } },
{ "type": "Feature", "properties": { "fid": 3813, "Yapı No_Text": "-11" }, "geometry": { "type": "Point", "coordinates": [ 26.693204945000048, 39.317435355000043 ] } },
{ "type": "Feature", "properties": { "fid": 3814, "Yapı No_Text": "-13" }, "geometry": { "type": "Point", "coordinates": [ 26.693037186000026, 39.317412506000039 ] } },
{ "type": "Feature", "properties": { "fid": 3815, "Yapı No_Text": "-12" }, "geometry": { "type": "Point", "coordinates": [ 26.693128788000024, 39.317423341000051 ] } },
{ "type": "Feature", "properties": { "fid": 3816, "Yapı No_Text": "-14" }, "geometry": { "type": "Point", "coordinates": [ 26.692940542000031, 39.31739843400004 ] } },
{ "type": "Feature", "properties": { "fid": 3817, "Yapı No_Text": "-15" }, "geometry": { "type": "Point", "coordinates": [ 26.692801084000052, 39.317409912000073 ] } },
{ "type": "Feature", "properties": { "fid": 3818, "Yapı No_Text": "-16" }, "geometry": { "type": "Point", "coordinates": [ 26.692785282000045, 39.317508720000035 ] } },
{ "type": "Feature", "properties": { "fid": 3819, "Yapı No_Text": "-17" }, "geometry": { "type": "Point", "coordinates": [ 26.692783176000034, 39.317534548000026 ] } },
{ "type": "Feature", "properties": { "fid": 3820, "Yapı No_Text": "-18" }, "geometry": { "type": "Point", "coordinates": [ 26.692731600000059, 39.317564077000043 ] } },
{ "type": "Feature", "properties": { "fid": 3821, "Yapı No_Text": "-02" }, "geometry": { "type": "Point", "coordinates": [ 26.692557539000063, 39.317789982000079 ] } },
{ "type": "Feature", "properties": { "fid": 3822, "Yapı No_Text": "-03" }, "geometry": { "type": "Point", "coordinates": [ 26.692645772000049, 39.317786757000079 ] } },
{ "type": "Feature", "properties": { "fid": 3823, "Yapı No_Text": "-01" }, "geometry": { "type": "Point", "coordinates": [ 26.692354483000031, 39.317786027000068 ] } },
{ "type": "Feature", "properties": { "fid": 3824, "Yapı No_Text": "-04" }, "geometry": { "type": "Point", "coordinates": [ 26.692747324000038, 39.317811887000062 ] } },
{ "type": "Feature", "properties": { "fid": 3825, "Yapı No_Text": "-05" }, "geometry": { "type": "Point", "coordinates": [ 26.692816275000041, 39.317795347000072 ] } },
{ "type": "Feature", "properties": { "fid": 3826, "Yapı No_Text": "-06" }, "geometry": { "type": "Point", "coordinates": [ 26.692907351000031, 39.317798224000057 ] } },
{ "type": "Feature", "properties": { "fid": 3827, "Yapı No_Text": "-07" }, "geometry": { "type": "Point", "coordinates": [ 26.692985452000073, 39.317807102000074 ] } },
{ "type": "Feature", "properties": { "fid": 3828, "Yapı No_Text": "-08" }, "geometry": { "type": "Point", "coordinates": [ 26.693109623000055, 39.317817682000054 ] } },
{ "type": "Feature", "properties": { "fid": 3829, "Yapı No_Text": "-09" }, "geometry": { "type": "Point", "coordinates": [ 26.693140803000063, 39.317762437000056 ] } },
{ "type": "Feature", "properties": { "fid": 3830, "Yapı No_Text": "-10" }, "geometry": { "type": "Point", "coordinates": [ 26.69314150200006, 39.317713520000041 ] } },
{ "type": "Feature", "properties": { "fid": 3831, "Yapı No_Text": "-11" }, "geometry": { "type": "Point", "coordinates": [ 26.693014189000053, 39.317711427000063 ] } },
{ "type": "Feature", "properties": { "fid": 3832, "Yapı No_Text": "-13" }, "geometry": { "type": "Point", "coordinates": [ 26.692872828000077, 39.317695751000031 ] } },
{ "type": "Feature", "properties": { "fid": 3833, "Yapı No_Text": "-12" }, "geometry": { "type": "Point", "coordinates": [ 26.692944698000076, 39.317696461000025 ] } },
{ "type": "Feature", "properties": { "fid": 3834, "Yapı No_Text": "-14" }, "geometry": { "type": "Point", "coordinates": [ 26.692776183000035, 39.317681682000057 ] } },
{ "type": "Feature", "properties": { "fid": 3835, "Yapı No_Text": "-15" }, "geometry": { "type": "Point", "coordinates": [ 26.692680761000076, 39.317692239000053 ] } },
{ "type": "Feature", "properties": { "fid": 3836, "Yapı No_Text": "-16" }, "geometry": { "type": "Point", "coordinates": [ 26.692592504000061, 39.317680968000047 ] } },
{ "type": "Feature", "properties": { "fid": 3837, "Yapı No_Text": "-17" }, "geometry": { "type": "Point", "coordinates": [ 26.692518230000076, 39.317644331000054 ] } },
{ "type": "Feature", "properties": { "fid": 3838, "Yapı No_Text": "-18" }, "geometry": { "type": "Point", "coordinates": [ 26.692395686000054, 39.317656061000037 ] } },
{ "type": "Feature", "properties": { "fid": 3839, "Yapı No_Text": "-19" }, "geometry": { "type": "Point", "coordinates": [ 26.692352024000058, 39.31769661900006 ] } },
{ "type": "Feature", "properties": { "fid": 3840, "Yapı No_Text": "-02" }, "geometry": { "type": "Point", "coordinates": [ 26.692501261000075, 39.317977840000026 ] } },
{ "type": "Feature", "properties": { "fid": 3841, "Yapı No_Text": "-03" }, "geometry": { "type": "Point", "coordinates": [ 26.692553996000072, 39.317979687000047 ] } },
{ "type": "Feature", "properties": { "fid": 3842, "Yapı No_Text": "-01" }, "geometry": { "type": "Point", "coordinates": [ 26.692298205000043, 39.317973880000068 ] } },
{ "type": "Feature", "properties": { "fid": 3843, "Yapı No_Text": "-04" }, "geometry": { "type": "Point", "coordinates": [ 26.692598407000048, 39.317978268000047 ] } },
{ "type": "Feature", "properties": { "fid": 3844, "Yapı No_Text": "-05" }, "geometry": { "type": "Point", "coordinates": [ 26.692645713000047, 39.317983406000053 ] } },
{ "type": "Feature", "properties": { "fid": 3845, "Yapı No_Text": "-06" }, "geometry": { "type": "Point", "coordinates": [ 26.69268863700006, 39.31789939600003 ] } },
{ "type": "Feature", "properties": { "fid": 3846, "Yapı No_Text": "-07" }, "geometry": { "type": "Point", "coordinates": [ 26.692640509000057, 39.317892437000069 ] } },
{ "type": "Feature", "properties": { "fid": 3847, "Yapı No_Text": "-08" }, "geometry": { "type": "Point", "coordinates": [ 26.692578153000056, 39.317892375000042 ] } },
{ "type": "Feature", "properties": { "fid": 3848, "Yapı No_Text": "-09" }, "geometry": { "type": "Point", "coordinates": [ 26.692512850000071, 39.317869298000062 ] } },
{ "type": "Feature", "properties": { "fid": 3849, "Yapı No_Text": "-10" }, "geometry": { "type": "Point", "coordinates": [ 26.692215815000054, 39.317867662000026 ] } },
{ "type": "Feature", "properties": { "fid": 3850, "Yapı No_Text": "-02" }, "geometry": { "type": "Point", "coordinates": [ 26.692581410000059, 39.318333338000059 ] } },
{ "type": "Feature", "properties": { "fid": 3851, "Yapı No_Text": "-03" }, "geometry": { "type": "Point", "coordinates": [ 26.69263875300004, 39.318334758000049 ] } },
{ "type": "Feature", "properties": { "fid": 3852, "Yapı No_Text": "-01" }, "geometry": { "type": "Point", "coordinates": [ 26.692538753000065, 39.318342840000071 ] } },
{ "type": "Feature", "properties": { "fid": 3853, "Yapı No_Text": "-04" }, "geometry": { "type": "Point", "coordinates": [ 26.692696736000073, 39.318300710000074 ] } },
{ "type": "Feature", "properties": { "fid": 3854, "Yapı No_Text": "-05" }, "geometry": { "type": "Point", "coordinates": [ 26.69277100100004, 39.318302184000061 ] } },
{ "type": "Feature", "properties": { "fid": 3855, "Yapı No_Text": "-06" }, "geometry": { "type": "Point", "coordinates": [ 26.692873943000052, 39.318295374000058 ] } },
{ "type": "Feature", "properties": { "fid": 3856, "Yapı No_Text": "-07" }, "geometry": { "type": "Point", "coordinates": [ 26.692965566000055, 39.318295159000058 ] } },
{ "type": "Feature", "properties": { "fid": 3857, "Yapı No_Text": "-08" }, "geometry": { "type": "Point", "coordinates": [ 26.693033509000031, 39.318293397000048 ] } },
{ "type": "Feature", "properties": { "fid": 3858, "Yapı No_Text": "-09" }, "geometry": { "type": "Point", "coordinates": [ 26.693103452000059, 39.318293775000029 ] } },
{ "type": "Feature", "properties": { "fid": 3859, "Yapı No_Text": "-10" }, "geometry": { "type": "Point", "coordinates": [ 26.693181788000061, 39.318292513000074 ] } },
{ "type": "Feature", "properties": { "fid": 3860, "Yapı No_Text": "-11" }, "geometry": { "type": "Point", "coordinates": [ 26.69309135900005, 39.318186615000059 ] } },
{ "type": "Feature", "properties": { "fid": 3861, "Yapı No_Text": "-13" }, "geometry": { "type": "Point", "coordinates": [ 26.693003095000051, 39.318118540000057 ] } },
{ "type": "Feature", "properties": { "fid": 3862, "Yapı No_Text": "-12" }, "geometry": { "type": "Point", "coordinates": [ 26.69309471300005, 39.318114545000071 ] } },
{ "type": "Feature", "properties": { "fid": 3863, "Yapı No_Text": "-14" }, "geometry": { "type": "Point", "coordinates": [ 26.692950002000032, 39.318158150000045 ] } },
{ "type": "Feature", "properties": { "fid": 3864, "Yapı No_Text": "-15" }, "geometry": { "type": "Point", "coordinates": [ 26.692860477000067, 39.318157276000079 ] } },
{ "type": "Feature", "properties": { "fid": 3865, "Yapı No_Text": "-16" }, "geometry": { "type": "Point", "coordinates": [ 26.692707779000045, 39.318106554000053 ] } },
{ "type": "Feature", "properties": { "fid": 3866, "Yapı No_Text": "-17" }, "geometry": { "type": "Point", "coordinates": [ 26.692767669000034, 39.318036395000036 ] } },
{ "type": "Feature", "properties": { "fid": 3867, "Yapı No_Text": "-18" }, "geometry": { "type": "Point", "coordinates": [ 26.69264197900003, 39.318115654000053 ] } },
{ "type": "Feature", "properties": { "fid": 3868, "Yapı No_Text": "-19" }, "geometry": { "type": "Point", "coordinates": [ 26.692544763000058, 39.31808550900007 ] } },
{ "type": "Feature", "properties": { "fid": 3869, "Yapı No_Text": "-21" }, "geometry": { "type": "Point", "coordinates": [ 26.692500368000026, 39.318189129000075 ] } },
{ "type": "Feature", "properties": { "fid": 3870, "Yapı No_Text": "-20" }, "geometry": { "type": "Point", "coordinates": [ 26.692520251000076, 39.318146647000049 ] } },
{ "type": "Feature", "properties": { "fid": 3871, "Yapı No_Text": "-22" }, "geometry": { "type": "Point", "coordinates": [ 26.69253700400003, 39.318222476000074 ] } },
{ "type": "Feature", "properties": { "fid": 3872, "Yapı No_Text": "-23" }, "geometry": { "type": "Point", "coordinates": [ 26.692469660000029, 39.318221989000051 ] } },
{ "type": "Feature", "properties": { "fid": 3873, "Yapı No_Text": "-24" }, "geometry": { "type": "Point", "coordinates": [ 26.692469781000057, 39.318260811000073 ] } },
{ "type": "Feature", "properties": { "fid": 3874, "Yapı No_Text": "-25" }, "geometry": { "type": "Point", "coordinates": [ 26.692799579000052, 39.317970497000033 ] } },
{ "type": "Feature", "properties": { "fid": 3875, "Yapı No_Text": "-27" }, "geometry": { "type": "Point", "coordinates": [ 26.692926790000058, 39.317905899000039 ] } },
{ "type": "Feature", "properties": { "fid": 3876, "Yapı No_Text": "-28" }, "geometry": { "type": "Point", "coordinates": [ 26.693120801000077, 39.317932790000043 ] } },
{ "type": "Feature", "properties": { "fid": 3877, "Yapı No_Text": "-29" }, "geometry": { "type": "Point", "coordinates": [ 26.693049335000069, 39.318017776000033 ] } },
{ "type": "Feature", "properties": { "fid": 3878, "Yapı No_Text": "-26" }, "geometry": { "type": "Point", "coordinates": [ 26.69278993100005, 39.31790972400006 ] } },
{ "type": "Feature", "properties": { "fid": 3879, "Yapı No_Text": "431" }, "geometry": { "type": "Point", "coordinates": [ 26.692965844000071, 39.317183687000067 ] } },
{ "type": "Feature", "properties": { "fid": 3880, "Yapı No_Text": "432" }, "geometry": { "type": "Point", "coordinates": [ 26.692952992000073, 39.317500582000037 ] } },
{ "type": "Feature", "properties": { "fid": 3881, "Yapı No_Text": "331" }, "geometry": { "type": "Point", "coordinates": [ 26.692450019000034, 39.317724664000025 ] } },
{ "type": "Feature", "properties": { "fid": 3882, "Yapı No_Text": "186" }, "geometry": { "type": "Point", "coordinates": [ 26.692438179000078, 39.317921331000036 ] } },
{ "type": "Feature", "properties": { "fid": 3883, "Yapı No_Text": "332" }, "geometry": { "type": "Point", "coordinates": [ 26.692949873000032, 39.317945189000056 ] } },
{ "type": "Feature", "properties": { "fid": 3884, "Yapı No_Text": "332" }, "geometry": { "type": "Point", "coordinates": [ 26.692712186000051, 39.318206749000069 ] } },
{ "type": "Feature", "properties": { "fid": 3885, "Yapı No_Text": "495" }, "geometry": { "type": "Point", "coordinates": [ 26.693662739000047, 39.316566862000059 ] } },
{ "type": "Feature", "properties": { "fid": 3886, "Yapı No_Text": "483" }, "geometry": { "type": "Point", "coordinates": [ 26.694439529000078, 39.316067968000027 ] } },
{ "type": "Feature", "properties": { "fid": 3887, "Yapı No_Text": "483c" }, "geometry": { "type": "Point", "coordinates": [ 26.694238382000037, 39.31571838800005 ] } },
{ "type": "Feature", "properties": { "fid": 3888, "Yapı No_Text": "426" }, "geometry": { "type": "Point", "coordinates": [ 26.693453175000059, 39.316055721000055 ] } },
{ "type": "Feature", "properties": { "fid": 3889, "Yapı No_Text": "494" }, "geometry": { "type": "Point", "coordinates": [ 26.693440036000027, 39.316349208000076 ] } },
{ "type": "Feature", "properties": { "fid": 3890, "Yapı No_Text": "483b" }, "geometry": { "type": "Point", "coordinates": [ 26.693953732000068, 39.315774188000034 ] } },
{ "type": "Feature", "properties": { "fid": 3891, "Yapı No_Text": "483a" }, "geometry": { "type": "Point", "coordinates": [ 26.694548067000028, 39.316542532000028 ] } },
{ "type": "Feature", "properties": { "fid": 3892, "Yapı No_Text": "359" }, "geometry": { "type": "Point", "coordinates": [ 26.694823370000051, 39.322609399000044 ] } },
{ "type": "Feature", "properties": { "fid": 3893, "Yapı No_Text": "-01" }, "geometry": { "type": "Point", "coordinates": [ 26.694812041000034, 39.323014235000073 ] } },
{ "type": "Feature", "properties": { "fid": 3894, "Yapı No_Text": "-02" }, "geometry": { "type": "Point", "coordinates": [ 26.694971499000076, 39.322974760000079 ] } },
{ "type": "Feature", "properties": { "fid": 3895, "Yapı No_Text": "-03" }, "geometry": { "type": "Point", "coordinates": [ 26.69502238900003, 39.32294659300004 ] } },
{ "type": "Feature", "properties": { "fid": 3896, "Yapı No_Text": "-04" }, "geometry": { "type": "Point", "coordinates": [ 26.694965836000051, 39.322844051000061 ] } },
{ "type": "Feature", "properties": { "fid": 3897, "Yapı No_Text": "-05d" }, "geometry": { "type": "Point", "coordinates": [ 26.694837427000039, 39.322722873000032 ] } },
{ "type": "Feature", "properties": { "fid": 3898, "Yapı No_Text": "-06" }, "geometry": { "type": "Point", "coordinates": [ 26.69509411000007, 39.322768865000057 ] } },
{ "type": "Feature", "properties": { "fid": 3899, "Yapı No_Text": "-07" }, "geometry": { "type": "Point", "coordinates": [ 26.695121997000058, 39.322811099000035 ] } },
{ "type": "Feature", "properties": { "fid": 3900, "Yapı No_Text": "-08" }, "geometry": { "type": "Point", "coordinates": [ 26.695107892000067, 39.322858205000045 ] } },
{ "type": "Feature", "properties": { "fid": 3901, "Yapı No_Text": "-09" }, "geometry": { "type": "Point", "coordinates": [ 26.695135624000045, 39.322927780000043 ] } },
{ "type": "Feature", "properties": { "fid": 3902, "Yapı No_Text": "-10" }, "geometry": { "type": "Point", "coordinates": [ 26.695225147000031, 39.322893668000063 ] } },
{ "type": "Feature", "properties": { "fid": 3903, "Yapı No_Text": "-11" }, "geometry": { "type": "Point", "coordinates": [ 26.695257997000056, 39.32280482300007 ] } },
{ "type": "Feature", "properties": { "fid": 3904, "Yapı No_Text": "-12" }, "geometry": { "type": "Point", "coordinates": [ 26.695324730000038, 39.322862089000068 ] } },
{ "type": "Feature", "properties": { "fid": 3905, "Yapı No_Text": "-13" }, "geometry": { "type": "Point", "coordinates": [ 26.695358038000052, 39.322817249000025 ] } },
{ "type": "Feature", "properties": { "fid": 3906, "Yapı No_Text": "-14" }, "geometry": { "type": "Point", "coordinates": [ 26.695502367000074, 39.322707555000079 ] } },
{ "type": "Feature", "properties": { "fid": 3907, "Yapı No_Text": "-15" }, "geometry": { "type": "Point", "coordinates": [ 26.695498186000066, 39.322790987000076 ] } },
{ "type": "Feature", "properties": { "fid": 3908, "Yapı No_Text": "-16" }, "geometry": { "type": "Point", "coordinates": [ 26.695625116000031, 39.322730848000049 ] } },
{ "type": "Feature", "properties": { "fid": 3909, "Yapı No_Text": "-17" }, "geometry": { "type": "Point", "coordinates": [ 26.695629009000072, 39.322669080000026 ] } },
{ "type": "Feature", "properties": { "fid": 3910, "Yapı No_Text": "-18" }, "geometry": { "type": "Point", "coordinates": [ 26.695587129000046, 39.32262318800008 ] } },
{ "type": "Feature", "properties": { "fid": 3911, "Yapı No_Text": "-19" }, "geometry": { "type": "Point", "coordinates": [ 26.695562327000061, 39.322578343000032 ] } },
{ "type": "Feature", "properties": { "fid": 3912, "Yapı No_Text": "-21" }, "geometry": { "type": "Point", "coordinates": [ 26.695399331000033, 39.322435048000045 ] } },
{ "type": "Feature", "properties": { "fid": 3913, "Yapı No_Text": "-22" }, "geometry": { "type": "Point", "coordinates": [ 26.695004546000064, 39.322404214000073 ] } },
{ "type": "Feature", "properties": { "fid": 3914, "Yapı No_Text": "-23" }, "geometry": { "type": "Point", "coordinates": [ 26.694910291000042, 39.322358174000044 ] } },
{ "type": "Feature", "properties": { "fid": 3915, "Yapı No_Text": "-24" }, "geometry": { "type": "Point", "coordinates": [ 26.694838731000061, 39.322300468000037 ] } },
{ "type": "Feature", "properties": { "fid": 3916, "Yapı No_Text": "-25" }, "geometry": { "type": "Point", "coordinates": [ 26.694806109000069, 39.322240368000053 ] } },
{ "type": "Feature", "properties": { "fid": 3917, "Yapı No_Text": "-26" }, "geometry": { "type": "Point", "coordinates": [ 26.694758049000029, 39.322212318000027 ] } },
{ "type": "Feature", "properties": { "fid": 3918, "Yapı No_Text": "-27" }, "geometry": { "type": "Point", "coordinates": [ 26.694720294000035, 39.322167845000024 ] } },
{ "type": "Feature", "properties": { "fid": 3919, "Yapı No_Text": "-28" }, "geometry": { "type": "Point", "coordinates": [ 26.694629503000044, 39.322191792000069 ] } },
{ "type": "Feature", "properties": { "fid": 3920, "Yapı No_Text": "-29" }, "geometry": { "type": "Point", "coordinates": [ 26.694596097000044, 39.322248784000067 ] } },
{ "type": "Feature", "properties": { "fid": 3921, "Yapı No_Text": "-30" }, "geometry": { "type": "Point", "coordinates": [ 26.694596220000051, 39.32232216500006 ] } },
{ "type": "Feature", "properties": { "fid": 3922, "Yapı No_Text": "-31" }, "geometry": { "type": "Point", "coordinates": [ 26.694663175000073, 39.322302752000041 ] } },
{ "type": "Feature", "properties": { "fid": 3923, "Yapı No_Text": "-32" }, "geometry": { "type": "Point", "coordinates": [ 26.694721336000043, 39.322285792000059 ] } },
{ "type": "Feature", "properties": { "fid": 3924, "Yapı No_Text": "-33" }, "geometry": { "type": "Point", "coordinates": [ 26.694703147000041, 39.322338603000048 ] } },
{ "type": "Feature", "properties": { "fid": 3925, "Yapı No_Text": "-34" }, "geometry": { "type": "Point", "coordinates": [ 26.694572546000074, 39.322368628000049 ] } },
{ "type": "Feature", "properties": { "fid": 3926, "Yapı No_Text": "-35" }, "geometry": { "type": "Point", "coordinates": [ 26.694521790000067, 39.322434564000048 ] } },
{ "type": "Feature", "properties": { "fid": 3927, "Yapı No_Text": "-36" }, "geometry": { "type": "Point", "coordinates": [ 26.694675314000051, 39.322435854000048 ] } },
{ "type": "Feature", "properties": { "fid": 3928, "Yapı No_Text": "-20" }, "geometry": { "type": "Point", "coordinates": [ 26.695528917000047, 39.322396126000058 ] } },
{ "type": "Feature", "properties": { "fid": 3929, "Yapı No_Text": "-37" }, "geometry": { "type": "Point", "coordinates": [ 26.694566093000049, 39.322514063000028 ] } },
{ "type": "Feature", "properties": { "fid": 3930, "Yapı No_Text": "-5c" }, "geometry": { "type": "Point", "coordinates": [ 26.694626837000044, 39.322566776000031 ] } },
{ "type": "Feature", "properties": { "fid": 3931, "Yapı No_Text": "-5b" }, "geometry": { "type": "Point", "coordinates": [ 26.694829963000075, 39.32244871100005 ] } },
{ "type": "Feature", "properties": { "fid": 3932, "Yapı No_Text": "-38" }, "geometry": { "type": "Point", "coordinates": [ 26.694499747000066, 39.322615570000039 ] } },
{ "type": "Feature", "properties": { "fid": 3933, "Yapı No_Text": "-39" }, "geometry": { "type": "Point", "coordinates": [ 26.694550916000026, 39.322660971000062 ] } },
{ "type": "Feature", "properties": { "fid": 3934, "Yapı No_Text": "-40" }, "geometry": { "type": "Point", "coordinates": [ 26.69468108600006, 39.32282409000004 ] } },
{ "type": "Feature", "properties": { "fid": 3935, "Yapı No_Text": "-41" }, "geometry": { "type": "Point", "coordinates": [ 26.694710257000054, 39.32287247000005 ] } },
{ "type": "Feature", "properties": { "fid": 3936, "Yapı No_Text": "-42" }, "geometry": { "type": "Point", "coordinates": [ 26.694737670000052, 39.322917332000031 ] } },
{ "type": "Feature", "properties": { "fid": 3937, "Yapı No_Text": "43" }, "geometry": { "type": "Point", "coordinates": [ 26.694759958000077, 39.322964187000025 ] } },
{ "type": "Feature", "properties": { "fid": 3938, "Yapı No_Text": "-05a" }, "geometry": { "type": "Point", "coordinates": [ 26.695086969000045, 39.32261644700003 ] } },
{ "type": "Feature", "properties": { "fid": 3939, "Yapı No_Text": "-02" }, "geometry": { "type": "Point", "coordinates": [ 26.696066796000025, 39.320787790000054 ] } },
{ "type": "Feature", "properties": { "fid": 3940, "Yapı No_Text": "-03" }, "geometry": { "type": "Point", "coordinates": [ 26.696007175000034, 39.320795592000024 ] } },
{ "type": "Feature", "properties": { "fid": 3941, "Yapı No_Text": "-01" }, "geometry": { "type": "Point", "coordinates": [ 26.696142937000047, 39.320759671000076 ] } },
{ "type": "Feature", "properties": { "fid": 3942, "Yapı No_Text": "-04" }, "geometry": { "type": "Point", "coordinates": [ 26.696011955000074, 39.320758314000045 ] } },
{ "type": "Feature", "properties": { "fid": 3943, "Yapı No_Text": "-05" }, "geometry": { "type": "Point", "coordinates": [ 26.696031877000053, 39.320704524000064 ] } },
{ "type": "Feature", "properties": { "fid": 3944, "Yapı No_Text": "-06" }, "geometry": { "type": "Point", "coordinates": [ 26.696063309000067, 39.320650970000031 ] } },
{ "type": "Feature", "properties": { "fid": 3945, "Yapı No_Text": "-07" }, "geometry": { "type": "Point", "coordinates": [ 26.696143079000024, 39.320686884000054 ] } },
{ "type": "Feature", "properties": { "fid": 3946, "Yapı No_Text": "-08" }, "geometry": { "type": "Point", "coordinates": [ 26.696232910000049, 39.320644668000057 ] } },
{ "type": "Feature", "properties": { "fid": 3947, "Yapı No_Text": "-09" }, "geometry": { "type": "Point", "coordinates": [ 26.696163570000067, 39.320619830000055 ] } },
{ "type": "Feature", "properties": { "fid": 3948, "Yapı No_Text": "-10" }, "geometry": { "type": "Point", "coordinates": [ 26.69610728300006, 39.320598671000027 ] } },
{ "type": "Feature", "properties": { "fid": 3949, "Yapı No_Text": "-11" }, "geometry": { "type": "Point", "coordinates": [ 26.696133935000034, 39.320575390000045 ] } },
{ "type": "Feature", "properties": { "fid": 3950, "Yapı No_Text": "-13" }, "geometry": { "type": "Point", "coordinates": [ 26.696193552000068, 39.32049577600003 ] } },
{ "type": "Feature", "properties": { "fid": 3951, "Yapı No_Text": "-12" }, "geometry": { "type": "Point", "coordinates": [ 26.696151712000074, 39.320544114000029 ] } },
{ "type": "Feature", "properties": { "fid": 3952, "Yapı No_Text": "-14" }, "geometry": { "type": "Point", "coordinates": [ 26.69624342700007, 39.320519690000026 ] } },
{ "type": "Feature", "properties": { "fid": 3953, "Yapı No_Text": "-15" }, "geometry": { "type": "Point", "coordinates": [ 26.696280889000036, 39.320538743000043 ] } },
{ "type": "Feature", "properties": { "fid": 3954, "Yapı No_Text": "111" }, "geometry": { "type": "Point", "coordinates": [ 26.696205860000077, 39.320686045000059 ] } },
{ "type": "Feature", "properties": { "fid": 3955, "Yapı No_Text": "-02" }, "geometry": { "type": "Point", "coordinates": [ 26.696230592000063, 39.321631198000034 ] } },
{ "type": "Feature", "properties": { "fid": 3956, "Yapı No_Text": "-03" }, "geometry": { "type": "Point", "coordinates": [ 26.696218029000079, 39.321570707000035 ] } },
{ "type": "Feature", "properties": { "fid": 3957, "Yapı No_Text": "-01" }, "geometry": { "type": "Point", "coordinates": [ 26.696303687000068, 39.321659636000049 ] } },
{ "type": "Feature", "properties": { "fid": 3958, "Yapı No_Text": "-04" }, "geometry": { "type": "Point", "coordinates": [ 26.696183093000059, 39.321536819000073 ] } },
{ "type": "Feature", "properties": { "fid": 3959, "Yapı No_Text": "-05" }, "geometry": { "type": "Point", "coordinates": [ 26.696120216000054, 39.321411539000053 ] } },
{ "type": "Feature", "properties": { "fid": 3960, "Yapı No_Text": "108" }, "geometry": { "type": "Point", "coordinates": [ 26.696366614000056, 39.321586006000075 ] } },
{ "type": "Feature", "properties": { "fid": 3961, "Yapı No_Text": "-02" }, "geometry": { "type": "Point", "coordinates": [ 26.696019312000033, 39.321165027000063 ] } },
{ "type": "Feature", "properties": { "fid": 3962, "Yapı No_Text": "-03" }, "geometry": { "type": "Point", "coordinates": [ 26.695949486000075, 39.321108009000056 ] } },
{ "type": "Feature", "properties": { "fid": 3963, "Yapı No_Text": "-01" }, "geometry": { "type": "Point", "coordinates": [ 26.696012890000077, 39.321243324000079 ] } },
{ "type": "Feature", "properties": { "fid": 3964, "Yapı No_Text": "-04" }, "geometry": { "type": "Point", "coordinates": [ 26.695924148000074, 39.321059649000063 ] } },
{ "type": "Feature", "properties": { "fid": 3965, "Yapı No_Text": "-05" }, "geometry": { "type": "Point", "coordinates": [ 26.695898789000069, 39.32102234000007 ] } },
{ "type": "Feature", "properties": { "fid": 3966, "Yapı No_Text": "109" }, "geometry": { "type": "Point", "coordinates": [ 26.696075812000061, 39.321169697000073 ] } },
{ "type": "Feature", "properties": { "fid": 3967, "Yapı No_Text": "-06" }, "geometry": { "type": "Point", "coordinates": [ 26.695864774000029, 39.320980248000069 ] } },
{ "type": "Feature", "properties": { "fid": 3968, "Yapı No_Text": "-07" }, "geometry": { "type": "Point", "coordinates": [ 26.695843291000074, 39.320922881000058 ] } },
{ "type": "Feature", "properties": { "fid": 3969, "Yapı No_Text": " -08a" }, "geometry": { "type": "Point", "coordinates": [ 26.695784743000047, 39.320855686000073 ] } },
{ "type": "Feature", "properties": { "fid": 3970, "Yapı No_Text": "-09" }, "geometry": { "type": "Point", "coordinates": [ 26.695918233000043, 39.320860429000049 ] } },
{ "type": "Feature", "properties": { "fid": 3971, "Yapı No_Text": "-10" }, "geometry": { "type": "Point", "coordinates": [ 26.696002518000057, 39.320872747000067 ] } },
{ "type": "Feature", "properties": { "fid": 3972, "Yapı No_Text": " -08b" }, "geometry": { "type": "Point", "coordinates": [ 26.695846169000049, 39.320841598000072 ] } },
{ "type": "Feature", "properties": { "fid": 3973, "Yapı No_Text": "-02" }, "geometry": { "type": "Point", "coordinates": [ 26.695742107000058, 39.320953994000035 ] } },
{ "type": "Feature", "properties": { "fid": 3974, "Yapı No_Text": "-03" }, "geometry": { "type": "Point", "coordinates": [ 26.695683461000044, 39.320858848000057 ] } },
{ "type": "Feature", "properties": { "fid": 3975, "Yapı No_Text": "-01" }, "geometry": { "type": "Point", "coordinates": [ 26.695735686000035, 39.321032295000066 ] } },
{ "type": "Feature", "properties": { "fid": 3976, "Yapı No_Text": "-04" }, "geometry": { "type": "Point", "coordinates": [ 26.695662350000077, 39.320740201000035 ] } },
{ "type": "Feature", "properties": { "fid": 3977, "Yapı No_Text": "-05" }, "geometry": { "type": "Point", "coordinates": [ 26.695698101000062, 39.320687368000051 ] } },
{ "type": "Feature", "properties": { "fid": 3978, "Yapı No_Text": "252" }, "geometry": { "type": "Point", "coordinates": [ 26.69558250700004, 39.320921383000041 ] } },
{ "type": "Feature", "properties": { "fid": 3979, "Yapı No_Text": "-06" }, "geometry": { "type": "Point", "coordinates": [ 26.695730379000054, 39.320617027000026 ] } },
{ "type": "Feature", "properties": { "fid": 3980, "Yapı No_Text": "-07" }, "geometry": { "type": "Point", "coordinates": [ 26.695686565000074, 39.320587352000075 ] } },
{ "type": "Feature", "properties": { "fid": 3981, "Yapı No_Text": " -08" }, "geometry": { "type": "Point", "coordinates": [ 26.695623861000058, 39.320568772000058 ] } },
{ "type": "Feature", "properties": { "fid": 3982, "Yapı No_Text": "-09" }, "geometry": { "type": "Point", "coordinates": [ 26.695596602000023, 39.320683035000059 ] } },
{ "type": "Feature", "properties": { "fid": 3983, "Yapı No_Text": "-10" }, "geometry": { "type": "Point", "coordinates": [ 26.695580084000028, 39.320735201000048 ] } },
{ "type": "Feature", "properties": { "fid": 3984, "Yapı No_Text": "-11" }, "geometry": { "type": "Point", "coordinates": [ 26.695559213000024, 39.320785498000077 ] } },
{ "type": "Feature", "properties": { "fid": 3985, "Yapı No_Text": "-12" }, "geometry": { "type": "Point", "coordinates": [ 26.695506583000054, 39.320842103000075 ] } },
{ "type": "Feature", "properties": { "fid": 3986, "Yapı No_Text": "-13" }, "geometry": { "type": "Point", "coordinates": [ 26.695436164000057, 39.320921473000055 ] } },
{ "type": "Feature", "properties": { "fid": 3987, "Yapı No_Text": "-14" }, "geometry": { "type": "Point", "coordinates": [ 26.695411058000047, 39.320972923000056 ] } },
{ "type": "Feature", "properties": { "fid": 3988, "Yapı No_Text": "-15" }, "geometry": { "type": "Point", "coordinates": [ 26.695522005000043, 39.320983006000063 ] } },
{ "type": "Feature", "properties": { "fid": 3989, "Yapı No_Text": "-16" }, "geometry": { "type": "Point", "coordinates": [ 26.695656969000026, 39.321021656000028 ] } },
{ "type": "Feature", "properties": { "fid": 3990, "Yapı No_Text": "-01" }, "geometry": { "type": "Point", "coordinates": [ 26.694704733000037, 39.320853145000058 ] } },
{ "type": "Feature", "properties": { "fid": 3991, "Yapı No_Text": "-02" }, "geometry": { "type": "Point", "coordinates": [ 26.694718614000067, 39.320921178000049 ] } },
{ "type": "Feature", "properties": { "fid": 3992, "Yapı No_Text": "-03" }, "geometry": { "type": "Point", "coordinates": [ 26.694734307000033, 39.320906796000031 ] } },
{ "type": "Feature", "properties": { "fid": 3993, "Yapı No_Text": "-04" }, "geometry": { "type": "Point", "coordinates": [ 26.694854258000078, 39.320813399000031 ] } },
{ "type": "Feature", "properties": { "fid": 3994, "Yapı No_Text": "-05" }, "geometry": { "type": "Point", "coordinates": [ 26.69492953300005, 39.32079415700008 ] } },
{ "type": "Feature", "properties": { "fid": 3995, "Yapı No_Text": "-06" }, "geometry": { "type": "Point", "coordinates": [ 26.695014805000028, 39.320795677000035 ] } },
{ "type": "Feature", "properties": { "fid": 3996, "Yapı No_Text": "-07" }, "geometry": { "type": "Point", "coordinates": [ 26.695079816000032, 39.320803498000032 ] } },
{ "type": "Feature", "properties": { "fid": 3997, "Yapı No_Text": " -08" }, "geometry": { "type": "Point", "coordinates": [ 26.695138263000047, 39.320816509000053 ] } },
{ "type": "Feature", "properties": { "fid": 3998, "Yapı No_Text": "-09" }, "geometry": { "type": "Point", "coordinates": [ 26.695142970000063, 39.320752231000029 ] } },
{ "type": "Feature", "properties": { "fid": 3999, "Yapı No_Text": "-10" }, "geometry": { "type": "Point", "coordinates": [ 26.695087350000051, 39.320750061000069 ] } },
{ "type": "Feature", "properties": { "fid": 4000, "Yapı No_Text": "-11" }, "geometry": { "type": "Point", "coordinates": [ 26.694833780000067, 39.320704774000035 ] } },
{ "type": "Feature", "properties": { "fid": 4001, "Yapı No_Text": "-12" }, "geometry": { "type": "Point", "coordinates": [ 26.694819221000046, 39.32066052700003 ] } },
{ "type": "Feature", "properties": { "fid": 4002, "Yapı No_Text": "-13" }, "geometry": { "type": "Point", "coordinates": [ 26.694832704000078, 39.32054564200007 ] } },
{ "type": "Feature", "properties": { "fid": 4003, "Yapı No_Text": "-14" }, "geometry": { "type": "Point", "coordinates": [ 26.694818703000067, 39.320470704000059 ] } },
{ "type": "Feature", "properties": { "fid": 4004, "Yapı No_Text": "-15" }, "geometry": { "type": "Point", "coordinates": [ 26.694733291000034, 39.320469976000027 ] } },
{ "type": "Feature", "properties": { "fid": 4005, "Yapı No_Text": "-16" }, "geometry": { "type": "Point", "coordinates": [ 26.694716094000057, 39.320532044000061 ] } },
{ "type": "Feature", "properties": { "fid": 4006, "Yapı No_Text": "-17" }, "geometry": { "type": "Point", "coordinates": [ 26.694708935000051, 39.320577442000058 ] } },
{ "type": "Feature", "properties": { "fid": 4007, "Yapı No_Text": "-18" }, "geometry": { "type": "Point", "coordinates": [ 26.69469857200005, 39.320624249000048 ] } },
{ "type": "Feature", "properties": { "fid": 4008, "Yapı No_Text": "-19" }, "geometry": { "type": "Point", "coordinates": [ 26.694705889000033, 39.320663430000025 ] } },
{ "type": "Feature", "properties": { "fid": 4009, "Yapı No_Text": "457" }, "geometry": { "type": "Point", "coordinates": [ 26.694797497000025, 39.320794263000039 ] } },
{ "type": "Feature", "properties": { "fid": 4010, "Yapı No_Text": "-01" }, "geometry": { "type": "Point", "coordinates": [ 26.695250346000023, 39.320743457000049 ] } },
{ "type": "Feature", "properties": { "fid": 4011, "Yapı No_Text": "-02" }, "geometry": { "type": "Point", "coordinates": [ 26.695264226000063, 39.320811488000061 ] } },
{ "type": "Feature", "properties": { "fid": 4012, "Yapı No_Text": "-03" }, "geometry": { "type": "Point", "coordinates": [ 26.695357928000078, 39.320777682000028 ] } },
{ "type": "Feature", "properties": { "fid": 4013, "Yapı No_Text": "380" }, "geometry": { "type": "Point", "coordinates": [ 26.695330217000048, 39.320825657000057 ] } },
{ "type": "Feature", "properties": { "fid": 4014, "Yapı No_Text": "-01" }, "geometry": { "type": "Point", "coordinates": [ 26.695265831000029, 39.320998208000049 ] } },
{ "type": "Feature", "properties": { "fid": 4015, "Yapı No_Text": "-02" }, "geometry": { "type": "Point", "coordinates": [ 26.695271511000044, 39.320923640000046 ] } },
{ "type": "Feature", "properties": { "fid": 4016, "Yapı No_Text": "-03" }, "geometry": { "type": "Point", "coordinates": [ 26.695135094000022, 39.320908039000074 ] } },
{ "type": "Feature", "properties": { "fid": 4017, "Yapı No_Text": "-04" }, "geometry": { "type": "Point", "coordinates": [ 26.695070892000047, 39.320911931000069 ] } },
{ "type": "Feature", "properties": { "fid": 4018, "Yapı No_Text": "-05" }, "geometry": { "type": "Point", "coordinates": [ 26.69498161100006, 39.320910902000037 ] } },
{ "type": "Feature", "properties": { "fid": 4019, "Yapı No_Text": "-06" }, "geometry": { "type": "Point", "coordinates": [ 26.694901495000067, 39.320896170000026 ] } },
{ "type": "Feature", "properties": { "fid": 4020, "Yapı No_Text": "-07" }, "geometry": { "type": "Point", "coordinates": [ 26.694857680000041, 39.320866494000029 ] } },
{ "type": "Feature", "properties": { "fid": 4021, "Yapı No_Text": " -08" }, "geometry": { "type": "Point", "coordinates": [ 26.694807714000035, 39.320919039000046 ] } },
{ "type": "Feature", "properties": { "fid": 4022, "Yapı No_Text": "-09" }, "geometry": { "type": "Point", "coordinates": [ 26.694837161000066, 39.320978319000062 ] } },
{ "type": "Feature", "properties": { "fid": 4023, "Yapı No_Text": "-10a" }, "geometry": { "type": "Point", "coordinates": [ 26.694998822000059, 39.321015248000037 ] } },
{ "type": "Feature", "properties": { "fid": 4024, "Yapı No_Text": "-11" }, "geometry": { "type": "Point", "coordinates": [ 26.695076975000063, 39.321000401000049 ] } },
{ "type": "Feature", "properties": { "fid": 4025, "Yapı No_Text": "-12a" }, "geometry": { "type": "Point", "coordinates": [ 26.695123169000055, 39.32098828900007 ] } },
{ "type": "Feature", "properties": { "fid": 4026, "Yapı No_Text": "-13" }, "geometry": { "type": "Point", "coordinates": [ 26.695219128000076, 39.320988508000028 ] } },
{ "type": "Feature", "properties": { "fid": 4027, "Yapı No_Text": "-12b" }, "geometry": { "type": "Point", "coordinates": [ 26.695172393000064, 39.321013678000043 ] } },
{ "type": "Feature", "properties": { "fid": 4028, "Yapı No_Text": "-10b" }, "geometry": { "type": "Point", "coordinates": [ 26.694934961000058, 39.321033624000052 ] } },
{ "type": "Feature", "properties": { "fid": 4029, "Yapı No_Text": "-01" }, "geometry": { "type": "Point", "coordinates": [ 26.694844988000057, 39.321628803000067 ] } },
{ "type": "Feature", "properties": { "fid": 4030, "Yapı No_Text": "-02" }, "geometry": { "type": "Point", "coordinates": [ 26.69494648500006, 39.32163498400007 ] } },
{ "type": "Feature", "properties": { "fid": 4031, "Yapı No_Text": "-03" }, "geometry": { "type": "Point", "coordinates": [ 26.695079210000074, 39.321634784000025 ] } },
{ "type": "Feature", "properties": { "fid": 4032, "Yapı No_Text": "-04" }, "geometry": { "type": "Point", "coordinates": [ 26.695089504000066, 39.321560442000077 ] } },
{ "type": "Feature", "properties": { "fid": 4033, "Yapı No_Text": "-05" }, "geometry": { "type": "Point", "coordinates": [ 26.695098967000035, 39.321501429000079 ] } },
{ "type": "Feature", "properties": { "fid": 4034, "Yapı No_Text": "-06" }, "geometry": { "type": "Point", "coordinates": [ 26.695040563000077, 39.32140759300006 ] } },
{ "type": "Feature", "properties": { "fid": 4035, "Yapı No_Text": "-07" }, "geometry": { "type": "Point", "coordinates": [ 26.695082512000056, 39.321353213000066 ] } },
{ "type": "Feature", "properties": { "fid": 4036, "Yapı No_Text": " -08" }, "geometry": { "type": "Point", "coordinates": [ 26.695153352000034, 39.321386416000053 ] } },
{ "type": "Feature", "properties": { "fid": 4037, "Yapı No_Text": "-09" }, "geometry": { "type": "Point", "coordinates": [ 26.695179261000078, 39.321436666000068 ] } },
{ "type": "Feature", "properties": { "fid": 4038, "Yapı No_Text": "-10" }, "geometry": { "type": "Point", "coordinates": [ 26.695199775000049, 39.321506683000052 ] } },
{ "type": "Feature", "properties": { "fid": 4039, "Yapı No_Text": "-11" }, "geometry": { "type": "Point", "coordinates": [ 26.695218844000067, 39.321597648000079 ] } },
{ "type": "Feature", "properties": { "fid": 4040, "Yapı No_Text": "-12" }, "geometry": { "type": "Point", "coordinates": [ 26.695288701000038, 39.32158361200004 ] } },
{ "type": "Feature", "properties": { "fid": 4041, "Yapı No_Text": "-13" }, "geometry": { "type": "Point", "coordinates": [ 26.695286053000075, 39.321513805000052 ] } },
{ "type": "Feature", "properties": { "fid": 4042, "Yapı No_Text": "-14a" }, "geometry": { "type": "Point", "coordinates": [ 26.695286037000074, 39.321423825000068 ] } },
{ "type": "Feature", "properties": { "fid": 4043, "Yapı No_Text": "-15" }, "geometry": { "type": "Point", "coordinates": [ 26.695207804000063, 39.32127537000008 ] } },
{ "type": "Feature", "properties": { "fid": 4044, "Yapı No_Text": "-16" }, "geometry": { "type": "Point", "coordinates": [ 26.695279851000066, 39.321292173000074 ] } },
{ "type": "Feature", "properties": { "fid": 4045, "Yapı No_Text": "-17" }, "geometry": { "type": "Point", "coordinates": [ 26.695283367000059, 39.321232898000062 ] } },
{ "type": "Feature", "properties": { "fid": 4046, "Yapı No_Text": "-14b" }, "geometry": { "type": "Point", "coordinates": [ 26.695269733000032, 39.321363541000039 ] } },
{ "type": "Feature", "properties": { "fid": 4047, "Yapı No_Text": "-21" }, "geometry": { "type": "Point", "coordinates": [ 26.695204829000033, 39.321101511000052 ] } },
{ "type": "Feature", "properties": { "fid": 4048, "Yapı No_Text": "-19" }, "geometry": { "type": "Point", "coordinates": [ 26.695261885000036, 39.321125029000029 ] } },
{ "type": "Feature", "properties": { "fid": 4049, "Yapı No_Text": "-18" }, "geometry": { "type": "Point", "coordinates": [ 26.695288646000051, 39.321192242000052 ] } },
{ "type": "Feature", "properties": { "fid": 4050, "Yapı No_Text": "-20" }, "geometry": { "type": "Point", "coordinates": [ 26.695285359000025, 39.321086631000071 ] } },
{ "type": "Feature", "properties": { "fid": 4051, "Yapı No_Text": "-39" }, "geometry": { "type": "Point", "coordinates": [ 26.694833064000079, 39.321513870000047 ] } },
{ "type": "Feature", "properties": { "fid": 4052, "Yapı No_Text": "-38" }, "geometry": { "type": "Point", "coordinates": [ 26.694804179000073, 39.321457141000053 ] } },
{ "type": "Feature", "properties": { "fid": 4053, "Yapı No_Text": "-22" }, "geometry": { "type": "Point", "coordinates": [ 26.695154899000045, 39.321096256000033 ] } },
{ "type": "Feature", "properties": { "fid": 4054, "Yapı No_Text": "-23" }, "geometry": { "type": "Point", "coordinates": [ 26.695041944000025, 39.321122439000078 ] } },
{ "type": "Feature", "properties": { "fid": 4055, "Yapı No_Text": "-24" }, "geometry": { "type": "Point", "coordinates": [ 26.694921046000047, 39.32111012200005 ] } },
{ "type": "Feature", "properties": { "fid": 4056, "Yapı No_Text": "-25" }, "geometry": { "type": "Point", "coordinates": [ 26.694975847000023, 39.321167768000066 ] } },
{ "type": "Feature", "properties": { "fid": 4057, "Yapı No_Text": "-26" }, "geometry": { "type": "Point", "coordinates": [ 26.695033146000071, 39.32124056300006 ] } },
{ "type": "Feature", "properties": { "fid": 4058, "Yapı No_Text": "-27" }, "geometry": { "type": "Point", "coordinates": [ 26.694831900000054, 39.321216084000071 ] } },
{ "type": "Feature", "properties": { "fid": 4059, "Yapı No_Text": "-28" }, "geometry": { "type": "Point", "coordinates": [ 26.694778156000041, 39.32114567900004 ] } },
{ "type": "Feature", "properties": { "fid": 4060, "Yapı No_Text": "-29" }, "geometry": { "type": "Point", "coordinates": [ 26.694751363000023, 39.321086085000047 ] } },
{ "type": "Feature", "properties": { "fid": 4061, "Yapı No_Text": "-30a" }, "geometry": { "type": "Point", "coordinates": [ 26.694657008000036, 39.321109154000055 ] } },
{ "type": "Feature", "properties": { "fid": 4062, "Yapı No_Text": "-31" }, "geometry": { "type": "Point", "coordinates": [ 26.694646550000073, 39.321204247000026 ] } },
{ "type": "Feature", "properties": { "fid": 4063, "Yapı No_Text": "-32" }, "geometry": { "type": "Point", "coordinates": [ 26.69467908200005, 39.321256425000058 ] } },
{ "type": "Feature", "properties": { "fid": 4064, "Yapı No_Text": "-33" }, "geometry": { "type": "Point", "coordinates": [ 26.694773131000034, 39.321242692000055 ] } },
{ "type": "Feature", "properties": { "fid": 4065, "Yapı No_Text": "-34" }, "geometry": { "type": "Point", "coordinates": [ 26.69487990600004, 39.321339572000056 ] } },
{ "type": "Feature", "properties": { "fid": 4066, "Yapı No_Text": "-35" }, "geometry": { "type": "Point", "coordinates": [ 26.694718315000046, 39.321334471000057 ] } },
{ "type": "Feature", "properties": { "fid": 4067, "Yapı No_Text": "-36" }, "geometry": { "type": "Point", "coordinates": [ 26.694708561000027, 39.321363890000043 ] } },
{ "type": "Feature", "properties": { "fid": 4068, "Yapı No_Text": "-37" }, "geometry": { "type": "Point", "coordinates": [ 26.694776312000045, 39.321416488000068 ] } },
{ "type": "Feature", "properties": { "fid": 4069, "Yapı No_Text": "-40" }, "geometry": { "type": "Point", "coordinates": [ 26.694846909000034, 39.321583382000028 ] } },
{ "type": "Feature", "properties": { "fid": 4070, "Yapı No_Text": "379" }, "geometry": { "type": "Point", "coordinates": [ 26.695080519000044, 39.320962309000038 ] } },
{ "type": "Feature", "properties": { "fid": 4071, "Yapı No_Text": "378" }, "geometry": { "type": "Point", "coordinates": [ 26.695002627000065, 39.321319191000043 ] } },
{ "type": "Feature", "properties": { "fid": 4072, "Yapı No_Text": "-02" }, "geometry": { "type": "Point", "coordinates": [ 26.695722438000075, 39.321190902000069 ] } },
{ "type": "Feature", "properties": { "fid": 4073, "Yapı No_Text": "-03" }, "geometry": { "type": "Point", "coordinates": [ 26.695703926000078, 39.321155017000081 ] } },
{ "type": "Feature", "properties": { "fid": 4074, "Yapı No_Text": "-01" }, "geometry": { "type": "Point", "coordinates": [ 26.695764122000071, 39.321303771000032 ] } },
{ "type": "Feature", "properties": { "fid": 4075, "Yapı No_Text": "-04" }, "geometry": { "type": "Point", "coordinates": [ 26.69566373300006, 39.321102842000073 ] } },
{ "type": "Feature", "properties": { "fid": 4076, "Yapı No_Text": "251" }, "geometry": { "type": "Point", "coordinates": [ 26.695827050000048, 39.321230144000026 ] } },
{ "type": "Feature", "properties": { "fid": 4077, "Yapı No_Text": "-05" }, "geometry": { "type": "Point", "coordinates": [ 26.695734541000036, 39.321110331000057 ] } },
{ "type": "Feature", "properties": { "fid": 4078, "Yapı No_Text": "-06" }, "geometry": { "type": "Point", "coordinates": [ 26.695801953000057, 39.321103425000047 ] } },
{ "type": "Feature", "properties": { "fid": 4079, "Yapı No_Text": "-07" }, "geometry": { "type": "Point", "coordinates": [ 26.695855316000063, 39.321172432000026 ] } },
{ "type": "Feature", "properties": { "fid": 4080, "Yapı No_Text": " -08" }, "geometry": { "type": "Point", "coordinates": [ 26.695861251000053, 39.32127493400003 ] } },
{ "type": "Feature", "properties": { "fid": 4081, "Yapı No_Text": "-02" }, "geometry": { "type": "Point", "coordinates": [ 26.695654587000035, 39.321246787000064 ] } },
{ "type": "Feature", "properties": { "fid": 4082, "Yapı No_Text": "-03" }, "geometry": { "type": "Point", "coordinates": [ 26.695607482000071, 39.321200754000074 ] } },
{ "type": "Feature", "properties": { "fid": 4083, "Yapı No_Text": "-01" }, "geometry": { "type": "Point", "coordinates": [ 26.695670883000048, 39.321336066000072 ] } },
{ "type": "Feature", "properties": { "fid": 4084, "Yapı No_Text": "-04" }, "geometry": { "type": "Point", "coordinates": [ 26.695607352000025, 39.321166532000063 ] } },
{ "type": "Feature", "properties": { "fid": 4085, "Yapı No_Text": "-05" }, "geometry": { "type": "Point", "coordinates": [ 26.69557975500004, 39.321147875000065 ] } },
{ "type": "Feature", "properties": { "fid": 4086, "Yapı No_Text": "-06" }, "geometry": { "type": "Point", "coordinates": [ 26.695573628000034, 39.321094463000065 ] } },
{ "type": "Feature", "properties": { "fid": 4087, "Yapı No_Text": "-07" }, "geometry": { "type": "Point", "coordinates": [ 26.695541389000027, 39.321061160000056 ] } },
{ "type": "Feature", "properties": { "fid": 4088, "Yapı No_Text": "-10" }, "geometry": { "type": "Point", "coordinates": [ 26.695416185000056, 39.321158578000052 ] } },
{ "type": "Feature", "properties": { "fid": 4089, "Yapı No_Text": "-11b" }, "geometry": { "type": "Point", "coordinates": [ 26.695409724000058, 39.321196980000025 ] } },
{ "type": "Feature", "properties": { "fid": 4090, "Yapı No_Text": " -08" }, "geometry": { "type": "Point", "coordinates": [ 26.695427151000047, 39.321072361000063 ] } },
{ "type": "Feature", "properties": { "fid": 4091, "Yapı No_Text": "-09" }, "geometry": { "type": "Point", "coordinates": [ 26.695422991000044, 39.321118728000044 ] } },
{ "type": "Feature", "properties": { "fid": 4092, "Yapı No_Text": "-11a" }, "geometry": { "type": "Point", "coordinates": [ 26.695450347000076, 39.321259607000059 ] } },
{ "type": "Feature", "properties": { "fid": 4093, "Yapı No_Text": "250" }, "geometry": { "type": "Point", "coordinates": [ 26.695499348000055, 39.321208537000075 ] } },
{ "type": "Feature", "properties": { "fid": 4094, "Yapı No_Text": "-02" }, "geometry": { "type": "Point", "coordinates": [ 26.69603072700005, 39.321706999000071 ] } },
{ "type": "Feature", "properties": { "fid": 4095, "Yapı No_Text": "-03" }, "geometry": { "type": "Point", "coordinates": [ 26.696116730000028, 39.321698903000026 ] } },
{ "type": "Feature", "properties": { "fid": 4096, "Yapı No_Text": "-01" }, "geometry": { "type": "Point", "coordinates": [ 26.695886422000058, 39.321747635000065 ] } },
{ "type": "Feature", "properties": { "fid": 4097, "Yapı No_Text": "-04" }, "geometry": { "type": "Point", "coordinates": [ 26.696044590000042, 39.321573699000055 ] } },
{ "type": "Feature", "properties": { "fid": 4098, "Yapı No_Text": "-05" }, "geometry": { "type": "Point", "coordinates": [ 26.69595879600007, 39.321423638000056 ] } },
{ "type": "Feature", "properties": { "fid": 4099, "Yapı No_Text": "-06" }, "geometry": { "type": "Point", "coordinates": [ 26.695765880000067, 39.321438095000076 ] } },
{ "type": "Feature", "properties": { "fid": 4100, "Yapı No_Text": "-07" }, "geometry": { "type": "Point", "coordinates": [ 26.695678385000065, 39.32143538300005 ] } },
{ "type": "Feature", "properties": { "fid": 4101, "Yapı No_Text": "-10" }, "geometry": { "type": "Point", "coordinates": [ 26.695657382000036, 39.321514792000073 ] } },
{ "type": "Feature", "properties": { "fid": 4102, "Yapı No_Text": " -08" }, "geometry": { "type": "Point", "coordinates": [ 26.695590754000023, 39.321435806000068 ] } },
{ "type": "Feature", "properties": { "fid": 4103, "Yapı No_Text": "-09" }, "geometry": { "type": "Point", "coordinates": [ 26.695639657000072, 39.321482413000069 ] } },
{ "type": "Feature", "properties": { "fid": 4104, "Yapı No_Text": "249" }, "geometry": { "type": "Point", "coordinates": [ 26.695875489000059, 39.321668752000051 ] } },
{ "type": "Feature", "properties": { "fid": 4105, "Yapı No_Text": "-11" }, "geometry": { "type": "Point", "coordinates": [ 26.695698297000035, 39.321548269000061 ] } },
{ "type": "Feature", "properties": { "fid": 4106, "Yapı No_Text": "-12" }, "geometry": { "type": "Point", "coordinates": [ 26.69571854000003, 39.321623840000029 ] } },
{ "type": "Feature", "properties": { "fid": 4107, "Yapı No_Text": "-13" }, "geometry": { "type": "Point", "coordinates": [ 26.695727590000047, 39.321665944000074 ] } },
{ "type": "Feature", "properties": { "fid": 4108, "Yapı No_Text": "-14" }, "geometry": { "type": "Point", "coordinates": [ 26.695762557000023, 39.321696203000045 ] } },
{ "type": "Feature", "properties": { "fid": 4109, "Yapı No_Text": "-01" }, "geometry": { "type": "Point", "coordinates": [ 26.694351494000045, 39.323843557000032 ] } },
{ "type": "Feature", "properties": { "fid": 4110, "Yapı No_Text": "-02" }, "geometry": { "type": "Point", "coordinates": [ 26.694221026000037, 39.323864740000033 ] } },
{ "type": "Feature", "properties": { "fid": 4111, "Yapı No_Text": "-03" }, "geometry": { "type": "Point", "coordinates": [ 26.694226367000056, 39.323600576000047 ] } },
{ "type": "Feature", "properties": { "fid": 4112, "Yapı No_Text": "-04" }, "geometry": { "type": "Point", "coordinates": [ 26.694098033000046, 39.323643177000065 ] } },
{ "type": "Feature", "properties": { "fid": 4113, "Yapı No_Text": "68" }, "geometry": { "type": "Point", "coordinates": [ 26.694123130000037, 39.323704451000026 ] } },
{ "type": "Feature", "properties": { "fid": 4114, "Yapı No_Text": "-01" }, "geometry": { "type": "Point", "coordinates": [ 26.694122377000042, 39.323450600000058 ] } },
{ "type": "Feature", "properties": { "fid": 4115, "Yapı No_Text": "-02" }, "geometry": { "type": "Point", "coordinates": [ 26.69397740200003, 39.323400821000064 ] } },
{ "type": "Feature", "properties": { "fid": 4116, "Yapı No_Text": "-01" }, "geometry": { "type": "Point", "coordinates": [ 26.693796766000048, 39.32347225400008 ] } },
{ "type": "Feature", "properties": { "fid": 4117, "Yapı No_Text": "-02" }, "geometry": { "type": "Point", "coordinates": [ 26.693848657000046, 39.323573818000057 ] } },
{ "type": "Feature", "properties": { "fid": 4118, "Yapı No_Text": "-01" }, "geometry": { "type": "Point", "coordinates": [ 26.693986869000071, 39.323259283000027 ] } },
{ "type": "Feature", "properties": { "fid": 4119, "Yapı No_Text": "-02a" }, "geometry": { "type": "Point", "coordinates": [ 26.693963545000031, 39.323139962000027 ] } },
{ "type": "Feature", "properties": { "fid": 4120, "Yapı No_Text": "-01" }, "geometry": { "type": "Point", "coordinates": [ 26.693551570000068, 39.323138036000046 ] } },
{ "type": "Feature", "properties": { "fid": 4121, "Yapı No_Text": "-02" }, "geometry": { "type": "Point", "coordinates": [ 26.693505063000032, 39.323076416000049 ] } },
{ "type": "Feature", "properties": { "fid": 4122, "Yapı No_Text": "-01" }, "geometry": { "type": "Point", "coordinates": [ 26.693870336000032, 39.323048172000028 ] } },
{ "type": "Feature", "properties": { "fid": 4123, "Yapı No_Text": "-03" }, "geometry": { "type": "Point", "coordinates": [ 26.693713832000071, 39.323610062000057 ] } },
{ "type": "Feature", "properties": { "fid": 4124, "Yapı No_Text": "-02b" }, "geometry": { "type": "Point", "coordinates": [ 26.693841358000043, 39.323172623000062 ] } },
{ "type": "Feature", "properties": { "fid": 4125, "Yapı No_Text": "-01" }, "geometry": { "type": "Point", "coordinates": [ 26.693664830000046, 39.323362460000055 ] } },
{ "type": "Feature", "properties": { "fid": 4126, "Yapı No_Text": "-02" }, "geometry": { "type": "Point", "coordinates": [ 26.693519858000059, 39.323312678000036 ] } },
{ "type": "Feature", "properties": { "fid": 4127, "Yapı No_Text": "-02a" }, "geometry": { "type": "Point", "coordinates": [ 26.693865120000055, 39.322950517000038 ] } },
{ "type": "Feature", "properties": { "fid": 4128, "Yapı No_Text": "-02b" }, "geometry": { "type": "Point", "coordinates": [ 26.693742936000035, 39.322983171000033 ] } },
{ "type": "Feature", "properties": { "fid": 4129, "Yapı No_Text": "65" }, "geometry": { "type": "Point", "coordinates": [ 26.694026582000049, 39.323441369000079 ] } },
{ "type": "Feature", "properties": { "fid": 4130, "Yapı No_Text": "64" }, "geometry": { "type": "Point", "coordinates": [ 26.693716124000048, 39.323540193000042 ] } },
{ "type": "Feature", "properties": { "fid": 4131, "Yapı No_Text": "63" }, "geometry": { "type": "Point", "coordinates": [ 26.693562615000076, 39.32335279800003 ] } },
{ "type": "Feature", "properties": { "fid": 4132, "Yapı No_Text": "210" }, "geometry": { "type": "Point", "coordinates": [ 26.693864628000028, 39.323250872000074 ] } },
{ "type": "Feature", "properties": { "fid": 4133, "Yapı No_Text": "209" }, "geometry": { "type": "Point", "coordinates": [ 26.69377350600007, 39.323028846000057 ] } },
{ "type": "Feature", "properties": { "fid": 4134, "Yapı No_Text": "62" }, "geometry": { "type": "Point", "coordinates": [ 26.693452721000028, 39.323134058000051 ] } },
{ "type": "Feature", "properties": { "fid": 4135, "Yapı No_Text": "-01" }, "geometry": { "type": "Point", "coordinates": [ 26.694174884000063, 39.322832171000073 ] } },
{ "type": "Feature", "properties": { "fid": 4136, "Yapı No_Text": "-02" }, "geometry": { "type": "Point", "coordinates": [ 26.694278453000038, 39.322796938000067 ] } },
{ "type": "Feature", "properties": { "fid": 4137, "Yapı No_Text": "-03" }, "geometry": { "type": "Point", "coordinates": [ 26.694356172000028, 39.322779687000036 ] } },
{ "type": "Feature", "properties": { "fid": 4138, "Yapı No_Text": "-04" }, "geometry": { "type": "Point", "coordinates": [ 26.694425207000052, 39.322733425000024 ] } },
{ "type": "Feature", "properties": { "fid": 4139, "Yapı No_Text": "-01" }, "geometry": { "type": "Point", "coordinates": [ 26.694238413000051, 39.322940398000071 ] } },
{ "type": "Feature", "properties": { "fid": 4140, "Yapı No_Text": "-02" }, "geometry": { "type": "Point", "coordinates": [ 26.694341980000047, 39.322905167000044 ] } },
{ "type": "Feature", "properties": { "fid": 4141, "Yapı No_Text": "-03" }, "geometry": { "type": "Point", "coordinates": [ 26.694485601000054, 39.32288288500007 ] } },
{ "type": "Feature", "properties": { "fid": 4142, "Yapı No_Text": "-04" }, "geometry": { "type": "Point", "coordinates": [ 26.694488740000054, 39.322841652000079 ] } },
{ "type": "Feature", "properties": { "fid": 4143, "Yapı No_Text": "-01" }, "geometry": { "type": "Point", "coordinates": [ 26.694256801000051, 39.323148373000038 ] } },
{ "type": "Feature", "properties": { "fid": 4144, "Yapı No_Text": "-02" }, "geometry": { "type": "Point", "coordinates": [ 26.694312889000059, 39.32314520500006 ] } },
{ "type": "Feature", "properties": { "fid": 4145, "Yapı No_Text": "-03" }, "geometry": { "type": "Point", "coordinates": [ 26.694438090000062, 39.323095886000033 ] } },
{ "type": "Feature", "properties": { "fid": 4146, "Yapı No_Text": "-04" }, "geometry": { "type": "Point", "coordinates": [ 26.694625578000057, 39.323072428000046 ] } },
{ "type": "Feature", "properties": { "fid": 4147, "Yapı No_Text": "-01a" }, "geometry": { "type": "Point", "coordinates": [ 26.694399612000041, 39.323351520000074 ] } },
{ "type": "Feature", "properties": { "fid": 4148, "Yapı No_Text": "-03" }, "geometry": { "type": "Point", "coordinates": [ 26.694666617000053, 39.323172585000066 ] } },
{ "type": "Feature", "properties": { "fid": 4149, "Yapı No_Text": "-04" }, "geometry": { "type": "Point", "coordinates": [ 26.694575617000055, 39.323208003000047 ] } },
{ "type": "Feature", "properties": { "fid": 4150, "Yapı No_Text": "-05" }, "geometry": { "type": "Point", "coordinates": [ 26.694648098000073, 39.323006561000057 ] } },
{ "type": "Feature", "properties": { "fid": 4151, "Yapı No_Text": "-06" }, "geometry": { "type": "Point", "coordinates": [ 26.694618300000059, 39.322964747000071 ] } },
{ "type": "Feature", "properties": { "fid": 4152, "Yapı No_Text": "-07" }, "geometry": { "type": "Point", "coordinates": [ 26.694575587000031, 39.32294132700008 ] } },
{ "type": "Feature", "properties": { "fid": 4153, "Yapı No_Text": "-08" }, "geometry": { "type": "Point", "coordinates": [ 26.694489866000026, 39.322978529000068 ] } },
{ "type": "Feature", "properties": { "fid": 4154, "Yapı No_Text": "-09" }, "geometry": { "type": "Point", "coordinates": [ 26.69441462900005, 39.323005780000074 ] } },
{ "type": "Feature", "properties": { "fid": 4155, "Yapı No_Text": "-10" }, "geometry": { "type": "Point", "coordinates": [ 26.694325368000023, 39.323020878000079 ] } },
{ "type": "Feature", "properties": { "fid": 4156, "Yapı No_Text": "-11" }, "geometry": { "type": "Point", "coordinates": [ 26.694263529000068, 39.323034111000027 ] } },
{ "type": "Feature", "properties": { "fid": 4157, "Yapı No_Text": "-12" }, "geometry": { "type": "Point", "coordinates": [ 26.694187149000072, 39.323030365000079 ] } },
{ "type": "Feature", "properties": { "fid": 4158, "Yapı No_Text": "-02b" }, "geometry": { "type": "Point", "coordinates": [ 26.694522117000076, 39.32330552500008 ] } },
{ "type": "Feature", "properties": { "fid": 4159, "Yapı No_Text": "-02a" }, "geometry": { "type": "Point", "coordinates": [ 26.69463660200006, 39.323262672000055 ] } },
{ "type": "Feature", "properties": { "fid": 4160, "Yapı No_Text": "-01b" }, "geometry": { "type": "Point", "coordinates": [ 26.694453170000031, 39.323323 ] } },
{ "type": "Feature", "properties": { "fid": 4161, "Yapı No_Text": "-05" }, "geometry": { "type": "Point", "coordinates": [ 26.694489711000074, 39.323246187000052 ] } },
{ "type": "Feature", "properties": { "fid": 4162, "Yapı No_Text": "-06" }, "geometry": { "type": "Point", "coordinates": [ 26.694416185000023, 39.323240973000054 ] } },
{ "type": "Feature", "properties": { "fid": 4163, "Yapı No_Text": "-01" }, "geometry": { "type": "Point", "coordinates": [ 26.694583396000041, 39.323561844000039 ] } },
{ "type": "Feature", "properties": { "fid": 4164, "Yapı No_Text": "-02" }, "geometry": { "type": "Point", "coordinates": [ 26.69475783200005, 39.32354814200005 ] } },
{ "type": "Feature", "properties": { "fid": 4165, "Yapı No_Text": "-03" }, "geometry": { "type": "Point", "coordinates": [ 26.694883029000039, 39.323498822000033 ] } },
{ "type": "Feature", "properties": { "fid": 4166, "Yapı No_Text": "-04" }, "geometry": { "type": "Point", "coordinates": [ 26.694729978000055, 39.323471410000025 ] } },
{ "type": "Feature", "properties": { "fid": 4167, "Yapı No_Text": "-05" }, "geometry": { "type": "Point", "coordinates": [ 26.694768241000077, 39.323329408000063 ] } },
{ "type": "Feature", "properties": { "fid": 4168, "Yapı No_Text": "-06" }, "geometry": { "type": "Point", "coordinates": [ 26.694697870000027, 39.323369919000072 ] } },
{ "type": "Feature", "properties": { "fid": 4169, "Yapı No_Text": "360" }, "geometry": { "type": "Point", "coordinates": [ 26.694267753000076, 39.322830262000025 ] } },
{ "type": "Feature", "properties": { "fid": 4170, "Yapı No_Text": "361" }, "geometry": { "type": "Point", "coordinates": [ 26.694283656000039, 39.322920390000036 ] } },
{ "type": "Feature", "properties": { "fid": 4171, "Yapı No_Text": "211" }, "geometry": { "type": "Point", "coordinates": [ 26.694386073000032, 39.323060418000068 ] } },
{ "type": "Feature", "properties": { "fid": 4172, "Yapı No_Text": "212" }, "geometry": { "type": "Point", "coordinates": [ 26.694369810000069, 39.32329721900004 ] } },
{ "type": "Feature", "properties": { "fid": 4173, "Yapı No_Text": "213" }, "geometry": { "type": "Point", "coordinates": [ 26.694638961000067, 39.323526113000071 ] } },
{ "type": "Feature", "properties": { "fid": 4174, "Yapı No_Text": "-01" }, "geometry": { "type": "Point", "coordinates": [ 26.695181304000073, 39.323204199000031 ] } },
{ "type": "Feature", "properties": { "fid": 4175, "Yapı No_Text": "-02" }, "geometry": { "type": "Point", "coordinates": [ 26.69514472700007, 39.323039562000076 ] } },
{ "type": "Feature", "properties": { "fid": 4176, "Yapı No_Text": "-03" }, "geometry": { "type": "Point", "coordinates": [ 26.695222097000055, 39.323014955000076 ] } },
{ "type": "Feature", "properties": { "fid": 4177, "Yapı No_Text": "-04" }, "geometry": { "type": "Point", "coordinates": [ 26.695330106000029, 39.32295933000006 ] } },
{ "type": "Feature", "properties": { "fid": 4178, "Yapı No_Text": "-05" }, "geometry": { "type": "Point", "coordinates": [ 26.695344676000047, 39.323002563000045 ] } },
{ "type": "Feature", "properties": { "fid": 4179, "Yapı No_Text": "-06" }, "geometry": { "type": "Point", "coordinates": [ 26.695361319000028, 39.32303908800003 ] } },
{ "type": "Feature", "properties": { "fid": 4180, "Yapı No_Text": "-08" }, "geometry": { "type": "Point", "coordinates": [ 26.695388164000065, 39.323169602000064 ] } },
{ "type": "Feature", "properties": { "fid": 4181, "Yapı No_Text": "-09" }, "geometry": { "type": "Point", "coordinates": [ 26.695313449000025, 39.323189593000052 ] } },
{ "type": "Feature", "properties": { "fid": 4182, "Yapı No_Text": "-07" }, "geometry": { "type": "Point", "coordinates": [ 26.695362727000031, 39.323086857000078 ] } },
{ "type": "Feature", "properties": { "fid": 4183, "Yapı No_Text": "-10" }, "geometry": { "type": "Point", "coordinates": [ 26.69525023500006, 39.323201289000053 ] } },
{ "type": "Feature", "properties": { "fid": 4184, "Yapı No_Text": "362" }, "geometry": { "type": "Point", "coordinates": [ 26.69525242900005, 39.323111967000045 ] } },
{ "type": "Feature", "properties": { "fid": 4185, "Yapı No_Text": "-01" }, "geometry": { "type": "Point", "coordinates": [ 26.695369987000049, 39.323609606000048 ] } },
{ "type": "Feature", "properties": { "fid": 4186, "Yapı No_Text": "-02" }, "geometry": { "type": "Point", "coordinates": [ 26.695347527000024, 39.323490641000035 ] } },
{ "type": "Feature", "properties": { "fid": 4187, "Yapı No_Text": "-03" }, "geometry": { "type": "Point", "coordinates": [ 26.695340349000048, 39.323422897000057 ] } },
{ "type": "Feature", "properties": { "fid": 4188, "Yapı No_Text": "-04" }, "geometry": { "type": "Point", "coordinates": [ 26.695300630000077, 39.323390364000034 ] } },
{ "type": "Feature", "properties": { "fid": 4189, "Yapı No_Text": "-05" }, "geometry": { "type": "Point", "coordinates": [ 26.695277642000065, 39.32331881600004 ] } },
{ "type": "Feature", "properties": { "fid": 4190, "Yapı No_Text": "-06" }, "geometry": { "type": "Point", "coordinates": [ 26.695402215000058, 39.323276571000065 ] } },
{ "type": "Feature", "properties": { "fid": 4191, "Yapı No_Text": "-08" }, "geometry": { "type": "Point", "coordinates": [ 26.695439768000028, 39.323391522000065 ] } },
{ "type": "Feature", "properties": { "fid": 4192, "Yapı No_Text": "-09" }, "geometry": { "type": "Point", "coordinates": [ 26.695460774000026, 39.323435062000044 ] } },
{ "type": "Feature", "properties": { "fid": 4193, "Yapı No_Text": "-07" }, "geometry": { "type": "Point", "coordinates": [ 26.695406441000046, 39.323334580000051 ] } },
{ "type": "Feature", "properties": { "fid": 4194, "Yapı No_Text": "-10" }, "geometry": { "type": "Point", "coordinates": [ 26.695485946000076, 39.323479558000031 ] } },
{ "type": "Feature", "properties": { "fid": 4195, "Yapı No_Text": "363" }, "geometry": { "type": "Point", "coordinates": [ 26.695441115000051, 39.323517376000041 ] } },
{ "type": "Feature", "properties": { "fid": 4196, "Yapı No_Text": "-02" }, "geometry": { "type": "Point", "coordinates": [ 26.695215147000056, 39.323682961000031 ] } },
{ "type": "Feature", "properties": { "fid": 4197, "Yapı No_Text": "-03" }, "geometry": { "type": "Point", "coordinates": [ 26.695236837000039, 39.323635670000044 ] } },
{ "type": "Feature", "properties": { "fid": 4198, "Yapı No_Text": "-01" }, "geometry": { "type": "Point", "coordinates": [ 26.695136582000032, 39.323717649000059 ] } },
{ "type": "Feature", "properties": { "fid": 4199, "Yapı No_Text": "-04" }, "geometry": { "type": "Point", "coordinates": [ 26.695268356000042, 39.323592073000043 ] } },
{ "type": "Feature", "properties": { "fid": 4200, "Yapı No_Text": "-05" }, "geometry": { "type": "Point", "coordinates": [ 26.69519378800004, 39.323511087000043 ] } },
{ "type": "Feature", "properties": { "fid": 4201, "Yapı No_Text": "-06" }, "geometry": { "type": "Point", "coordinates": [ 26.695140838000043, 39.323340591000033 ] } },
{ "type": "Feature", "properties": { "fid": 4202, "Yapı No_Text": "-07" }, "geometry": { "type": "Point", "coordinates": [ 26.695076013000062, 39.323212889000047 ] } },
{ "type": "Feature", "properties": { "fid": 4203, "Yapı No_Text": "-10" }, "geometry": { "type": "Point", "coordinates": [ 26.694843443000025, 39.323104938000029 ] } },
{ "type": "Feature", "properties": { "fid": 4204, "Yapı No_Text": " -08" }, "geometry": { "type": "Point", "coordinates": [ 26.694978563000063, 39.323093411000059 ] } },
{ "type": "Feature", "properties": { "fid": 4205, "Yapı No_Text": "-09" }, "geometry": { "type": "Point", "coordinates": [ 26.694923653000046, 39.323100084000032 ] } },
{ "type": "Feature", "properties": { "fid": 4206, "Yapı No_Text": "-11" }, "geometry": { "type": "Point", "coordinates": [ 26.694830156000023, 39.323140005000027 ] } },
{ "type": "Feature", "properties": { "fid": 4207, "Yapı No_Text": "-12" }, "geometry": { "type": "Point", "coordinates": [ 26.694866354000055, 39.323179931000027 ] } },
{ "type": "Feature", "properties": { "fid": 4208, "Yapı No_Text": "-13" }, "geometry": { "type": "Point", "coordinates": [ 26.694875405000062, 39.323222031000057 ] } },
{ "type": "Feature", "properties": { "fid": 4209, "Yapı No_Text": "-14" }, "geometry": { "type": "Point", "coordinates": [ 26.694910368000023, 39.323252293000053 ] } },
{ "type": "Feature", "properties": { "fid": 4210, "Yapı No_Text": "-15" }, "geometry": { "type": "Point", "coordinates": [ 26.694935740000062, 39.323344189000068 ] } },
{ "type": "Feature", "properties": { "fid": 4211, "Yapı No_Text": "-16" }, "geometry": { "type": "Point", "coordinates": [ 26.695007788000055, 39.323360991000072 ] } },
{ "type": "Feature", "properties": { "fid": 4212, "Yapı No_Text": "-17" }, "geometry": { "type": "Point", "coordinates": [ 26.695023844000048, 39.323453132000054 ] } },
{ "type": "Feature", "properties": { "fid": 4213, "Yapı No_Text": "-21" }, "geometry": { "type": "Point", "coordinates": [ 26.695117290000042, 39.323649576000037 ] } },
{ "type": "Feature", "properties": { "fid": 4214, "Yapı No_Text": "-19" }, "geometry": { "type": "Point", "coordinates": [ 26.695065167000052, 39.32356857700006 ] } },
{ "type": "Feature", "properties": { "fid": 4215, "Yapı No_Text": "-18" }, "geometry": { "type": "Point", "coordinates": [ 26.695036451000078, 39.323526571000059 ] } },
{ "type": "Feature", "properties": { "fid": 4216, "Yapı No_Text": "-20" }, "geometry": { "type": "Point", "coordinates": [ 26.695084370000075, 39.323622753000052 ] } },
{ "type": "Feature", "properties": { "fid": 4217, "Yapı No_Text": "-01" }, "geometry": { "type": "Point", "coordinates": [ 26.692237645000034, 39.32028308200006 ] } },
{ "type": "Feature", "properties": { "fid": 4218, "Yapı No_Text": "-02" }, "geometry": { "type": "Point", "coordinates": [ 26.692209307000041, 39.320223696000028 ] } },
{ "type": "Feature", "properties": { "fid": 4219, "Yapı No_Text": "197" }, "geometry": { "type": "Point", "coordinates": [ 26.692282986000066, 39.320226306000052 ] } },
{ "type": "Feature", "properties": { "fid": 4220, "Yapı No_Text": "-01" }, "geometry": { "type": "Point", "coordinates": [ 26.691983440000058, 39.320330842000033 ] } },
{ "type": "Feature", "properties": { "fid": 4221, "Yapı No_Text": "-02" }, "geometry": { "type": "Point", "coordinates": [ 26.69195509900004, 39.320271459000026 ] } },
{ "type": "Feature", "properties": { "fid": 4222, "Yapı No_Text": "49" }, "geometry": { "type": "Point", "coordinates": [ 26.692086968000069, 39.320272798000076 ] } },
{ "type": "Feature", "properties": { "fid": 4223, "Yapı No_Text": "-01" }, "geometry": { "type": "Point", "coordinates": [ 26.691748007000058, 39.320414752000033 ] } },
{ "type": "Feature", "properties": { "fid": 4224, "Yapı No_Text": "50" }, "geometry": { "type": "Point", "coordinates": [ 26.691786711000077, 39.320364513000072 ] } },
{ "type": "Feature", "properties": { "fid": 4225, "Yapı No_Text": "-01" }, "geometry": { "type": "Point", "coordinates": [ 26.692405404000056, 39.320589820000066 ] } },
{ "type": "Feature", "properties": { "fid": 4226, "Yapı No_Text": "-02" }, "geometry": { "type": "Point", "coordinates": [ 26.692377068000042, 39.320530437000059 ] } },
{ "type": "Feature", "properties": { "fid": 4227, "Yapı No_Text": "198" }, "geometry": { "type": "Point", "coordinates": [ 26.692450742000062, 39.320533044000058 ] } },
{ "type": "Feature", "properties": { "fid": 4228, "Yapı No_Text": "-01A" }, "geometry": { "type": "Point", "coordinates": [ 26.692157996000049, 39.320635649000053 ] } },
{ "type": "Feature", "properties": { "fid": 4229, "Yapı No_Text": "52" }, "geometry": { "type": "Point", "coordinates": [ 26.692203334000055, 39.32057886900003 ] } },
{ "type": "Feature", "properties": { "fid": 4230, "Yapı No_Text": "-01" }, "geometry": { "type": "Point", "coordinates": [ 26.691941059000044, 39.320678575000045 ] } },
{ "type": "Feature", "properties": { "fid": 4231, "Yapı No_Text": "-02" }, "geometry": { "type": "Point", "coordinates": [ 26.69191272300003, 39.320619192000038 ] } },
{ "type": "Feature", "properties": { "fid": 4232, "Yapı No_Text": "51" }, "geometry": { "type": "Point", "coordinates": [ 26.691986399000029, 39.320621799000037 ] } },
{ "type": "Feature", "properties": { "fid": 4233, "Yapı No_Text": "-01" }, "geometry": { "type": "Point", "coordinates": [ 26.692680970000026, 39.320479731000034 ] } },
{ "type": "Feature", "properties": { "fid": 4234, "Yapı No_Text": "-02" }, "geometry": { "type": "Point", "coordinates": [ 26.692611612000064, 39.320405578000077 ] } },
{ "type": "Feature", "properties": { "fid": 4235, "Yapı No_Text": "350" }, "geometry": { "type": "Point", "coordinates": [ 26.692726308000033, 39.320422956000073 ] } },
{ "type": "Feature", "properties": { "fid": 4236, "Yapı No_Text": "-01" }, "geometry": { "type": "Point", "coordinates": [ 26.692786905000048, 39.320789052000066 ] } },
{ "type": "Feature", "properties": { "fid": 4237, "Yapı No_Text": "-02" }, "geometry": { "type": "Point", "coordinates": [ 26.692758568000045, 39.32072966800007 ] } },
{ "type": "Feature", "properties": { "fid": 4238, "Yapı No_Text": "351" }, "geometry": { "type": "Point", "coordinates": [ 26.692832245000034, 39.320732272000043 ] } },
{ "type": "Feature", "properties": { "fid": 4239, "Yapı No_Text": "-01" }, "geometry": { "type": "Point", "coordinates": [ 26.692513476000045, 39.320833470000025 ] } },
{ "type": "Feature", "properties": { "fid": 4240, "Yapı No_Text": "-02" }, "geometry": { "type": "Point", "coordinates": [ 26.692485135000027, 39.320774085000039 ] } },
{ "type": "Feature", "properties": { "fid": 4241, "Yapı No_Text": "199" }, "geometry": { "type": "Point", "coordinates": [ 26.692558814000051, 39.320776692000038 ] } },
{ "type": "Feature", "properties": { "fid": 4242, "Yapı No_Text": "-01" }, "geometry": { "type": "Point", "coordinates": [ 26.692226577000042, 39.320879605000073 ] } },
{ "type": "Feature", "properties": { "fid": 4243, "Yapı No_Text": "-02" }, "geometry": { "type": "Point", "coordinates": [ 26.692225690000043, 39.320738867000046 ] } },
{ "type": "Feature", "properties": { "fid": 4244, "Yapı No_Text": "53" }, "geometry": { "type": "Point", "coordinates": [ 26.692271917000028, 39.320822830000054 ] } },
{ "type": "Feature", "properties": { "fid": 4245, "Yapı No_Text": "-01" }, "geometry": { "type": "Point", "coordinates": [ 26.692547803000025, 39.321071966000034 ] } },
{ "type": "Feature", "properties": { "fid": 4246, "Yapı No_Text": "-02" }, "geometry": { "type": "Point", "coordinates": [ 26.692573022000033, 39.320930972000042 ] } },
{ "type": "Feature", "properties": { "fid": 4247, "Yapı No_Text": "54" }, "geometry": { "type": "Point", "coordinates": [ 26.692593144000057, 39.321015189000036 ] } },
{ "type": "Feature", "properties": { "fid": 4248, "Yapı No_Text": "-01A" }, "geometry": { "type": "Point", "coordinates": [ 26.692860647000032, 39.321001244000058 ] } },
{ "type": "Feature", "properties": { "fid": 4249, "Yapı No_Text": "-02" }, "geometry": { "type": "Point", "coordinates": [ 26.692912646000025, 39.320871908000072 ] } },
{ "type": "Feature", "properties": { "fid": 4250, "Yapı No_Text": "200" }, "geometry": { "type": "Point", "coordinates": [ 26.692905988000064, 39.320944467000061 ] } },
{ "type": "Feature", "properties": { "fid": 4251, "Yapı No_Text": "-02" }, "geometry": { "type": "Point", "coordinates": [ 26.693069319000074, 39.321381159000055 ] } },
{ "type": "Feature", "properties": { "fid": 4252, "Yapı No_Text": "201" }, "geometry": { "type": "Point", "coordinates": [ 26.69292275600003, 39.321275662000062 ] } },
{ "type": "Feature", "properties": { "fid": 4253, "Yapı No_Text": "-01" }, "geometry": { "type": "Point", "coordinates": [ 26.692736633000038, 39.32149561600005 ] } },
{ "type": "Feature", "properties": { "fid": 4254, "Yapı No_Text": "-02" }, "geometry": { "type": "Point", "coordinates": [ 26.692658237000046, 39.321366340000054 ] } },
{ "type": "Feature", "properties": { "fid": 4255, "Yapı No_Text": "57" }, "geometry": { "type": "Point", "coordinates": [ 26.692731911000067, 39.321368948000043 ] } },
{ "type": "Feature", "properties": { "fid": 4256, "Yapı No_Text": "-08" }, "geometry": { "type": "Point", "coordinates": [ 26.691878419000034, 39.320497986000078 ] } },
{ "type": "Feature", "properties": { "fid": 4257, "Yapı No_Text": "-08" }, "geometry": { "type": "Point", "coordinates": [ 26.692792630000042, 39.320893669000043 ] } },
{ "type": "Feature", "properties": { "fid": 4258, "Yapı No_Text": "-01B" }, "geometry": { "type": "Point", "coordinates": [ 26.692114303000039, 39.320572477000042 ] } },
{ "type": "Feature", "properties": { "fid": 4259, "Yapı No_Text": "-01C" }, "geometry": { "type": "Point", "coordinates": [ 26.692105972000036, 39.32051950400006 ] } },
{ "type": "Feature", "properties": { "fid": 4260, "Yapı No_Text": "-01D" }, "geometry": { "type": "Point", "coordinates": [ 26.69206465600007, 39.320458640000027 ] } },
{ "type": "Feature", "properties": { "fid": 4261, "Yapı No_Text": "-04" }, "geometry": { "type": "Point", "coordinates": [ 26.692998035000073, 39.321222628000044 ] } },
{ "type": "Feature", "properties": { "fid": 4262, "Yapı No_Text": "-05" }, "geometry": { "type": "Point", "coordinates": [ 26.692891771000063, 39.321150300000056 ] } },
{ "type": "Feature", "properties": { "fid": 4263, "Yapı No_Text": "-01B" }, "geometry": { "type": "Point", "coordinates": [ 26.692801142000064, 39.320957430000078 ] } },
{ "type": "Feature", "properties": { "fid": 4264, "Yapı No_Text": "-01A" }, "geometry": { "type": "Point", "coordinates": [ 26.69307384800004, 39.321437995000053 ] } },
{ "type": "Feature", "properties": { "fid": 4265, "Yapı No_Text": "-01B" }, "geometry": { "type": "Point", "coordinates": [ 26.692949916000032, 39.321447853000052 ] } },
{ "type": "Feature", "properties": { "fid": 4266, "Yapı No_Text": "-03" }, "geometry": { "type": "Point", "coordinates": [ 26.692967483000075, 39.321344830000044 ] } },
{ "type": "Feature", "properties": { "fid": 4267, "Yapı No_Text": "-03" }, "geometry": { "type": "Point", "coordinates": [ 26.692761766000046, 39.320653646000039 ] } },
{ "type": "Feature", "properties": { "fid": 4268, "Yapı No_Text": "-03" }, "geometry": { "type": "Point", "coordinates": [ 26.692348777000063, 39.320373978000077 ] } },
{ "type": "Feature", "properties": { "fid": 4269, "Yapı No_Text": "-01" }, "geometry": { "type": "Point", "coordinates": [ 26.693033390000039, 39.320425525000076 ] } },
{ "type": "Feature", "properties": { "fid": 4270, "Yapı No_Text": "-02" }, "geometry": { "type": "Point", "coordinates": [ 26.693132515000059, 39.320485830000052 ] } },
{ "type": "Feature", "properties": { "fid": 4271, "Yapı No_Text": "-03" }, "geometry": { "type": "Point", "coordinates": [ 26.693461741000078, 39.320420540000043 ] } },
{ "type": "Feature", "properties": { "fid": 4272, "Yapı No_Text": "-04" }, "geometry": { "type": "Point", "coordinates": [ 26.693611531000045, 39.320471650000059 ] } },
{ "type": "Feature", "properties": { "fid": 4273, "Yapı No_Text": "-05" }, "geometry": { "type": "Point", "coordinates": [ 26.693605173000037, 39.320397696000043 ] } },
{ "type": "Feature", "properties": { "fid": 4274, "Yapı No_Text": "668" }, "geometry": { "type": "Point", "coordinates": [ 26.693123778000029, 39.320420763000072 ] } },
{ "type": "Feature", "properties": { "fid": 4275, "Yapı No_Text": "-06" }, "geometry": { "type": "Point", "coordinates": [ 26.693264947000046, 39.320196277000036 ] } },
{ "type": "Feature", "properties": { "fid": 4276, "Yapı No_Text": "-02" }, "geometry": { "type": "Point", "coordinates": [ 26.69309972800005, 39.320306109000057 ] } },
{ "type": "Feature", "properties": { "fid": 4277, "Yapı No_Text": "-03" }, "geometry": { "type": "Point", "coordinates": [ 26.693172939000078, 39.320305857000051 ] } },
{ "type": "Feature", "properties": { "fid": 4278, "Yapı No_Text": "-04" }, "geometry": { "type": "Point", "coordinates": [ 26.693291009000063, 39.320299231000035 ] } },
{ "type": "Feature", "properties": { "fid": 4279, "Yapı No_Text": "-05" }, "geometry": { "type": "Point", "coordinates": [ 26.693383479000033, 39.320281775000069 ] } },
{ "type": "Feature", "properties": { "fid": 4280, "Yapı No_Text": "-07" }, "geometry": { "type": "Point", "coordinates": [ 26.693072143000052, 39.32021394800006 ] } },
{ "type": "Feature", "properties": { "fid": 4281, "Yapı No_Text": "446" }, "geometry": { "type": "Point", "coordinates": [ 26.693151562000025, 39.320247838000057 ] } },
{ "type": "Feature", "properties": { "fid": 4282, "Yapı No_Text": "-01" }, "geometry": { "type": "Point", "coordinates": [ 26.693448041000067, 39.320218344000068 ] } },
{ "type": "Feature", "properties": { "fid": 4283, "Yapı No_Text": "-02" }, "geometry": { "type": "Point", "coordinates": [ 26.693534089000025, 39.32026202000003 ] } },
{ "type": "Feature", "properties": { "fid": 4284, "Yapı No_Text": "-03" }, "geometry": { "type": "Point", "coordinates": [ 26.693608126000072, 39.320231726000031 ] } },
{ "type": "Feature", "properties": { "fid": 4285, "Yapı No_Text": "-04" }, "geometry": { "type": "Point", "coordinates": [ 26.693532498000025, 39.320100941000078 ] } },
{ "type": "Feature", "properties": { "fid": 4286, "Yapı No_Text": "521" }, "geometry": { "type": "Point", "coordinates": [ 26.693523615000061, 39.320183506000035 ] } },
{ "type": "Feature", "properties": { "fid": 4287, "Yapı No_Text": "-01" }, "geometry": { "type": "Point", "coordinates": [ 26.693826530000024, 39.320145764000074 ] } },
{ "type": "Feature", "properties": { "fid": 4288, "Yapı No_Text": "-02" }, "geometry": { "type": "Point", "coordinates": [ 26.693785553000055, 39.320104769000068 ] } },
{ "type": "Feature", "properties": { "fid": 4289, "Yapı No_Text": "-03" }, "geometry": { "type": "Point", "coordinates": [ 26.693722931000025, 39.320109675000026 ] } },
{ "type": "Feature", "properties": { "fid": 4290, "Yapı No_Text": "-04" }, "geometry": { "type": "Point", "coordinates": [ 26.693721992000064, 39.320135908000054 ] } },
{ "type": "Feature", "properties": { "fid": 4291, "Yapı No_Text": "519" }, "geometry": { "type": "Point", "coordinates": [ 26.693765670000062, 39.320183153000073 ] } },
{ "type": "Feature", "properties": { "fid": 4292, "Yapı No_Text": "-01" }, "geometry": { "type": "Point", "coordinates": [ 26.693816980000065, 39.320472167000048 ] } },
{ "type": "Feature", "properties": { "fid": 4293, "Yapı No_Text": "-02" }, "geometry": { "type": "Point", "coordinates": [ 26.693894304000025, 39.320487474000061 ] } },
{ "type": "Feature", "properties": { "fid": 4294, "Yapı No_Text": "-03" }, "geometry": { "type": "Point", "coordinates": [ 26.693951162000076, 39.320475054000042 ] } },
{ "type": "Feature", "properties": { "fid": 4295, "Yapı No_Text": "-04" }, "geometry": { "type": "Point", "coordinates": [ 26.693992345000026, 39.320506699000077 ] } },
{ "type": "Feature", "properties": { "fid": 4296, "Yapı No_Text": "-05" }, "geometry": { "type": "Point", "coordinates": [ 26.694049823000057, 39.320527076000076 ] } },
{ "type": "Feature", "properties": { "fid": 4297, "Yapı No_Text": "-06" }, "geometry": { "type": "Point", "coordinates": [ 26.694154062000052, 39.320654119000039 ] } },
{ "type": "Feature", "properties": { "fid": 4298, "Yapı No_Text": "-07" }, "geometry": { "type": "Point", "coordinates": [ 26.694154695000066, 39.320578835000049 ] } },
{ "type": "Feature", "properties": { "fid": 4299, "Yapı No_Text": " -08" }, "geometry": { "type": "Point", "coordinates": [ 26.694133529000055, 39.320489207000037 ] } },
{ "type": "Feature", "properties": { "fid": 4300, "Yapı No_Text": "-09" }, "geometry": { "type": "Point", "coordinates": [ 26.694123258000047, 39.32041412500007 ] } },
{ "type": "Feature", "properties": { "fid": 4301, "Yapı No_Text": "-10" }, "geometry": { "type": "Point", "coordinates": [ 26.694137678000061, 39.320365710000033 ] } },
{ "type": "Feature", "properties": { "fid": 4302, "Yapı No_Text": "-11" }, "geometry": { "type": "Point", "coordinates": [ 26.694129609000072, 39.320324650000032 ] } },
{ "type": "Feature", "properties": { "fid": 4303, "Yapı No_Text": "-12" }, "geometry": { "type": "Point", "coordinates": [ 26.694138959000043, 39.32028090700004 ] } },
{ "type": "Feature", "properties": { "fid": 4304, "Yapı No_Text": "-13" }, "geometry": { "type": "Point", "coordinates": [ 26.694126643000061, 39.320178029000033 ] } },
{ "type": "Feature", "properties": { "fid": 4305, "Yapı No_Text": "-14" }, "geometry": { "type": "Point", "coordinates": [ 26.694064786000069, 39.320172829000057 ] } },
{ "type": "Feature", "properties": { "fid": 4306, "Yapı No_Text": "-15" }, "geometry": { "type": "Point", "coordinates": [ 26.693987875000062, 39.320175733000042 ] } },
{ "type": "Feature", "properties": { "fid": 4307, "Yapı No_Text": "-16" }, "geometry": { "type": "Point", "coordinates": [ 26.693916203000072, 39.320138833000044 ] } },
{ "type": "Feature", "properties": { "fid": 4308, "Yapı No_Text": "522" }, "geometry": { "type": "Point", "coordinates": [ 26.693978465000043, 39.320339452000042 ] } },
{ "type": "Feature", "properties": { "fid": 4309, "Yapı No_Text": "-01a" }, "geometry": { "type": "Point", "coordinates": [ 26.694119011000055, 39.321431116000042 ] } },
{ "type": "Feature", "properties": { "fid": 4310, "Yapı No_Text": "-02" }, "geometry": { "type": "Point", "coordinates": [ 26.69422699200004, 39.321436479000056 ] } },
{ "type": "Feature", "properties": { "fid": 4311, "Yapı No_Text": "-03" }, "geometry": { "type": "Point", "coordinates": [ 26.694214523000028, 39.321385685000052 ] } },
{ "type": "Feature", "properties": { "fid": 4312, "Yapı No_Text": "-04a" }, "geometry": { "type": "Point", "coordinates": [ 26.694199045000062, 39.321275298000046 ] } },
{ "type": "Feature", "properties": { "fid": 4313, "Yapı No_Text": "-05a" }, "geometry": { "type": "Point", "coordinates": [ 26.694203736000077, 39.321204890000047 ] } },
{ "type": "Feature", "properties": { "fid": 4314, "Yapı No_Text": "-06" }, "geometry": { "type": "Point", "coordinates": [ 26.694184532000065, 39.321110652000073 ] } },
{ "type": "Feature", "properties": { "fid": 4315, "Yapı No_Text": "-07a" }, "geometry": { "type": "Point", "coordinates": [ 26.694051756000079, 39.320988432000036 ] } },
{ "type": "Feature", "properties": { "fid": 4316, "Yapı No_Text": " -08" }, "geometry": { "type": "Point", "coordinates": [ 26.694099216000041, 39.320749656000032 ] } },
{ "type": "Feature", "properties": { "fid": 4317, "Yapı No_Text": "-09" }, "geometry": { "type": "Point", "coordinates": [ 26.694000766000045, 39.320720615000027 ] } },
{ "type": "Feature", "properties": { "fid": 4318, "Yapı No_Text": "-10" }, "geometry": { "type": "Point", "coordinates": [ 26.693953236000027, 39.320642081000074 ] } },
{ "type": "Feature", "properties": { "fid": 4319, "Yapı No_Text": "-11" }, "geometry": { "type": "Point", "coordinates": [ 26.693911853000031, 39.320606457000054 ] } },
{ "type": "Feature", "properties": { "fid": 4320, "Yapı No_Text": "-12" }, "geometry": { "type": "Point", "coordinates": [ 26.693826290000061, 39.320593725000037 ] } },
{ "type": "Feature", "properties": { "fid": 4321, "Yapı No_Text": "-13" }, "geometry": { "type": "Point", "coordinates": [ 26.693805012000041, 39.320651619000046 ] } },
{ "type": "Feature", "properties": { "fid": 4322, "Yapı No_Text": "-14" }, "geometry": { "type": "Point", "coordinates": [ 26.693821720000074, 39.320702994000044 ] } },
{ "type": "Feature", "properties": { "fid": 4323, "Yapı No_Text": "-15" }, "geometry": { "type": "Point", "coordinates": [ 26.693821112000023, 39.320749367000076 ] } },
{ "type": "Feature", "properties": { "fid": 4324, "Yapı No_Text": "-16" }, "geometry": { "type": "Point", "coordinates": [ 26.693840185000056, 39.320797386000038 ] } },
{ "type": "Feature", "properties": { "fid": 4325, "Yapı No_Text": "-17" }, "geometry": { "type": "Point", "coordinates": [ 26.693842828000072, 39.320847188000073 ] } },
{ "type": "Feature", "properties": { "fid": 4326, "Yapı No_Text": "-21" }, "geometry": { "type": "Point", "coordinates": [ 26.69392629400005, 39.321076982000079 ] } },
{ "type": "Feature", "properties": { "fid": 4327, "Yapı No_Text": "-19" }, "geometry": { "type": "Point", "coordinates": [ 26.693846773000075, 39.320936824000057 ] } },
{ "type": "Feature", "properties": { "fid": 4328, "Yapı No_Text": "-18" }, "geometry": { "type": "Point", "coordinates": [ 26.693845807000059, 39.320887234000054 ] } },
{ "type": "Feature", "properties": { "fid": 4329, "Yapı No_Text": "-20" }, "geometry": { "type": "Point", "coordinates": [ 26.693937510000069, 39.320939776000046 ] } },
{ "type": "Feature", "properties": { "fid": 4330, "Yapı No_Text": "-22" }, "geometry": { "type": "Point", "coordinates": [ 26.693972235000047, 39.321185200000059 ] } },
{ "type": "Feature", "properties": { "fid": 4331, "Yapı No_Text": "-23" }, "geometry": { "type": "Point", "coordinates": [ 26.693987025000069, 39.321238408000056 ] } },
{ "type": "Feature", "properties": { "fid": 4332, "Yapı No_Text": "-24" }, "geometry": { "type": "Point", "coordinates": [ 26.694030944000076, 39.321280629000057 ] } },
{ "type": "Feature", "properties": { "fid": 4333, "Yapı No_Text": "-25" }, "geometry": { "type": "Point", "coordinates": [ 26.694010276000029, 39.321320981000042 ] } },
{ "type": "Feature", "properties": { "fid": 4334, "Yapı No_Text": "-26" }, "geometry": { "type": "Point", "coordinates": [ 26.694043033000071, 39.321391935000065 ] } },
{ "type": "Feature", "properties": { "fid": 4335, "Yapı No_Text": "-27" }, "geometry": { "type": "Point", "coordinates": [ 26.694041193000032, 39.321429505000026 ] } },
{ "type": "Feature", "properties": { "fid": 4336, "Yapı No_Text": "-17" }, "geometry": { "type": "Point", "coordinates": [ 26.69375741500005, 39.320255623000037 ] } },
{ "type": "Feature", "properties": { "fid": 4337, "Yapı No_Text": "-19" }, "geometry": { "type": "Point", "coordinates": [ 26.693775223000046, 39.320356529000037 ] } },
{ "type": "Feature", "properties": { "fid": 4338, "Yapı No_Text": "-18" }, "geometry": { "type": "Point", "coordinates": [ 26.693748084000049, 39.320302027000025 ] } },
{ "type": "Feature", "properties": { "fid": 4339, "Yapı No_Text": "-20" }, "geometry": { "type": "Point", "coordinates": [ 26.693787069000052, 39.320409251000058 ] } },
{ "type": "Feature", "properties": { "fid": 4340, "Yapı No_Text": "-01b" }, "geometry": { "type": "Point", "coordinates": [ 26.694066280000072, 39.32151009200004 ] } },
{ "type": "Feature", "properties": { "fid": 4341, "Yapı No_Text": "-04b" }, "geometry": { "type": "Point", "coordinates": [ 26.694194881000044, 39.321310631000074 ] } },
{ "type": "Feature", "properties": { "fid": 4342, "Yapı No_Text": "-05b" }, "geometry": { "type": "Point", "coordinates": [ 26.69421059900003, 39.321154897000042 ] } },
{ "type": "Feature", "properties": { "fid": 4343, "Yapı No_Text": "-07b" }, "geometry": { "type": "Point", "coordinates": [ 26.694156346000057, 39.32097705700005 ] } },
{ "type": "Feature", "properties": { "fid": 4344, "Yapı No_Text": "449" }, "geometry": { "type": "Point", "coordinates": [ 26.694061039000076, 39.321080811000058 ] } },
{ "type": "Feature", "properties": { "fid": 4345, "Yapı No_Text": "352" }, "geometry": { "type": "Point", "coordinates": [ 26.693351601000074, 39.32064422500008 ] } },
{ "type": "Feature", "properties": { "fid": 4346, "Yapı No_Text": "353" }, "geometry": { "type": "Point", "coordinates": [ 26.693467300000066, 39.320917705000056 ] } },
{ "type": "Feature", "properties": { "fid": 4347, "Yapı No_Text": "-01" }, "geometry": { "type": "Point", "coordinates": [ 26.693552786000055, 39.321336852000059 ] } },
{ "type": "Feature", "properties": { "fid": 4348, "Yapı No_Text": "-02" }, "geometry": { "type": "Point", "coordinates": [ 26.693630109000026, 39.321352159000071 ] } },
{ "type": "Feature", "properties": { "fid": 4349, "Yapı No_Text": "-03" }, "geometry": { "type": "Point", "coordinates": [ 26.693686967000076, 39.321339737000073 ] } },
{ "type": "Feature", "properties": { "fid": 4350, "Yapı No_Text": "-04" }, "geometry": { "type": "Point", "coordinates": [ 26.693757861000051, 39.321335180000062 ] } },
{ "type": "Feature", "properties": { "fid": 4351, "Yapı No_Text": "-05" }, "geometry": { "type": "Point", "coordinates": [ 26.693828195000037, 39.321305262000067 ] } },
{ "type": "Feature", "properties": { "fid": 4352, "Yapı No_Text": "-06" }, "geometry": { "type": "Point", "coordinates": [ 26.693506362000051, 39.321274616000039 ] } },
{ "type": "Feature", "properties": { "fid": 4353, "Yapı No_Text": "-07" }, "geometry": { "type": "Point", "coordinates": [ 26.693500698000037, 39.321163503000037 ] } },
{ "type": "Feature", "properties": { "fid": 4354, "Yapı No_Text": " -08" }, "geometry": { "type": "Point", "coordinates": [ 26.693468479000046, 39.321057385000074 ] } },
{ "type": "Feature", "properties": { "fid": 4355, "Yapı No_Text": "-09" }, "geometry": { "type": "Point", "coordinates": [ 26.693685778000031, 39.321173693000048 ] } },
{ "type": "Feature", "properties": { "fid": 4356, "Yapı No_Text": "-10" }, "geometry": { "type": "Point", "coordinates": [ 26.693683923000037, 39.321055614000045 ] } },
{ "type": "Feature", "properties": { "fid": 4357, "Yapı No_Text": "-11" }, "geometry": { "type": "Point", "coordinates": [ 26.693761205000044, 39.321026144000029 ] } },
{ "type": "Feature", "properties": { "fid": 4358, "Yapı No_Text": "-12" }, "geometry": { "type": "Point", "coordinates": [ 26.693769978000034, 39.321083485000031 ] } },
{ "type": "Feature", "properties": { "fid": 4359, "Yapı No_Text": "-13" }, "geometry": { "type": "Point", "coordinates": [ 26.693781911000031, 39.321141430000068 ] } },
{ "type": "Feature", "properties": { "fid": 4360, "Yapı No_Text": "-14" }, "geometry": { "type": "Point", "coordinates": [ 26.693808024000077, 39.321185918000026 ] } },
{ "type": "Feature", "properties": { "fid": 4361, "Yapı No_Text": "-15" }, "geometry": { "type": "Point", "coordinates": [ 26.693827071000044, 39.32125299900008 ] } },
{ "type": "Feature", "properties": { "fid": 4362, "Yapı No_Text": "450" }, "geometry": { "type": "Point", "coordinates": [ 26.693632283000056, 39.321155421000071 ] } },
{ "type": "Feature", "properties": { "fid": 4363, "Yapı No_Text": "-01" }, "geometry": { "type": "Point", "coordinates": [ 26.69430169900005, 39.320738710000057 ] } },
{ "type": "Feature", "properties": { "fid": 4364, "Yapı No_Text": "-02" }, "geometry": { "type": "Point", "coordinates": [ 26.694338444000039, 39.320771419000039 ] } },
{ "type": "Feature", "properties": { "fid": 4365, "Yapı No_Text": "-03" }, "geometry": { "type": "Point", "coordinates": [ 26.694435878000036, 39.32074159900003 ] } },
{ "type": "Feature", "properties": { "fid": 4366, "Yapı No_Text": "-04" }, "geometry": { "type": "Point", "coordinates": [ 26.694477063000079, 39.320773244000065 ] } },
{ "type": "Feature", "properties": { "fid": 4367, "Yapı No_Text": "-05" }, "geometry": { "type": "Point", "coordinates": [ 26.694534542000042, 39.320793620000074 ] } },
{ "type": "Feature", "properties": { "fid": 4368, "Yapı No_Text": "-06" }, "geometry": { "type": "Point", "coordinates": [ 26.694591161000062, 39.320804654000028 ] } },
{ "type": "Feature", "properties": { "fid": 4369, "Yapı No_Text": "-07" }, "geometry": { "type": "Point", "coordinates": [ 26.694569166000065, 39.320754088000058 ] } },
{ "type": "Feature", "properties": { "fid": 4370, "Yapı No_Text": " -08" }, "geometry": { "type": "Point", "coordinates": [ 26.694567376000066, 39.320677683000042 ] } },
{ "type": "Feature", "properties": { "fid": 4371, "Yapı No_Text": "-09" }, "geometry": { "type": "Point", "coordinates": [ 26.694550885000069, 39.320641532000025 ] } },
{ "type": "Feature", "properties": { "fid": 4372, "Yapı No_Text": "-10" }, "geometry": { "type": "Point", "coordinates": [ 26.694561810000039, 39.320584128000064 ] } },
{ "type": "Feature", "properties": { "fid": 4373, "Yapı No_Text": "-11" }, "geometry": { "type": "Point", "coordinates": [ 26.694472430000076, 39.320519139000055 ] } },
{ "type": "Feature", "properties": { "fid": 4374, "Yapı No_Text": "-12" }, "geometry": { "type": "Point", "coordinates": [ 26.694553430000042, 39.320456160000049 ] } },
{ "type": "Feature", "properties": { "fid": 4375, "Yapı No_Text": "-13" }, "geometry": { "type": "Point", "coordinates": [ 26.694655312000066, 39.320395118000079 ] } },
{ "type": "Feature", "properties": { "fid": 4376, "Yapı No_Text": "-14" }, "geometry": { "type": "Point", "coordinates": [ 26.69469121000003, 39.320314673000041 ] } },
{ "type": "Feature", "properties": { "fid": 4377, "Yapı No_Text": "-15" }, "geometry": { "type": "Point", "coordinates": [ 26.694652821000034, 39.320272706000026 ] } },
{ "type": "Feature", "properties": { "fid": 4378, "Yapı No_Text": "-16" }, "geometry": { "type": "Point", "coordinates": [ 26.694569143000024, 39.320285076000062 ] } },
{ "type": "Feature", "properties": { "fid": 4379, "Yapı No_Text": "-17" }, "geometry": { "type": "Point", "coordinates": [ 26.694510078000064, 39.320270207000078 ] } },
{ "type": "Feature", "properties": { "fid": 4380, "Yapı No_Text": "-18" }, "geometry": { "type": "Point", "coordinates": [ 26.694453869000029, 39.320229753000035 ] } },
{ "type": "Feature", "properties": { "fid": 4381, "Yapı No_Text": "-19" }, "geometry": { "type": "Point", "coordinates": [ 26.694407331000036, 39.320208157000025 ] } },
{ "type": "Feature", "properties": { "fid": 4382, "Yapı No_Text": "-21" }, "geometry": { "type": "Point", "coordinates": [ 26.694279442000038, 39.320240618000071 ] } },
{ "type": "Feature", "properties": { "fid": 4383, "Yapı No_Text": "-20" }, "geometry": { "type": "Point", "coordinates": [ 26.694295598000053, 39.320196655000075 ] } },
{ "type": "Feature", "properties": { "fid": 4384, "Yapı No_Text": "-22" }, "geometry": { "type": "Point", "coordinates": [ 26.694281824000029, 39.320280054000079 ] } },
{ "type": "Feature", "properties": { "fid": 4385, "Yapı No_Text": "-23" }, "geometry": { "type": "Point", "coordinates": [ 26.694269186000042, 39.320348210000077 ] } },
{ "type": "Feature", "properties": { "fid": 4386, "Yapı No_Text": "-24" }, "geometry": { "type": "Point", "coordinates": [ 26.694284383000024, 39.320426163000036 ] } },
{ "type": "Feature", "properties": { "fid": 4387, "Yapı No_Text": "-25" }, "geometry": { "type": "Point", "coordinates": [ 26.694289062000053, 39.320488237000063 ] } },
{ "type": "Feature", "properties": { "fid": 4388, "Yapı No_Text": "-26" }, "geometry": { "type": "Point", "coordinates": [ 26.694290371000079, 39.320578770000054 ] } },
{ "type": "Feature", "properties": { "fid": 4389, "Yapı No_Text": "-27" }, "geometry": { "type": "Point", "coordinates": [ 26.694289321000042, 39.320643314000051 ] } },
{ "type": "Feature", "properties": { "fid": 4390, "Yapı No_Text": "458" }, "geometry": { "type": "Point", "coordinates": [ 26.694447698000033, 39.320419334000064 ] } },
{ "type": "Feature", "properties": { "fid": 4391, "Yapı No_Text": "-14" }, "geometry": { "type": "Point", "coordinates": [ 26.696510079000063, 39.321665554000049 ] } },
{ "type": "Feature", "properties": { "fid": 4392, "Yapı No_Text": "-12" }, "geometry": { "type": "Point", "coordinates": [ 26.696579749000023, 39.321651652000071 ] } },
{ "type": "Feature", "properties": { "fid": 4393, "Yapı No_Text": "-10" }, "geometry": { "type": "Point", "coordinates": [ 26.694607636000057, 39.321419444000071 ] } },
{ "type": "Feature", "properties": { "fid": 4394, "Yapı No_Text": "-11" }, "geometry": { "type": "Point", "coordinates": [ 26.694598751000058, 39.321376708000059 ] } },
{ "type": "Feature", "properties": { "fid": 4395, "Yapı No_Text": "-12" }, "geometry": { "type": "Point", "coordinates": [ 26.694580718000054, 39.321325524000031 ] } },
{ "type": "Feature", "properties": { "fid": 4396, "Yapı No_Text": "-13" }, "geometry": { "type": "Point", "coordinates": [ 26.694552097000042, 39.321264754000026 ] } },
{ "type": "Feature", "properties": { "fid": 4397, "Yapı No_Text": "-14" }, "geometry": { "type": "Point", "coordinates": [ 26.694560678000073, 39.321224614000073 ] } },
{ "type": "Feature", "properties": { "fid": 4398, "Yapı No_Text": "-15" }, "geometry": { "type": "Point", "coordinates": [ 26.694563514000038, 39.32118511300007 ] } },
{ "type": "Feature", "properties": { "fid": 4399, "Yapı No_Text": "-16" }, "geometry": { "type": "Point", "coordinates": [ 26.694565051000041, 39.321148062000077 ] } },
{ "type": "Feature", "properties": { "fid": 4400, "Yapı No_Text": "-17" }, "geometry": { "type": "Point", "coordinates": [ 26.694555904000026, 39.321105531000057 ] } },
{ "type": "Feature", "properties": { "fid": 4401, "Yapı No_Text": "-18" }, "geometry": { "type": "Point", "coordinates": [ 26.694564846000048, 39.321026104000055 ] } },
{ "type": "Feature", "properties": { "fid": 4402, "Yapı No_Text": "-19" }, "geometry": { "type": "Point", "coordinates": [ 26.694582874000048, 39.320985313000051 ] } },
{ "type": "Feature", "properties": { "fid": 4403, "Yapı No_Text": "-21" }, "geometry": { "type": "Point", "coordinates": [ 26.694603929000039, 39.320882309000069 ] } },
{ "type": "Feature", "properties": { "fid": 4404, "Yapı No_Text": "-20" }, "geometry": { "type": "Point", "coordinates": [ 26.694558850000078, 39.320940333000067 ] } },
{ "type": "Feature", "properties": { "fid": 4405, "Yapı No_Text": "-22" }, "geometry": { "type": "Point", "coordinates": [ 26.694563631000051, 39.32087365600006 ] } },
{ "type": "Feature", "properties": { "fid": 4406, "Yapı No_Text": "452" }, "geometry": { "type": "Point", "coordinates": [ 26.69447137800006, 39.321334405000073 ] } },
{ "type": "Feature", "properties": { "fid": 4407, "Yapı No_Text": "-23" }, "geometry": { "type": "Point", "coordinates": [ 26.694492091000029, 39.320873644000073 ] } },
{ "type": "Feature", "properties": { "fid": 4408, "Yapı No_Text": "-24" }, "geometry": { "type": "Point", "coordinates": [ 26.694409658000041, 39.320854249000035 ] } },
{ "type": "Feature", "properties": { "fid": 4409, "Yapı No_Text": "-25" }, "geometry": { "type": "Point", "coordinates": [ 26.694303084000069, 39.320819120000067 ] } },
{ "type": "Feature", "properties": { "fid": 4410, "Yapı No_Text": "-26" }, "geometry": { "type": "Point", "coordinates": [ 26.694312040000057, 39.320879881000053 ] } },
{ "type": "Feature", "properties": { "fid": 4411, "Yapı No_Text": "-27" }, "geometry": { "type": "Point", "coordinates": [ 26.694340602000068, 39.320929508000063 ] } },
{ "type": "Feature", "properties": { "fid": 4412, "Yapı No_Text": "-28" }, "geometry": { "type": "Point", "coordinates": [ 26.694342862000042, 39.320974679000074 ] } },
{ "type": "Feature", "properties": { "fid": 4413, "Yapı No_Text": "-29" }, "geometry": { "type": "Point", "coordinates": [ 26.694372917000067, 39.321032312000057 ] } },
{ "type": "Feature", "properties": { "fid": 4414, "Yapı No_Text": "-30" }, "geometry": { "type": "Point", "coordinates": [ 26.694374709000044, 39.321101233000036 ] } },
{ "type": "Feature", "properties": { "fid": 4415, "Yapı No_Text": "-31" }, "geometry": { "type": "Point", "coordinates": [ 26.694380179000063, 39.32117641800005 ] } },
{ "type": "Feature", "properties": { "fid": 4416, "Yapı No_Text": "-32" }, "geometry": { "type": "Point", "coordinates": [ 26.694389654000076, 39.321281981000027 ] } },
{ "type": "Feature", "properties": { "fid": 4417, "Yapı No_Text": "-33" }, "geometry": { "type": "Point", "coordinates": [ 26.694348818000037, 39.321365834000062 ] } },
{ "type": "Feature", "properties": { "fid": 4418, "Yapı No_Text": "-34" }, "geometry": { "type": "Point", "coordinates": [ 26.694358222000062, 39.321419311000056 ] } },
{ "type": "Feature", "properties": { "fid": 4419, "Yapı No_Text": "96" }, "geometry": { "type": "Point", "coordinates": [ 26.69691147900005, 39.32470051100006 ] } },
{ "type": "Feature", "properties": { "fid": 4420, "Yapı No_Text": "901" }, "geometry": { "type": "Point", "coordinates": [ 26.698163884000053, 39.326776274000053 ] } },
{ "type": "Feature", "properties": { "fid": 4421, "Yapı No_Text": "-02" }, "geometry": { "type": "Point", "coordinates": [ 26.698063323000042, 39.32667437200007 ] } },
{ "type": "Feature", "properties": { "fid": 4422, "Yapı No_Text": "-01" }, "geometry": { "type": "Point", "coordinates": [ 26.698065363000069, 39.326884636000045 ] } },
{ "type": "Feature", "properties": { "fid": 4423, "Yapı No_Text": "902" }, "geometry": { "type": "Point", "coordinates": [ 26.697812381000062, 39.326034900000025 ] } },
{ "type": "Feature", "properties": { "fid": 4424, "Yapı No_Text": "-01" }, "geometry": { "type": "Point", "coordinates": [ 26.697021178000057, 39.31756081900005 ] } },
{ "type": "Feature", "properties": { "fid": 4425, "Yapı No_Text": "-02" }, "geometry": { "type": "Point", "coordinates": [ 26.69700180500007, 39.317476462000059 ] } },
{ "type": "Feature", "properties": { "fid": 4426, "Yapı No_Text": "-03" }, "geometry": { "type": "Point", "coordinates": [ 26.697002930000053, 39.317381775000058 ] } },
{ "type": "Feature", "properties": { "fid": 4427, "Yapı No_Text": "-04" }, "geometry": { "type": "Point", "coordinates": [ 26.696913882000047, 39.317399332000036 ] } },
{ "type": "Feature", "properties": { "fid": 4428, "Yapı No_Text": "-05" }, "geometry": { "type": "Point", "coordinates": [ 26.696825471000068, 39.317414409000037 ] } },
{ "type": "Feature", "properties": { "fid": 4429, "Yapı No_Text": "-06" }, "geometry": { "type": "Point", "coordinates": [ 26.696732557000075, 39.31742057200006 ] } },
{ "type": "Feature", "properties": { "fid": 4430, "Yapı No_Text": "-07" }, "geometry": { "type": "Point", "coordinates": [ 26.696581365000043, 39.317447693000076 ] } },
{ "type": "Feature", "properties": { "fid": 4431, "Yapı No_Text": "-08" }, "geometry": { "type": "Point", "coordinates": [ 26.696467207000069, 39.317479603000038 ] } },
{ "type": "Feature", "properties": { "fid": 4432, "Yapı No_Text": "-09" }, "geometry": { "type": "Point", "coordinates": [ 26.696403150000037, 39.317507978000037 ] } },
{ "type": "Feature", "properties": { "fid": 4433, "Yapı No_Text": "-10" }, "geometry": { "type": "Point", "coordinates": [ 26.696449047000044, 39.317570598000032 ] } },
{ "type": "Feature", "properties": { "fid": 4434, "Yapı No_Text": "-11" }, "geometry": { "type": "Point", "coordinates": [ 26.696557753000036, 39.317560333000074 ] } },
{ "type": "Feature", "properties": { "fid": 4435, "Yapı No_Text": "-12" }, "geometry": { "type": "Point", "coordinates": [ 26.696634664000044, 39.317565116000026 ] } },
{ "type": "Feature", "properties": { "fid": 4436, "Yapı No_Text": "-13" }, "geometry": { "type": "Point", "coordinates": [ 26.696706855000059, 39.317567928000074 ] } },
{ "type": "Feature", "properties": { "fid": 4437, "Yapı No_Text": "-14" }, "geometry": { "type": "Point", "coordinates": [ 26.696762687000046, 39.317567197000074 ] } },
{ "type": "Feature", "properties": { "fid": 4438, "Yapı No_Text": "-15" }, "geometry": { "type": "Point", "coordinates": [ 26.696847250000076, 39.317555316000039 ] } },
{ "type": "Feature", "properties": { "fid": 4439, "Yapı No_Text": "-16" }, "geometry": { "type": "Point", "coordinates": [ 26.696918741000047, 39.317553202000056 ] } },
{ "type": "Feature", "properties": { "fid": 4440, "Yapı No_Text": "475" }, "geometry": { "type": "Point", "coordinates": [ 26.696664792000036, 39.317485324000074 ] } },
{ "type": "Feature", "properties": { "fid": 4441, "Yapı No_Text": "-01" }, "geometry": { "type": "Point", "coordinates": [ 26.69494667500004, 39.319448449000049 ] } },
{ "type": "Feature", "properties": { "fid": 4442, "Yapı No_Text": "-02" }, "geometry": { "type": "Point", "coordinates": [ 26.69506597000003, 39.319509337000056 ] } },
{ "type": "Feature", "properties": { "fid": 4443, "Yapı No_Text": "-03" }, "geometry": { "type": "Point", "coordinates": [ 26.695188617000042, 39.319506003000072 ] } },
{ "type": "Feature", "properties": { "fid": 4444, "Yapı No_Text": "-04" }, "geometry": { "type": "Point", "coordinates": [ 26.695237397000028, 39.31952743100004 ] } },
{ "type": "Feature", "properties": { "fid": 4445, "Yapı No_Text": "-05" }, "geometry": { "type": "Point", "coordinates": [ 26.695289349000063, 39.319566029000043 ] } },
{ "type": "Feature", "properties": { "fid": 4446, "Yapı No_Text": "-06" }, "geometry": { "type": "Point", "coordinates": [ 26.695326685000055, 39.319598264000035 ] } },
{ "type": "Feature", "properties": { "fid": 4447, "Yapı No_Text": "-07" }, "geometry": { "type": "Point", "coordinates": [ 26.695389344000034, 39.319572747000052 ] } },
{ "type": "Feature", "properties": { "fid": 4448, "Yapı No_Text": "-08" }, "geometry": { "type": "Point", "coordinates": [ 26.695438400000057, 39.319546696000032 ] } },
{ "type": "Feature", "properties": { "fid": 4449, "Yapı No_Text": "-09" }, "geometry": { "type": "Point", "coordinates": [ 26.695531764000066, 39.319524713000078 ] } },
{ "type": "Feature", "properties": { "fid": 4450, "Yapı No_Text": "-10" }, "geometry": { "type": "Point", "coordinates": [ 26.695527944000048, 39.319441102000042 ] } },
{ "type": "Feature", "properties": { "fid": 4451, "Yapı No_Text": "-11" }, "geometry": { "type": "Point", "coordinates": [ 26.695483843000034, 39.31941700200008 ] } },
{ "type": "Feature", "properties": { "fid": 4452, "Yapı No_Text": "-12" }, "geometry": { "type": "Point", "coordinates": [ 26.695456467000042, 39.319387834000054 ] } },
{ "type": "Feature", "properties": { "fid": 4453, "Yapı No_Text": "-13" }, "geometry": { "type": "Point", "coordinates": [ 26.695388248000029, 39.319358476000048 ] } },
{ "type": "Feature", "properties": { "fid": 4454, "Yapı No_Text": "-14" }, "geometry": { "type": "Point", "coordinates": [ 26.695385392000048, 39.319310372000075 ] } },
{ "type": "Feature", "properties": { "fid": 4455, "Yapı No_Text": "-15" }, "geometry": { "type": "Point", "coordinates": [ 26.695352132000039, 39.319280174000028 ] } },
{ "type": "Feature", "properties": { "fid": 4456, "Yapı No_Text": "-16" }, "geometry": { "type": "Point", "coordinates": [ 26.695278908000034, 39.319243162000078 ] } },
{ "type": "Feature", "properties": { "fid": 4457, "Yapı No_Text": "-17" }, "geometry": { "type": "Point", "coordinates": [ 26.69529183700007, 39.319311295000034 ] } },
{ "type": "Feature", "properties": { "fid": 4458, "Yapı No_Text": "-18" }, "geometry": { "type": "Point", "coordinates": [ 26.695324063000044, 39.319371410000031 ] } },
{ "type": "Feature", "properties": { "fid": 4459, "Yapı No_Text": "-19" }, "geometry": { "type": "Point", "coordinates": [ 26.695279795000033, 39.319452452000064 ] } },
{ "type": "Feature", "properties": { "fid": 4460, "Yapı No_Text": "-21" }, "geometry": { "type": "Point", "coordinates": [ 26.695207344000039, 39.319326810000064 ] } },
{ "type": "Feature", "properties": { "fid": 4461, "Yapı No_Text": "-20" }, "geometry": { "type": "Point", "coordinates": [ 26.695116152000026, 39.319433815000025 ] } },
{ "type": "Feature", "properties": { "fid": 4462, "Yapı No_Text": "-22" }, "geometry": { "type": "Point", "coordinates": [ 26.695184211000026, 39.319265816000041 ] } },
{ "type": "Feature", "properties": { "fid": 4463, "Yapı No_Text": "-23" }, "geometry": { "type": "Point", "coordinates": [ 26.695128233000048, 39.319343577000041 ] } },
{ "type": "Feature", "properties": { "fid": 4464, "Yapı No_Text": "-24" }, "geometry": { "type": "Point", "coordinates": [ 26.695086472000071, 39.319364846000042 ] } },
{ "type": "Feature", "properties": { "fid": 4465, "Yapı No_Text": "-25" }, "geometry": { "type": "Point", "coordinates": [ 26.695035751000034, 39.319352116000061 ] } },
{ "type": "Feature", "properties": { "fid": 4466, "Yapı No_Text": "-26" }, "geometry": { "type": "Point", "coordinates": [ 26.694995404000053, 39.319388985000046 ] } },
{ "type": "Feature", "properties": { "fid": 4467, "Yapı No_Text": "385" }, "geometry": { "type": "Point", "coordinates": [ 26.695367385000054, 39.31948159600006 ] } },
{ "type": "Feature", "properties": { "fid": 4468, "Yapı No_Text": "-13" }, "geometry": { "type": "Point", "coordinates": [ 26.694429542000023, 39.319481960000076 ] } },
{ "type": "Feature", "properties": { "fid": 4469, "Yapı No_Text": "-01" }, "geometry": { "type": "Point", "coordinates": [ 26.694508014000064, 39.319571651000047 ] } },
{ "type": "Feature", "properties": { "fid": 4470, "Yapı No_Text": "-02" }, "geometry": { "type": "Point", "coordinates": [ 26.694694721000076, 39.319525529000032 ] } },
{ "type": "Feature", "properties": { "fid": 4471, "Yapı No_Text": "-03" }, "geometry": { "type": "Point", "coordinates": [ 26.694613984000057, 39.31945696400004 ] } },
{ "type": "Feature", "properties": { "fid": 4472, "Yapı No_Text": "-04" }, "geometry": { "type": "Point", "coordinates": [ 26.694575747000044, 39.319406783000034 ] } },
{ "type": "Feature", "properties": { "fid": 4473, "Yapı No_Text": "-05" }, "geometry": { "type": "Point", "coordinates": [ 26.694526837000069, 39.319359164000048 ] } },
{ "type": "Feature", "properties": { "fid": 4474, "Yapı No_Text": "-06" }, "geometry": { "type": "Point", "coordinates": [ 26.694493816000033, 39.319327243000032 ] } },
{ "type": "Feature", "properties": { "fid": 4475, "Yapı No_Text": "-07" }, "geometry": { "type": "Point", "coordinates": [ 26.694470419000027, 39.319270459000052 ] } },
{ "type": "Feature", "properties": { "fid": 4476, "Yapı No_Text": "-08" }, "geometry": { "type": "Point", "coordinates": [ 26.69444280700003, 39.319215153000073 ] } },
{ "type": "Feature", "properties": { "fid": 4477, "Yapı No_Text": "-09" }, "geometry": { "type": "Point", "coordinates": [ 26.694390630000044, 39.319182969000053 ] } },
{ "type": "Feature", "properties": { "fid": 4478, "Yapı No_Text": "-10" }, "geometry": { "type": "Point", "coordinates": [ 26.694343674000038, 39.319265056000063 ] } },
{ "type": "Feature", "properties": { "fid": 4479, "Yapı No_Text": "-12" }, "geometry": { "type": "Point", "coordinates": [ 26.694377719000045, 39.319407696000042 ] } },
{ "type": "Feature", "properties": { "fid": 4480, "Yapı No_Text": "-11" }, "geometry": { "type": "Point", "coordinates": [ 26.694341351000048, 39.319375798000067 ] } },
{ "type": "Feature", "properties": { "fid": 4481, "Yapı No_Text": "460" }, "geometry": { "type": "Point", "coordinates": [ 26.694477199000062, 39.31941908500005 ] } },
{ "type": "Feature", "properties": { "fid": 4482, "Yapı No_Text": "-01" }, "geometry": { "type": "Point", "coordinates": [ 26.693664802000058, 39.31951887300005 ] } },
{ "type": "Feature", "properties": { "fid": 4483, "Yapı No_Text": "-02" }, "geometry": { "type": "Point", "coordinates": [ 26.693746248000025, 39.319510078000064 ] } },
{ "type": "Feature", "properties": { "fid": 4484, "Yapı No_Text": "-03" }, "geometry": { "type": "Point", "coordinates": [ 26.693816340000069, 39.31948471700008 ] } },
{ "type": "Feature", "properties": { "fid": 4485, "Yapı No_Text": "-04" }, "geometry": { "type": "Point", "coordinates": [ 26.693890830000043, 39.319456832000071 ] } },
{ "type": "Feature", "properties": { "fid": 4486, "Yapı No_Text": "-05" }, "geometry": { "type": "Point", "coordinates": [ 26.693955044000063, 39.319433582000045 ] } },
{ "type": "Feature", "properties": { "fid": 4487, "Yapı No_Text": "-06" }, "geometry": { "type": "Point", "coordinates": [ 26.694018675000052, 39.319389582000042 ] } },
{ "type": "Feature", "properties": { "fid": 4488, "Yapı No_Text": "-07" }, "geometry": { "type": "Point", "coordinates": [ 26.694089889000054, 39.319321019000029 ] } },
{ "type": "Feature", "properties": { "fid": 4489, "Yapı No_Text": "-08" }, "geometry": { "type": "Point", "coordinates": [ 26.694172198000047, 39.319248825000045 ] } },
{ "type": "Feature", "properties": { "fid": 4490, "Yapı No_Text": "-09" }, "geometry": { "type": "Point", "coordinates": [ 26.694184864000079, 39.319191898000042 ] } },
{ "type": "Feature", "properties": { "fid": 4491, "Yapı No_Text": "-10" }, "geometry": { "type": "Point", "coordinates": [ 26.694252129000063, 39.319165002000034 ] } },
{ "type": "Feature", "properties": { "fid": 4492, "Yapı No_Text": "-11" }, "geometry": { "type": "Point", "coordinates": [ 26.694151658000067, 39.319158766000044 ] } },
{ "type": "Feature", "properties": { "fid": 4493, "Yapı No_Text": "-12A" }, "geometry": { "type": "Point", "coordinates": [ 26.694077557000071, 39.319177602000025 ] } },
{ "type": "Feature", "properties": { "fid": 4494, "Yapı No_Text": "-13" }, "geometry": { "type": "Point", "coordinates": [ 26.693870588000038, 39.319230637000032 ] } },
{ "type": "Feature", "properties": { "fid": 4495, "Yapı No_Text": "-14" }, "geometry": { "type": "Point", "coordinates": [ 26.693682165000041, 39.319234431000041 ] } },
{ "type": "Feature", "properties": { "fid": 4496, "Yapı No_Text": "-12B" }, "geometry": { "type": "Point", "coordinates": [ 26.693973311000036, 39.319202049000069 ] } },
{ "type": "Feature", "properties": { "fid": 4497, "Yapı No_Text": "-15" }, "geometry": { "type": "Point", "coordinates": [ 26.693590474000075, 39.319265040000062 ] } },
{ "type": "Feature", "properties": { "fid": 4498, "Yapı No_Text": "-16" }, "geometry": { "type": "Point", "coordinates": [ 26.693523529000061, 39.319281302000036 ] } },
{ "type": "Feature", "properties": { "fid": 4499, "Yapı No_Text": "-17" }, "geometry": { "type": "Point", "coordinates": [ 26.693539949000069, 39.319335807000073 ] } },
{ "type": "Feature", "properties": { "fid": 4500, "Yapı No_Text": "-18" }, "geometry": { "type": "Point", "coordinates": [ 26.69356928600007, 39.319378406000055 ] } },
{ "type": "Feature", "properties": { "fid": 4501, "Yapı No_Text": "-19" }, "geometry": { "type": "Point", "coordinates": [ 26.693594139000027, 39.31940858300004 ] } },
{ "type": "Feature", "properties": { "fid": 4502, "Yapı No_Text": "-20" }, "geometry": { "type": "Point", "coordinates": [ 26.693619463000061, 39.319460009000068 ] } },
{ "type": "Feature", "properties": { "fid": 4503, "Yapı No_Text": "515" }, "geometry": { "type": "Point", "coordinates": [ 26.693888550000054, 39.319334152000067 ] } },
{ "type": "Feature", "properties": { "fid": 4504, "Yapı No_Text": "-01" }, "geometry": { "type": "Point", "coordinates": [ 26.693452937000075, 39.319225967000079 ] } },
{ "type": "Feature", "properties": { "fid": 4505, "Yapı No_Text": "-02" }, "geometry": { "type": "Point", "coordinates": [ 26.693554581000058, 39.319198540000059 ] } },
{ "type": "Feature", "properties": { "fid": 4506, "Yapı No_Text": "-03" }, "geometry": { "type": "Point", "coordinates": [ 26.693516464000027, 39.319092015000081 ] } },
{ "type": "Feature", "properties": { "fid": 4507, "Yapı No_Text": "-04" }, "geometry": { "type": "Point", "coordinates": [ 26.693403497000077, 39.319103261000066 ] } },
{ "type": "Feature", "properties": { "fid": 4508, "Yapı No_Text": "-05" }, "geometry": { "type": "Point", "coordinates": [ 26.693416681000031, 39.319150346000072 ] } },
{ "type": "Feature", "properties": { "fid": 4509, "Yapı No_Text": "-06" }, "geometry": { "type": "Point", "coordinates": [ 26.693428362000077, 39.319191046000071 ] } },
{ "type": "Feature", "properties": { "fid": 4510, "Yapı No_Text": "439" }, "geometry": { "type": "Point", "coordinates": [ 26.693487503000028, 39.319147036000061 ] } },
{ "type": "Feature", "properties": { "fid": 4511, "Yapı No_Text": "-01" }, "geometry": { "type": "Point", "coordinates": [ 26.693372338000074, 39.319032404000041 ] } },
{ "type": "Feature", "properties": { "fid": 4512, "Yapı No_Text": "-02" }, "geometry": { "type": "Point", "coordinates": [ 26.693453783000052, 39.319023611000034 ] } },
{ "type": "Feature", "properties": { "fid": 4513, "Yapı No_Text": "-03" }, "geometry": { "type": "Point", "coordinates": [ 26.693512406000025, 39.31900299800003 ] } },
{ "type": "Feature", "properties": { "fid": 4514, "Yapı No_Text": "-04" }, "geometry": { "type": "Point", "coordinates": [ 26.693567693000034, 39.318986228000028 ] } },
{ "type": "Feature", "properties": { "fid": 4515, "Yapı No_Text": "-05" }, "geometry": { "type": "Point", "coordinates": [ 26.693624272000079, 39.318995689000076 ] } },
{ "type": "Feature", "properties": { "fid": 4516, "Yapı No_Text": "-09" }, "geometry": { "type": "Point", "coordinates": [ 26.69369596100006, 39.319142255000031 ] } },
{ "type": "Feature", "properties": { "fid": 4517, "Yapı No_Text": "-06" }, "geometry": { "type": "Point", "coordinates": [ 26.693664916000046, 39.319075772000076 ] } },
{ "type": "Feature", "properties": { "fid": 4518, "Yapı No_Text": "-07" }, "geometry": { "type": "Point", "coordinates": [ 26.693612802000075, 39.319086386000038 ] } },
{ "type": "Feature", "properties": { "fid": 4519, "Yapı No_Text": "-08" }, "geometry": { "type": "Point", "coordinates": [ 26.693645134000064, 39.319159418000027 ] } },
{ "type": "Feature", "properties": { "fid": 4520, "Yapı No_Text": "-10" }, "geometry": { "type": "Point", "coordinates": [ 26.694065484000078, 39.318969558000049 ] } },
{ "type": "Feature", "properties": { "fid": 4521, "Yapı No_Text": "-13" }, "geometry": { "type": "Point", "coordinates": [ 26.694443902000046, 39.31904849700004 ] } },
{ "type": "Feature", "properties": { "fid": 4522, "Yapı No_Text": "-12" }, "geometry": { "type": "Point", "coordinates": [ 26.694335412000044, 39.319036908000044 ] } },
{ "type": "Feature", "properties": { "fid": 4523, "Yapı No_Text": "-11" }, "geometry": { "type": "Point", "coordinates": [ 26.694283555000027, 39.319016386000044 ] } },
{ "type": "Feature", "properties": { "fid": 4524, "Yapı No_Text": "-14" }, "geometry": { "type": "Point", "coordinates": [ 26.694451198000024, 39.318925726000032 ] } },
{ "type": "Feature", "properties": { "fid": 4525, "Yapı No_Text": "-15" }, "geometry": { "type": "Point", "coordinates": [ 26.69434013700004, 39.318927958000074 ] } },
{ "type": "Feature", "properties": { "fid": 4526, "Yapı No_Text": "-16" }, "geometry": { "type": "Point", "coordinates": [ 26.694272381000076, 39.318932412000038 ] } },
{ "type": "Feature", "properties": { "fid": 4527, "Yapı No_Text": "-17" }, "geometry": { "type": "Point", "coordinates": [ 26.693606902000056, 39.318920837000064 ] } },
{ "type": "Feature", "properties": { "fid": 4528, "Yapı No_Text": "-18" }, "geometry": { "type": "Point", "coordinates": [ 26.693545294000046, 39.31895002300007 ] } },
{ "type": "Feature", "properties": { "fid": 4529, "Yapı No_Text": "-19" }, "geometry": { "type": "Point", "coordinates": [ 26.693480395000051, 39.318928161000031 ] } },
{ "type": "Feature", "properties": { "fid": 4530, "Yapı No_Text": "-20" }, "geometry": { "type": "Point", "coordinates": [ 26.69343497400007, 39.318961734000027 ] } },
{ "type": "Feature", "properties": { "fid": 4531, "Yapı No_Text": "-21" }, "geometry": { "type": "Point", "coordinates": [ 26.693351034000045, 39.318951796000079 ] } },
{ "type": "Feature", "properties": { "fid": 4532, "Yapı No_Text": "-22" }, "geometry": { "type": "Point", "coordinates": [ 26.69334916400004, 39.318991696000069 ] } },
{ "type": "Feature", "properties": { "fid": 4533, "Yapı No_Text": "438" }, "geometry": { "type": "Point", "coordinates": [ 26.693786719000059, 39.319001907000029 ] } },
{ "type": "Feature", "properties": { "fid": 4534, "Yapı No_Text": "-01" }, "geometry": { "type": "Point", "coordinates": [ 26.695959946000073, 39.316903018000062 ] } },
{ "type": "Feature", "properties": { "fid": 4535, "Yapı No_Text": "-02" }, "geometry": { "type": "Point", "coordinates": [ 26.696243681000055, 39.316912473000059 ] } },
{ "type": "Feature", "properties": { "fid": 4536, "Yapı No_Text": "-03" }, "geometry": { "type": "Point", "coordinates": [ 26.696311108000032, 39.316945236000038 ] } },
{ "type": "Feature", "properties": { "fid": 4537, "Yapı No_Text": "-04" }, "geometry": { "type": "Point", "coordinates": [ 26.696387969000057, 39.31696700100008 ] } },
{ "type": "Feature", "properties": { "fid": 4538, "Yapı No_Text": "-05" }, "geometry": { "type": "Point", "coordinates": [ 26.696444887000041, 39.316973107000081 ] } },
{ "type": "Feature", "properties": { "fid": 4539, "Yapı No_Text": "-06" }, "geometry": { "type": "Point", "coordinates": [ 26.696517793000055, 39.316997977000028 ] } },
{ "type": "Feature", "properties": { "fid": 4540, "Yapı No_Text": "-07" }, "geometry": { "type": "Point", "coordinates": [ 26.696216995000043, 39.316839235000032 ] } },
{ "type": "Feature", "properties": { "fid": 4541, "Yapı No_Text": "-08" }, "geometry": { "type": "Point", "coordinates": [ 26.696179617000041, 39.316800103000048 ] } },
{ "type": "Feature", "properties": { "fid": 4542, "Yapı No_Text": "-09A" }, "geometry": { "type": "Point", "coordinates": [ 26.695913540000049, 39.316714772000068 ] } },
{ "type": "Feature", "properties": { "fid": 4543, "Yapı No_Text": "-10" }, "geometry": { "type": "Point", "coordinates": [ 26.695926625000027, 39.316765944000053 ] } },
{ "type": "Feature", "properties": { "fid": 4544, "Yapı No_Text": "-11" }, "geometry": { "type": "Point", "coordinates": [ 26.696067287000062, 39.316929941000069 ] } },
{ "type": "Feature", "properties": { "fid": 4545, "Yapı No_Text": "-09B" }, "geometry": { "type": "Point", "coordinates": [ 26.696046756000044, 39.316683424000075 ] } },
{ "type": "Feature", "properties": { "fid": 4546, "Yapı No_Text": "405" }, "geometry": { "type": "Point", "coordinates": [ 26.696065538000028, 39.316831570000033 ] } },
{ "type": "Feature", "properties": { "fid": 4547, "Yapı No_Text": "-01" }, "geometry": { "type": "Point", "coordinates": [ 26.694784350000077, 39.319412457000055 ] } },
{ "type": "Feature", "properties": { "fid": 4548, "Yapı No_Text": "-02" }, "geometry": { "type": "Point", "coordinates": [ 26.694849192000049, 39.319383480000056 ] } },
{ "type": "Feature", "properties": { "fid": 4549, "Yapı No_Text": "-03A" }, "geometry": { "type": "Point", "coordinates": [ 26.694867321000061, 39.31932559300003 ] } },
{ "type": "Feature", "properties": { "fid": 4550, "Yapı No_Text": "-04" }, "geometry": { "type": "Point", "coordinates": [ 26.694982048000043, 39.319263468000031 ] } },
{ "type": "Feature", "properties": { "fid": 4551, "Yapı No_Text": "-05" }, "geometry": { "type": "Point", "coordinates": [ 26.695035834000066, 39.319248687000027 ] } },
{ "type": "Feature", "properties": { "fid": 4552, "Yapı No_Text": "-06" }, "geometry": { "type": "Point", "coordinates": [ 26.695073483000044, 39.319208078000031 ] } },
{ "type": "Feature", "properties": { "fid": 4553, "Yapı No_Text": "-07B" }, "geometry": { "type": "Point", "coordinates": [ 26.695168662000071, 39.319212186000073 ] } },
{ "type": "Feature", "properties": { "fid": 4554, "Yapı No_Text": "-08" }, "geometry": { "type": "Point", "coordinates": [ 26.695086600000025, 39.319114606000028 ] } },
{ "type": "Feature", "properties": { "fid": 4555, "Yapı No_Text": "-09" }, "geometry": { "type": "Point", "coordinates": [ 26.695026192000057, 39.319101139000054 ] } },
{ "type": "Feature", "properties": { "fid": 4556, "Yapı No_Text": "-10" }, "geometry": { "type": "Point", "coordinates": [ 26.695010664000051, 39.319033742000045 ] } },
{ "type": "Feature", "properties": { "fid": 4557, "Yapı No_Text": "-11" }, "geometry": { "type": "Point", "coordinates": [ 26.694961794000051, 39.319054486000027 ] } },
{ "type": "Feature", "properties": { "fid": 4558, "Yapı No_Text": "-12" }, "geometry": { "type": "Point", "coordinates": [ 26.694900649000033, 39.31906871800004 ] } },
{ "type": "Feature", "properties": { "fid": 4559, "Yapı No_Text": "-13" }, "geometry": { "type": "Point", "coordinates": [ 26.694844021000051, 39.319100232000039 ] } },
{ "type": "Feature", "properties": { "fid": 4560, "Yapı No_Text": "-14" }, "geometry": { "type": "Point", "coordinates": [ 26.694765152000059, 39.319124918000057 ] } },
{ "type": "Feature", "properties": { "fid": 4561, "Yapı No_Text": "-15" }, "geometry": { "type": "Point", "coordinates": [ 26.69467837600007, 39.319145896000066 ] } },
{ "type": "Feature", "properties": { "fid": 4562, "Yapı No_Text": "-16" }, "geometry": { "type": "Point", "coordinates": [ 26.694603674000064, 39.319141848000072 ] } },
{ "type": "Feature", "properties": { "fid": 4563, "Yapı No_Text": "-17" }, "geometry": { "type": "Point", "coordinates": [ 26.694553542000051, 39.31910085100003 ] } },
{ "type": "Feature", "properties": { "fid": 4564, "Yapı No_Text": "-18" }, "geometry": { "type": "Point", "coordinates": [ 26.694469162000075, 39.319130619000077 ] } },
{ "type": "Feature", "properties": { "fid": 4565, "Yapı No_Text": "-19" }, "geometry": { "type": "Point", "coordinates": [ 26.694529819000024, 39.319156443000054 ] } },
{ "type": "Feature", "properties": { "fid": 4566, "Yapı No_Text": "-21" }, "geometry": { "type": "Point", "coordinates": [ 26.694628608000073, 39.319251450000024 ] } },
{ "type": "Feature", "properties": { "fid": 4567, "Yapı No_Text": "-20" }, "geometry": { "type": "Point", "coordinates": [ 26.694571844000052, 39.319198709000034 ] } },
{ "type": "Feature", "properties": { "fid": 4568, "Yapı No_Text": "-22" }, "geometry": { "type": "Point", "coordinates": [ 26.694663269000046, 39.319339521000074 ] } },
{ "type": "Feature", "properties": { "fid": 4569, "Yapı No_Text": "-23" }, "geometry": { "type": "Point", "coordinates": [ 26.694719761000044, 39.319365107000067 ] } },
{ "type": "Feature", "properties": { "fid": 4570, "Yapı No_Text": "-03B" }, "geometry": { "type": "Point", "coordinates": [ 26.694932308000034, 39.319296964000046 ] } },
{ "type": "Feature", "properties": { "fid": 4571, "Yapı No_Text": "-07A" }, "geometry": { "type": "Point", "coordinates": [ 26.695114153000077, 39.31919393700008 ] } },
{ "type": "Feature", "properties": { "fid": 4572, "Yapı No_Text": "461" }, "geometry": { "type": "Point", "coordinates": [ 26.694781541000054, 39.319253165000077 ] } },
{ "type": "Feature", "properties": { "fid": 4573, "Yapı No_Text": "386" }, "geometry": { "type": "Point", "coordinates": [ 26.695344469000077, 39.319052635000048 ] } },
{ "type": "Feature", "properties": { "fid": 4574, "Yapı No_Text": "-01" }, "geometry": { "type": "Point", "coordinates": [ 26.695701881000048, 39.319446726000081 ] } },
{ "type": "Feature", "properties": { "fid": 4575, "Yapı No_Text": "-02" }, "geometry": { "type": "Point", "coordinates": [ 26.695726313000023, 39.319410303000041 ] } },
{ "type": "Feature", "properties": { "fid": 4576, "Yapı No_Text": "-03" }, "geometry": { "type": "Point", "coordinates": [ 26.695739394000043, 39.319362901000034 ] } },
{ "type": "Feature", "properties": { "fid": 4577, "Yapı No_Text": "-04" }, "geometry": { "type": "Point", "coordinates": [ 26.695767206000028, 39.319306789000052 ] } },
{ "type": "Feature", "properties": { "fid": 4578, "Yapı No_Text": "-05" }, "geometry": { "type": "Point", "coordinates": [ 26.69581738200003, 39.319276067000033 ] } },
{ "type": "Feature", "properties": { "fid": 4579, "Yapı No_Text": "-06" }, "geometry": { "type": "Point", "coordinates": [ 26.695848372000057, 39.31923157500006 ] } },
{ "type": "Feature", "properties": { "fid": 4580, "Yapı No_Text": "-07" }, "geometry": { "type": "Point", "coordinates": [ 26.695799152000063, 39.319203793000042 ] } },
{ "type": "Feature", "properties": { "fid": 4581, "Yapı No_Text": "-08" }, "geometry": { "type": "Point", "coordinates": [ 26.69571522800004, 39.319174179000072 ] } },
{ "type": "Feature", "properties": { "fid": 4582, "Yapı No_Text": "-09" }, "geometry": { "type": "Point", "coordinates": [ 26.695667841000045, 39.319143197000074 ] } },
{ "type": "Feature", "properties": { "fid": 4583, "Yapı No_Text": "-10" }, "geometry": { "type": "Point", "coordinates": [ 26.695608612000058, 39.319113965000042 ] } },
{ "type": "Feature", "properties": { "fid": 4584, "Yapı No_Text": "-11" }, "geometry": { "type": "Point", "coordinates": [ 26.695569448000072, 39.319093227000053 ] } },
{ "type": "Feature", "properties": { "fid": 4585, "Yapı No_Text": "-12" }, "geometry": { "type": "Point", "coordinates": [ 26.695532832000026, 39.319068513000047 ] } },
{ "type": "Feature", "properties": { "fid": 4586, "Yapı No_Text": "-13" }, "geometry": { "type": "Point", "coordinates": [ 26.695504226000025, 39.319028313000047 ] } },
{ "type": "Feature", "properties": { "fid": 4587, "Yapı No_Text": "-14" }, "geometry": { "type": "Point", "coordinates": [ 26.695460746000037, 39.318980346000046 ] } },
{ "type": "Feature", "properties": { "fid": 4588, "Yapı No_Text": "-15" }, "geometry": { "type": "Point", "coordinates": [ 26.695400807000055, 39.318920156000047 ] } },
{ "type": "Feature", "properties": { "fid": 4589, "Yapı No_Text": "-16A" }, "geometry": { "type": "Point", "coordinates": [ 26.695248123000056, 39.318893952000053 ] } },
{ "type": "Feature", "properties": { "fid": 4590, "Yapı No_Text": "-17" }, "geometry": { "type": "Point", "coordinates": [ 26.695195446000071, 39.318916646000048 ] } },
{ "type": "Feature", "properties": { "fid": 4591, "Yapı No_Text": "-18" }, "geometry": { "type": "Point", "coordinates": [ 26.695108514000026, 39.318946435000043 ] } },
{ "type": "Feature", "properties": { "fid": 4592, "Yapı No_Text": "-19" }, "geometry": { "type": "Point", "coordinates": [ 26.695131943000035, 39.319024728000045 ] } },
{ "type": "Feature", "properties": { "fid": 4593, "Yapı No_Text": "-21" }, "geometry": { "type": "Point", "coordinates": [ 26.695231066000076, 39.31906938700007 ] } },
{ "type": "Feature", "properties": { "fid": 4594, "Yapı No_Text": "-20" }, "geometry": { "type": "Point", "coordinates": [ 26.695190259000071, 39.319047406000038 ] } },
{ "type": "Feature", "properties": { "fid": 4595, "Yapı No_Text": "-22" }, "geometry": { "type": "Point", "coordinates": [ 26.695294275000037, 39.319143217000033 ] } },
{ "type": "Feature", "properties": { "fid": 4596, "Yapı No_Text": "-23" }, "geometry": { "type": "Point", "coordinates": [ 26.695351161000076, 39.319178273000034 ] } },
{ "type": "Feature", "properties": { "fid": 4597, "Yapı No_Text": "-24" }, "geometry": { "type": "Point", "coordinates": [ 26.695394031000035, 39.319202813000061 ] } },
{ "type": "Feature", "properties": { "fid": 4598, "Yapı No_Text": "-25" }, "geometry": { "type": "Point", "coordinates": [ 26.695428977000063, 39.319223824000062 ] } },
{ "type": "Feature", "properties": { "fid": 4599, "Yapı No_Text": "-26" }, "geometry": { "type": "Point", "coordinates": [ 26.695471808000036, 39.319256225000061 ] } },
{ "type": "Feature", "properties": { "fid": 4600, "Yapı No_Text": "-16B" }, "geometry": { "type": "Point", "coordinates": [ 26.695294487000069, 39.318862662000072 ] } },
{ "type": "Feature", "properties": { "fid": 4601, "Yapı No_Text": "-27" }, "geometry": { "type": "Point", "coordinates": [ 26.695518392000054, 39.319287792000068 ] } },
{ "type": "Feature", "properties": { "fid": 4602, "Yapı No_Text": "-28" }, "geometry": { "type": "Point", "coordinates": [ 26.695544781000024, 39.319321906000027 ] } },
{ "type": "Feature", "properties": { "fid": 4603, "Yapı No_Text": "-29" }, "geometry": { "type": "Point", "coordinates": [ 26.695570407000048, 39.319343764000052 ] } },
{ "type": "Feature", "properties": { "fid": 4604, "Yapı No_Text": "-30" }, "geometry": { "type": "Point", "coordinates": [ 26.695608843000059, 39.319371502000024 ] } },
{ "type": "Feature", "properties": { "fid": 4605, "Yapı No_Text": "-01" }, "geometry": { "type": "Point", "coordinates": [ 26.695954364000045, 39.319153149000044 ] } },
{ "type": "Feature", "properties": { "fid": 4606, "Yapı No_Text": "-02" }, "geometry": { "type": "Point", "coordinates": [ 26.696003963000067, 39.319104843000048 ] } },
{ "type": "Feature", "properties": { "fid": 4607, "Yapı No_Text": "-03" }, "geometry": { "type": "Point", "coordinates": [ 26.696081841000023, 39.31905167900004 ] } },
{ "type": "Feature", "properties": { "fid": 4608, "Yapı No_Text": "-04" }, "geometry": { "type": "Point", "coordinates": [ 26.696171375000063, 39.31894593100003 ] } },
{ "type": "Feature", "properties": { "fid": 4609, "Yapı No_Text": "-05" }, "geometry": { "type": "Point", "coordinates": [ 26.696238276000031, 39.318843676000029 ] } },
{ "type": "Feature", "properties": { "fid": 4610, "Yapı No_Text": "-06" }, "geometry": { "type": "Point", "coordinates": [ 26.696163880000029, 39.318794650000029 ] } },
{ "type": "Feature", "properties": { "fid": 4611, "Yapı No_Text": "-07" }, "geometry": { "type": "Point", "coordinates": [ 26.696162722000054, 39.31874416800008 ] } },
{ "type": "Feature", "properties": { "fid": 4612, "Yapı No_Text": "-08" }, "geometry": { "type": "Point", "coordinates": [ 26.696030604000043, 39.318664821000027 ] } },
{ "type": "Feature", "properties": { "fid": 4613, "Yapı No_Text": "-09" }, "geometry": { "type": "Point", "coordinates": [ 26.696052769000062, 39.318730251000034 ] } },
{ "type": "Feature", "properties": { "fid": 4614, "Yapı No_Text": "-10" }, "geometry": { "type": "Point", "coordinates": [ 26.695939506000059, 39.318646906000026 ] } },
{ "type": "Feature", "properties": { "fid": 4615, "Yapı No_Text": "-11" }, "geometry": { "type": "Point", "coordinates": [ 26.695860668000023, 39.31865580200008 ] } },
{ "type": "Feature", "properties": { "fid": 4616, "Yapı No_Text": "-12" }, "geometry": { "type": "Point", "coordinates": [ 26.695772355000031, 39.318646787000034 ] } },
{ "type": "Feature", "properties": { "fid": 4617, "Yapı No_Text": "-13" }, "geometry": { "type": "Point", "coordinates": [ 26.695798730000035, 39.318700949000061 ] } },
{ "type": "Feature", "properties": { "fid": 4618, "Yapı No_Text": "-14" }, "geometry": { "type": "Point", "coordinates": [ 26.695879503000072, 39.318723035000062 ] } },
{ "type": "Feature", "properties": { "fid": 4619, "Yapı No_Text": "-15" }, "geometry": { "type": "Point", "coordinates": [ 26.695954122000046, 39.318767844000035 ] } },
{ "type": "Feature", "properties": { "fid": 4620, "Yapı No_Text": "-17" }, "geometry": { "type": "Point", "coordinates": [ 26.695882358000063, 39.318818048000026 ] } },
{ "type": "Feature", "properties": { "fid": 4621, "Yapı No_Text": "-18" }, "geometry": { "type": "Point", "coordinates": [ 26.695791538000037, 39.31880680200004 ] } },
{ "type": "Feature", "properties": { "fid": 4622, "Yapı No_Text": "-19" }, "geometry": { "type": "Point", "coordinates": [ 26.695655163000026, 39.318791684000075 ] } },
{ "type": "Feature", "properties": { "fid": 4623, "Yapı No_Text": "-21" }, "geometry": { "type": "Point", "coordinates": [ 26.695556864000025, 39.31873383900006 ] } },
{ "type": "Feature", "properties": { "fid": 4624, "Yapı No_Text": "-20" }, "geometry": { "type": "Point", "coordinates": [ 26.695617205000076, 39.318688807000058 ] } },
{ "type": "Feature", "properties": { "fid": 4625, "Yapı No_Text": "-22" }, "geometry": { "type": "Point", "coordinates": [ 26.695501009000054, 39.318751676000034 ] } },
{ "type": "Feature", "properties": { "fid": 4626, "Yapı No_Text": "-23" }, "geometry": { "type": "Point", "coordinates": [ 26.695411197000055, 39.318786243000034 ] } },
{ "type": "Feature", "properties": { "fid": 4627, "Yapı No_Text": "-24" }, "geometry": { "type": "Point", "coordinates": [ 26.695479275000025, 39.318848047000074 ] } },
{ "type": "Feature", "properties": { "fid": 4628, "Yapı No_Text": "-25" }, "geometry": { "type": "Point", "coordinates": [ 26.69551516100006, 39.318865525000035 ] } },
{ "type": "Feature", "properties": { "fid": 4629, "Yapı No_Text": "-26" }, "geometry": { "type": "Point", "coordinates": [ 26.695568343000048, 39.318907520000039 ] } },
{ "type": "Feature", "properties": { "fid": 4630, "Yapı No_Text": "-16B" }, "geometry": { "type": "Point", "coordinates": [ 26.696009782000033, 39.318797286000063 ] } },
{ "type": "Feature", "properties": { "fid": 4631, "Yapı No_Text": "-27" }, "geometry": { "type": "Point", "coordinates": [ 26.695589551000069, 39.318966317000047 ] } },
{ "type": "Feature", "properties": { "fid": 4632, "Yapı No_Text": "-28" }, "geometry": { "type": "Point", "coordinates": [ 26.695651268000063, 39.319004775000053 ] } },
{ "type": "Feature", "properties": { "fid": 4633, "Yapı No_Text": "-29" }, "geometry": { "type": "Point", "coordinates": [ 26.695724038000037, 39.319004181000025 ] } },
{ "type": "Feature", "properties": { "fid": 4634, "Yapı No_Text": "-30" }, "geometry": { "type": "Point", "coordinates": [ 26.695724283000061, 39.319050588000039 ] } },
{ "type": "Feature", "properties": { "fid": 4635, "Yapı No_Text": "-32" }, "geometry": { "type": "Point", "coordinates": [ 26.695776353000042, 39.319069046000038 ] } },
{ "type": "Feature", "properties": { "fid": 4636, "Yapı No_Text": "-33" }, "geometry": { "type": "Point", "coordinates": [ 26.695847780000065, 39.319087982000042 ] } },
{ "type": "Feature", "properties": { "fid": 4637, "Yapı No_Text": "-34" }, "geometry": { "type": "Point", "coordinates": [ 26.695878555000036, 39.31912821700007 ] } },
{ "type": "Feature", "properties": { "fid": 4638, "Yapı No_Text": "-31" }, "geometry": { "type": "Point", "coordinates": [ 26.695769760000076, 39.318984341000032 ] } },
{ "type": "Feature", "properties": { "fid": 4639, "Yapı No_Text": "387" }, "geometry": { "type": "Point", "coordinates": [ 26.695929444000058, 39.318906003000052 ] } },
{ "type": "Feature", "properties": { "fid": 4640, "Yapı No_Text": "-01" }, "geometry": { "type": "Point", "coordinates": [ 26.695904373000076, 39.318507957000065 ] } },
{ "type": "Feature", "properties": { "fid": 4641, "Yapı No_Text": "-02" }, "geometry": { "type": "Point", "coordinates": [ 26.695996988000047, 39.31847758300006 ] } },
{ "type": "Feature", "properties": { "fid": 4642, "Yapı No_Text": "-03" }, "geometry": { "type": "Point", "coordinates": [ 26.696072679000054, 39.318453799000054 ] } },
{ "type": "Feature", "properties": { "fid": 4643, "Yapı No_Text": "-04" }, "geometry": { "type": "Point", "coordinates": [ 26.696126177000053, 39.318451806000041 ] } },
{ "type": "Feature", "properties": { "fid": 4644, "Yapı No_Text": "-05" }, "geometry": { "type": "Point", "coordinates": [ 26.696237810000071, 39.318426202000069 ] } },
{ "type": "Feature", "properties": { "fid": 4645, "Yapı No_Text": "-06" }, "geometry": { "type": "Point", "coordinates": [ 26.69638472400004, 39.318409249000069 ] } },
{ "type": "Feature", "properties": { "fid": 4646, "Yapı No_Text": "-09" }, "geometry": { "type": "Point", "coordinates": [ 26.696470183000031, 39.318325213000037 ] } },
{ "type": "Feature", "properties": { "fid": 4647, "Yapı No_Text": "-10" }, "geometry": { "type": "Point", "coordinates": [ 26.696443429000055, 39.31827355300004 ] } },
{ "type": "Feature", "properties": { "fid": 4648, "Yapı No_Text": "-11" }, "geometry": { "type": "Point", "coordinates": [ 26.69640819600005, 39.318258089000039 ] } },
{ "type": "Feature", "properties": { "fid": 4649, "Yapı No_Text": "-12" }, "geometry": { "type": "Point", "coordinates": [ 26.696422013000074, 39.318192031000081 ] } },
{ "type": "Feature", "properties": { "fid": 4650, "Yapı No_Text": "-13" }, "geometry": { "type": "Point", "coordinates": [ 26.696367190000046, 39.318147288000034 ] } },
{ "type": "Feature", "properties": { "fid": 4651, "Yapı No_Text": "-14" }, "geometry": { "type": "Point", "coordinates": [ 26.69636218900007, 39.318084835000036 ] } },
{ "type": "Feature", "properties": { "fid": 4652, "Yapı No_Text": "-15" }, "geometry": { "type": "Point", "coordinates": [ 26.696233907000078, 39.318082570000058 ] } },
{ "type": "Feature", "properties": { "fid": 4653, "Yapı No_Text": "-17" }, "geometry": { "type": "Point", "coordinates": [ 26.69627250800005, 39.318205959000068 ] } },
{ "type": "Feature", "properties": { "fid": 4654, "Yapı No_Text": "-18" }, "geometry": { "type": "Point", "coordinates": [ 26.696276511000065, 39.318243503000076 ] } },
{ "type": "Feature", "properties": { "fid": 4655, "Yapı No_Text": "-19" }, "geometry": { "type": "Point", "coordinates": [ 26.696213187000069, 39.318312441000046 ] } },
{ "type": "Feature", "properties": { "fid": 4656, "Yapı No_Text": "-21" }, "geometry": { "type": "Point", "coordinates": [ 26.695840223000062, 39.318273289000047 ] } },
{ "type": "Feature", "properties": { "fid": 4657, "Yapı No_Text": "-20" }, "geometry": { "type": "Point", "coordinates": [ 26.696064501000023, 39.31830539200007 ] } },
{ "type": "Feature", "properties": { "fid": 4658, "Yapı No_Text": "-22" }, "geometry": { "type": "Point", "coordinates": [ 26.695802429000025, 39.318305193000072 ] } },
{ "type": "Feature", "properties": { "fid": 4659, "Yapı No_Text": "-23" }, "geometry": { "type": "Point", "coordinates": [ 26.695845319000057, 39.318344942000067 ] } },
{ "type": "Feature", "properties": { "fid": 4660, "Yapı No_Text": "-24" }, "geometry": { "type": "Point", "coordinates": [ 26.695862088000069, 39.318381356000032 ] } },
{ "type": "Feature", "properties": { "fid": 4661, "Yapı No_Text": "-16" }, "geometry": { "type": "Point", "coordinates": [ 26.696262940000054, 39.31815573800003 ] } },
{ "type": "Feature", "properties": { "fid": 4662, "Yapı No_Text": "-07" }, "geometry": { "type": "Point", "coordinates": [ 26.696450004000042, 39.318395471000031 ] } },
{ "type": "Feature", "properties": { "fid": 4663, "Yapı No_Text": "-08" }, "geometry": { "type": "Point", "coordinates": [ 26.696518136000066, 39.31838392800006 ] } },
{ "type": "Feature", "properties": { "fid": 4664, "Yapı No_Text": "465" }, "geometry": { "type": "Point", "coordinates": [ 26.695993335000026, 39.318382717000077 ] } },
{ "type": "Feature", "properties": { "fid": 4665, "Yapı No_Text": "-01" }, "geometry": { "type": "Point", "coordinates": [ 26.69636339300007, 39.31878372400007 ] } },
{ "type": "Feature", "properties": { "fid": 4666, "Yapı No_Text": "-02" }, "geometry": { "type": "Point", "coordinates": [ 26.696449587000075, 39.318727421000062 ] } },
{ "type": "Feature", "properties": { "fid": 4667, "Yapı No_Text": "-03" }, "geometry": { "type": "Point", "coordinates": [ 26.696562576000076, 39.318661214000031 ] } },
{ "type": "Feature", "properties": { "fid": 4668, "Yapı No_Text": "-04" }, "geometry": { "type": "Point", "coordinates": [ 26.696626361000028, 39.318624366000051 ] } },
{ "type": "Feature", "properties": { "fid": 4669, "Yapı No_Text": "-05" }, "geometry": { "type": "Point", "coordinates": [ 26.696745272000044, 39.318577686000026 ] } },
{ "type": "Feature", "properties": { "fid": 4670, "Yapı No_Text": "-06" }, "geometry": { "type": "Point", "coordinates": [ 26.696848505000048, 39.318531685000039 ] } },
{ "type": "Feature", "properties": { "fid": 4671, "Yapı No_Text": "-08" }, "geometry": { "type": "Point", "coordinates": [ 26.696633372000065, 39.318507217000047 ] } },
{ "type": "Feature", "properties": { "fid": 4672, "Yapı No_Text": "-09" }, "geometry": { "type": "Point", "coordinates": [ 26.696572941000056, 39.31847825400007 ] } },
{ "type": "Feature", "properties": { "fid": 4673, "Yapı No_Text": "-10" }, "geometry": { "type": "Point", "coordinates": [ 26.696510489000048, 39.31850915800004 ] } },
{ "type": "Feature", "properties": { "fid": 4674, "Yapı No_Text": "-11" }, "geometry": { "type": "Point", "coordinates": [ 26.69646117800005, 39.318520573000058 ] } },
{ "type": "Feature", "properties": { "fid": 4675, "Yapı No_Text": "-12" }, "geometry": { "type": "Point", "coordinates": [ 26.696406758000023, 39.318518985000026 ] } },
{ "type": "Feature", "properties": { "fid": 4676, "Yapı No_Text": "-13" }, "geometry": { "type": "Point", "coordinates": [ 26.696439385000076, 39.318591997000055 ] } },
{ "type": "Feature", "properties": { "fid": 4677, "Yapı No_Text": "-14" }, "geometry": { "type": "Point", "coordinates": [ 26.696450330000062, 39.318632624000031 ] } },
{ "type": "Feature", "properties": { "fid": 4678, "Yapı No_Text": "-15" }, "geometry": { "type": "Point", "coordinates": [ 26.696337536000044, 39.31866887800004 ] } },
{ "type": "Feature", "properties": { "fid": 4679, "Yapı No_Text": "-16" }, "geometry": { "type": "Point", "coordinates": [ 26.696318613000074, 39.318599999000071 ] } },
{ "type": "Feature", "properties": { "fid": 4680, "Yapı No_Text": "-17" }, "geometry": { "type": "Point", "coordinates": [ 26.696305214000063, 39.318523078000055 ] } },
{ "type": "Feature", "properties": { "fid": 4681, "Yapı No_Text": "-18" }, "geometry": { "type": "Point", "coordinates": [ 26.696228688000076, 39.318535204000057 ] } },
{ "type": "Feature", "properties": { "fid": 4682, "Yapı No_Text": "-19" }, "geometry": { "type": "Point", "coordinates": [ 26.696166232000053, 39.318528100000037 ] } },
{ "type": "Feature", "properties": { "fid": 4683, "Yapı No_Text": "-21" }, "geometry": { "type": "Point", "coordinates": [ 26.696085142000072, 39.318604358000073 ] } },
{ "type": "Feature", "properties": { "fid": 4684, "Yapı No_Text": "-20" }, "geometry": { "type": "Point", "coordinates": [ 26.696069028000068, 39.31856115000005 ] } },
{ "type": "Feature", "properties": { "fid": 4685, "Yapı No_Text": "-22" }, "geometry": { "type": "Point", "coordinates": [ 26.696141625000052, 39.318637075000026 ] } },
{ "type": "Feature", "properties": { "fid": 4686, "Yapı No_Text": "-23" }, "geometry": { "type": "Point", "coordinates": [ 26.696193777000076, 39.318656697000051 ] } },
{ "type": "Feature", "properties": { "fid": 4687, "Yapı No_Text": "-07" }, "geometry": { "type": "Point", "coordinates": [ 26.696724862000053, 39.318516942000031 ] } },
{ "type": "Feature", "properties": { "fid": 4688, "Yapı No_Text": "-24" }, "geometry": { "type": "Point", "coordinates": [ 26.696249262000038, 39.318697935000046 ] } },
{ "type": "Feature", "properties": { "fid": 4689, "Yapı No_Text": "-25" }, "geometry": { "type": "Point", "coordinates": [ 26.696288701000071, 39.31873620500005 ] } },
{ "type": "Feature", "properties": { "fid": 4690, "Yapı No_Text": "466" }, "geometry": { "type": "Point", "coordinates": [ 26.696553597000047, 39.318574105000039 ] } },
{ "type": "Feature", "properties": { "fid": 4691, "Yapı No_Text": "-13" }, "geometry": { "type": "Point", "coordinates": [ 26.696744842000044, 39.318294136000077 ] } },
{ "type": "Feature", "properties": { "fid": 4692, "Yapı No_Text": "-01" }, "geometry": { "type": "Point", "coordinates": [ 26.696673825000062, 39.318408623000039 ] } },
{ "type": "Feature", "properties": { "fid": 4693, "Yapı No_Text": "-02" }, "geometry": { "type": "Point", "coordinates": [ 26.696758727000031, 39.31839915300003 ] } },
{ "type": "Feature", "properties": { "fid": 4694, "Yapı No_Text": "-03" }, "geometry": { "type": "Point", "coordinates": [ 26.696804404000034, 39.318440775000056 ] } },
{ "type": "Feature", "properties": { "fid": 4695, "Yapı No_Text": "-04" }, "geometry": { "type": "Point", "coordinates": [ 26.696873793000066, 39.318400829000041 ] } },
{ "type": "Feature", "properties": { "fid": 4696, "Yapı No_Text": "-05" }, "geometry": { "type": "Point", "coordinates": [ 26.696938528000032, 39.318372991000047 ] } },
{ "type": "Feature", "properties": { "fid": 4697, "Yapı No_Text": "-06" }, "geometry": { "type": "Point", "coordinates": [ 26.696980268000061, 39.318418928000028 ] } },
{ "type": "Feature", "properties": { "fid": 4698, "Yapı No_Text": "-07" }, "geometry": { "type": "Point", "coordinates": [ 26.697027889000026, 39.318419608000056 ] } },
{ "type": "Feature", "properties": { "fid": 4699, "Yapı No_Text": "-08" }, "geometry": { "type": "Point", "coordinates": [ 26.697027431000038, 39.318343512000069 ] } },
{ "type": "Feature", "properties": { "fid": 4700, "Yapı No_Text": "-09" }, "geometry": { "type": "Point", "coordinates": [ 26.696998832000077, 39.318307964000041 ] } },
{ "type": "Feature", "properties": { "fid": 4701, "Yapı No_Text": "-10" }, "geometry": { "type": "Point", "coordinates": [ 26.696998658000041, 39.318237932000045 ] } },
{ "type": "Feature", "properties": { "fid": 4702, "Yapı No_Text": "-12" }, "geometry": { "type": "Point", "coordinates": [ 26.696800408000058, 39.318248462000042 ] } },
{ "type": "Feature", "properties": { "fid": 4703, "Yapı No_Text": "-11" }, "geometry": { "type": "Point", "coordinates": [ 26.696877941000025, 39.318249455000057 ] } },
{ "type": "Feature", "properties": { "fid": 4704, "Yapı No_Text": "467" }, "geometry": { "type": "Point", "coordinates": [ 26.696844591000058, 39.318326134000074 ] } },
{ "type": "Feature", "properties": { "fid": 4705, "Yapı No_Text": "-01" }, "geometry": { "type": "Point", "coordinates": [ 26.696605463000026, 39.31824019700008 ] } },
{ "type": "Feature", "properties": { "fid": 4706, "Yapı No_Text": "-02" }, "geometry": { "type": "Point", "coordinates": [ 26.696656365000024, 39.318216122000081 ] } },
{ "type": "Feature", "properties": { "fid": 4707, "Yapı No_Text": "-03" }, "geometry": { "type": "Point", "coordinates": [ 26.696745742000076, 39.318169391000026 ] } },
{ "type": "Feature", "properties": { "fid": 4708, "Yapı No_Text": "-04" }, "geometry": { "type": "Point", "coordinates": [ 26.69681046900007, 39.318148359000077 ] } },
{ "type": "Feature", "properties": { "fid": 4709, "Yapı No_Text": "-05" }, "geometry": { "type": "Point", "coordinates": [ 26.696909138000024, 39.318166933000043 ] } },
{ "type": "Feature", "properties": { "fid": 4710, "Yapı No_Text": "-06" }, "geometry": { "type": "Point", "coordinates": [ 26.696994723000046, 39.318134752000049 ] } },
{ "type": "Feature", "properties": { "fid": 4711, "Yapı No_Text": "-07" }, "geometry": { "type": "Point", "coordinates": [ 26.697148152000068, 39.318170291000058 ] } },
{ "type": "Feature", "properties": { "fid": 4712, "Yapı No_Text": "-08" }, "geometry": { "type": "Point", "coordinates": [ 26.697105347000047, 39.318245409000042 ] } },
{ "type": "Feature", "properties": { "fid": 4713, "Yapı No_Text": "-09" }, "geometry": { "type": "Point", "coordinates": [ 26.697111734000032, 39.318297032000032 ] } },
{ "type": "Feature", "properties": { "fid": 4714, "Yapı No_Text": "-10" }, "geometry": { "type": "Point", "coordinates": [ 26.697123207000061, 39.31837352000008 ] } },
{ "type": "Feature", "properties": { "fid": 4715, "Yapı No_Text": "-13" }, "geometry": { "type": "Point", "coordinates": [ 26.697256391000053, 39.318300736000026 ] } },
{ "type": "Feature", "properties": { "fid": 4716, "Yapı No_Text": "-14" }, "geometry": { "type": "Point", "coordinates": [ 26.697251378000033, 39.318262447000052 ] } },
{ "type": "Feature", "properties": { "fid": 4717, "Yapı No_Text": "-15" }, "geometry": { "type": "Point", "coordinates": [ 26.697265281000057, 39.318196490000048 ] } },
{ "type": "Feature", "properties": { "fid": 4718, "Yapı No_Text": "-17" }, "geometry": { "type": "Point", "coordinates": [ 26.697286140000074, 39.31805259500004 ] } },
{ "type": "Feature", "properties": { "fid": 4719, "Yapı No_Text": "-18" }, "geometry": { "type": "Point", "coordinates": [ 26.697172083000055, 39.318042793000075 ] } },
{ "type": "Feature", "properties": { "fid": 4720, "Yapı No_Text": "-19" }, "geometry": { "type": "Point", "coordinates": [ 26.697052503000066, 39.318021120000026 ] } },
{ "type": "Feature", "properties": { "fid": 4721, "Yapı No_Text": "-21" }, "geometry": { "type": "Point", "coordinates": [ 26.696885137000038, 39.318003287000067 ] } },
{ "type": "Feature", "properties": { "fid": 4722, "Yapı No_Text": "-20" }, "geometry": { "type": "Point", "coordinates": [ 26.696946838000031, 39.317998863000071 ] } },
{ "type": "Feature", "properties": { "fid": 4723, "Yapı No_Text": "-22" }, "geometry": { "type": "Point", "coordinates": [ 26.696830986000066, 39.317994 ] } },
{ "type": "Feature", "properties": { "fid": 4724, "Yapı No_Text": "-23" }, "geometry": { "type": "Point", "coordinates": [ 26.696778345000041, 39.317992711000045 ] } },
{ "type": "Feature", "properties": { "fid": 4725, "Yapı No_Text": "-24" }, "geometry": { "type": "Point", "coordinates": [ 26.696725603000061, 39.318029802000069 ] } },
{ "type": "Feature", "properties": { "fid": 4726, "Yapı No_Text": "-25" }, "geometry": { "type": "Point", "coordinates": [ 26.696669099000076, 39.317968208000025 ] } },
{ "type": "Feature", "properties": { "fid": 4727, "Yapı No_Text": "-26" }, "geometry": { "type": "Point", "coordinates": [ 26.696644757000058, 39.317974204000052 ] } },
{ "type": "Feature", "properties": { "fid": 4728, "Yapı No_Text": "-16" }, "geometry": { "type": "Point", "coordinates": [ 26.69725582600006, 39.318118282000057 ] } },
{ "type": "Feature", "properties": { "fid": 4729, "Yapı No_Text": "-27" }, "geometry": { "type": "Point", "coordinates": [ 26.696581700000024, 39.317960217000063 ] } },
{ "type": "Feature", "properties": { "fid": 4730, "Yapı No_Text": "-28" }, "geometry": { "type": "Point", "coordinates": [ 26.696500439000033, 39.317948784000066 ] } },
{ "type": "Feature", "properties": { "fid": 4731, "Yapı No_Text": "-29" }, "geometry": { "type": "Point", "coordinates": [ 26.696442580000053, 39.317962607000027 ] } },
{ "type": "Feature", "properties": { "fid": 4732, "Yapı No_Text": "-30" }, "geometry": { "type": "Point", "coordinates": [ 26.696498508000047, 39.318018503000076 ] } },
{ "type": "Feature", "properties": { "fid": 4733, "Yapı No_Text": "-32" }, "geometry": { "type": "Point", "coordinates": [ 26.696461658000032, 39.318082300000071 ] } },
{ "type": "Feature", "properties": { "fid": 4734, "Yapı No_Text": "-33" }, "geometry": { "type": "Point", "coordinates": [ 26.696541434000039, 39.318116880000048 ] } },
{ "type": "Feature", "properties": { "fid": 4735, "Yapı No_Text": "-34" }, "geometry": { "type": "Point", "coordinates": [ 26.696572714000069, 39.31816303800008 ] } },
{ "type": "Feature", "properties": { "fid": 4736, "Yapı No_Text": "-31" }, "geometry": { "type": "Point", "coordinates": [ 26.696503270000051, 39.318049923000046 ] } },
{ "type": "Feature", "properties": { "fid": 4737, "Yapı No_Text": "-11" }, "geometry": { "type": "Point", "coordinates": [ 26.697261175000051, 39.318402794000065 ] } },
{ "type": "Feature", "properties": { "fid": 4738, "Yapı No_Text": "-12" }, "geometry": { "type": "Point", "coordinates": [ 26.69727862600007, 39.318355298000029 ] } },
{ "type": "Feature", "properties": { "fid": 4739, "Yapı No_Text": "468" }, "geometry": { "type": "Point", "coordinates": [ 26.697110116000033, 39.318086145000052 ] } },
{ "type": "Feature", "properties": { "fid": 4740, "Yapı No_Text": "-01" }, "geometry": { "type": "Point", "coordinates": [ 26.697047669000028, 39.317926782000029 ] } },
{ "type": "Feature", "properties": { "fid": 4741, "Yapı No_Text": "-02" }, "geometry": { "type": "Point", "coordinates": [ 26.697120709000046, 39.317941309000048 ] } },
{ "type": "Feature", "properties": { "fid": 4742, "Yapı No_Text": "-03" }, "geometry": { "type": "Point", "coordinates": [ 26.697191228000065, 39.31793156100008 ] } },
{ "type": "Feature", "properties": { "fid": 4743, "Yapı No_Text": "-04" }, "geometry": { "type": "Point", "coordinates": [ 26.697248119000051, 39.317952131000027 ] } },
{ "type": "Feature", "properties": { "fid": 4744, "Yapı No_Text": "-05" }, "geometry": { "type": "Point", "coordinates": [ 26.697327432000066, 39.317951459000028 ] } },
{ "type": "Feature", "properties": { "fid": 4745, "Yapı No_Text": "-06" }, "geometry": { "type": "Point", "coordinates": [ 26.697380578000036, 39.317969183000059 ] } },
{ "type": "Feature", "properties": { "fid": 4746, "Yapı No_Text": "-07" }, "geometry": { "type": "Point", "coordinates": [ 26.697361869000076, 39.317909038000039 ] } },
{ "type": "Feature", "properties": { "fid": 4747, "Yapı No_Text": "-08" }, "geometry": { "type": "Point", "coordinates": [ 26.697391973000038, 39.317883152000036 ] } },
{ "type": "Feature", "properties": { "fid": 4748, "Yapı No_Text": "-09" }, "geometry": { "type": "Point", "coordinates": [ 26.69740469900006, 39.317835739000031 ] } },
{ "type": "Feature", "properties": { "fid": 4749, "Yapı No_Text": "-10" }, "geometry": { "type": "Point", "coordinates": [ 26.697351633000039, 39.317824392000034 ] } },
{ "type": "Feature", "properties": { "fid": 4750, "Yapı No_Text": "-11" }, "geometry": { "type": "Point", "coordinates": [ 26.697306603000072, 39.317810884000039 ] } },
{ "type": "Feature", "properties": { "fid": 4751, "Yapı No_Text": "-12" }, "geometry": { "type": "Point", "coordinates": [ 26.697205594000025, 39.317779877000078 ] } },
{ "type": "Feature", "properties": { "fid": 4752, "Yapı No_Text": "-13" }, "geometry": { "type": "Point", "coordinates": [ 26.697115945000064, 39.317782586000078 ] } },
{ "type": "Feature", "properties": { "fid": 4753, "Yapı No_Text": "-14" }, "geometry": { "type": "Point", "coordinates": [ 26.697050906000072, 39.317785460000039 ] } },
{ "type": "Feature", "properties": { "fid": 4754, "Yapı No_Text": "472" }, "geometry": { "type": "Point", "coordinates": [ 26.697170465000056, 39.317870972000037 ] } },
{ "type": "Feature", "properties": { "fid": 4755, "Yapı No_Text": "-01" }, "geometry": { "type": "Point", "coordinates": [ 26.69664111000003, 39.317859659000078 ] } },
{ "type": "Feature", "properties": { "fid": 4756, "Yapı No_Text": "-02" }, "geometry": { "type": "Point", "coordinates": [ 26.696685461000072, 39.317840034000028 ] } },
{ "type": "Feature", "properties": { "fid": 4757, "Yapı No_Text": "-03" }, "geometry": { "type": "Point", "coordinates": [ 26.696762222000075, 39.317892122000046 ] } },
{ "type": "Feature", "properties": { "fid": 4758, "Yapı No_Text": "-04" }, "geometry": { "type": "Point", "coordinates": [ 26.696841558000074, 39.317885004000061 ] } },
{ "type": "Feature", "properties": { "fid": 4759, "Yapı No_Text": "-05" }, "geometry": { "type": "Point", "coordinates": [ 26.696918587000027, 39.317914483000038 ] } },
{ "type": "Feature", "properties": { "fid": 4760, "Yapı No_Text": "-06" }, "geometry": { "type": "Point", "coordinates": [ 26.696907543000066, 39.317878385000029 ] } },
{ "type": "Feature", "properties": { "fid": 4761, "Yapı No_Text": "-07A" }, "geometry": { "type": "Point", "coordinates": [ 26.69686547200007, 39.317814614000042 ] } },
{ "type": "Feature", "properties": { "fid": 4762, "Yapı No_Text": "-07B" }, "geometry": { "type": "Point", "coordinates": [ 26.696936089000076, 39.317799065000031 ] } },
{ "type": "Feature", "properties": { "fid": 4763, "Yapı No_Text": "473" }, "geometry": { "type": "Point", "coordinates": [ 26.696759902000053, 39.317837258000054 ] } },
{ "type": "Feature", "properties": { "fid": 4764, "Yapı No_Text": "-01" }, "geometry": { "type": "Point", "coordinates": [ 26.697682384000075, 39.318277524000052 ] } },
{ "type": "Feature", "properties": { "fid": 4765, "Yapı No_Text": "-02" }, "geometry": { "type": "Point", "coordinates": [ 26.697777746000042, 39.31824726800005 ] } },
{ "type": "Feature", "properties": { "fid": 4766, "Yapı No_Text": "-03" }, "geometry": { "type": "Point", "coordinates": [ 26.697874413000079, 39.318245344000047 ] } },
{ "type": "Feature", "properties": { "fid": 4767, "Yapı No_Text": "-04" }, "geometry": { "type": "Point", "coordinates": [ 26.697789637000028, 39.318128266000031 ] } },
{ "type": "Feature", "properties": { "fid": 4768, "Yapı No_Text": "-05" }, "geometry": { "type": "Point", "coordinates": [ 26.697785585000076, 39.318189588000052 ] } },
{ "type": "Feature", "properties": { "fid": 4769, "Yapı No_Text": "471" }, "geometry": { "type": "Point", "coordinates": [ 26.697926161000055, 39.318206492000058 ] } },
{ "type": "Feature", "properties": { "fid": 4770, "Yapı No_Text": "-13" }, "geometry": { "type": "Point", "coordinates": [ 26.697426723000035, 39.318146468000066 ] } },
{ "type": "Feature", "properties": { "fid": 4771, "Yapı No_Text": "-01" }, "geometry": { "type": "Point", "coordinates": [ 26.697384084000078, 39.318330020000076 ] } },
{ "type": "Feature", "properties": { "fid": 4772, "Yapı No_Text": "-02" }, "geometry": { "type": "Point", "coordinates": [ 26.697490353000035, 39.318310005000058 ] } },
{ "type": "Feature", "properties": { "fid": 4773, "Yapı No_Text": "-03" }, "geometry": { "type": "Point", "coordinates": [ 26.697570034000023, 39.318281353000032 ] } },
{ "type": "Feature", "properties": { "fid": 4774, "Yapı No_Text": "-04" }, "geometry": { "type": "Point", "coordinates": [ 26.697598532000029, 39.318180872000028 ] } },
{ "type": "Feature", "properties": { "fid": 4775, "Yapı No_Text": "-05" }, "geometry": { "type": "Point", "coordinates": [ 26.697652517000051, 39.318066790000046 ] } },
{ "type": "Feature", "properties": { "fid": 4776, "Yapı No_Text": "-06" }, "geometry": { "type": "Point", "coordinates": [ 26.697611379000023, 39.317911112000047 ] } },
{ "type": "Feature", "properties": { "fid": 4777, "Yapı No_Text": "-07" }, "geometry": { "type": "Point", "coordinates": [ 26.697547938000071, 39.317873298000052 ] } },
{ "type": "Feature", "properties": { "fid": 4778, "Yapı No_Text": "-08" }, "geometry": { "type": "Point", "coordinates": [ 26.697537820000036, 39.31793736700007 ] } },
{ "type": "Feature", "properties": { "fid": 4779, "Yapı No_Text": "-09" }, "geometry": { "type": "Point", "coordinates": [ 26.69750889900007, 39.317986086000076 ] } },
{ "type": "Feature", "properties": { "fid": 4780, "Yapı No_Text": "-10" }, "geometry": { "type": "Point", "coordinates": [ 26.697508335000066, 39.318032323000068 ] } },
{ "type": "Feature", "properties": { "fid": 4781, "Yapı No_Text": "-12" }, "geometry": { "type": "Point", "coordinates": [ 26.697458356000027, 39.318095695000068 ] } },
{ "type": "Feature", "properties": { "fid": 4782, "Yapı No_Text": "-11" }, "geometry": { "type": "Point", "coordinates": [ 26.697474653000029, 39.318062446000056 ] } },
{ "type": "Feature", "properties": { "fid": 4783, "Yapı No_Text": "469" }, "geometry": { "type": "Point", "coordinates": [ 26.697518201000037, 39.31813259300003 ] } },
{ "type": "Feature", "properties": { "fid": 4784, "Yapı No_Text": "-01" }, "geometry": { "type": "Point", "coordinates": [ 26.693343326000047, 39.316827540000077 ] } },
{ "type": "Feature", "properties": { "fid": 4785, "Yapı No_Text": "-02??" }, "geometry": { "type": "Point", "coordinates": [ 26.693406325000069, 39.316802223000025 ] } },
{ "type": "Feature", "properties": { "fid": 4786, "Yapı No_Text": "-03" }, "geometry": { "type": "Point", "coordinates": [ 26.693566421000071, 39.316722639000034 ] } },
{ "type": "Feature", "properties": { "fid": 4787, "Yapı No_Text": "-04" }, "geometry": { "type": "Point", "coordinates": [ 26.693508781000048, 39.316720727000074 ] } },
{ "type": "Feature", "properties": { "fid": 4788, "Yapı No_Text": "-07" }, "geometry": { "type": "Point", "coordinates": [ 26.69328351200005, 39.316702750000047 ] } },
{ "type": "Feature", "properties": { "fid": 4789, "Yapı No_Text": "-05" }, "geometry": { "type": "Point", "coordinates": [ 26.693464923000079, 39.316688160000069 ] } },
{ "type": "Feature", "properties": { "fid": 4790, "Yapı No_Text": "-06" }, "geometry": { "type": "Point", "coordinates": [ 26.693371799000033, 39.316675298000064 ] } },
{ "type": "Feature", "properties": { "fid": 4791, "Yapı No_Text": "-08" }, "geometry": { "type": "Point", "coordinates": [ 26.693316269000036, 39.316740314000072 ] } },
{ "type": "Feature", "properties": { "fid": 4792, "Yapı No_Text": "-09" }, "geometry": { "type": "Point", "coordinates": [ 26.693301530000042, 39.316784037000048 ] } },
{ "type": "Feature", "properties": { "fid": 4793, "Yapı No_Text": "496" }, "geometry": { "type": "Point", "coordinates": [ 26.693391833000078, 39.31674789200008 ] } },
{ "type": "Feature", "properties": { "fid": 4794, "Yapı No_Text": "-03" }, "geometry": { "type": "Point", "coordinates": [ 26.69457940500007, 39.31680719700006 ] } },
{ "type": "Feature", "properties": { "fid": 4795, "Yapı No_Text": "-02" }, "geometry": { "type": "Point", "coordinates": [ 26.694500265000045, 39.31683343900005 ] } },
{ "type": "Feature", "properties": { "fid": 4796, "Yapı No_Text": "-01" }, "geometry": { "type": "Point", "coordinates": [ 26.694348169000023, 39.316784928000061 ] } },
{ "type": "Feature", "properties": { "fid": 4797, "Yapı No_Text": "-05A" }, "geometry": { "type": "Point", "coordinates": [ 26.694428103000064, 39.31674268300003 ] } },
{ "type": "Feature", "properties": { "fid": 4798, "Yapı No_Text": "-04" }, "geometry": { "type": "Point", "coordinates": [ 26.694538353000041, 39.316738975000078 ] } },
{ "type": "Feature", "properties": { "fid": 4799, "Yapı No_Text": "-05B" }, "geometry": { "type": "Point", "coordinates": [ 26.694456810000077, 39.316700284000035 ] } },
{ "type": "Feature", "properties": { "fid": 4800, "Yapı No_Text": "498" }, "geometry": { "type": "Point", "coordinates": [ 26.694397266000067, 39.316836890000047 ] } },
{ "type": "Feature", "properties": { "fid": 4801, "Yapı No_Text": "-01" }, "geometry": { "type": "Point", "coordinates": [ 26.694601788000057, 39.318997578000051 ] } },
{ "type": "Feature", "properties": { "fid": 4802, "Yapı No_Text": "-02" }, "geometry": { "type": "Point", "coordinates": [ 26.694648784000037, 39.318984298000032 ] } },
{ "type": "Feature", "properties": { "fid": 4803, "Yapı No_Text": "-03" }, "geometry": { "type": "Point", "coordinates": [ 26.694727016000058, 39.318973668000069 ] } },
{ "type": "Feature", "properties": { "fid": 4804, "Yapı No_Text": "-04A" }, "geometry": { "type": "Point", "coordinates": [ 26.694828961000042, 39.318986952000046 ] } },
{ "type": "Feature", "properties": { "fid": 4805, "Yapı No_Text": "-05" }, "geometry": { "type": "Point", "coordinates": [ 26.694902157000058, 39.31890067900008 ] } },
{ "type": "Feature", "properties": { "fid": 4806, "Yapı No_Text": "-06" }, "geometry": { "type": "Point", "coordinates": [ 26.694836305000024, 39.31877181200008 ] } },
{ "type": "Feature", "properties": { "fid": 4807, "Yapı No_Text": "-07" }, "geometry": { "type": "Point", "coordinates": [ 26.694996166000067, 39.318882442000074 ] } },
{ "type": "Feature", "properties": { "fid": 4808, "Yapı No_Text": "-08" }, "geometry": { "type": "Point", "coordinates": [ 26.694950071000051, 39.318763474000036 ] } },
{ "type": "Feature", "properties": { "fid": 4809, "Yapı No_Text": "-09" }, "geometry": { "type": "Point", "coordinates": [ 26.695077679000065, 39.318826968000053 ] } },
{ "type": "Feature", "properties": { "fid": 4810, "Yapı No_Text": "-10" }, "geometry": { "type": "Point", "coordinates": [ 26.695189943000059, 39.31884265900004 ] } },
{ "type": "Feature", "properties": { "fid": 4811, "Yapı No_Text": "-11" }, "geometry": { "type": "Point", "coordinates": [ 26.695168488000036, 39.31879594000003 ] } },
{ "type": "Feature", "properties": { "fid": 4812, "Yapı No_Text": "-12" }, "geometry": { "type": "Point", "coordinates": [ 26.695226904000037, 39.318759883000041 ] } },
{ "type": "Feature", "properties": { "fid": 4813, "Yapı No_Text": "-13" }, "geometry": { "type": "Point", "coordinates": [ 26.695147386000031, 39.318723716000079 ] } },
{ "type": "Feature", "properties": { "fid": 4814, "Yapı No_Text": "-14" }, "geometry": { "type": "Point", "coordinates": [ 26.695196056000043, 39.318640427000048 ] } },
{ "type": "Feature", "properties": { "fid": 4815, "Yapı No_Text": "-15" }, "geometry": { "type": "Point", "coordinates": [ 26.695128883000052, 39.318634399000075 ] } },
{ "type": "Feature", "properties": { "fid": 4816, "Yapı No_Text": "-17" }, "geometry": { "type": "Point", "coordinates": [ 26.695068529000025, 39.318634324000072 ] } },
{ "type": "Feature", "properties": { "fid": 4817, "Yapı No_Text": "-18" }, "geometry": { "type": "Point", "coordinates": [ 26.694969534000052, 39.318563785000038 ] } },
{ "type": "Feature", "properties": { "fid": 4818, "Yapı No_Text": "-19" }, "geometry": { "type": "Point", "coordinates": [ 26.694860359000074, 39.318537606000064 ] } },
{ "type": "Feature", "properties": { "fid": 4819, "Yapı No_Text": "-21" }, "geometry": { "type": "Point", "coordinates": [ 26.694775469000035, 39.318459059000077 ] } },
{ "type": "Feature", "properties": { "fid": 4820, "Yapı No_Text": "-20" }, "geometry": { "type": "Point", "coordinates": [ 26.694845262000058, 39.318483837000031 ] } },
{ "type": "Feature", "properties": { "fid": 4821, "Yapı No_Text": "-22" }, "geometry": { "type": "Point", "coordinates": [ 26.694719835000058, 39.318447836000075 ] } },
{ "type": "Feature", "properties": { "fid": 4822, "Yapı No_Text": "-23" }, "geometry": { "type": "Point", "coordinates": [ 26.694643192000058, 39.31843424200008 ] } },
{ "type": "Feature", "properties": { "fid": 4823, "Yapı No_Text": "-24" }, "geometry": { "type": "Point", "coordinates": [ 26.694583433000048, 39.31842957200007 ] } },
{ "type": "Feature", "properties": { "fid": 4824, "Yapı No_Text": "-25" }, "geometry": { "type": "Point", "coordinates": [ 26.694533099000068, 39.318417362000048 ] } },
{ "type": "Feature", "properties": { "fid": 4825, "Yapı No_Text": "-26" }, "geometry": { "type": "Point", "coordinates": [ 26.694473795000079, 39.31840932800003 ] } },
{ "type": "Feature", "properties": { "fid": 4826, "Yapı No_Text": "-16" }, "geometry": { "type": "Point", "coordinates": [ 26.695102241000029, 39.318609417000062 ] } },
{ "type": "Feature", "properties": { "fid": 4827, "Yapı No_Text": "-27" }, "geometry": { "type": "Point", "coordinates": [ 26.694421953000074, 39.318409829000075 ] } },
{ "type": "Feature", "properties": { "fid": 4828, "Yapı No_Text": "-28" }, "geometry": { "type": "Point", "coordinates": [ 26.694378227000072, 39.318359487000066 ] } },
{ "type": "Feature", "properties": { "fid": 4829, "Yapı No_Text": "-29" }, "geometry": { "type": "Point", "coordinates": [ 26.69429794000007, 39.318366673000071 ] } },
{ "type": "Feature", "properties": { "fid": 4830, "Yapı No_Text": "-30" }, "geometry": { "type": "Point", "coordinates": [ 26.694254837000074, 39.31841606200004 ] } },
{ "type": "Feature", "properties": { "fid": 4831, "Yapı No_Text": "-04B" }, "geometry": { "type": "Point", "coordinates": [ 26.694783832000041, 39.318934401000035 ] } },
{ "type": "Feature", "properties": { "fid": 4832, "Yapı No_Text": "-31" }, "geometry": { "type": "Point", "coordinates": [ 26.694243012000072, 39.318465824000043 ] } },
{ "type": "Feature", "properties": { "fid": 4833, "Yapı No_Text": "-32" }, "geometry": { "type": "Point", "coordinates": [ 26.694247884000049, 39.318532743000048 ] } },
{ "type": "Feature", "properties": { "fid": 4834, "Yapı No_Text": "-33" }, "geometry": { "type": "Point", "coordinates": [ 26.694338360000074, 39.318525776000058 ] } },
{ "type": "Feature", "properties": { "fid": 4835, "Yapı No_Text": "-34" }, "geometry": { "type": "Point", "coordinates": [ 26.694389971000078, 39.318537325000079 ] } },
{ "type": "Feature", "properties": { "fid": 4836, "Yapı No_Text": "-35" }, "geometry": { "type": "Point", "coordinates": [ 26.694440756000063, 39.318527999000025 ] } },
{ "type": "Feature", "properties": { "fid": 4837, "Yapı No_Text": "-36" }, "geometry": { "type": "Point", "coordinates": [ 26.694497917000035, 39.318535236000059 ] } },
{ "type": "Feature", "properties": { "fid": 4838, "Yapı No_Text": "-37" }, "geometry": { "type": "Point", "coordinates": [ 26.69459396700006, 39.318540539000026 ] } },
{ "type": "Feature", "properties": { "fid": 4839, "Yapı No_Text": "-38" }, "geometry": { "type": "Point", "coordinates": [ 26.694683215000055, 39.318697159000067 ] } },
{ "type": "Feature", "properties": { "fid": 4840, "Yapı No_Text": "-39" }, "geometry": { "type": "Point", "coordinates": [ 26.694634106000024, 39.318748366000079 ] } },
{ "type": "Feature", "properties": { "fid": 4841, "Yapı No_Text": "-40" }, "geometry": { "type": "Point", "coordinates": [ 26.694610434000026, 39.318833770000026 ] } },
{ "type": "Feature", "properties": { "fid": 4842, "Yapı No_Text": "-41" }, "geometry": { "type": "Point", "coordinates": [ 26.694592275000048, 39.318883638000045 ] } },
{ "type": "Feature", "properties": { "fid": 4843, "Yapı No_Text": "462" }, "geometry": { "type": "Point", "coordinates": [ 26.694876707000049, 39.318688433000034 ] } },
{ "type": "Feature", "properties": { "fid": 4844, "Yapı No_Text": "-06B" }, "geometry": { "type": "Point", "coordinates": [ 26.692551557000058, 39.314310756000054 ] } },
{ "type": "Feature", "properties": { "fid": 4845, "Yapı No_Text": "-06C" }, "geometry": { "type": "Point", "coordinates": [ 26.692620555000076, 39.314317613000071 ] } },
{ "type": "Feature", "properties": { "fid": 4846, "Yapı No_Text": "-28B" }, "geometry": { "type": "Point", "coordinates": [ 26.69193776700007, 39.313807958000041 ] } },
{ "type": "Feature", "properties": { "fid": 4847, "Yapı No_Text": "-97" }, "geometry": { "type": "Point", "coordinates": [ 26.691629578000061, 39.314016408000043 ] } },
{ "type": "Feature", "properties": { "fid": 4848, "Yapı No_Text": "308" }, "geometry": { "type": "Point", "coordinates": [ 26.691199458000028, 39.312942719000034 ] } },
{ "type": "Feature", "properties": { "fid": 4849, "Yapı No_Text": "-16" }, "geometry": { "type": "Point", "coordinates": [ 26.693883031000041, 39.321316139000032 ] } },
{ "type": "Feature", "properties": { "fid": 4850, "Yapı No_Text": "-01" }, "geometry": { "type": "Point", "coordinates": [ 26.69314311100004, 39.320726223000065 ] } },
{ "type": "Feature", "properties": { "fid": 4851, "Yapı No_Text": "-02" }, "geometry": { "type": "Point", "coordinates": [ 26.693201014000067, 39.320764244000031 ] } },
{ "type": "Feature", "properties": { "fid": 4852, "Yapı No_Text": "-03A" }, "geometry": { "type": "Point", "coordinates": [ 26.693294452000032, 39.32074540900004 ] } },
{ "type": "Feature", "properties": { "fid": 4853, "Yapı No_Text": "-04" }, "geometry": { "type": "Point", "coordinates": [ 26.693526380000037, 39.320707903000027 ] } },
{ "type": "Feature", "properties": { "fid": 4854, "Yapı No_Text": "-05" }, "geometry": { "type": "Point", "coordinates": [ 26.693597109000052, 39.320683369000051 ] } },
{ "type": "Feature", "properties": { "fid": 4855, "Yapı No_Text": "-03B" }, "geometry": { "type": "Point", "coordinates": [ 26.693406584000059, 39.320736171000078 ] } },
{ "type": "Feature", "properties": { "fid": 4856, "Yapı No_Text": "-03C" }, "geometry": { "type": "Point", "coordinates": [ 26.693457792000061, 39.320721316000061 ] } },
{ "type": "Feature", "properties": { "fid": 4857, "Yapı No_Text": "-03D" }, "geometry": { "type": "Point", "coordinates": [ 26.69345682900007, 39.320611822000046 ] } },
{ "type": "Feature", "properties": { "fid": 4858, "Yapı No_Text": "-07" }, "geometry": { "type": "Point", "coordinates": [ 26.69366059400005, 39.320638834000079 ] } },
{ "type": "Feature", "properties": { "fid": 4859, "Yapı No_Text": " -08" }, "geometry": { "type": "Point", "coordinates": [ 26.693639414000074, 39.320612891000053 ] } },
{ "type": "Feature", "properties": { "fid": 4860, "Yapı No_Text": "-09" }, "geometry": { "type": "Point", "coordinates": [ 26.693650585000057, 39.320579426000052 ] } },
{ "type": "Feature", "properties": { "fid": 4861, "Yapı No_Text": "-10" }, "geometry": { "type": "Point", "coordinates": [ 26.693568513000059, 39.32060285600005 ] } },
{ "type": "Feature", "properties": { "fid": 4862, "Yapı No_Text": "-06" }, "geometry": { "type": "Point", "coordinates": [ 26.693678110000064, 39.320708975000059 ] } },
{ "type": "Feature", "properties": { "fid": 4863, "Yapı No_Text": "-12" }, "geometry": { "type": "Point", "coordinates": [ 26.693215931000054, 39.320608399000037 ] } },
{ "type": "Feature", "properties": { "fid": 4864, "Yapı No_Text": "-11" }, "geometry": { "type": "Point", "coordinates": [ 26.693205162000027, 39.320669913000074 ] } },
{ "type": "Feature", "properties": { "fid": 4865, "Yapı No_Text": "-07" }, "geometry": { "type": "Point", "coordinates": [ 26.690119922000065, 39.313386042000047 ] } },
{ "type": "Feature", "properties": { "fid": 4866, "Yapı No_Text": "-01" }, "geometry": { "type": "Point", "coordinates": [ 26.69015270500006, 39.313427714000056 ] } },
{ "type": "Feature", "properties": { "fid": 4867, "Yapı No_Text": "-11B" }, "geometry": { "type": "Point", "coordinates": [ 26.691007089000038, 39.313441074000025 ] } },
{ "type": "Feature", "properties": { "fid": 4868, "Yapı No_Text": "-16" }, "geometry": { "type": "Point", "coordinates": [ 26.694384385000035, 39.32226148500007 ] } },
{ "type": "Feature", "properties": { "fid": 4869, "Yapı No_Text": "-13" }, "geometry": { "type": "Point", "coordinates": [ 26.694317583000043, 39.322091571000044 ] } },
{ "type": "Feature", "properties": { "fid": 4870, "Yapı No_Text": "-05B" }, "geometry": { "type": "Point", "coordinates": [ 26.693011384000044, 39.315191981000055 ] } },
{ "type": "Feature", "properties": { "fid": 4871, "Yapı No_Text": "-05" }, "geometry": { "type": "Point", "coordinates": [ 26.693784830000027, 39.314861521000068 ] } },
{ "type": "Feature", "properties": { "fid": 4872, "Yapı No_Text": "-06" }, "geometry": { "type": "Point", "coordinates": [ 26.693683204000024, 39.314937379000071 ] } },
{ "type": "Feature", "properties": { "fid": 4873, "Yapı No_Text": "-04" }, "geometry": { "type": "Point", "coordinates": [ 26.693841164000048, 39.314849184000025 ] } },
{ "type": "Feature", "properties": { "fid": 4874, "Yapı No_Text": "-01" }, "geometry": { "type": "Point", "coordinates": [ 26.693436893000069, 39.318857404000028 ] } },
{ "type": "Feature", "properties": { "fid": 4875, "Yapı No_Text": "-02" }, "geometry": { "type": "Point", "coordinates": [ 26.693500335000067, 39.318808339000043 ] } },
{ "type": "Feature", "properties": { "fid": 4876, "Yapı No_Text": "-03A" }, "geometry": { "type": "Point", "coordinates": [ 26.693551170000035, 39.318790856000078 ] } },
{ "type": "Feature", "properties": { "fid": 4877, "Yapı No_Text": "-04" }, "geometry": { "type": "Point", "coordinates": [ 26.69371333600003, 39.318800728000042 ] } },
{ "type": "Feature", "properties": { "fid": 4878, "Yapı No_Text": "-05" }, "geometry": { "type": "Point", "coordinates": [ 26.693839678000074, 39.318792485000074 ] } },
{ "type": "Feature", "properties": { "fid": 4879, "Yapı No_Text": "-06" }, "geometry": { "type": "Point", "coordinates": [ 26.69395335400003, 39.318806253000048 ] } },
{ "type": "Feature", "properties": { "fid": 4880, "Yapı No_Text": "-09" }, "geometry": { "type": "Point", "coordinates": [ 26.694130428000051, 39.318789034000076 ] } },
{ "type": "Feature", "properties": { "fid": 4881, "Yapı No_Text": "-10" }, "geometry": { "type": "Point", "coordinates": [ 26.694192988000054, 39.318789372000026 ] } },
{ "type": "Feature", "properties": { "fid": 4882, "Yapı No_Text": "-03B" }, "geometry": { "type": "Point", "coordinates": [ 26.693613052000046, 39.318805789000066 ] } },
{ "type": "Feature", "properties": { "fid": 4883, "Yapı No_Text": "-08" }, "geometry": { "type": "Point", "coordinates": [ 26.694053654000072, 39.318796027000076 ] } },
{ "type": "Feature", "properties": { "fid": 4884, "Yapı No_Text": "-11" }, "geometry": { "type": "Point", "coordinates": [ 26.694297842000026, 39.318789608000031 ] } },
{ "type": "Feature", "properties": { "fid": 4885, "Yapı No_Text": "-12" }, "geometry": { "type": "Point", "coordinates": [ 26.69436584500005, 39.318753938000043 ] } },
{ "type": "Feature", "properties": { "fid": 4886, "Yapı No_Text": "-13" }, "geometry": { "type": "Point", "coordinates": [ 26.694421548000037, 39.318828837000069 ] } },
{ "type": "Feature", "properties": { "fid": 4887, "Yapı No_Text": "-14" }, "geometry": { "type": "Point", "coordinates": [ 26.69446337100004, 39.318774519000044 ] } },
{ "type": "Feature", "properties": { "fid": 4888, "Yapı No_Text": "-15" }, "geometry": { "type": "Point", "coordinates": [ 26.694465444000059, 39.318718055000033 ] } },
{ "type": "Feature", "properties": { "fid": 4889, "Yapı No_Text": "-17" }, "geometry": { "type": "Point", "coordinates": [ 26.694380039000066, 39.318634404000079 ] } },
{ "type": "Feature", "properties": { "fid": 4890, "Yapı No_Text": "-18" }, "geometry": { "type": "Point", "coordinates": [ 26.694310998000049, 39.318666010000072 ] } },
{ "type": "Feature", "properties": { "fid": 4891, "Yapı No_Text": "-19" }, "geometry": { "type": "Point", "coordinates": [ 26.694260705000033, 39.318631707000065 ] } },
{ "type": "Feature", "properties": { "fid": 4892, "Yapı No_Text": "-20" }, "geometry": { "type": "Point", "coordinates": [ 26.694200797000065, 39.318670416000032 ] } },
{ "type": "Feature", "properties": { "fid": 4893, "Yapı No_Text": "-16" }, "geometry": { "type": "Point", "coordinates": [ 26.694462427000076, 39.318642040000043 ] } },
{ "type": "Feature", "properties": { "fid": 4894, "Yapı No_Text": "-21" }, "geometry": { "type": "Point", "coordinates": [ 26.694122132000075, 39.318652372000031 ] } },
{ "type": "Feature", "properties": { "fid": 4895, "Yapı No_Text": "-22" }, "geometry": { "type": "Point", "coordinates": [ 26.694066504000034, 39.318641150000076 ] } },
{ "type": "Feature", "properties": { "fid": 4896, "Yapı No_Text": "-23" }, "geometry": { "type": "Point", "coordinates": [ 26.693989857000076, 39.318627554000045 ] } },
{ "type": "Feature", "properties": { "fid": 4897, "Yapı No_Text": "-24" }, "geometry": { "type": "Point", "coordinates": [ 26.693930099000056, 39.318622884000035 ] } },
{ "type": "Feature", "properties": { "fid": 4898, "Yapı No_Text": "-25" }, "geometry": { "type": "Point", "coordinates": [ 26.693812741000045, 39.318653839000035 ] } },
{ "type": "Feature", "properties": { "fid": 4899, "Yapı No_Text": "-26" }, "geometry": { "type": "Point", "coordinates": [ 26.693712732000051, 39.318675216000031 ] } },
{ "type": "Feature", "properties": { "fid": 4900, "Yapı No_Text": "-27" }, "geometry": { "type": "Point", "coordinates": [ 26.693625548000057, 39.31867985000008 ] } },
{ "type": "Feature", "properties": { "fid": 4901, "Yapı No_Text": "-28" }, "geometry": { "type": "Point", "coordinates": [ 26.693585598000027, 39.318698707000067 ] } },
{ "type": "Feature", "properties": { "fid": 4902, "Yapı No_Text": "-29" }, "geometry": { "type": "Point", "coordinates": [ 26.693510377000052, 39.318732184000055 ] } },
{ "type": "Feature", "properties": { "fid": 4903, "Yapı No_Text": "-30" }, "geometry": { "type": "Point", "coordinates": [ 26.693459836000045, 39.318711793000034 ] } },
{ "type": "Feature", "properties": { "fid": 4904, "Yapı No_Text": "-31" }, "geometry": { "type": "Point", "coordinates": [ 26.693413728000053, 39.318733698000074 ] } },
{ "type": "Feature", "properties": { "fid": 4905, "Yapı No_Text": "-32" }, "geometry": { "type": "Point", "coordinates": [ 26.693433974000072, 39.318774567000048 ] } },
{ "type": "Feature", "properties": { "fid": 4906, "Yapı No_Text": "-33" }, "geometry": { "type": "Point", "coordinates": [ 26.693440643000031, 39.318809544000032 ] } },
{ "type": "Feature", "properties": { "fid": 4907, "Yapı No_Text": "437" }, "geometry": { "type": "Point", "coordinates": [ 26.693751741000028, 39.318737216000045 ] } },
{ "type": "Feature", "properties": { "fid": 4908, "Yapı No_Text": "-01" }, "geometry": { "type": "Point", "coordinates": [ 26.693397875000073, 39.31863842000007 ] } },
{ "type": "Feature", "properties": { "fid": 4909, "Yapı No_Text": "-02" }, "geometry": { "type": "Point", "coordinates": [ 26.693477686000051, 39.318608854000047 ] } },
{ "type": "Feature", "properties": { "fid": 4910, "Yapı No_Text": "-03" }, "geometry": { "type": "Point", "coordinates": [ 26.693487478000065, 39.318474929000047 ] } },
{ "type": "Feature", "properties": { "fid": 4911, "Yapı No_Text": "-04" }, "geometry": { "type": "Point", "coordinates": [ 26.694096553000065, 39.318515324000032 ] } },
{ "type": "Feature", "properties": { "fid": 4912, "Yapı No_Text": "-05" }, "geometry": { "type": "Point", "coordinates": [ 26.694141566000042, 39.31843155200005 ] } },
{ "type": "Feature", "properties": { "fid": 4913, "Yapı No_Text": "-06" }, "geometry": { "type": "Point", "coordinates": [ 26.694133755000053, 39.318364702000054 ] } },
{ "type": "Feature", "properties": { "fid": 4914, "Yapı No_Text": "-07" }, "geometry": { "type": "Point", "coordinates": [ 26.694160921000048, 39.318286909000051 ] } },
{ "type": "Feature", "properties": { "fid": 4915, "Yapı No_Text": "-08" }, "geometry": { "type": "Point", "coordinates": [ 26.694047545000046, 39.318284341000037 ] } },
{ "type": "Feature", "properties": { "fid": 4916, "Yapı No_Text": "-09" }, "geometry": { "type": "Point", "coordinates": [ 26.693943623000052, 39.31829988800007 ] } },
{ "type": "Feature", "properties": { "fid": 4917, "Yapı No_Text": "-10" }, "geometry": { "type": "Point", "coordinates": [ 26.693443493000075, 39.318405936000033 ] } },
{ "type": "Feature", "properties": { "fid": 4918, "Yapı No_Text": "-11" }, "geometry": { "type": "Point", "coordinates": [ 26.693381190000025, 39.318433833000029 ] } },
{ "type": "Feature", "properties": { "fid": 4919, "Yapı No_Text": "-03" }, "geometry": { "type": "Point", "coordinates": [ 26.694009512000036, 39.318525689000069 ] } },
{ "type": "Feature", "properties": { "fid": 4920, "Yapı No_Text": "-12" }, "geometry": { "type": "Point", "coordinates": [ 26.693350794000025, 39.318463421000047 ] } },
{ "type": "Feature", "properties": { "fid": 4921, "Yapı No_Text": "-13" }, "geometry": { "type": "Point", "coordinates": [ 26.693403214000057, 39.318503535000048 ] } },
{ "type": "Feature", "properties": { "fid": 4922, "Yapı No_Text": "-14" }, "geometry": { "type": "Point", "coordinates": [ 26.693399904000046, 39.31854734500007 ] } },
{ "type": "Feature", "properties": { "fid": 4923, "Yapı No_Text": "-15" }, "geometry": { "type": "Point", "coordinates": [ 26.693436419000079, 39.318568821000042 ] } },
{ "type": "Feature", "properties": { "fid": 4924, "Yapı No_Text": "-16" }, "geometry": { "type": "Point", "coordinates": [ 26.693389087000071, 39.31861050200007 ] } },
{ "type": "Feature", "properties": { "fid": 4925, "Yapı No_Text": "436" }, "geometry": { "type": "Point", "coordinates": [ 26.693805264000048, 39.318463801000064 ] } },
{ "type": "Feature", "properties": { "fid": 4926, "Yapı No_Text": "-01" }, "geometry": { "type": "Point", "coordinates": [ 26.69334079500004, 39.318269691000069 ] } },
{ "type": "Feature", "properties": { "fid": 4927, "Yapı No_Text": "-02" }, "geometry": { "type": "Point", "coordinates": [ 26.693463318000056, 39.31827151300007 ] } },
{ "type": "Feature", "properties": { "fid": 4928, "Yapı No_Text": "-04A" }, "geometry": { "type": "Point", "coordinates": [ 26.693474786000024, 39.318128089000027 ] } },
{ "type": "Feature", "properties": { "fid": 4929, "Yapı No_Text": "-05" }, "geometry": { "type": "Point", "coordinates": [ 26.693392421000055, 39.318095721000077 ] } },
{ "type": "Feature", "properties": { "fid": 4930, "Yapı No_Text": "-06" }, "geometry": { "type": "Point", "coordinates": [ 26.693285666000065, 39.318086888000039 ] } },
{ "type": "Feature", "properties": { "fid": 4931, "Yapı No_Text": "-07" }, "geometry": { "type": "Point", "coordinates": [ 26.693303506000063, 39.318158953000079 ] } },
{ "type": "Feature", "properties": { "fid": 4932, "Yapı No_Text": "-08" }, "geometry": { "type": "Point", "coordinates": [ 26.69334230000004, 39.318196443000033 ] } },
{ "type": "Feature", "properties": { "fid": 4933, "Yapı No_Text": "-04B" }, "geometry": { "type": "Point", "coordinates": [ 26.693456333000029, 39.318081921000044 ] } },
{ "type": "Feature", "properties": { "fid": 4934, "Yapı No_Text": "-03A" }, "geometry": { "type": "Point", "coordinates": [ 26.693519956000046, 39.318240533000051 ] } },
{ "type": "Feature", "properties": { "fid": 4935, "Yapı No_Text": "-03B" }, "geometry": { "type": "Point", "coordinates": [ 26.693501498000046, 39.318194368000036 ] } },
{ "type": "Feature", "properties": { "fid": 4936, "Yapı No_Text": "435" }, "geometry": { "type": "Point", "coordinates": [ 26.69341032400007, 39.318185689000074 ] } },
{ "type": "Feature", "properties": { "fid": 4937, "Yapı No_Text": "-07" }, "geometry": { "type": "Point", "coordinates": [ 26.694013310000059, 39.318760722000036 ] } },
{ "type": "Feature", "properties": { "fid": 4938, "Yapı No_Text": "-01" }, "geometry": { "type": "Point", "coordinates": [ 26.693637549000073, 39.318204448000074 ] } },
{ "type": "Feature", "properties": { "fid": 4939, "Yapı No_Text": "-02" }, "geometry": { "type": "Point", "coordinates": [ 26.693683472000032, 39.318183925000028 ] } },
{ "type": "Feature", "properties": { "fid": 4940, "Yapı No_Text": "-03A" }, "geometry": { "type": "Point", "coordinates": [ 26.693738417000077, 39.318211653000048 ] } },
{ "type": "Feature", "properties": { "fid": 4941, "Yapı No_Text": "-04" }, "geometry": { "type": "Point", "coordinates": [ 26.693808173000036, 39.318163618000028 ] } },
{ "type": "Feature", "properties": { "fid": 4942, "Yapı No_Text": "-05" }, "geometry": { "type": "Point", "coordinates": [ 26.693849502000035, 39.318138999000041 ] } },
{ "type": "Feature", "properties": { "fid": 4943, "Yapı No_Text": "-06" }, "geometry": { "type": "Point", "coordinates": [ 26.693792772000052, 39.318099636000056 ] } },
{ "type": "Feature", "properties": { "fid": 4944, "Yapı No_Text": "-09" }, "geometry": { "type": "Point", "coordinates": [ 26.693802839000057, 39.317959081000026 ] } },
{ "type": "Feature", "properties": { "fid": 4945, "Yapı No_Text": "-10" }, "geometry": { "type": "Point", "coordinates": [ 26.69379109700003, 39.317915018000065 ] } },
{ "type": "Feature", "properties": { "fid": 4946, "Yapı No_Text": "-08" }, "geometry": { "type": "Point", "coordinates": [ 26.693796727000063, 39.317997489000049 ] } },
{ "type": "Feature", "properties": { "fid": 4947, "Yapı No_Text": "-07" }, "geometry": { "type": "Point", "coordinates": [ 26.693805058000066, 39.318050170000049 ] } },
{ "type": "Feature", "properties": { "fid": 4948, "Yapı No_Text": "-11" }, "geometry": { "type": "Point", "coordinates": [ 26.693795699000077, 39.317873949000045 ] } },
{ "type": "Feature", "properties": { "fid": 4949, "Yapı No_Text": "-13" }, "geometry": { "type": "Point", "coordinates": [ 26.69354276200005, 39.317849083000056 ] } },
{ "type": "Feature", "properties": { "fid": 4950, "Yapı No_Text": "-12" }, "geometry": { "type": "Point", "coordinates": [ 26.693650197000068, 39.317883987000073 ] } },
{ "type": "Feature", "properties": { "fid": 4951, "Yapı No_Text": "-14" }, "geometry": { "type": "Point", "coordinates": [ 26.693475548000038, 39.31782121100008 ] } },
{ "type": "Feature", "properties": { "fid": 4952, "Yapı No_Text": "-15" }, "geometry": { "type": "Point", "coordinates": [ 26.693353098000046, 39.317799986000068 ] } },
{ "type": "Feature", "properties": { "fid": 4953, "Yapı No_Text": "-16" }, "geometry": { "type": "Point", "coordinates": [ 26.693307671000071, 39.317788127000028 ] } },
{ "type": "Feature", "properties": { "fid": 4954, "Yapı No_Text": "-17" }, "geometry": { "type": "Point", "coordinates": [ 26.693297318000077, 39.317866868000067 ] } },
{ "type": "Feature", "properties": { "fid": 4955, "Yapı No_Text": "-18" }, "geometry": { "type": "Point", "coordinates": [ 26.693315545000075, 39.317948209000065 ] } },
{ "type": "Feature", "properties": { "fid": 4956, "Yapı No_Text": "-19" }, "geometry": { "type": "Point", "coordinates": [ 26.693309620000036, 39.318013019000034 ] } },
{ "type": "Feature", "properties": { "fid": 4957, "Yapı No_Text": "-19" }, "geometry": { "type": "Point", "coordinates": [ 26.712077879000049, 39.329603767000037 ] } },
{ "type": "Feature", "properties": { "fid": 4958, "Yapı No_Text": "-19" }, "geometry": { "type": "Point", "coordinates": [ 26.712077879000049, 39.329603767000037 ] } },
{ "type": "Feature", "properties": { "fid": 4959, "Yapı No_Text": "-20" }, "geometry": { "type": "Point", "coordinates": [ 26.693406863000064, 39.318004898000027 ] } },
{ "type": "Feature", "properties": { "fid": 4960, "Yapı No_Text": "-21" }, "geometry": { "type": "Point", "coordinates": [ 26.693483792000052, 39.317996275000041 ] } },
{ "type": "Feature", "properties": { "fid": 4961, "Yapı No_Text": "-22" }, "geometry": { "type": "Point", "coordinates": [ 26.693541995000032, 39.317982470000061 ] } },
{ "type": "Feature", "properties": { "fid": 4962, "Yapı No_Text": "434" }, "geometry": { "type": "Point", "coordinates": [ 26.693631324000023, 39.317929494000055 ] } },
{ "type": "Feature", "properties": { "fid": 4963, "Yapı No_Text": "-23" }, "geometry": { "type": "Point", "coordinates": [ 26.693612191000057, 39.318071485000075 ] } },
{ "type": "Feature", "properties": { "fid": 4964, "Yapı No_Text": "-01" }, "geometry": { "type": "Point", "coordinates": [ 26.693301719000033, 39.317700716000047 ] } },
{ "type": "Feature", "properties": { "fid": 4965, "Yapı No_Text": "-02" }, "geometry": { "type": "Point", "coordinates": [ 26.693389609000064, 39.31771794000008 ] } },
{ "type": "Feature", "properties": { "fid": 4966, "Yapı No_Text": "-03A" }, "geometry": { "type": "Point", "coordinates": [ 26.693512402000067, 39.317728113000044 ] } },
{ "type": "Feature", "properties": { "fid": 4967, "Yapı No_Text": "-04" }, "geometry": { "type": "Point", "coordinates": [ 26.693623370000068, 39.317737876000081 ] } },
{ "type": "Feature", "properties": { "fid": 4968, "Yapı No_Text": "-05" }, "geometry": { "type": "Point", "coordinates": [ 26.693711251000025, 39.317752048000045 ] } },
{ "type": "Feature", "properties": { "fid": 4969, "Yapı No_Text": "-06" }, "geometry": { "type": "Point", "coordinates": [ 26.693831813000031, 39.317773555000031 ] } },
{ "type": "Feature", "properties": { "fid": 4970, "Yapı No_Text": "-09" }, "geometry": { "type": "Point", "coordinates": [ 26.693909314000052, 39.317613793000078 ] } },
{ "type": "Feature", "properties": { "fid": 4971, "Yapı No_Text": "-10" }, "geometry": { "type": "Point", "coordinates": [ 26.693894423000074, 39.317572144000053 ] } },
{ "type": "Feature", "properties": { "fid": 4972, "Yapı No_Text": "-08" }, "geometry": { "type": "Point", "coordinates": [ 26.693852493000065, 39.317652261000035 ] } },
{ "type": "Feature", "properties": { "fid": 4973, "Yapı No_Text": "-07" }, "geometry": { "type": "Point", "coordinates": [ 26.693828398000051, 39.317722045000039 ] } },
{ "type": "Feature", "properties": { "fid": 4974, "Yapı No_Text": "-11" }, "geometry": { "type": "Point", "coordinates": [ 26.693934359000025, 39.317554678000079 ] } },
{ "type": "Feature", "properties": { "fid": 4975, "Yapı No_Text": "-13" }, "geometry": { "type": "Point", "coordinates": [ 26.693931529000054, 39.317477312000051 ] } },
{ "type": "Feature", "properties": { "fid": 4976, "Yapı No_Text": "-12" }, "geometry": { "type": "Point", "coordinates": [ 26.693906355000024, 39.317512921000059 ] } },
{ "type": "Feature", "properties": { "fid": 4977, "Yapı No_Text": "-14" }, "geometry": { "type": "Point", "coordinates": [ 26.693919724000068, 39.317422271000055 ] } },
{ "type": "Feature", "properties": { "fid": 4978, "Yapı No_Text": "-15" }, "geometry": { "type": "Point", "coordinates": [ 26.693800793000037, 39.31742742800003 ] } },
{ "type": "Feature", "properties": { "fid": 4979, "Yapı No_Text": "-16" }, "geometry": { "type": "Point", "coordinates": [ 26.693713118000062, 39.317438913000046 ] } },
{ "type": "Feature", "properties": { "fid": 4980, "Yapı No_Text": "-17" }, "geometry": { "type": "Point", "coordinates": [ 26.693661365000025, 39.317430955000077 ] } },
{ "type": "Feature", "properties": { "fid": 4981, "Yapı No_Text": "-18" }, "geometry": { "type": "Point", "coordinates": [ 26.69358098500004, 39.317405658000041 ] } },
{ "type": "Feature", "properties": { "fid": 4982, "Yapı No_Text": "-19" }, "geometry": { "type": "Point", "coordinates": [ 26.693494975000078, 39.317389194000043 ] } },
{ "type": "Feature", "properties": { "fid": 4983, "Yapı No_Text": "-20" }, "geometry": { "type": "Point", "coordinates": [ 26.693424010000058, 39.317371754000078 ] } },
{ "type": "Feature", "properties": { "fid": 4984, "Yapı No_Text": "-21" }, "geometry": { "type": "Point", "coordinates": [ 26.693344707000051, 39.317364272000077 ] } },
{ "type": "Feature", "properties": { "fid": 4985, "Yapı No_Text": "-22" }, "geometry": { "type": "Point", "coordinates": [ 26.693333472000063, 39.317419059000031 ] } },
{ "type": "Feature", "properties": { "fid": 4986, "Yapı No_Text": "-23" }, "geometry": { "type": "Point", "coordinates": [ 26.693366013000059, 39.317461276000074 ] } },
{ "type": "Feature", "properties": { "fid": 4987, "Yapı No_Text": "-24" }, "geometry": { "type": "Point", "coordinates": [ 26.693658189000075, 39.31754889900003 ] } },
{ "type": "Feature", "properties": { "fid": 4988, "Yapı No_Text": "-25" }, "geometry": { "type": "Point", "coordinates": [ 26.693607860000043, 39.317536690000054 ] } },
{ "type": "Feature", "properties": { "fid": 4989, "Yapı No_Text": "-26" }, "geometry": { "type": "Point", "coordinates": [ 26.69348012100005, 39.317495568000027 ] } },
{ "type": "Feature", "properties": { "fid": 4990, "Yapı No_Text": "-27" }, "geometry": { "type": "Point", "coordinates": [ 26.693542538000031, 39.317491601000029 ] } },
{ "type": "Feature", "properties": { "fid": 4991, "Yapı No_Text": "-28" }, "geometry": { "type": "Point", "coordinates": [ 26.693647412000075, 39.317478583000025 ] } },
{ "type": "Feature", "properties": { "fid": 4992, "Yapı No_Text": "-29" }, "geometry": { "type": "Point", "coordinates": [ 26.693691173000047, 39.317513222000059 ] } },
{ "type": "Feature", "properties": { "fid": 4993, "Yapı No_Text": "-30" }, "geometry": { "type": "Point", "coordinates": [ 26.693766647000075, 39.317558327000029 ] } },
{ "type": "Feature", "properties": { "fid": 4994, "Yapı No_Text": "-31" }, "geometry": { "type": "Point", "coordinates": [ 26.693756547000078, 39.317653202000031 ] } },
{ "type": "Feature", "properties": { "fid": 4995, "Yapı No_Text": "-32" }, "geometry": { "type": "Point", "coordinates": [ 26.693615440000031, 39.317602921000059 ] } },
{ "type": "Feature", "properties": { "fid": 4996, "Yapı No_Text": "-33" }, "geometry": { "type": "Point", "coordinates": [ 26.693471813000031, 39.317582814000048 ] } },
{ "type": "Feature", "properties": { "fid": 4997, "Yapı No_Text": "-34" }, "geometry": { "type": "Point", "coordinates": [ 26.69332317900006, 39.31754995600005 ] } },
{ "type": "Feature", "properties": { "fid": 4998, "Yapı No_Text": "-35" }, "geometry": { "type": "Point", "coordinates": [ 26.693321489000027, 39.317595894000078 ] } },
{ "type": "Feature", "properties": { "fid": 4999, "Yapı No_Text": "-36" }, "geometry": { "type": "Point", "coordinates": [ 26.693324827000026, 39.31764749000007 ] } },
{ "type": "Feature", "properties": { "fid": 5000, "Yapı No_Text": "433" }, "geometry": { "type": "Point", "coordinates": [ 26.693619617000024, 39.317664561000072 ] } },
{ "type": "Feature", "properties": { "fid": 5001, "Yapı No_Text": "-01" }, "geometry": { "type": "Point", "coordinates": [ 26.693364342000052, 39.317269573000033 ] } },
{ "type": "Feature", "properties": { "fid": 5002, "Yapı No_Text": "-02" }, "geometry": { "type": "Point", "coordinates": [ 26.693448204000049, 39.317269689000057 ] } },
{ "type": "Feature", "properties": { "fid": 5003, "Yapı No_Text": "-03" }, "geometry": { "type": "Point", "coordinates": [ 26.69351055900006, 39.317254495000043 ] } },
{ "type": "Feature", "properties": { "fid": 5004, "Yapı No_Text": "-04" }, "geometry": { "type": "Point", "coordinates": [ 26.693449585000053, 39.317194421000067 ] } },
{ "type": "Feature", "properties": { "fid": 5005, "Yapı No_Text": "-05" }, "geometry": { "type": "Point", "coordinates": [ 26.693591330000061, 39.317218653000054 ] } },
{ "type": "Feature", "properties": { "fid": 5006, "Yapı No_Text": "-06" }, "geometry": { "type": "Point", "coordinates": [ 26.693607225000051, 39.317253385000072 ] } },
{ "type": "Feature", "properties": { "fid": 5007, "Yapı No_Text": "-09" }, "geometry": { "type": "Point", "coordinates": [ 26.693695206000029, 39.317320482000071 ] } },
{ "type": "Feature", "properties": { "fid": 5008, "Yapı No_Text": "-10" }, "geometry": { "type": "Point", "coordinates": [ 26.693737541000075, 39.317281579000053 ] } },
{ "type": "Feature", "properties": { "fid": 5009, "Yapı No_Text": "-08" }, "geometry": { "type": "Point", "coordinates": [ 26.693658384000059, 39.317308875000037 ] } },
{ "type": "Feature", "properties": { "fid": 5010, "Yapı No_Text": "-07" }, "geometry": { "type": "Point", "coordinates": [ 26.693553569000073, 39.317291287000046 ] } },
{ "type": "Feature", "properties": { "fid": 5011, "Yapı No_Text": "-11" }, "geometry": { "type": "Point", "coordinates": [ 26.693787346000079, 39.317318879000027 ] } },
{ "type": "Feature", "properties": { "fid": 5012, "Yapı No_Text": "-13" }, "geometry": { "type": "Point", "coordinates": [ 26.693783778000068, 39.317198819000055 ] } },
{ "type": "Feature", "properties": { "fid": 5013, "Yapı No_Text": "-12" }, "geometry": { "type": "Point", "coordinates": [ 26.693838029000062, 39.31730149100008 ] } },
{ "type": "Feature", "properties": { "fid": 5014, "Yapı No_Text": "-14" }, "geometry": { "type": "Point", "coordinates": [ 26.693779955000025, 39.317115283000078 ] } },
{ "type": "Feature", "properties": { "fid": 5015, "Yapı No_Text": "-15" }, "geometry": { "type": "Point", "coordinates": [ 26.69395664700005, 39.317123711000079 ] } },
{ "type": "Feature", "properties": { "fid": 5016, "Yapı No_Text": "-16" }, "geometry": { "type": "Point", "coordinates": [ 26.693944806000047, 39.317196771000056 ] } },
{ "type": "Feature", "properties": { "fid": 5017, "Yapı No_Text": "-17B" }, "geometry": { "type": "Point", "coordinates": [ 26.694025127000032, 39.31730040900004 ] } },
{ "type": "Feature", "properties": { "fid": 5018, "Yapı No_Text": "-18" }, "geometry": { "type": "Point", "coordinates": [ 26.694089677000079, 39.317334843000026 ] } },
{ "type": "Feature", "properties": { "fid": 5019, "Yapı No_Text": "-19" }, "geometry": { "type": "Point", "coordinates": [ 26.694100615000025, 39.317250322000064 ] } },
{ "type": "Feature", "properties": { "fid": 5020, "Yapı No_Text": "-20" }, "geometry": { "type": "Point", "coordinates": [ 26.694082520000052, 39.317181917000028 ] } },
{ "type": "Feature", "properties": { "fid": 5021, "Yapı No_Text": "-21" }, "geometry": { "type": "Point", "coordinates": [ 26.69409293700005, 39.317140772000073 ] } },
{ "type": "Feature", "properties": { "fid": 5022, "Yapı No_Text": "-22" }, "geometry": { "type": "Point", "coordinates": [ 26.694107068000051, 39.317085137000049 ] } },
{ "type": "Feature", "properties": { "fid": 5023, "Yapı No_Text": "-23" }, "geometry": { "type": "Point", "coordinates": [ 26.694097194000051, 39.317000021000069 ] } },
{ "type": "Feature", "properties": { "fid": 5024, "Yapı No_Text": "-24" }, "geometry": { "type": "Point", "coordinates": [ 26.694030576000046, 39.317006545000027 ] } },
{ "type": "Feature", "properties": { "fid": 5025, "Yapı No_Text": "-25" }, "geometry": { "type": "Point", "coordinates": [ 26.69396695000006, 39.317014800000038 ] } },
{ "type": "Feature", "properties": { "fid": 5026, "Yapı No_Text": "-26" }, "geometry": { "type": "Point", "coordinates": [ 26.693880681000053, 39.317042834000063 ] } },
{ "type": "Feature", "properties": { "fid": 5027, "Yapı No_Text": "-27" }, "geometry": { "type": "Point", "coordinates": [ 26.693784276000031, 39.31703439100005 ] } },
{ "type": "Feature", "properties": { "fid": 5028, "Yapı No_Text": "-28" }, "geometry": { "type": "Point", "coordinates": [ 26.693732238000052, 39.317031961000055 ] } },
{ "type": "Feature", "properties": { "fid": 5029, "Yapı No_Text": "-29" }, "geometry": { "type": "Point", "coordinates": [ 26.693670756000074, 39.317114436000054 ] } },
{ "type": "Feature", "properties": { "fid": 5030, "Yapı No_Text": "-31" }, "geometry": { "type": "Point", "coordinates": [ 26.693590675000053, 39.317170937000071 ] } },
{ "type": "Feature", "properties": { "fid": 5031, "Yapı No_Text": "-32" }, "geometry": { "type": "Point", "coordinates": [ 26.693510009000079, 39.317069061000041 ] } },
{ "type": "Feature", "properties": { "fid": 5032, "Yapı No_Text": "-33" }, "geometry": { "type": "Point", "coordinates": [ 26.69344060700007, 39.317071886000065 ] } },
{ "type": "Feature", "properties": { "fid": 5033, "Yapı No_Text": "-34" }, "geometry": { "type": "Point", "coordinates": [ 26.693381331000069, 39.317090443000041 ] } },
{ "type": "Feature", "properties": { "fid": 5034, "Yapı No_Text": "-35" }, "geometry": { "type": "Point", "coordinates": [ 26.693297336000057, 39.317070304000026 ] } },
{ "type": "Feature", "properties": { "fid": 5035, "Yapı No_Text": "-36" }, "geometry": { "type": "Point", "coordinates": [ 26.693296688000032, 39.317120007000028 ] } },
{ "type": "Feature", "properties": { "fid": 5036, "Yapı No_Text": "-17A" }, "geometry": { "type": "Point", "coordinates": [ 26.693945377000034, 39.317319647000033 ] } },
{ "type": "Feature", "properties": { "fid": 5037, "Yapı No_Text": "-37" }, "geometry": { "type": "Point", "coordinates": [ 26.69332120100006, 39.317167211000026 ] } },
{ "type": "Feature", "properties": { "fid": 5038, "Yapı No_Text": "-38" }, "geometry": { "type": "Point", "coordinates": [ 26.693334772000071, 39.317205981000029 ] } },
{ "type": "Feature", "properties": { "fid": 5039, "Yapı No_Text": "-30" }, "geometry": { "type": "Point", "coordinates": [ 26.693589116000055, 39.317075843000055 ] } },
{ "type": "Feature", "properties": { "fid": 5040, "Yapı No_Text": "502" }, "geometry": { "type": "Point", "coordinates": [ 26.693840529000056, 39.31715351400004 ] } },
{ "type": "Feature", "properties": { "fid": 5041, "Yapı No_Text": "-01" }, "geometry": { "type": "Point", "coordinates": [ 26.693339670000057, 39.316988285000036 ] } },
{ "type": "Feature", "properties": { "fid": 5042, "Yapı No_Text": "-02" }, "geometry": { "type": "Point", "coordinates": [ 26.693462519000036, 39.316961591000052 ] } },
{ "type": "Feature", "properties": { "fid": 5043, "Yapı No_Text": "-03" }, "geometry": { "type": "Point", "coordinates": [ 26.693514083000025, 39.316956623000067 ] } },
{ "type": "Feature", "properties": { "fid": 5044, "Yapı No_Text": "-04" }, "geometry": { "type": "Point", "coordinates": [ 26.693583555000032, 39.316962753000041 ] } },
{ "type": "Feature", "properties": { "fid": 5045, "Yapı No_Text": "-05" }, "geometry": { "type": "Point", "coordinates": [ 26.693660957000077, 39.316951866000068 ] } },
{ "type": "Feature", "properties": { "fid": 5046, "Yapı No_Text": "-06" }, "geometry": { "type": "Point", "coordinates": [ 26.693701960000055, 39.316915356000038 ] } },
{ "type": "Feature", "properties": { "fid": 5047, "Yapı No_Text": "-09" }, "geometry": { "type": "Point", "coordinates": [ 26.693930038000076, 39.316909602000067 ] } },
{ "type": "Feature", "properties": { "fid": 5048, "Yapı No_Text": "-10" }, "geometry": { "type": "Point", "coordinates": [ 26.694063909000079, 39.316909502000044 ] } },
{ "type": "Feature", "properties": { "fid": 5049, "Yapı No_Text": "-08" }, "geometry": { "type": "Point", "coordinates": [ 26.693843722000054, 39.316919958000028 ] } },
{ "type": "Feature", "properties": { "fid": 5050, "Yapı No_Text": "-07" }, "geometry": { "type": "Point", "coordinates": [ 26.693784146000041, 39.316908125000054 ] } },
{ "type": "Feature", "properties": { "fid": 5051, "Yapı No_Text": "-11" }, "geometry": { "type": "Point", "coordinates": [ 26.694000373000051, 39.316806740000061 ] } },
{ "type": "Feature", "properties": { "fid": 5052, "Yapı No_Text": "-13" }, "geometry": { "type": "Point", "coordinates": [ 26.693846218000033, 39.316774034000048 ] } },
{ "type": "Feature", "properties": { "fid": 5053, "Yapı No_Text": "-12" }, "geometry": { "type": "Point", "coordinates": [ 26.693955369000037, 39.316726926000058 ] } },
{ "type": "Feature", "properties": { "fid": 5054, "Yapı No_Text": "-14" }, "geometry": { "type": "Point", "coordinates": [ 26.693685782000045, 39.316802639000059 ] } },
{ "type": "Feature", "properties": { "fid": 5055, "Yapı No_Text": "-15" }, "geometry": { "type": "Point", "coordinates": [ 26.693623264000053, 39.31687013800007 ] } },
{ "type": "Feature", "properties": { "fid": 5056, "Yapı No_Text": "-16" }, "geometry": { "type": "Point", "coordinates": [ 26.693533676000072, 39.316879657000072 ] } },
{ "type": "Feature", "properties": { "fid": 5057, "Yapı No_Text": "-18" }, "geometry": { "type": "Point", "coordinates": [ 26.693317148000062, 39.316895865000049 ] } },
{ "type": "Feature", "properties": { "fid": 5058, "Yapı No_Text": "-19" }, "geometry": { "type": "Point", "coordinates": [ 26.693321196000056, 39.316941946000043 ] } },
{ "type": "Feature", "properties": { "fid": 5059, "Yapı No_Text": "-17" }, "geometry": { "type": "Point", "coordinates": [ 26.693411148000052, 39.316888394000046 ] } },
{ "type": "Feature", "properties": { "fid": 5060, "Yapı No_Text": "496" }, "geometry": { "type": "Point", "coordinates": [ 26.712160090000054, 39.328338852000059 ] } },
{ "type": "Feature", "properties": { "fid": 5061, "Yapı No_Text": "497" }, "geometry": { "type": "Point", "coordinates": [ 26.69388821900003, 39.316832620000071 ] } },
{ "type": "Feature", "properties": { "fid": 5062, "Yapı No_Text": "-01" }, "geometry": { "type": "Point", "coordinates": [ 26.694690496000078, 39.316816471000038 ] } },
{ "type": "Feature", "properties": { "fid": 5063, "Yapı No_Text": "-02" }, "geometry": { "type": "Point", "coordinates": [ 26.694740009000043, 39.316778319000036 ] } },
{ "type": "Feature", "properties": { "fid": 5064, "Yapı No_Text": "-03" }, "geometry": { "type": "Point", "coordinates": [ 26.694784180000056, 39.316802186000075 ] } },
{ "type": "Feature", "properties": { "fid": 5065, "Yapı No_Text": "-04" }, "geometry": { "type": "Point", "coordinates": [ 26.694827376000035, 39.316755631000035 ] } },
{ "type": "Feature", "properties": { "fid": 5066, "Yapı No_Text": "-05" }, "geometry": { "type": "Point", "coordinates": [ 26.694894970000064, 39.316780558000062 ] } },
{ "type": "Feature", "properties": { "fid": 5067, "Yapı No_Text": "-06" }, "geometry": { "type": "Point", "coordinates": [ 26.694939033000026, 39.31673691900005 ] } },
{ "type": "Feature", "properties": { "fid": 5068, "Yapı No_Text": "-07" }, "geometry": { "type": "Point", "coordinates": [ 26.695017828000061, 39.316721421000068 ] } },
{ "type": "Feature", "properties": { "fid": 5069, "Yapı No_Text": "-08" }, "geometry": { "type": "Point", "coordinates": [ 26.695070010000052, 39.316686423000078 ] } },
{ "type": "Feature", "properties": { "fid": 5070, "Yapı No_Text": "-09" }, "geometry": { "type": "Point", "coordinates": [ 26.695113899000035, 39.316745006000076 ] } },
{ "type": "Feature", "properties": { "fid": 5071, "Yapı No_Text": "-10" }, "geometry": { "type": "Point", "coordinates": [ 26.695208012000023, 39.316686227000048 ] } },
{ "type": "Feature", "properties": { "fid": 5072, "Yapı No_Text": "-11" }, "geometry": { "type": "Point", "coordinates": [ 26.695320658000071, 39.316701852000051 ] } },
{ "type": "Feature", "properties": { "fid": 5073, "Yapı No_Text": "-12" }, "geometry": { "type": "Point", "coordinates": [ 26.695291377000046, 39.316650137000067 ] } },
{ "type": "Feature", "properties": { "fid": 5074, "Yapı No_Text": "-13" }, "geometry": { "type": "Point", "coordinates": [ 26.695308294000029, 39.316610386000036 ] } },
{ "type": "Feature", "properties": { "fid": 5075, "Yapı No_Text": "-14" }, "geometry": { "type": "Point", "coordinates": [ 26.695253095000055, 39.316562279000038 ] } },
{ "type": "Feature", "properties": { "fid": 5076, "Yapı No_Text": "-15" }, "geometry": { "type": "Point", "coordinates": [ 26.694811610000045, 39.316652980000072 ] } },
{ "type": "Feature", "properties": { "fid": 5077, "Yapı No_Text": "-16" }, "geometry": { "type": "Point", "coordinates": [ 26.694666105000067, 39.316692083000078 ] } },
{ "type": "Feature", "properties": { "fid": 5078, "Yapı No_Text": "482" }, "geometry": { "type": "Point", "coordinates": [ 26.694927241000073, 39.316658202000042 ] } },
{ "type": "Feature", "properties": { "fid": 5079, "Yapı No_Text": "-04" }, "geometry": { "type": "Point", "coordinates": [ 26.690877196000031, 39.314616351000041 ] } },
{ "type": "Feature", "properties": { "fid": 5080, "Yapı No_Text": "-02" }, "geometry": { "type": "Point", "coordinates": [ 26.690547757000047, 39.318696465000073 ] } },
{ "type": "Feature", "properties": { "fid": 5081, "Yapı No_Text": "69" }, "geometry": { "type": "Point", "coordinates": [ 26.696532761000071, 39.321847584000068 ] } },
{ "type": "Feature", "properties": { "fid": 5082, "Yapı No_Text": "154 c" }, "geometry": { "type": "Point", "coordinates": [ 26.692588841000031, 39.313245600000073 ] } },
{ "type": "Feature", "properties": { "fid": 5083, "Yapı No_Text": "-20" }, "geometry": { "type": "Point", "coordinates": [ 26.694699838000076, 39.320693622000078 ] } },
{ "type": "Feature", "properties": { "fid": 5084, "Yapı No_Text": "-21" }, "geometry": { "type": "Point", "coordinates": [ 26.694705638000073, 39.32073057000008 ] } },
{ "type": "Feature", "properties": { "fid": 5085, "Yapı No_Text": "-22" }, "geometry": { "type": "Point", "coordinates": [ 26.694700633000025, 39.320770288000062 ] } },
{ "type": "Feature", "properties": { "fid": 5086, "Yapı No_Text": "-23" }, "geometry": { "type": "Point", "coordinates": [ 26.69469678300004, 39.320809678000046 ] } }
]
}
