{
"type": "FeatureCollection",
"name": "yapiadasi",
"crs": { "type": "name", "properties": { "name": "urn:ogc:def:crs:OGC:1.3:CRS84" } },
"features": [
{ "type": "Feature", "properties": { "adaNo": "1341", "fid": 1593, "label": "13 → 1341" }, "geometry": { "type": "MultiPolygon", "coordinates": [ [ [ [ 26.6869, 39.31112 ], [ 26.68689, 39.31112 ], [ 26.68688, 39.31113 ], [ 26.68688, 39.31114 ], [ 26.68686, 39.31117 ], [ 26.68686, 39.31119 ], [ 26.68686, 39.3112 ], [ 26.68686, 39.31123 ], [ 26.68685, 39.31131 ], [ 26.68687, 39.31139 ], [ 26.68688, 39.31141 ], [ 26.6869, 39.31147 ], [ 26.6869, 39.31148 ], [ 26.68691, 39.3115 ], [ 26.68692, 39.31151 ], [ 26.68695, 39.31155 ], [ 26.6871, 39.31173 ], [ 26.68712, 39.31175 ], [ 26.68718, 39.31182 ], [ 26.68747, 39.31196 ], [ 26.68751, 39.31197 ], [ 26.68768, 39.31204 ], [ 26.68776, 39.31208 ], [ 26.68781, 39.3121 ], [ 26.68785, 39.31212 ], [ 26.68809, 39.31222 ], [ 26.68812, 39.31224 ], [ 26.68815, 39.31225 ], [ 26.68821, 39.31228 ], [ 26.68826, 39.3123 ], [ 26.68832, 39.31232 ], [ 26.68848, 39.31239 ], [ 26.68867, 39.31247 ], [ 26.6887, 39.31248 ], [ 26.68884, 39.31254 ], [ 26.68918, 39.31188 ], [ 26.68908, 39.31183 ], [ 26.68889, 39.31173 ], [ 26.6889, 39.31172 ], [ 26.68893, 39.3116 ], [ 26.68886, 39.3115 ], [ 26.68879, 39.31146 ], [ 26.68867, 39.3114 ], [ 26.68864, 39.31139 ], [ 26.68856, 39.31152 ], [ 26.68853, 39.31151 ], [ 26.68836, 39.31147 ], [ 26.68819, 39.31143 ], [ 26.6869, 39.31112 ] ] ] ] } },
{ "type": "Feature", "properties": { "adaNo": "190", "fid": 3511, "label": "190" }, "geometry": { "type": "MultiPolygon", "coordinates": [ [ [ [ 26.69114, 39.31872 ], [ 26.69113, 39.31872 ], [ 26.6909, 39.3188 ], [ 26.69093, 39.31885 ], [ 26.69097, 39.31892 ], [ 26.69112, 39.31887 ], [ 26.69121, 39.31884 ], [ 26.69126, 39.31882 ], [ 26.69122, 39.31876 ], [ 26.69119, 39.31871 ], [ 26.69114, 39.31872 ] ] ] ] } },
{ "type": "Feature", "properties": { "adaNo": "191", "fid": 3541, "label": "191" }, "geometry": { "type": "MultiPolygon", "coordinates": [ [ [ [ 26.69132, 39.31887 ], [ 26.69135, 39.31892 ], [ 26.69138, 39.31897 ], [ 26.69142, 39.31904 ], [ 26.69144, 39.31909 ], [ 26.69147, 39.31913 ], [ 26.6915, 39.31918 ], [ 26.69169, 39.31911 ], [ 26.69167, 39.31906 ], [ 26.69164, 39.31902 ], [ 26.69161, 39.31896 ], [ 26.69158, 39.3189 ], [ 26.69155, 39.31885 ], [ 26.69152, 39.31879 ], [ 26.69132, 39.31887 ] ] ] ] } },
{ "type": "Feature", "properties": { "adaNo": "192", "fid": 4267, "label": "192" }, "geometry": { "type": "MultiPolygon", "coordinates": [ [ [ [ 26.6917, 39.31913 ], [ 26.69172, 39.31919 ], [ 26.69154, 39.31924 ], [ 26.69152, 39.3192 ], [ 26.6917, 39.31913 ] ] ] ] } },
{ "type": "Feature", "properties": { "adaNo": "193", "fid": 3680, "label": "193" }, "geometry": { "type": "MultiPolygon", "coordinates": [ [ [ [ 26.69172, 39.31921 ], [ 26.69155, 39.31927 ], [ 26.69157, 39.3193 ], [ 26.6916, 39.31934 ], [ 26.6916, 39.31933 ], [ 26.69163, 39.31939 ], [ 26.69173, 39.31936 ], [ 26.69179, 39.31934 ], [ 26.69177, 39.31929 ], [ 26.69175, 39.31925 ], [ 26.69173, 39.31921 ], [ 26.69172, 39.31921 ] ] ] ] } },
{ "type": "Feature", "properties": { "adaNo": "194", "fid": 4266, "label": "194" }, "geometry": { "type": "MultiPolygon", "coordinates": [ [ [ [ 26.69197, 39.31936 ], [ 26.69186, 39.31939 ], [ 26.69191, 39.31948 ], [ 26.69194, 39.31954 ], [ 26.69204, 39.3195 ], [ 26.69202, 39.31944 ], [ 26.69197, 39.31936 ] ] ] ] } },
{ "type": "Feature", "properties": { "adaNo": "390", "fid": 455, "label": "390" }, "geometry": { "type": "MultiPolygon", "coordinates": [ [ [ [ 26.69674, 39.3187 ], [ 26.69671, 39.31872 ], [ 26.69666, 39.31876 ], [ 26.69662, 39.31877 ], [ 26.69659, 39.31879 ], [ 26.69656, 39.31881 ], [ 26.6965, 39.31883 ], [ 26.69648, 39.31885 ], [ 26.6965, 39.31889 ], [ 26.69653, 39.31893 ], [ 26.69658, 39.31899 ], [ 26.6966, 39.31903 ], [ 26.69662, 39.31906 ], [ 26.69676, 39.31903 ], [ 26.69683, 39.31901 ], [ 26.69688, 39.319 ], [ 26.69698, 39.31898 ], [ 26.69697, 39.31893 ], [ 26.69696, 39.31888 ], [ 26.69696, 39.31884 ], [ 26.69694, 39.31873 ], [ 26.69694, 39.31871 ], [ 26.69693, 39.31866 ], [ 26.69691, 39.31859 ], [ 26.69684, 39.31863 ], [ 26.69676, 39.31867 ], [ 26.69674, 39.3187 ] ] ] ] } },
{ "type": "Feature", "properties": { "adaNo": "195", "fid": 3773, "label": "195" }, "geometry": { "type": "MultiPolygon", "coordinates": [ [ [ [ 26.69193, 39.31974 ], [ 26.69195, 39.31979 ], [ 26.69198, 39.31983 ], [ 26.692, 39.31988 ], [ 26.69201, 39.31988 ], [ 26.69206, 39.31999 ], [ 26.69227, 39.31994 ], [ 26.69221, 39.31982 ], [ 26.69218, 39.31977 ], [ 26.69216, 39.31972 ], [ 26.69213, 39.31967 ], [ 26.69193, 39.31974 ] ] ] ] } },
{ "type": "Feature", "properties": { "adaNo": "391", "fid": 3483, "label": "391" }, "geometry": { "type": "MultiPolygon", "coordinates": [ [ [ [ 26.69801, 39.31885 ], [ 26.69802, 39.31889 ], [ 26.69802, 39.31892 ], [ 26.69802, 39.31894 ], [ 26.69802, 39.31899 ], [ 26.69802, 39.31902 ], [ 26.69802, 39.31906 ], [ 26.69815, 39.31907 ], [ 26.69827, 39.31909 ], [ 26.69835, 39.31911 ], [ 26.6984, 39.31911 ], [ 26.69851, 39.31913 ], [ 26.69853, 39.31905 ], [ 26.69853, 39.31904 ], [ 26.69855, 39.31898 ], [ 26.69856, 39.31892 ], [ 26.69859, 39.31884 ], [ 26.69852, 39.31881 ], [ 26.69848, 39.3188 ], [ 26.69845, 39.31879 ], [ 26.69837, 39.31876 ], [ 26.69831, 39.31874 ], [ 26.69825, 39.31872 ], [ 26.69818, 39.31871 ], [ 26.6981, 39.31868 ], [ 26.69802, 39.31866 ], [ 26.69801, 39.31875 ], [ 26.69801, 39.31882 ], [ 26.69801, 39.31885 ] ] ] ] } },
{ "type": "Feature", "properties": { "adaNo": "196", "fid": 3815, "label": "196" }, "geometry": { "type": "MultiPolygon", "coordinates": [ [ [ [ 26.69229, 39.31998 ], [ 26.69208, 39.32005 ], [ 26.69211, 39.3201 ], [ 26.69214, 39.32015 ], [ 26.69235, 39.32009 ], [ 26.69232, 39.32004 ], [ 26.69229, 39.31998 ] ] ] ] } },
{ "type": "Feature", "properties": { "adaNo": "392", "fid": 3629, "label": "392" }, "geometry": { "type": "MultiPolygon", "coordinates": [ [ [ [ 26.69856, 39.31913 ], [ 26.69856, 39.3192 ], [ 26.69862, 39.31922 ], [ 26.6987, 39.31924 ], [ 26.69872, 39.3192 ], [ 26.69867, 39.31919 ], [ 26.69867, 39.31916 ], [ 26.69864, 39.31915 ], [ 26.69856, 39.31913 ] ] ] ] } },
{ "type": "Feature", "properties": { "adaNo": "197", "fid": 818, "label": "197" }, "geometry": { "type": "MultiPolygon", "coordinates": [ [ [ [ 26.69223, 39.32032 ], [ 26.69215, 39.32018 ], [ 26.69237, 39.32012 ], [ 26.69245, 39.32028 ], [ 26.69223, 39.32032 ] ] ] ] } },
{ "type": "Feature", "properties": { "adaNo": "393", "fid": 3558, "label": "393" }, "geometry": { "type": "MultiPolygon", "coordinates": [ [ [ [ 26.69862, 39.31897 ], [ 26.69861, 39.31899 ], [ 26.6986, 39.31903 ], [ 26.69858, 39.3191 ], [ 26.69875, 39.31914 ], [ 26.69877, 39.31909 ], [ 26.69879, 39.31906 ], [ 26.69883, 39.31896 ], [ 26.69878, 39.31894 ], [ 26.69873, 39.31891 ], [ 26.69873, 39.31892 ], [ 26.69864, 39.31888 ], [ 26.69862, 39.31897 ] ] ] ] } },
{ "type": "Feature", "properties": { "adaNo": "198", "fid": 841, "label": "198" }, "geometry": { "type": "MultiPolygon", "coordinates": [ [ [ [ 26.69246, 39.3203 ], [ 26.69224, 39.32035 ], [ 26.69228, 39.32043 ], [ 26.69234, 39.32057 ], [ 26.69237, 39.32063 ], [ 26.6926, 39.3206 ], [ 26.69257, 39.32053 ], [ 26.6925, 39.32038 ], [ 26.69246, 39.3203 ] ] ] ] } },
{ "type": "Feature", "properties": { "adaNo": "394", "fid": 3459, "label": "394" }, "geometry": { "type": "MultiPolygon", "coordinates": [ [ [ [ 26.69869, 39.31884 ], [ 26.69874, 39.31886 ], [ 26.69878, 39.31888 ], [ 26.6988, 39.31888 ], [ 26.69884, 39.3189 ], [ 26.69889, 39.31893 ], [ 26.69896, 39.31895 ], [ 26.69903, 39.31898 ], [ 26.69906, 39.3189 ], [ 26.69908, 39.31884 ], [ 26.69908, 39.31883 ], [ 26.69908, 39.31881 ], [ 26.69909, 39.31877 ], [ 26.69911, 39.3187 ], [ 26.69902, 39.31869 ], [ 26.69897, 39.31868 ], [ 26.69888, 39.31868 ], [ 26.69877, 39.31867 ], [ 26.69874, 39.31867 ], [ 26.69865, 39.31867 ], [ 26.69864, 39.31873 ], [ 26.69862, 39.3188 ], [ 26.69869, 39.31884 ] ] ] ] } },
{ "type": "Feature", "properties": { "adaNo": "199", "fid": 4292, "label": "199" }, "geometry": { "type": "MultiPolygon", "coordinates": [ [ [ [ 26.69261, 39.32062 ], [ 26.69238, 39.32066 ], [ 26.69243, 39.32082 ], [ 26.69244, 39.32087 ], [ 26.69267, 39.32083 ], [ 26.69266, 39.32078 ], [ 26.69261, 39.32062 ] ] ] ] } },
{ "type": "Feature", "properties": { "adaNo": "395", "fid": 3344, "label": "395" }, "geometry": { "type": "MultiPolygon", "coordinates": [ [ [ [ 26.69916, 39.31841 ], [ 26.69918, 39.31833 ], [ 26.69903, 39.31832 ], [ 26.69893, 39.31831 ], [ 26.69887, 39.31831 ], [ 26.69874, 39.31831 ], [ 26.69872, 39.31839 ], [ 26.69871, 39.31843 ], [ 26.6987, 39.31847 ], [ 26.69869, 39.31851 ], [ 26.69868, 39.31855 ], [ 26.69866, 39.31864 ], [ 26.69878, 39.31865 ], [ 26.69885, 39.31865 ], [ 26.69891, 39.31865 ], [ 26.69898, 39.31866 ], [ 26.69911, 39.31867 ], [ 26.69912, 39.31863 ], [ 26.69915, 39.3185 ], [ 26.69916, 39.31841 ] ] ] ] } },
{ "type": "Feature", "properties": { "adaNo": "396", "fid": 3343, "label": "396" }, "geometry": { "type": "MultiPolygon", "coordinates": [ [ [ [ 26.69848, 39.3183 ], [ 26.69843, 39.31829 ], [ 26.69843, 39.31841 ], [ 26.69843, 39.3185 ], [ 26.69843, 39.31853 ], [ 26.69839, 39.31853 ], [ 26.69831, 39.31853 ], [ 26.69831, 39.31858 ], [ 26.69829, 39.31863 ], [ 26.69828, 39.31869 ], [ 26.69832, 39.3187 ], [ 26.69831, 39.3187 ], [ 26.69836, 39.31872 ], [ 26.69842, 39.31874 ], [ 26.69847, 39.31875 ], [ 26.69851, 39.31877 ], [ 26.69858, 39.31879 ], [ 26.6986, 39.31874 ], [ 26.69861, 39.31869 ], [ 26.69862, 39.31864 ], [ 26.69864, 39.31857 ], [ 26.69865, 39.3185 ], [ 26.69866, 39.31844 ], [ 26.69868, 39.31839 ], [ 26.69869, 39.31834 ], [ 26.69869, 39.31831 ], [ 26.6986, 39.3183 ], [ 26.69852, 39.3183 ], [ 26.69848, 39.3183 ] ] ] ] } },
{ "type": "Feature", "properties": { "adaNo": "397", "fid": 3346, "label": "397" }, "geometry": { "type": "MultiPolygon", "coordinates": [ [ [ [ 26.6984, 39.31837 ], [ 26.6984, 39.31829 ], [ 26.6983, 39.31829 ], [ 26.6983, 39.31837 ], [ 26.69831, 39.31845 ], [ 26.69831, 39.31851 ], [ 26.6984, 39.31851 ], [ 26.6984, 39.31845 ], [ 26.6984, 39.31839 ], [ 26.6984, 39.31837 ] ] ] ] } },
{ "type": "Feature", "properties": { "adaNo": "398", "fid": 3303, "label": "398" }, "geometry": { "type": "MultiPolygon", "coordinates": [ [ [ [ 26.69849, 39.31819 ], [ 26.69849, 39.31822 ], [ 26.69862, 39.31823 ], [ 26.69872, 39.31823 ], [ 26.69873, 39.31819 ], [ 26.69862, 39.31819 ], [ 26.69849, 39.31819 ] ] ] ] } },
{ "type": "Feature", "properties": { "adaNo": "399", "fid": 3200, "label": "399" }, "geometry": { "type": "MultiPolygon", "coordinates": [ [ [ [ 26.69818, 39.31805 ], [ 26.69819, 39.31805 ], [ 26.69819, 39.31811 ], [ 26.69821, 39.31817 ], [ 26.69822, 39.31818 ], [ 26.69823, 39.31818 ], [ 26.69829, 39.31817 ], [ 26.69836, 39.31816 ], [ 26.69845, 39.31815 ], [ 26.69858, 39.31814 ], [ 26.69864, 39.31813 ], [ 26.69872, 39.31813 ], [ 26.69879, 39.31813 ], [ 26.6988, 39.31809 ], [ 26.6988, 39.31806 ], [ 26.69881, 39.318 ], [ 26.69873, 39.318 ], [ 26.69867, 39.31799 ], [ 26.69861, 39.31798 ], [ 26.69847, 39.31794 ], [ 26.69837, 39.31793 ], [ 26.69834, 39.31792 ], [ 26.69831, 39.31792 ], [ 26.69828, 39.31791 ], [ 26.69819, 39.31789 ], [ 26.69818, 39.31798 ], [ 26.69818, 39.31805 ] ] ] ] } },
{ "type": "Feature", "properties": { "adaNo": "290", "fid": 4812, "label": "290" }, "geometry": { "type": "MultiPolygon", "coordinates": [ [ [ [ 26.69602, 39.31501 ], [ 26.69602, 39.315 ], [ 26.696, 39.31495 ], [ 26.69594, 39.31483 ], [ 26.69589, 39.31484 ], [ 26.69585, 39.31485 ], [ 26.69579, 39.31486 ], [ 26.69577, 39.31487 ], [ 26.69561, 39.3149 ], [ 26.6955, 39.31492 ], [ 26.69546, 39.31493 ], [ 26.69537, 39.31495 ], [ 26.69538, 39.315 ], [ 26.69539, 39.31504 ], [ 26.6954, 39.31509 ], [ 26.69544, 39.31508 ], [ 26.69551, 39.31534 ], [ 26.69547, 39.31535 ], [ 26.69548, 39.31539 ], [ 26.6955, 39.31545 ], [ 26.69557, 39.31542 ], [ 26.69556, 39.31537 ], [ 26.69554, 39.31533 ], [ 26.69598, 39.3152 ], [ 26.69585, 39.31494 ], [ 26.69588, 39.31493 ], [ 26.6959, 39.31496 ], [ 26.69593, 39.31502 ], [ 26.69598, 39.31513 ], [ 26.69601, 39.31513 ], [ 26.69607, 39.3151 ], [ 26.69614, 39.31508 ], [ 26.69609, 39.3151 ], [ 26.69612, 39.31516 ], [ 26.69618, 39.31515 ], [ 26.69622, 39.31514 ], [ 26.69629, 39.31513 ], [ 26.69627, 39.31508 ], [ 26.69625, 39.31502 ], [ 26.69623, 39.31496 ], [ 26.69622, 39.31493 ], [ 26.69619, 39.31487 ], [ 26.69618, 39.31484 ], [ 26.69616, 39.31478 ], [ 26.69608, 39.31481 ], [ 26.69603, 39.31482 ], [ 26.69601, 39.31483 ], [ 26.69601, 39.31482 ], [ 26.69597, 39.31483 ], [ 26.69601, 39.31492 ], [ 26.69602, 39.31494 ], [ 26.69605, 39.315 ], [ 26.69602, 39.31501 ] ] ] ] } },
{ "type": "Feature", "properties": { "adaNo": "291", "fid": 4771, "label": "291" }, "geometry": { "type": "MultiPolygon", "coordinates": [ [ [ [ 26.69574, 39.31449 ], [ 26.69575, 39.31453 ], [ 26.69577, 39.31458 ], [ 26.69578, 39.31462 ], [ 26.6958, 39.31467 ], [ 26.69582, 39.31475 ], [ 26.69584, 39.31482 ], [ 26.6959, 39.3148 ], [ 26.69595, 39.31479 ], [ 26.69602, 39.31476 ], [ 26.69608, 39.31474 ], [ 26.69611, 39.31471 ], [ 26.69615, 39.31467 ], [ 26.69619, 39.31461 ], [ 26.69619, 39.31454 ], [ 26.69617, 39.31448 ], [ 26.69614, 39.31445 ], [ 26.69611, 39.31447 ], [ 26.69611, 39.31446 ], [ 26.69609, 39.3144 ], [ 26.69607, 39.31439 ], [ 26.69599, 39.31441 ], [ 26.6959, 39.31443 ], [ 26.69586, 39.31443 ], [ 26.69581, 39.31444 ], [ 26.69576, 39.31446 ], [ 26.69573, 39.31447 ], [ 26.69574, 39.31449 ] ] ] ] } },
{ "type": "Feature", "properties": { "adaNo": "292", "fid": 4669, "label": "292" }, "geometry": { "type": "MultiPolygon", "coordinates": [ [ [ [ 26.69572, 39.31371 ], [ 26.69567, 39.31371 ], [ 26.69558, 39.31372 ], [ 26.69559, 39.31377 ], [ 26.69561, 39.31383 ], [ 26.69562, 39.31386 ], [ 26.69563, 39.31388 ], [ 26.69565, 39.31395 ], [ 26.69573, 39.31394 ], [ 26.69575, 39.31394 ], [ 26.69577, 39.31393 ], [ 26.69582, 39.31393 ], [ 26.69586, 39.31393 ], [ 26.69591, 39.31392 ], [ 26.69592, 39.31395 ], [ 26.69585, 39.31396 ], [ 26.69587, 39.31401 ], [ 26.69588, 39.31406 ], [ 26.69589, 39.31412 ], [ 26.6959, 39.31417 ], [ 26.69589, 39.31417 ], [ 26.69589, 39.31418 ], [ 26.69591, 39.31425 ], [ 26.69591, 39.31426 ], [ 26.69592, 39.31431 ], [ 26.69594, 39.31438 ], [ 26.69599, 39.31437 ], [ 26.69603, 39.31436 ], [ 26.6961, 39.31437 ], [ 26.69615, 39.31436 ], [ 26.69615, 39.31431 ], [ 26.69615, 39.31426 ], [ 26.69616, 39.3142 ], [ 26.69617, 39.31413 ], [ 26.69617, 39.31408 ], [ 26.69618, 39.31403 ], [ 26.69618, 39.31402 ], [ 26.69618, 39.31398 ], [ 26.69622, 39.31393 ], [ 26.69623, 39.3139 ], [ 26.69623, 39.31389 ], [ 26.69622, 39.31388 ], [ 26.69621, 39.31385 ], [ 26.69619, 39.31383 ], [ 26.69614, 39.31379 ], [ 26.69615, 39.31373 ], [ 26.69613, 39.31366 ], [ 26.69613, 39.31361 ], [ 26.6961, 39.31361 ], [ 26.69605, 39.3136 ], [ 26.696, 39.3136 ], [ 26.69601, 39.31368 ], [ 26.69601, 39.31373 ], [ 26.69601, 39.31378 ], [ 26.69599, 39.31377 ], [ 26.69598, 39.31368 ], [ 26.69588, 39.31369 ], [ 26.69585, 39.31369 ], [ 26.69578, 39.3137 ], [ 26.69577, 39.3137 ], [ 26.69578, 39.31373 ], [ 26.69573, 39.31374 ], [ 26.69572, 39.31371 ] ] ] ] } },
{ "type": "Feature", "properties": { "adaNo": "490", "fid": 2224, "label": "490" }, "geometry": { "type": "MultiPolygon", "coordinates": [ [ [ [ 26.69344, 39.31451 ], [ 26.6934, 39.31454 ], [ 26.69336, 39.31456 ], [ 26.69329, 39.3146 ], [ 26.69333, 39.31465 ], [ 26.69335, 39.31468 ], [ 26.69332, 39.3147 ], [ 26.6933, 39.31468 ], [ 26.69329, 39.31467 ], [ 26.69324, 39.31462 ], [ 26.69315, 39.31467 ], [ 26.6931, 39.3147 ], [ 26.69306, 39.31472 ], [ 26.69299, 39.31476 ], [ 26.69302, 39.31479 ], [ 26.69305, 39.31483 ], [ 26.69308, 39.31486 ], [ 26.6931, 39.31489 ], [ 26.69313, 39.31487 ], [ 26.69317, 39.31486 ], [ 26.69322, 39.31484 ], [ 26.69325, 39.31482 ], [ 26.69329, 39.31481 ], [ 26.69334, 39.31479 ], [ 26.69337, 39.31477 ], [ 26.69347, 39.31473 ], [ 26.69351, 39.31471 ], [ 26.69358, 39.31468 ], [ 26.69359, 39.31468 ], [ 26.69368, 39.31462 ], [ 26.69362, 39.31456 ], [ 26.69361, 39.31455 ], [ 26.69358, 39.31452 ], [ 26.69356, 39.3145 ], [ 26.69353, 39.31447 ], [ 26.69344, 39.31451 ] ], [ [ 26.69316, 39.31477 ], [ 26.69317, 39.31478 ], [ 26.69322, 39.31484 ], [ 26.69316, 39.31477 ] ], [ [ 26.69324, 39.31475 ], [ 26.69322, 39.31472 ], [ 26.69329, 39.31481 ], [ 26.69324, 39.31475 ] ] ] ] } },
{ "type": "Feature", "properties": { "adaNo": "294", "fid": 4652, "label": "294" }, "geometry": { "type": "MultiPolygon", "coordinates": [ [ [ [ 26.69482, 39.31328 ], [ 26.69482, 39.31333 ], [ 26.69483, 39.31339 ], [ 26.69484, 39.31343 ], [ 26.69484, 39.31347 ], [ 26.69485, 39.31356 ], [ 26.69488, 39.3137 ], [ 26.69489, 39.31376 ], [ 26.69493, 39.31376 ], [ 26.695, 39.31374 ], [ 26.695, 39.31372 ], [ 26.69502, 39.31372 ], [ 26.69502, 39.31373 ], [ 26.69503, 39.31374 ], [ 26.69535, 39.31368 ], [ 26.69535, 39.31359 ], [ 26.69535, 39.31341 ], [ 26.69509, 39.31332 ], [ 26.69499, 39.3133 ], [ 26.69493, 39.3133 ], [ 26.69482, 39.31328 ] ] ] ] } },
{ "type": "Feature", "properties": { "adaNo": "491", "fid": 2280, "label": "491" }, "geometry": { "type": "MultiPolygon", "coordinates": [ [ [ [ 26.69362, 39.3147 ], [ 26.69353, 39.31475 ], [ 26.69347, 39.31478 ], [ 26.69341, 39.31481 ], [ 26.69334, 39.31484 ], [ 26.69331, 39.31485 ], [ 26.69325, 39.31487 ], [ 26.69322, 39.31488 ], [ 26.6932, 39.31489 ], [ 26.69313, 39.31492 ], [ 26.69319, 39.31499 ], [ 26.69324, 39.31504 ], [ 26.69326, 39.31507 ], [ 26.6933, 39.3151 ], [ 26.69334, 39.31508 ], [ 26.69339, 39.31505 ], [ 26.69345, 39.31502 ], [ 26.69353, 39.31497 ], [ 26.69358, 39.31494 ], [ 26.69366, 39.31489 ], [ 26.69372, 39.31486 ], [ 26.69378, 39.31482 ], [ 26.69383, 39.31479 ], [ 26.69378, 39.31473 ], [ 26.69375, 39.3147 ], [ 26.6937, 39.31465 ], [ 26.69362, 39.3147 ] ] ] ] } },
{ "type": "Feature", "properties": { "adaNo": "492", "fid": 2363, "label": "492" }, "geometry": { "type": "MultiPolygon", "coordinates": [ [ [ [ 26.69382, 39.31484 ], [ 26.69377, 39.31487 ], [ 26.6937, 39.31491 ], [ 26.69363, 39.31495 ], [ 26.69369, 39.31501 ], [ 26.69373, 39.31506 ], [ 26.69381, 39.31501 ], [ 26.69386, 39.31498 ], [ 26.69389, 39.31497 ], [ 26.69391, 39.31495 ], [ 26.69396, 39.31492 ], [ 26.69391, 39.31487 ], [ 26.69386, 39.31482 ], [ 26.69382, 39.31484 ] ] ] ] } },
{ "type": "Feature", "properties": { "adaNo": "296", "fid": 1718, "label": "296" }, "geometry": { "type": "MultiPolygon", "coordinates": [ [ [ [ 26.69447, 39.31308 ], [ 26.69442, 39.3131 ], [ 26.69436, 39.31312 ], [ 26.69429, 39.31314 ], [ 26.69418, 39.31316 ], [ 26.6941, 39.31318 ], [ 26.69404, 39.3132 ], [ 26.69397, 39.31322 ], [ 26.69398, 39.31325 ], [ 26.69393, 39.31328 ], [ 26.69388, 39.31329 ], [ 26.69385, 39.3133 ], [ 26.69379, 39.3133 ], [ 26.69382, 39.31334 ], [ 26.69386, 39.3134 ], [ 26.69388, 39.31342 ], [ 26.69391, 39.31347 ], [ 26.69396, 39.31354 ], [ 26.69397, 39.31354 ], [ 26.69396, 39.31353 ], [ 26.69397, 39.31352 ], [ 26.69398, 39.31353 ], [ 26.69402, 39.31351 ], [ 26.69407, 39.31348 ], [ 26.69403, 39.31342 ], [ 26.69408, 39.31345 ], [ 26.69409, 39.31347 ], [ 26.69413, 39.31344 ], [ 26.69418, 39.31342 ], [ 26.69422, 39.31339 ], [ 26.69425, 39.31337 ], [ 26.69428, 39.31335 ], [ 26.69434, 39.31332 ], [ 26.69439, 39.31329 ], [ 26.69444, 39.31326 ], [ 26.6945, 39.31324 ], [ 26.69455, 39.31322 ], [ 26.69458, 39.3132 ], [ 26.69468, 39.31316 ], [ 26.69468, 39.31317 ], [ 26.69474, 39.31314 ], [ 26.69474, 39.31311 ], [ 26.69474, 39.31307 ], [ 26.69474, 39.31303 ], [ 26.69474, 39.31297 ], [ 26.69464, 39.31301 ], [ 26.69453, 39.31306 ], [ 26.69447, 39.31308 ] ], [ [ 26.694, 39.31339 ], [ 26.69395, 39.31341 ], [ 26.69394, 39.31339 ], [ 26.69399, 39.31337 ], [ 26.694, 39.31339 ] ] ] ] } },
{ "type": "Feature", "properties": { "adaNo": "493", "fid": 2231, "label": "493" }, "geometry": { "type": "MultiPolygon", "coordinates": [ [ [ [ 26.69388, 39.31454 ], [ 26.69385, 39.31456 ], [ 26.69379, 39.3146 ], [ 26.69373, 39.31463 ], [ 26.69379, 39.31469 ], [ 26.69383, 39.31474 ], [ 26.69387, 39.31478 ], [ 26.6939, 39.31481 ], [ 26.69394, 39.31485 ], [ 26.69398, 39.3149 ], [ 26.69405, 39.31487 ], [ 26.6941, 39.31485 ], [ 26.69415, 39.31482 ], [ 26.6942, 39.3148 ], [ 26.69429, 39.31477 ], [ 26.69436, 39.31474 ], [ 26.69429, 39.31466 ], [ 26.69425, 39.3146 ], [ 26.69409, 39.31441 ], [ 26.69402, 39.31445 ], [ 26.69394, 39.3145 ], [ 26.69388, 39.31454 ] ] ] ] } },
{ "type": "Feature", "properties": { "adaNo": "297", "fid": 1911, "label": "297" }, "geometry": { "type": "MultiPolygon", "coordinates": [ [ [ [ 26.69384, 39.31356 ], [ 26.69389, 39.31351 ], [ 26.69384, 39.31344 ], [ 26.69383, 39.31342 ], [ 26.69378, 39.31337 ], [ 26.6937, 39.31343 ], [ 26.69366, 39.31345 ], [ 26.69362, 39.31348 ], [ 26.69358, 39.31351 ], [ 26.69353, 39.31355 ], [ 26.69347, 39.31359 ], [ 26.69339, 39.31365 ], [ 26.69334, 39.31369 ], [ 26.69332, 39.3137 ], [ 26.69327, 39.31374 ], [ 26.69328, 39.31375 ], [ 26.69325, 39.31378 ], [ 26.69322, 39.31381 ], [ 26.69319, 39.31384 ], [ 26.69315, 39.31387 ], [ 26.69311, 39.31391 ], [ 26.69307, 39.31394 ], [ 26.69304, 39.31397 ], [ 26.69301, 39.31399 ], [ 26.69297, 39.31401 ], [ 26.69292, 39.31404 ], [ 26.69288, 39.31406 ], [ 26.69287, 39.31406 ], [ 26.6928, 39.31409 ], [ 26.69284, 39.31414 ], [ 26.69285, 39.31416 ], [ 26.69291, 39.31424 ], [ 26.69302, 39.31418 ], [ 26.69309, 39.31415 ], [ 26.69316, 39.31412 ], [ 26.69322, 39.31409 ], [ 26.69326, 39.31406 ], [ 26.69331, 39.31403 ], [ 26.69335, 39.31401 ], [ 26.69341, 39.31398 ], [ 26.69345, 39.31396 ], [ 26.6935, 39.31393 ], [ 26.69355, 39.3139 ], [ 26.69359, 39.31386 ], [ 26.69364, 39.31382 ], [ 26.69369, 39.31378 ], [ 26.69374, 39.31374 ], [ 26.69378, 39.31371 ], [ 26.69382, 39.31367 ], [ 26.69386, 39.31364 ], [ 26.6939, 39.31361 ], [ 26.69389, 39.31361 ], [ 26.69384, 39.31356 ] ], [ [ 26.69308, 39.31406 ], [ 26.69308, 39.31407 ], [ 26.69301, 39.31399 ], [ 26.69308, 39.31406 ] ] ] ] } },
{ "type": "Feature", "properties": { "adaNo": "494", "fid": 2682, "label": "494" }, "geometry": { "type": "MultiPolygon", "coordinates": [ [ [ [ 26.69359, 39.31614 ], [ 26.69351, 39.31617 ], [ 26.69342, 39.3162 ], [ 26.69338, 39.31621 ], [ 26.69337, 39.31621 ], [ 26.69333, 39.31622 ], [ 26.69332, 39.31623 ], [ 26.69326, 39.31624 ], [ 26.69326, 39.31623 ], [ 26.69314, 39.31626 ], [ 26.69317, 39.31632 ], [ 26.69318, 39.3164 ], [ 26.69317, 39.3164 ], [ 26.69318, 39.31645 ], [ 26.69319, 39.31649 ], [ 26.6932, 39.31649 ], [ 26.69322, 39.31658 ], [ 26.69324, 39.31663 ], [ 26.69324, 39.31664 ], [ 26.69326, 39.31667 ], [ 26.69338, 39.31663 ], [ 26.69338, 39.31662 ], [ 26.69341, 39.31657 ], [ 26.69344, 39.31653 ], [ 26.69347, 39.31649 ], [ 26.6936, 39.31645 ], [ 26.69366, 39.31643 ], [ 26.6937, 39.31643 ], [ 26.69373, 39.31642 ], [ 26.69372, 39.31636 ], [ 26.69372, 39.31632 ], [ 26.69362, 39.31633 ], [ 26.69361, 39.31629 ], [ 26.69362, 39.31629 ], [ 26.6936, 39.31623 ], [ 26.69363, 39.31622 ], [ 26.69362, 39.31621 ], [ 26.69369, 39.31619 ], [ 26.69369, 39.31617 ], [ 26.69367, 39.31612 ], [ 26.69359, 39.31614 ] ] ] ] } },
{ "type": "Feature", "properties": { "adaNo": "298", "fid": 2142, "label": "298" }, "geometry": { "type": "MultiPolygon", "coordinates": [ [ [ [ 26.69255, 39.31416 ], [ 26.69257, 39.31418 ], [ 26.69255, 39.31418 ], [ 26.69254, 39.31416 ], [ 26.6925, 39.31417 ], [ 26.69245, 39.31418 ], [ 26.69239, 39.31419 ], [ 26.69234, 39.31422 ], [ 26.6923, 39.31425 ], [ 26.69232, 39.3143 ], [ 26.69233, 39.31433 ], [ 26.69235, 39.3144 ], [ 26.69233, 39.31443 ], [ 26.69229, 39.31448 ], [ 26.69229, 39.31453 ], [ 26.69231, 39.31455 ], [ 26.69241, 39.31449 ], [ 26.69247, 39.31446 ], [ 26.69251, 39.31444 ], [ 26.69255, 39.31442 ], [ 26.69259, 39.3144 ], [ 26.69262, 39.31438 ], [ 26.69267, 39.31436 ], [ 26.69271, 39.31434 ], [ 26.69277, 39.31431 ], [ 26.69281, 39.31429 ], [ 26.69289, 39.31425 ], [ 26.69285, 39.31421 ], [ 26.69283, 39.31417 ], [ 26.69279, 39.31413 ], [ 26.69276, 39.3141 ], [ 26.69267, 39.31413 ], [ 26.69262, 39.31414 ], [ 26.69255, 39.31416 ] ] ] ] } },
{ "type": "Feature", "properties": { "adaNo": "170", "fid": 2234, "label": "170" }, "geometry": { "type": "MultiPolygon", "coordinates": [ [ [ [ 26.69151, 39.31462 ], [ 26.69146, 39.31464 ], [ 26.6914, 39.31465 ], [ 26.69136, 39.31467 ], [ 26.69133, 39.31467 ], [ 26.69131, 39.31468 ], [ 26.69128, 39.31469 ], [ 26.69117, 39.31472 ], [ 26.69119, 39.31475 ], [ 26.69121, 39.31479 ], [ 26.69124, 39.31484 ], [ 26.69127, 39.31488 ], [ 26.6913, 39.31493 ], [ 26.69133, 39.31497 ], [ 26.69137, 39.31503 ], [ 26.69143, 39.31501 ], [ 26.6915, 39.31498 ], [ 26.69161, 39.31494 ], [ 26.69157, 39.31488 ], [ 26.69156, 39.31486 ], [ 26.69155, 39.31483 ], [ 26.69148, 39.31486 ], [ 26.69145, 39.31487 ], [ 26.69144, 39.31485 ], [ 26.69148, 39.31483 ], [ 26.69152, 39.31482 ], [ 26.69156, 39.31481 ], [ 26.69157, 39.31482 ], [ 26.69163, 39.31493 ], [ 26.69168, 39.31491 ], [ 26.69172, 39.31489 ], [ 26.69177, 39.31487 ], [ 26.69181, 39.31485 ], [ 26.69186, 39.31482 ], [ 26.69181, 39.31474 ], [ 26.6918, 39.31472 ], [ 26.69182, 39.31471 ], [ 26.69183, 39.31473 ], [ 26.69186, 39.31476 ], [ 26.69188, 39.3148 ], [ 26.69194, 39.31477 ], [ 26.69199, 39.31475 ], [ 26.69198, 39.31475 ], [ 26.69205, 39.31472 ], [ 26.69205, 39.31471 ], [ 26.69202, 39.31467 ], [ 26.69202, 39.31466 ], [ 26.69198, 39.31461 ], [ 26.69195, 39.31457 ], [ 26.69192, 39.31453 ], [ 26.69189, 39.3145 ], [ 26.69186, 39.31447 ], [ 26.69172, 39.31453 ], [ 26.69166, 39.31455 ], [ 26.69159, 39.31459 ], [ 26.69151, 39.31462 ] ] ] ] } },
{ "type": "Feature", "properties": { "adaNo": "495", "fid": 2716, "label": "495" }, "geometry": { "type": "MultiPolygon", "coordinates": [ [ [ [ 26.69377, 39.31648 ], [ 26.69376, 39.31644 ], [ 26.69369, 39.31646 ], [ 26.69363, 39.31647 ], [ 26.69354, 39.3165 ], [ 26.6935, 39.31652 ], [ 26.69348, 39.31653 ], [ 26.69345, 39.31658 ], [ 26.69347, 39.31662 ], [ 26.69349, 39.31665 ], [ 26.69351, 39.31666 ], [ 26.69355, 39.31668 ], [ 26.69364, 39.31669 ], [ 26.69368, 39.31669 ], [ 26.69375, 39.3167 ], [ 26.69376, 39.3167 ], [ 26.69379, 39.3167 ], [ 26.69381, 39.3167 ], [ 26.69386, 39.31669 ], [ 26.69392, 39.31668 ], [ 26.6939, 39.31662 ], [ 26.69388, 39.31656 ], [ 26.69386, 39.3165 ], [ 26.69384, 39.31646 ], [ 26.69377, 39.31648 ] ] ] ] } },
{ "type": "Feature", "properties": { "adaNo": "299", "fid": 2105, "label": "299" }, "geometry": { "type": "MultiPolygon", "coordinates": [ [ [ [ 26.69233, 39.31399 ], [ 26.69227, 39.31402 ], [ 26.69225, 39.31403 ], [ 26.6922, 39.31405 ], [ 26.69214, 39.31408 ], [ 26.6922, 39.31416 ], [ 26.69225, 39.31423 ], [ 26.69233, 39.31419 ], [ 26.69236, 39.31416 ], [ 26.69241, 39.31415 ], [ 26.69246, 39.31414 ], [ 26.69251, 39.31413 ], [ 26.69246, 39.31406 ], [ 26.6924, 39.31395 ], [ 26.69233, 39.31399 ] ] ] ] } },
{ "type": "Feature", "properties": { "adaNo": "171", "fid": 2333, "label": "171" }, "geometry": { "type": "MultiPolygon", "coordinates": [ [ [ [ 26.69185, 39.31488 ], [ 26.69181, 39.3149 ], [ 26.69178, 39.31492 ], [ 26.69173, 39.31493 ], [ 26.69169, 39.31495 ], [ 26.69166, 39.31497 ], [ 26.69165, 39.31497 ], [ 26.69159, 39.315 ], [ 26.69153, 39.31502 ], [ 26.69148, 39.31505 ], [ 26.69143, 39.31507 ], [ 26.69139, 39.31509 ], [ 26.69135, 39.3151 ], [ 26.69131, 39.31512 ], [ 26.69126, 39.31514 ], [ 26.69123, 39.31516 ], [ 26.69119, 39.31519 ], [ 26.6913, 39.31528 ], [ 26.69134, 39.31531 ], [ 26.69141, 39.31536 ], [ 26.69145, 39.31539 ], [ 26.69151, 39.31544 ], [ 26.69159, 39.31538 ], [ 26.69168, 39.3153 ], [ 26.69168, 39.31529 ], [ 26.69172, 39.31526 ], [ 26.69166, 39.31522 ], [ 26.69158, 39.31516 ], [ 26.69159, 39.31515 ], [ 26.69159, 39.31516 ], [ 26.69161, 39.31515 ], [ 26.69164, 39.31517 ], [ 26.69167, 39.3152 ], [ 26.69174, 39.31525 ], [ 26.69179, 39.31521 ], [ 26.69184, 39.31517 ], [ 26.69189, 39.31513 ], [ 26.69197, 39.31506 ], [ 26.69203, 39.31502 ], [ 26.69207, 39.31499 ], [ 26.69209, 39.31497 ], [ 26.69218, 39.3149 ], [ 26.69213, 39.31485 ], [ 26.6921, 39.3148 ], [ 26.69207, 39.31476 ], [ 26.69197, 39.31482 ], [ 26.69192, 39.31484 ], [ 26.69189, 39.31486 ], [ 26.69185, 39.31488 ] ] ] ] } },
{ "type": "Feature", "properties": { "adaNo": "496", "fid": 2751, "label": "496" }, "geometry": { "type": "MultiPolygon", "coordinates": [ [ [ [ 26.69346, 39.31666 ], [ 26.69344, 39.31664 ], [ 26.69334, 39.31667 ], [ 26.69326, 39.3167 ], [ 26.69326, 39.31674 ], [ 26.69326, 39.31677 ], [ 26.69326, 39.31681 ], [ 26.69326, 39.31686 ], [ 26.69341, 39.31685 ], [ 26.69345, 39.31684 ], [ 26.69353, 39.31683 ], [ 26.69357, 39.31683 ], [ 26.6936, 39.31682 ], [ 26.6936, 39.31679 ], [ 26.6936, 39.31676 ], [ 26.69361, 39.31671 ], [ 26.69356, 39.3167 ], [ 26.69351, 39.3167 ], [ 26.69347, 39.31667 ], [ 26.69346, 39.31666 ] ] ] ] } },
{ "type": "Feature", "properties": { "adaNo": "172", "fid": 2494, "label": "172" }, "geometry": { "type": "MultiPolygon", "coordinates": [ [ [ [ 26.69088, 39.31533 ], [ 26.691, 39.31542 ], [ 26.69105, 39.31546 ], [ 26.69114, 39.31552 ], [ 26.69118, 39.31556 ], [ 26.69126, 39.31561 ], [ 26.69137, 39.31554 ], [ 26.69147, 39.31546 ], [ 26.69139, 39.31539 ], [ 26.69135, 39.31536 ], [ 26.69131, 39.31533 ], [ 26.69132, 39.31533 ], [ 26.69128, 39.3153 ], [ 26.69127, 39.3153 ], [ 26.69123, 39.31526 ], [ 26.69119, 39.31523 ], [ 26.69115, 39.3152 ], [ 26.69104, 39.31525 ], [ 26.69099, 39.31528 ], [ 26.69088, 39.31533 ] ] ] ] } },
{ "type": "Feature", "properties": { "adaNo": "497", "fid": 2757, "label": "497" }, "geometry": { "type": "MultiPolygon", "coordinates": [ [ [ [ 26.69393, 39.31671 ], [ 26.69381, 39.31673 ], [ 26.69367, 39.31676 ], [ 26.69367, 39.31679 ], [ 26.69367, 39.31683 ], [ 26.69359, 39.31685 ], [ 26.69348, 39.31687 ], [ 26.69338, 39.31688 ], [ 26.69326, 39.31689 ], [ 26.69326, 39.31692 ], [ 26.69326, 39.31698 ], [ 26.69326, 39.31703 ], [ 26.69342, 39.31702 ], [ 26.69344, 39.31702 ], [ 26.69345, 39.31702 ], [ 26.69352, 39.31701 ], [ 26.69356, 39.31701 ], [ 26.6936, 39.317 ], [ 26.69364, 39.317 ], [ 26.6937, 39.31699 ], [ 26.69376, 39.31698 ], [ 26.69385, 39.31697 ], [ 26.69394, 39.31696 ], [ 26.694, 39.31696 ], [ 26.69413, 39.31694 ], [ 26.69411, 39.31686 ], [ 26.6941, 39.31683 ], [ 26.69409, 39.3168 ], [ 26.69407, 39.31674 ], [ 26.69405, 39.31668 ], [ 26.69396, 39.3167 ], [ 26.69393, 39.31671 ] ] ] ] } },
{ "type": "Feature", "properties": { "adaNo": "498", "fid": 2759, "label": "498" }, "geometry": { "type": "MultiPolygon", "coordinates": [ [ [ [ 26.6946, 39.31667 ], [ 26.69452, 39.31668 ], [ 26.69445, 39.31669 ], [ 26.69441, 39.3167 ], [ 26.69434, 39.31671 ], [ 26.69433, 39.31671 ], [ 26.69436, 39.31691 ], [ 26.69438, 39.31691 ], [ 26.69445, 39.3169 ], [ 26.69448, 39.31689 ], [ 26.69459, 39.31688 ], [ 26.69466, 39.31686 ], [ 26.69463, 39.31678 ], [ 26.69461, 39.31672 ], [ 26.6946, 39.31667 ] ] ] ] } },
{ "type": "Feature", "properties": { "adaNo": "370", "fid": 1271, "label": "370" }, "geometry": { "type": "MultiPolygon", "coordinates": [ [ [ [ 26.69607, 39.32384 ], [ 26.69603, 39.32386 ], [ 26.69599, 39.32389 ], [ 26.69606, 39.32395 ], [ 26.6961, 39.32393 ], [ 26.69612, 39.32395 ], [ 26.69607, 39.32397 ], [ 26.69608, 39.32398 ], [ 26.69613, 39.32403 ], [ 26.69618, 39.324 ], [ 26.69623, 39.32397 ], [ 26.69619, 39.32395 ], [ 26.69626, 39.32391 ], [ 26.69633, 39.32387 ], [ 26.69629, 39.32383 ], [ 26.69629, 39.32384 ], [ 26.69626, 39.32381 ], [ 26.69621, 39.32376 ], [ 26.69614, 39.3238 ], [ 26.69607, 39.32384 ] ] ] ] } },
{ "type": "Feature", "properties": { "adaNo": "499", "fid": 2793, "label": "500 → 499" }, "geometry": { "type": "MultiPolygon", "coordinates": [ [ [ [ 26.69477, 39.31688 ], [ 26.69471, 39.31689 ], [ 26.69472, 39.31695 ], [ 26.69474, 39.31702 ], [ 26.69475, 39.31705 ], [ 26.69476, 39.31708 ], [ 26.69476, 39.31712 ], [ 26.69478, 39.31724 ], [ 26.69478, 39.31729 ], [ 26.69479, 39.31731 ], [ 26.6949, 39.31737 ], [ 26.69495, 39.31733 ], [ 26.69491, 39.31731 ], [ 26.69493, 39.31728 ], [ 26.69498, 39.3173 ], [ 26.69503, 39.31724 ], [ 26.69505, 39.31722 ], [ 26.69506, 39.31719 ], [ 26.69505, 39.31716 ], [ 26.69501, 39.31709 ], [ 26.69498, 39.31703 ], [ 26.69496, 39.317 ], [ 26.69493, 39.31693 ], [ 26.69492, 39.31692 ], [ 26.69489, 39.31686 ], [ 26.69483, 39.31687 ], [ 26.69477, 39.31688 ] ] ] ] } },
{ "type": "Feature", "properties": { "adaNo": "371", "fid": 1208, "label": "371" }, "geometry": { "type": "MultiPolygon", "coordinates": [ [ [ [ 26.6956, 39.32324 ], [ 26.69553, 39.32326 ], [ 26.69555, 39.32333 ], [ 26.69556, 39.32339 ], [ 26.69557, 39.32344 ], [ 26.69559, 39.32349 ], [ 26.69561, 39.32358 ], [ 26.69563, 39.32363 ], [ 26.69567, 39.3237 ], [ 26.69571, 39.32376 ], [ 26.69575, 39.3238 ], [ 26.69582, 39.32376 ], [ 26.69585, 39.32374 ], [ 26.69586, 39.32373 ], [ 26.69589, 39.3237 ], [ 26.69592, 39.32373 ], [ 26.6959, 39.32374 ], [ 26.69588, 39.32375 ], [ 26.69586, 39.32376 ], [ 26.69584, 39.32378 ], [ 26.69576, 39.32382 ], [ 26.69579, 39.32387 ], [ 26.69583, 39.32393 ], [ 26.69595, 39.32386 ], [ 26.69598, 39.32384 ], [ 26.69603, 39.32382 ], [ 26.69608, 39.32378 ], [ 26.69618, 39.32372 ], [ 26.69609, 39.32365 ], [ 26.69608, 39.32364 ], [ 26.69602, 39.32358 ], [ 26.69598, 39.32354 ], [ 26.69594, 39.3235 ], [ 26.6959, 39.32346 ], [ 26.69585, 39.32341 ], [ 26.69584, 39.32339 ], [ 26.6958, 39.32331 ], [ 26.69579, 39.32327 ], [ 26.69577, 39.32321 ], [ 26.69569, 39.32323 ], [ 26.6956, 39.32324 ] ] ] ] } },
{ "type": "Feature", "properties": { "adaNo": "372", "fid": 4199, "label": "372" }, "geometry": { "type": "MultiPolygon", "coordinates": [ [ [ [ 26.69595, 39.32336 ], [ 26.69587, 39.32338 ], [ 26.69589, 39.32341 ], [ 26.69591, 39.32343 ], [ 26.69592, 39.32343 ], [ 26.69595, 39.32347 ], [ 26.69599, 39.3235 ], [ 26.69603, 39.32354 ], [ 26.69612, 39.32362 ], [ 26.69613, 39.32363 ], [ 26.69616, 39.32366 ], [ 26.69621, 39.3237 ], [ 26.69628, 39.32365 ], [ 26.69624, 39.32361 ], [ 26.69621, 39.32359 ], [ 26.6962, 39.32358 ], [ 26.69617, 39.32356 ], [ 26.69618, 39.32355 ], [ 26.69621, 39.32357 ], [ 26.69625, 39.3236 ], [ 26.6963, 39.32364 ], [ 26.69633, 39.32361 ], [ 26.69639, 39.32357 ], [ 26.69644, 39.32354 ], [ 26.69638, 39.32351 ], [ 26.69631, 39.32348 ], [ 26.69627, 39.32346 ], [ 26.69626, 39.32346 ], [ 26.69623, 39.32344 ], [ 26.69622, 39.32344 ], [ 26.6962, 39.32343 ], [ 26.69616, 39.32342 ], [ 26.69613, 39.32341 ], [ 26.69612, 39.3234 ], [ 26.69608, 39.32338 ], [ 26.69603, 39.32334 ], [ 26.69601, 39.32334 ], [ 26.69595, 39.32336 ] ] ] ] } },
{ "type": "Feature", "properties": { "adaNo": "176", "fid": 144, "label": "176" }, "geometry": { "type": "MultiPolygon", "coordinates": [ [ [ [ 26.69163, 39.31599 ], [ 26.69164, 39.31603 ], [ 26.69166, 39.31607 ], [ 26.69169, 39.31613 ], [ 26.6918, 39.3161 ], [ 26.6918, 39.31609 ], [ 26.6919, 39.31607 ], [ 26.692, 39.31604 ], [ 26.69197, 39.31597 ], [ 26.69195, 39.31593 ], [ 26.69192, 39.31588 ], [ 26.69163, 39.31599 ] ] ] ] } },
{ "type": "Feature", "properties": { "adaNo": "373", "fid": 4194, "label": "373" }, "geometry": { "type": "MultiPolygon", "coordinates": [ [ [ [ 26.696, 39.32324 ], [ 26.69599, 39.32319 ], [ 26.69588, 39.32321 ], [ 26.69581, 39.32322 ], [ 26.69584, 39.32331 ], [ 26.69584, 39.32334 ], [ 26.69585, 39.32336 ], [ 26.69586, 39.32336 ], [ 26.69594, 39.32334 ], [ 26.69601, 39.32331 ], [ 26.696, 39.3233 ], [ 26.696, 39.32328 ], [ 26.696, 39.32324 ] ] ] ] } },
{ "type": "Feature", "properties": { "adaNo": "177", "fid": 153, "label": "177" }, "geometry": { "type": "MultiPolygon", "coordinates": [ [ [ [ 26.69202, 39.31606 ], [ 26.69209, 39.31619 ], [ 26.69176, 39.31628 ], [ 26.6917, 39.31616 ], [ 26.69202, 39.31606 ] ] ] ] } },
{ "type": "Feature", "properties": { "adaNo": "374", "fid": 5085, "label": "374" }, "geometry": { "type": "MultiPolygon", "coordinates": [ [ [ [ 26.69549, 39.32282 ], [ 26.69547, 39.3229 ], [ 26.69548, 39.32295 ], [ 26.69549, 39.32298 ], [ 26.6955, 39.32302 ], [ 26.6955, 39.32307 ], [ 26.69551, 39.32312 ], [ 26.69552, 39.32316 ], [ 26.69553, 39.3232 ], [ 26.69554, 39.32323 ], [ 26.69564, 39.32321 ], [ 26.69569, 39.3232 ], [ 26.69576, 39.32319 ], [ 26.69574, 39.32311 ], [ 26.69573, 39.32307 ], [ 26.69572, 39.32302 ], [ 26.69571, 39.323 ], [ 26.69571, 39.32296 ], [ 26.6957, 39.3229 ], [ 26.69569, 39.32285 ], [ 26.69568, 39.32279 ], [ 26.6956, 39.3228 ], [ 26.69553, 39.32281 ], [ 26.6955, 39.32282 ], [ 26.69549, 39.32282 ] ] ] ] } },
{ "type": "Feature", "properties": { "adaNo": "178", "fid": 543, "label": "178" }, "geometry": { "type": "MultiPolygon", "coordinates": [ [ [ [ 26.69647, 39.31889 ], [ 26.69641, 39.31892 ], [ 26.69636, 39.31897 ], [ 26.69632, 39.31901 ], [ 26.69628, 39.31903 ], [ 26.69622, 39.31906 ], [ 26.69619, 39.31908 ], [ 26.69613, 39.31913 ], [ 26.6961, 39.31916 ], [ 26.69607, 39.31919 ], [ 26.6961, 39.31921 ], [ 26.69614, 39.31923 ], [ 26.69617, 39.31926 ], [ 26.69624, 39.31925 ], [ 26.69635, 39.31923 ], [ 26.69644, 39.31919 ], [ 26.69645, 39.31919 ], [ 26.69649, 39.31917 ], [ 26.69646, 39.31914 ], [ 26.69642, 39.31915 ], [ 26.6964, 39.31912 ], [ 26.69637, 39.31907 ], [ 26.69643, 39.31904 ], [ 26.69645, 39.31907 ], [ 26.69646, 39.31909 ], [ 26.69656, 39.31904 ], [ 26.69653, 39.319 ], [ 26.69652, 39.31898 ], [ 26.69652, 39.31897 ], [ 26.69647, 39.31889 ] ] ], [ [ [ 26.69651, 39.31909 ], [ 26.69651, 39.31911 ], [ 26.6965, 39.31911 ], [ 26.69653, 39.31915 ], [ 26.69655, 39.31914 ], [ 26.69661, 39.31912 ], [ 26.69659, 39.31909 ], [ 26.69658, 39.31907 ], [ 26.69657, 39.31906 ], [ 26.69651, 39.31909 ] ] ] ] } },
{ "type": "Feature", "properties": { "adaNo": "375", "fid": 1071, "label": "375" }, "geometry": { "type": "MultiPolygon", "coordinates": [ [ [ [ 26.69595, 39.32244 ], [ 26.696, 39.32243 ], [ 26.69607, 39.32242 ], [ 26.69603, 39.32232 ], [ 26.69602, 39.32227 ], [ 26.69596, 39.32228 ], [ 26.69591, 39.32229 ], [ 26.69585, 39.3223 ], [ 26.69578, 39.32231 ], [ 26.69569, 39.32233 ], [ 26.69563, 39.32234 ], [ 26.69565, 39.32238 ], [ 26.69566, 39.32243 ], [ 26.69568, 39.32249 ], [ 26.69577, 39.32247 ], [ 26.69583, 39.32246 ], [ 26.69585, 39.32246 ], [ 26.69595, 39.32244 ] ] ] ] } },
{ "type": "Feature", "properties": { "adaNo": "179", "fid": 602, "label": "179" }, "geometry": { "type": "MultiPolygon", "coordinates": [ [ [ [ 26.69638, 39.31925 ], [ 26.69633, 39.31926 ], [ 26.69628, 39.31929 ], [ 26.69632, 39.31934 ], [ 26.6964, 39.31941 ], [ 26.69645, 39.31946 ], [ 26.69647, 39.31947 ], [ 26.69653, 39.31947 ], [ 26.69661, 39.31944 ], [ 26.69665, 39.31944 ], [ 26.69669, 39.31943 ], [ 26.69675, 39.31941 ], [ 26.69673, 39.31937 ], [ 26.69672, 39.31933 ], [ 26.6967, 39.31928 ], [ 26.69667, 39.31923 ], [ 26.69666, 39.3192 ], [ 26.69664, 39.31917 ], [ 26.69662, 39.31913 ], [ 26.6965, 39.31919 ], [ 26.69642, 39.31922 ], [ 26.69638, 39.31925 ] ] ] ] } },
{ "type": "Feature", "properties": { "adaNo": "376", "fid": 4089, "label": "376" }, "geometry": { "type": "MultiPolygon", "coordinates": [ [ [ [ 26.69571, 39.32207 ], [ 26.69571, 39.32208 ], [ 26.69571, 39.32209 ], [ 26.69566, 39.3221 ], [ 26.69555, 39.32212 ], [ 26.69556, 39.32216 ], [ 26.69557, 39.32218 ], [ 26.69557, 39.3222 ], [ 26.6956, 39.3223 ], [ 26.69565, 39.3223 ], [ 26.69571, 39.32229 ], [ 26.69578, 39.32228 ], [ 26.69591, 39.32225 ], [ 26.69595, 39.32225 ], [ 26.69597, 39.32224 ], [ 26.69595, 39.32219 ], [ 26.69594, 39.32215 ], [ 26.69592, 39.32211 ], [ 26.69589, 39.32205 ], [ 26.69587, 39.322 ], [ 26.69585, 39.32194 ], [ 26.69583, 39.32189 ], [ 26.6958, 39.32183 ], [ 26.69575, 39.32184 ], [ 26.69569, 39.32185 ], [ 26.69563, 39.32186 ], [ 26.69563, 39.32185 ], [ 26.69562, 39.32185 ], [ 26.69555, 39.32187 ], [ 26.69548, 39.32188 ], [ 26.6955, 39.32195 ], [ 26.69551, 39.32198 ], [ 26.69553, 39.32203 ], [ 26.69554, 39.3221 ], [ 26.69563, 39.32209 ], [ 26.69569, 39.32208 ], [ 26.69571, 39.32207 ] ] ] ] } },
{ "type": "Feature", "properties": { "adaNo": "377", "fid": 4034, "label": "377" }, "geometry": { "type": "MultiPolygon", "coordinates": [ [ [ [ 26.6954, 39.32146 ], [ 26.69539, 39.32152 ], [ 26.69538, 39.32156 ], [ 26.69539, 39.32161 ], [ 26.6954, 39.32165 ], [ 26.69541, 39.32169 ], [ 26.69543, 39.32174 ], [ 26.69544, 39.32179 ], [ 26.69545, 39.32182 ], [ 26.69546, 39.32186 ], [ 26.69554, 39.32185 ], [ 26.69554, 39.32184 ], [ 26.69558, 39.32183 ], [ 26.69572, 39.32181 ], [ 26.69571, 39.32177 ], [ 26.69568, 39.3217 ], [ 26.69567, 39.32167 ], [ 26.69566, 39.32164 ], [ 26.69563, 39.3216 ], [ 26.69561, 39.32156 ], [ 26.69559, 39.32152 ], [ 26.69556, 39.32148 ], [ 26.69553, 39.32145 ], [ 26.6955, 39.32141 ], [ 26.69546, 39.32136 ], [ 26.69541, 39.32136 ], [ 26.6954, 39.32143 ], [ 26.6954, 39.32146 ] ] ] ] } },
{ "type": "Feature", "properties": { "adaNo": "378", "fid": 3982, "label": "378" }, "geometry": { "type": "MultiPolygon", "coordinates": [ [ [ [ 26.69467, 39.32104 ], [ 26.69467, 39.32106 ], [ 26.69466, 39.32106 ], [ 26.69465, 39.32114 ], [ 26.69465, 39.32123 ], [ 26.69466, 39.32127 ], [ 26.69468, 39.32131 ], [ 26.69477, 39.32129 ], [ 26.69482, 39.32128 ], [ 26.69483, 39.3213 ], [ 26.6948, 39.32131 ], [ 26.69469, 39.32132 ], [ 26.6947, 39.32136 ], [ 26.69473, 39.32139 ], [ 26.69474, 39.3214 ], [ 26.69475, 39.32141 ], [ 26.69479, 39.32145 ], [ 26.6948, 39.32148 ], [ 26.69481, 39.32151 ], [ 26.69481, 39.32152 ], [ 26.69481, 39.32153 ], [ 26.69481, 39.32157 ], [ 26.69481, 39.32162 ], [ 26.69482, 39.3217 ], [ 26.69491, 39.32169 ], [ 26.69495, 39.32168 ], [ 26.69501, 39.32167 ], [ 26.69506, 39.32166 ], [ 26.69517, 39.32164 ], [ 26.6952, 39.32164 ], [ 26.69517, 39.32157 ], [ 26.69515, 39.32152 ], [ 26.69513, 39.32147 ], [ 26.69512, 39.32143 ], [ 26.6951, 39.32137 ], [ 26.69507, 39.32138 ], [ 26.69506, 39.32134 ], [ 26.69509, 39.32134 ], [ 26.69512, 39.32134 ], [ 26.69514, 39.32139 ], [ 26.69517, 39.32147 ], [ 26.69518, 39.32152 ], [ 26.69519, 39.32154 ], [ 26.69519, 39.32155 ], [ 26.6952, 39.32155 ], [ 26.69522, 39.3216 ], [ 26.69523, 39.32163 ], [ 26.69528, 39.32163 ], [ 26.6953, 39.32162 ], [ 26.69535, 39.32162 ], [ 26.69534, 39.32156 ], [ 26.69534, 39.32155 ], [ 26.69533, 39.32146 ], [ 26.69536, 39.32141 ], [ 26.69536, 39.3214 ], [ 26.69536, 39.32139 ], [ 26.69536, 39.32136 ], [ 26.69535, 39.32132 ], [ 26.69535, 39.32126 ], [ 26.69534, 39.32122 ], [ 26.69533, 39.32116 ], [ 26.69533, 39.32111 ], [ 26.69533, 39.32106 ], [ 26.69526, 39.32106 ], [ 26.6952, 39.32107 ], [ 26.69516, 39.32107 ], [ 26.6951, 39.32107 ], [ 26.69498, 39.32108 ], [ 26.69491, 39.32108 ], [ 26.69485, 39.32109 ], [ 26.69487, 39.32116 ], [ 26.69489, 39.32119 ], [ 26.69505, 39.32117 ], [ 26.69505, 39.32118 ], [ 26.695, 39.32118 ], [ 26.6949, 39.3212 ], [ 26.6949, 39.32121 ], [ 26.69491, 39.32121 ], [ 26.69496, 39.32126 ], [ 26.69498, 39.32128 ], [ 26.69492, 39.32128 ], [ 26.69491, 39.32126 ], [ 26.69488, 39.32123 ], [ 26.69487, 39.3212 ], [ 26.69484, 39.32116 ], [ 26.69482, 39.32111 ], [ 26.6948, 39.32106 ], [ 26.69479, 39.32103 ], [ 26.69478, 39.321 ], [ 26.69476, 39.32095 ], [ 26.69471, 39.32094 ], [ 26.69469, 39.32096 ], [ 26.69468, 39.32099 ], [ 26.69467, 39.32104 ] ] ] ] } },
{ "type": "Feature", "properties": { "adaNo": "379", "fid": 3952, "label": "379" }, "geometry": { "type": "MultiPolygon", "coordinates": [ [ [ [ 26.69518, 39.32103 ], [ 26.69526, 39.32102 ], [ 26.69533, 39.32102 ], [ 26.69533, 39.32097 ], [ 26.69535, 39.32089 ], [ 26.69527, 39.32089 ], [ 26.6952, 39.32088 ], [ 26.69513, 39.32088 ], [ 26.69512, 39.32088 ], [ 26.69505, 39.32088 ], [ 26.69501, 39.32088 ], [ 26.69496, 39.32087 ], [ 26.69496, 39.32086 ], [ 26.69491, 39.32085 ], [ 26.69488, 39.32085 ], [ 26.6948, 39.32085 ], [ 26.6948, 39.3209 ], [ 26.69481, 39.32093 ], [ 26.69483, 39.32101 ], [ 26.69483, 39.32106 ], [ 26.69492, 39.32105 ], [ 26.69499, 39.32105 ], [ 26.69508, 39.32104 ], [ 26.69513, 39.32104 ], [ 26.69518, 39.32103 ] ] ] ] } },
{ "type": "Feature", "properties": { "adaNo": "182", "fid": 2841, "label": "182" }, "geometry": { "type": "MultiPolygon", "coordinates": [ [ [ [ 26.69207, 39.31702 ], [ 26.69191, 39.31702 ], [ 26.69176, 39.31703 ], [ 26.69176, 39.31711 ], [ 26.69177, 39.31713 ], [ 26.69177, 39.31722 ], [ 26.69177, 39.31729 ], [ 26.69201, 39.31729 ], [ 26.69204, 39.31729 ], [ 26.69205, 39.31723 ], [ 26.69206, 39.31713 ], [ 26.69206, 39.31709 ], [ 26.69207, 39.31702 ] ] ] ] } },
{ "type": "Feature", "properties": { "adaNo": "183", "fid": 2832, "label": "183" }, "geometry": { "type": "MultiPolygon", "coordinates": [ [ [ [ 26.69222, 39.31701 ], [ 26.69213, 39.31701 ], [ 26.69212, 39.31709 ], [ 26.69211, 39.31713 ], [ 26.69211, 39.31717 ], [ 26.69211, 39.31718 ], [ 26.69211, 39.31723 ], [ 26.6921, 39.31727 ], [ 26.6921, 39.3173 ], [ 26.69228, 39.31731 ], [ 26.69236, 39.31731 ], [ 26.69251, 39.31732 ], [ 26.6925, 39.31726 ], [ 26.6925, 39.31725 ], [ 26.6925, 39.31724 ], [ 26.6925, 39.31721 ], [ 26.6925, 39.3172 ], [ 26.69249, 39.31714 ], [ 26.69249, 39.31709 ], [ 26.69248, 39.31701 ], [ 26.69247, 39.317 ], [ 26.69231, 39.31701 ], [ 26.69222, 39.31701 ] ] ] ] } },
{ "type": "Feature", "properties": { "adaNo": "380", "fid": 3928, "label": "380" }, "geometry": { "type": "MultiPolygon", "coordinates": [ [ [ [ 26.69548, 39.32076 ], [ 26.69544, 39.32075 ], [ 26.6954, 39.32075 ], [ 26.69534, 39.32074 ], [ 26.69528, 39.32073 ], [ 26.69525, 39.32072 ], [ 26.69522, 39.32085 ], [ 26.69524, 39.32085 ], [ 26.69531, 39.32085 ], [ 26.6954, 39.32085 ], [ 26.69544, 39.32081 ], [ 26.69548, 39.32076 ] ] ] ] } },
{ "type": "Feature", "properties": { "adaNo": "184", "fid": 2923, "label": "184" }, "geometry": { "type": "MultiPolygon", "coordinates": [ [ [ [ 26.69221, 39.31733 ], [ 26.6921, 39.31733 ], [ 26.69209, 39.31737 ], [ 26.69209, 39.31742 ], [ 26.69208, 39.31745 ], [ 26.69224, 39.31746 ], [ 26.69226, 39.31746 ], [ 26.69226, 39.31747 ], [ 26.69226, 39.31748 ], [ 26.69224, 39.31748 ], [ 26.69208, 39.31747 ], [ 26.69207, 39.3176 ], [ 26.69222, 39.31761 ], [ 26.69232, 39.31761 ], [ 26.6924, 39.31762 ], [ 26.69242, 39.31748 ], [ 26.69242, 39.31739 ], [ 26.69242, 39.31734 ], [ 26.69221, 39.31733 ] ] ] ] } },
{ "type": "Feature", "properties": { "adaNo": "381", "fid": 3872, "label": "381" }, "geometry": { "type": "MultiPolygon", "coordinates": [ [ [ [ 26.69496, 39.32046 ], [ 26.69494, 39.32054 ], [ 26.69494, 39.32062 ], [ 26.69495, 39.32067 ], [ 26.69507, 39.32068 ], [ 26.69513, 39.32068 ], [ 26.69519, 39.32068 ], [ 26.69521, 39.32069 ], [ 26.69529, 39.3207 ], [ 26.69534, 39.32071 ], [ 26.6954, 39.32072 ], [ 26.6955, 39.32074 ], [ 26.69552, 39.32069 ], [ 26.69555, 39.32061 ], [ 26.69557, 39.32058 ], [ 26.69559, 39.32052 ], [ 26.69555, 39.3205 ], [ 26.69554, 39.3205 ], [ 26.69552, 39.32049 ], [ 26.6955, 39.32049 ], [ 26.69544, 39.32047 ], [ 26.69538, 39.32045 ], [ 26.69533, 39.32044 ], [ 26.69531, 39.32049 ], [ 26.6953, 39.32052 ], [ 26.69527, 39.32059 ], [ 26.69524, 39.32059 ], [ 26.69525, 39.32054 ], [ 26.6953, 39.32044 ], [ 26.69521, 39.32042 ], [ 26.6952, 39.32041 ], [ 26.69516, 39.3204 ], [ 26.69512, 39.32039 ], [ 26.695, 39.32036 ], [ 26.69498, 39.3204 ], [ 26.69496, 39.32046 ] ] ] ] } },
{ "type": "Feature", "properties": { "adaNo": "185", "fid": 3092, "label": "185" }, "geometry": { "type": "MultiPolygon", "coordinates": [ [ [ [ 26.69231, 39.31764 ], [ 26.69206, 39.31763 ], [ 26.69205, 39.31772 ], [ 26.69204, 39.3178 ], [ 26.69229, 39.31782 ], [ 26.6923, 39.31774 ], [ 26.69231, 39.31764 ] ] ] ] } },
{ "type": "Feature", "properties": { "adaNo": "382", "fid": 3794, "label": "382" }, "geometry": { "type": "MultiPolygon", "coordinates": [ [ [ [ 26.69571, 39.31998 ], [ 26.69568, 39.32 ], [ 26.69562, 39.32004 ], [ 26.69558, 39.32007 ], [ 26.69557, 39.32009 ], [ 26.6955, 39.32015 ], [ 26.69546, 39.32019 ], [ 26.69545, 39.3202 ], [ 26.69542, 39.32027 ], [ 26.6954, 39.3203 ], [ 26.69538, 39.32035 ], [ 26.69534, 39.32041 ], [ 26.69541, 39.32043 ], [ 26.69548, 39.32045 ], [ 26.6956, 39.32049 ], [ 26.69562, 39.32045 ], [ 26.69565, 39.3204 ], [ 26.69566, 39.32038 ], [ 26.69568, 39.32035 ], [ 26.6957, 39.32031 ], [ 26.69573, 39.32026 ], [ 26.69576, 39.32022 ], [ 26.69579, 39.32017 ], [ 26.69584, 39.32012 ], [ 26.69588, 39.32008 ], [ 26.69589, 39.32009 ], [ 26.69593, 39.32005 ], [ 26.69588, 39.32001 ], [ 26.69585, 39.31997 ], [ 26.6958, 39.31992 ], [ 26.69576, 39.31995 ], [ 26.69572, 39.31997 ], [ 26.69571, 39.31998 ] ] ] ] } },
{ "type": "Feature", "properties": { "adaNo": "186", "fid": 3182, "label": "186" }, "geometry": { "type": "MultiPolygon", "coordinates": [ [ [ [ 26.69249, 39.31804 ], [ 26.69255, 39.31804 ], [ 26.6926, 39.31804 ], [ 26.69265, 39.31804 ], [ 26.69265, 39.31803 ], [ 26.69274, 39.31804 ], [ 26.69275, 39.31796 ], [ 26.69275, 39.31787 ], [ 26.6927, 39.31787 ], [ 26.69265, 39.31786 ], [ 26.69258, 39.31786 ], [ 26.69249, 39.31786 ], [ 26.69234, 39.31785 ], [ 26.69215, 39.31784 ], [ 26.69214, 39.31791 ], [ 26.69212, 39.31802 ], [ 26.69249, 39.31804 ] ] ] ] } },
{ "type": "Feature", "properties": { "adaNo": "383", "fid": 5036, "label": "383" }, "geometry": { "type": "MultiPolygon", "coordinates": [ [ [ [ 26.69541, 39.31982 ], [ 26.6954, 39.31982 ], [ 26.69543, 39.31986 ], [ 26.69544, 39.31985 ], [ 26.69547, 39.3199 ], [ 26.69548, 39.3199 ], [ 26.69545, 39.31991 ], [ 26.69542, 39.31987 ], [ 26.69539, 39.31983 ], [ 26.6953, 39.31975 ], [ 26.69523, 39.3198 ], [ 26.69523, 39.31981 ], [ 26.69521, 39.31984 ], [ 26.69518, 39.3199 ], [ 26.69521, 39.31992 ], [ 26.69524, 39.31996 ], [ 26.69526, 39.31997 ], [ 26.69523, 39.31999 ], [ 26.69526, 39.32002 ], [ 26.69524, 39.32003 ], [ 26.6953, 39.32007 ], [ 26.69529, 39.32008 ], [ 26.69524, 39.32004 ], [ 26.69518, 39.32001 ], [ 26.69519, 39.31999 ], [ 26.69515, 39.31996 ], [ 26.69512, 39.31999 ], [ 26.69506, 39.32005 ], [ 26.69501, 39.32008 ], [ 26.69497, 39.32011 ], [ 26.69493, 39.32015 ], [ 26.69488, 39.32021 ], [ 26.69485, 39.32029 ], [ 26.69491, 39.32031 ], [ 26.69496, 39.32033 ], [ 26.695, 39.32026 ], [ 26.69502, 39.32024 ], [ 26.69503, 39.32021 ], [ 26.69504, 39.3202 ], [ 26.69517, 39.32022 ], [ 26.69525, 39.32024 ], [ 26.69529, 39.32029 ], [ 26.69523, 39.32028 ], [ 26.69517, 39.32027 ], [ 26.69515, 39.32026 ], [ 26.69512, 39.32026 ], [ 26.69505, 39.32024 ], [ 26.69502, 39.32028 ], [ 26.69499, 39.32033 ], [ 26.69503, 39.32035 ], [ 26.69503, 39.32034 ], [ 26.69507, 39.32036 ], [ 26.69512, 39.32037 ], [ 26.69518, 39.32038 ], [ 26.69523, 39.3204 ], [ 26.69523, 39.32039 ], [ 26.69531, 39.32041 ], [ 26.69536, 39.32031 ], [ 26.69544, 39.32015 ], [ 26.69547, 39.32012 ], [ 26.69566, 39.31997 ], [ 26.69574, 39.31993 ], [ 26.69577, 39.3199 ], [ 26.69573, 39.31985 ], [ 26.69567, 39.31978 ], [ 26.69565, 39.31974 ], [ 26.69563, 39.31972 ], [ 26.69559, 39.31968 ], [ 26.69553, 39.31962 ], [ 26.69548, 39.31964 ], [ 26.6955, 39.31966 ], [ 26.69548, 39.31966 ], [ 26.69547, 39.31965 ], [ 26.69545, 39.31965 ], [ 26.69539, 39.31969 ], [ 26.69532, 39.31973 ], [ 26.69537, 39.31978 ], [ 26.69541, 39.31982 ] ] ] ] } },
{ "type": "Feature", "properties": { "adaNo": "187", "fid": 3290, "label": "187" }, "geometry": { "type": "MultiPolygon", "coordinates": [ [ [ [ 26.69247, 39.31812 ], [ 26.69248, 39.31806 ], [ 26.6924, 39.31806 ], [ 26.69212, 39.31804 ], [ 26.69206, 39.31804 ], [ 26.69206, 39.31812 ], [ 26.69213, 39.31812 ], [ 26.69213, 39.31821 ], [ 26.69214, 39.31836 ], [ 26.69208, 39.31838 ], [ 26.69205, 39.31839 ], [ 26.69207, 39.31842 ], [ 26.6921, 39.31848 ], [ 26.69211, 39.31849 ], [ 26.69213, 39.3185 ], [ 26.69226, 39.31846 ], [ 26.69236, 39.31842 ], [ 26.69236, 39.31843 ], [ 26.69246, 39.3184 ], [ 26.69251, 39.31839 ], [ 26.6925, 39.31829 ], [ 26.69244, 39.31829 ], [ 26.69243, 39.31826 ], [ 26.69245, 39.31818 ], [ 26.69247, 39.31812 ] ] ] ] } },
{ "type": "Feature", "properties": { "adaNo": "384", "fid": 5012, "label": "38 → 384" }, "geometry": { "type": "MultiPolygon", "coordinates": [ [ [ [ 26.69513, 39.31958 ], [ 26.6951, 39.31962 ], [ 26.69512, 39.31966 ], [ 26.69514, 39.31969 ], [ 26.69516, 39.31972 ], [ 26.6952, 39.31979 ], [ 26.69527, 39.31973 ], [ 26.69533, 39.31968 ], [ 26.69523, 39.31963 ], [ 26.69521, 39.31962 ], [ 26.69513, 39.31958 ] ] ] ] } },
{ "type": "Feature", "properties": { "adaNo": "188", "fid": 3418, "label": "188" }, "geometry": { "type": "MultiPolygon", "coordinates": [ [ [ [ 26.69187, 39.31844 ], [ 26.69177, 39.31847 ], [ 26.69172, 39.31849 ], [ 26.69168, 39.3185 ], [ 26.6916, 39.31853 ], [ 26.69145, 39.31859 ], [ 26.69149, 39.31866 ], [ 26.69153, 39.31872 ], [ 26.69168, 39.31867 ], [ 26.69169, 39.31867 ], [ 26.69172, 39.31866 ], [ 26.69175, 39.31864 ], [ 26.6918, 39.31863 ], [ 26.69185, 39.31861 ], [ 26.69195, 39.31857 ], [ 26.69187, 39.31844 ] ] ] ] } },
{ "type": "Feature", "properties": { "adaNo": "385", "fid": 634, "label": "385" }, "geometry": { "type": "MultiPolygon", "coordinates": [ [ [ [ 26.69533, 39.31941 ], [ 26.69539, 39.31939 ], [ 26.6954, 39.3194 ], [ 26.69532, 39.31944 ], [ 26.69531, 39.31942 ], [ 26.69529, 39.31943 ], [ 26.69526, 39.31939 ], [ 26.69528, 39.31938 ], [ 26.69528, 39.31937 ], [ 26.69527, 39.31934 ], [ 26.69525, 39.3193 ], [ 26.69522, 39.31926 ], [ 26.69516, 39.31928 ], [ 26.6951, 39.31931 ], [ 26.69506, 39.31933 ], [ 26.69502, 39.31936 ], [ 26.69495, 39.3194 ], [ 26.69486, 39.31947 ], [ 26.69491, 39.31949 ], [ 26.69497, 39.31951 ], [ 26.69501, 39.31952 ], [ 26.69505, 39.31953 ], [ 26.69506, 39.31953 ], [ 26.69511, 39.31955 ], [ 26.69519, 39.31958 ], [ 26.6952, 39.31958 ], [ 26.69523, 39.31959 ], [ 26.69529, 39.31962 ], [ 26.69536, 39.31957 ], [ 26.69537, 39.31958 ], [ 26.69531, 39.31963 ], [ 26.69533, 39.31964 ], [ 26.69537, 39.31966 ], [ 26.69542, 39.31963 ], [ 26.69547, 39.31961 ], [ 26.69555, 39.31958 ], [ 26.69556, 39.31958 ], [ 26.69565, 39.31955 ], [ 26.6957, 39.31953 ], [ 26.69561, 39.31945 ], [ 26.69558, 39.31942 ], [ 26.69555, 39.31939 ], [ 26.6955, 39.31935 ], [ 26.69546, 39.31932 ], [ 26.69543, 39.3193 ], [ 26.69539, 39.31927 ], [ 26.69537, 39.31926 ], [ 26.6953, 39.31922 ], [ 26.69525, 39.31925 ], [ 26.69528, 39.3193 ], [ 26.69531, 39.31936 ], [ 26.69533, 39.31941 ] ] ] ] } },
{ "type": "Feature", "properties": { "adaNo": "189", "fid": 3474, "label": "189" }, "geometry": { "type": "MultiPolygon", "coordinates": [ [ [ [ 26.69141, 39.3186 ], [ 26.69121, 39.31867 ], [ 26.69125, 39.31874 ], [ 26.69129, 39.31881 ], [ 26.69149, 39.31874 ], [ 26.69145, 39.31867 ], [ 26.69141, 39.3186 ] ] ] ] } },
{ "type": "Feature", "properties": { "adaNo": "386", "fid": 526, "label": "386" }, "geometry": { "type": "MultiPolygon", "coordinates": [ [ [ [ 26.69517, 39.31893 ], [ 26.69505, 39.31898 ], [ 26.69511, 39.31904 ], [ 26.69517, 39.31907 ], [ 26.69518, 39.31908 ], [ 26.69522, 39.3191 ], [ 26.69523, 39.31908 ], [ 26.69527, 39.31911 ], [ 26.69532, 39.31914 ], [ 26.69531, 39.31915 ], [ 26.69526, 39.31918 ], [ 26.69528, 39.31921 ], [ 26.69531, 39.3192 ], [ 26.69538, 39.31914 ], [ 26.69542, 39.31913 ], [ 26.69546, 39.31911 ], [ 26.69546, 39.31912 ], [ 26.69545, 39.31916 ], [ 26.69544, 39.31917 ], [ 26.69543, 39.31918 ], [ 26.69539, 39.31916 ], [ 26.69535, 39.31919 ], [ 26.69533, 39.31921 ], [ 26.69537, 39.31924 ], [ 26.69538, 39.31923 ], [ 26.69541, 39.31926 ], [ 26.69545, 39.31927 ], [ 26.69551, 39.31931 ], [ 26.69552, 39.31932 ], [ 26.69553, 39.31933 ], [ 26.69556, 39.31936 ], [ 26.6956, 39.3194 ], [ 26.69563, 39.31943 ], [ 26.69567, 39.31946 ], [ 26.69573, 39.3195 ], [ 26.69578, 39.31946 ], [ 26.69579, 39.31946 ], [ 26.69581, 39.31942 ], [ 26.6958, 39.31942 ], [ 26.69582, 39.31938 ], [ 26.69587, 39.31933 ], [ 26.6959, 39.31929 ], [ 26.69595, 39.31923 ], [ 26.69588, 39.31919 ], [ 26.69585, 39.31918 ], [ 26.6958, 39.31915 ], [ 26.69576, 39.31913 ], [ 26.6957, 39.31911 ], [ 26.69564, 39.31909 ], [ 26.69563, 39.31908 ], [ 26.69559, 39.31905 ], [ 26.69557, 39.31904 ], [ 26.69556, 39.31903 ], [ 26.69556, 39.31902 ], [ 26.69553, 39.31899 ], [ 26.6955, 39.31895 ], [ 26.69544, 39.31892 ], [ 26.6954, 39.31889 ], [ 26.69531, 39.31884 ], [ 26.69526, 39.31887 ], [ 26.69521, 39.3189 ], [ 26.69517, 39.31893 ] ] ] ] } },
{ "type": "Feature", "properties": { "adaNo": "387", "fid": 464, "label": "387" }, "geometry": { "type": "MultiPolygon", "coordinates": [ [ [ [ 26.69585, 39.31861 ], [ 26.6957, 39.31865 ], [ 26.69578, 39.31871 ], [ 26.69586, 39.31875 ], [ 26.69596, 39.31877 ], [ 26.69596, 39.31878 ], [ 26.69601, 39.31879 ], [ 26.69601, 39.3188 ], [ 26.69601, 39.31882 ], [ 26.69597, 39.31883 ], [ 26.69596, 39.31882 ], [ 26.69588, 39.31878 ], [ 26.69579, 39.31874 ], [ 26.69572, 39.31871 ], [ 26.69568, 39.3187 ], [ 26.69563, 39.31866 ], [ 26.69559, 39.31867 ], [ 26.69551, 39.31869 ], [ 26.69543, 39.31873 ], [ 26.69539, 39.31876 ], [ 26.69534, 39.31881 ], [ 26.69535, 39.31882 ], [ 26.69542, 39.31886 ], [ 26.69546, 39.31888 ], [ 26.69549, 39.3189 ], [ 26.69554, 39.31893 ], [ 26.69557, 39.31898 ], [ 26.6956, 39.31901 ], [ 26.69567, 39.31907 ], [ 26.69567, 39.31906 ], [ 26.69568, 39.31905 ], [ 26.69569, 39.31906 ], [ 26.69568, 39.31907 ], [ 26.69571, 39.31907 ], [ 26.69575, 39.31909 ], [ 26.69578, 39.3191 ], [ 26.69581, 39.31912 ], [ 26.69583, 39.31912 ], [ 26.69587, 39.31915 ], [ 26.69593, 39.31918 ], [ 26.69597, 39.31921 ], [ 26.69601, 39.31918 ], [ 26.69603, 39.31916 ], [ 26.69609, 39.31912 ], [ 26.69616, 39.31906 ], [ 26.69621, 39.31903 ], [ 26.69624, 39.319 ], [ 26.69631, 39.31895 ], [ 26.6964, 39.31888 ], [ 26.69636, 39.31885 ], [ 26.69631, 39.31883 ], [ 26.69628, 39.31881 ], [ 26.69623, 39.31877 ], [ 26.6962, 39.31875 ], [ 26.69619, 39.31874 ], [ 26.69618, 39.31873 ], [ 26.69618, 39.31871 ], [ 26.6961, 39.31866 ], [ 26.69603, 39.31862 ], [ 26.69601, 39.31862 ], [ 26.69599, 39.31857 ], [ 26.6959, 39.3186 ], [ 26.69585, 39.31861 ] ] ] ] } },
{ "type": "Feature", "properties": { "adaNo": "388", "fid": 3781, "label": "114 → 388" }, "geometry": { "type": "MultiPolygon", "coordinates": [ [ [ [ 26.69701, 39.31989 ], [ 26.69701, 39.31987 ], [ 26.69696, 39.31987 ], [ 26.69692, 39.31987 ], [ 26.69692, 39.31988 ], [ 26.69686, 39.31989 ], [ 26.69683, 39.3199 ], [ 26.69677, 39.31994 ], [ 26.69685, 39.32005 ], [ 26.69686, 39.32005 ], [ 26.69688, 39.32007 ], [ 26.69682, 39.32011 ], [ 26.69673, 39.32016 ], [ 26.69675, 39.32019 ], [ 26.69677, 39.32021 ], [ 26.6968, 39.32024 ], [ 26.69683, 39.32026 ], [ 26.69692, 39.32023 ], [ 26.69701, 39.3202 ], [ 26.69703, 39.32002 ], [ 26.69702, 39.31993 ], [ 26.69701, 39.31989 ] ] ] ] } },
{ "type": "Feature", "properties": { "adaNo": "389", "fid": 4744, "label": "389" }, "geometry": { "type": "MultiPolygon", "coordinates": [ [ [ [ 26.69427, 39.3143 ], [ 26.69432, 39.31435 ], [ 26.69433, 39.31437 ], [ 26.69435, 39.31439 ], [ 26.69429, 39.31443 ], [ 26.69427, 39.3144 ], [ 26.69421, 39.31433 ], [ 26.69417, 39.31436 ], [ 26.69413, 39.31439 ], [ 26.69418, 39.31445 ], [ 26.69421, 39.31448 ], [ 26.69421, 39.31449 ], [ 26.69425, 39.31453 ], [ 26.69429, 39.31459 ], [ 26.6943, 39.3146 ], [ 26.69434, 39.31465 ], [ 26.69435, 39.31467 ], [ 26.69439, 39.31472 ], [ 26.69447, 39.3147 ], [ 26.69456, 39.31466 ], [ 26.69461, 39.31465 ], [ 26.69467, 39.31463 ], [ 26.69461, 39.31452 ], [ 26.69458, 39.31446 ], [ 26.69453, 39.31437 ], [ 26.6945, 39.31432 ], [ 26.69449, 39.3143 ], [ 26.69448, 39.31428 ], [ 26.69447, 39.31427 ], [ 26.69443, 39.3142 ], [ 26.69434, 39.31425 ], [ 26.69431, 39.31427 ], [ 26.69427, 39.3143 ] ], [ [ 26.69436, 39.31438 ], [ 26.69436, 39.31439 ], [ 26.69435, 39.31439 ], [ 26.69436, 39.31438 ] ] ] ] } },
{ "type": "Feature", "properties": { "adaNo": "270", "fid": 3212, "label": "270" }, "geometry": { "type": "MultiPolygon", "coordinates": [ [ [ [ 26.69957, 39.31795 ], [ 26.69952, 39.31795 ], [ 26.69937, 39.31795 ], [ 26.69937, 39.31804 ], [ 26.69937, 39.31807 ], [ 26.69937, 39.31813 ], [ 26.69947, 39.31813 ], [ 26.69952, 39.31812 ], [ 26.6996, 39.31812 ], [ 26.69959, 39.31807 ], [ 26.6996, 39.31807 ], [ 26.69959, 39.31803 ], [ 26.69958, 39.31803 ], [ 26.69957, 39.31795 ] ] ] ] } },
{ "type": "Feature", "properties": { "adaNo": "272", "fid": 3226, "label": "272" }, "geometry": { "type": "MultiPolygon", "coordinates": [ [ [ [ 26.69923, 39.31799 ], [ 26.69906, 39.31802 ], [ 26.69906, 39.31803 ], [ 26.69905, 39.31814 ], [ 26.69913, 39.31814 ], [ 26.69913, 39.31813 ], [ 26.69916, 39.31813 ], [ 26.69921, 39.31813 ], [ 26.69927, 39.31813 ], [ 26.6993, 39.31813 ], [ 26.69935, 39.31813 ], [ 26.69934, 39.31805 ], [ 26.69933, 39.31798 ], [ 26.69923, 39.31799 ] ] ] ] } },
{ "type": "Feature", "properties": { "adaNo": "273", "fid": 3083, "label": "273" }, "geometry": { "type": "MultiPolygon", "coordinates": [ [ [ [ 26.69935, 39.31767 ], [ 26.69935, 39.31766 ], [ 26.69929, 39.31767 ], [ 26.69926, 39.31767 ], [ 26.69923, 39.31767 ], [ 26.69919, 39.31766 ], [ 26.69912, 39.31766 ], [ 26.69911, 39.31772 ], [ 26.6991, 39.31779 ], [ 26.69908, 39.31786 ], [ 26.69908, 39.31787 ], [ 26.69907, 39.31791 ], [ 26.69908, 39.31791 ], [ 26.69907, 39.31795 ], [ 26.69906, 39.31799 ], [ 26.69916, 39.31798 ], [ 26.69917, 39.31798 ], [ 26.69931, 39.31795 ], [ 26.6993, 39.31788 ], [ 26.69932, 39.31781 ], [ 26.69934, 39.31775 ], [ 26.69934, 39.31771 ], [ 26.69935, 39.31767 ] ] ] ] } },
{ "type": "Feature", "properties": { "adaNo": "274", "fid": 3231, "label": "274" }, "geometry": { "type": "MultiPolygon", "coordinates": [ [ [ [ 26.69885, 39.31806 ], [ 26.69885, 39.31813 ], [ 26.69893, 39.31814 ], [ 26.69901, 39.31814 ], [ 26.69901, 39.31808 ], [ 26.69901, 39.31802 ], [ 26.69894, 39.31801 ], [ 26.69894, 39.31802 ], [ 26.69885, 39.31801 ], [ 26.69885, 39.31806 ] ] ] ] } },
{ "type": "Feature", "properties": { "adaNo": "275", "fid": 3072, "label": "275" }, "geometry": { "type": "MultiPolygon", "coordinates": [ [ [ [ 26.69886, 39.31777 ], [ 26.69886, 39.31786 ], [ 26.69885, 39.31792 ], [ 26.69886, 39.31795 ], [ 26.69886, 39.31799 ], [ 26.69892, 39.31799 ], [ 26.69894, 39.31799 ], [ 26.69898, 39.318 ], [ 26.69902, 39.318 ], [ 26.69902, 39.31796 ], [ 26.69903, 39.31792 ], [ 26.69904, 39.31789 ], [ 26.69905, 39.31783 ], [ 26.69906, 39.3178 ], [ 26.69906, 39.31778 ], [ 26.69907, 39.31774 ], [ 26.69907, 39.31772 ], [ 26.69908, 39.31765 ], [ 26.69899, 39.31765 ], [ 26.69893, 39.31764 ], [ 26.69887, 39.31763 ], [ 26.69886, 39.31769 ], [ 26.69886, 39.31776 ], [ 26.69886, 39.31777 ] ] ] ] } },
{ "type": "Feature", "properties": { "adaNo": "276", "fid": 3075, "label": "276" }, "geometry": { "type": "MultiPolygon", "coordinates": [ [ [ [ 26.6986, 39.31771 ], [ 26.6986, 39.31776 ], [ 26.6986, 39.3178 ], [ 26.6986, 39.31785 ], [ 26.6986, 39.3179 ], [ 26.6986, 39.31796 ], [ 26.69866, 39.31797 ], [ 26.69871, 39.31797 ], [ 26.69872, 39.31797 ], [ 26.69881, 39.31798 ], [ 26.69881, 39.31794 ], [ 26.69881, 39.3179 ], [ 26.69881, 39.31784 ], [ 26.69882, 39.31782 ], [ 26.69882, 39.31777 ], [ 26.69882, 39.31769 ], [ 26.69883, 39.31763 ], [ 26.69877, 39.31762 ], [ 26.69874, 39.31762 ], [ 26.69864, 39.31763 ], [ 26.6986, 39.31763 ], [ 26.6986, 39.31771 ] ] ] ] } },
{ "type": "Feature", "properties": { "adaNo": "277", "fid": 3055, "label": "277" }, "geometry": { "type": "MultiPolygon", "coordinates": [ [ [ [ 26.69836, 39.31761 ], [ 26.69831, 39.3176 ], [ 26.69825, 39.31758 ], [ 26.69818, 39.31757 ], [ 26.69815, 39.31764 ], [ 26.69813, 39.31767 ], [ 26.69812, 39.3177 ], [ 26.69825, 39.31773 ], [ 26.69824, 39.31775 ], [ 26.69818, 39.31774 ], [ 26.69811, 39.31772 ], [ 26.69809, 39.31777 ], [ 26.69806, 39.31782 ], [ 26.69814, 39.31784 ], [ 26.69817, 39.31785 ], [ 26.6982, 39.31786 ], [ 26.69828, 39.31787 ], [ 26.69834, 39.31789 ], [ 26.69837, 39.3179 ], [ 26.69844, 39.31791 ], [ 26.6985, 39.31792 ], [ 26.69855, 39.31793 ], [ 26.69855, 39.31786 ], [ 26.69855, 39.31779 ], [ 26.69855, 39.31776 ], [ 26.69856, 39.31776 ], [ 26.69856, 39.31769 ], [ 26.69856, 39.31763 ], [ 26.69848, 39.31763 ], [ 26.69844, 39.31763 ], [ 26.69836, 39.31761 ] ] ] ] } },
{ "type": "Feature", "properties": { "adaNo": "278", "fid": 2863, "label": "278" }, "geometry": { "type": "MultiPolygon", "coordinates": [ [ [ [ 26.69823, 39.31714 ], [ 26.69817, 39.31713 ], [ 26.69811, 39.31713 ], [ 26.69811, 39.3172 ], [ 26.69811, 39.31725 ], [ 26.69811, 39.31726 ], [ 26.69811, 39.3173 ], [ 26.6981, 39.31734 ], [ 26.6981, 39.31739 ], [ 26.6981, 39.31742 ], [ 26.69809, 39.31745 ], [ 26.69808, 39.3175 ], [ 26.69815, 39.31751 ], [ 26.69819, 39.31752 ], [ 26.69827, 39.31752 ], [ 26.69834, 39.31753 ], [ 26.69841, 39.31754 ], [ 26.69845, 39.31754 ], [ 26.69846, 39.31747 ], [ 26.69846, 39.31742 ], [ 26.69847, 39.31741 ], [ 26.69844, 39.31734 ], [ 26.69844, 39.31733 ], [ 26.69844, 39.3173 ], [ 26.69844, 39.31727 ], [ 26.69844, 39.31725 ], [ 26.69842, 39.31718 ], [ 26.69834, 39.31716 ], [ 26.69829, 39.31714 ], [ 26.69823, 39.31714 ] ] ] ] } },
{ "type": "Feature", "properties": { "adaNo": "279", "fid": 2826, "label": "279" }, "geometry": { "type": "MultiPolygon", "coordinates": [ [ [ [ 26.69802, 39.31662 ], [ 26.69803, 39.31668 ], [ 26.69803, 39.31671 ], [ 26.69804, 39.31674 ], [ 26.69805, 39.31679 ], [ 26.69806, 39.31683 ], [ 26.69806, 39.31686 ], [ 26.69807, 39.31689 ], [ 26.69808, 39.31692 ], [ 26.69809, 39.31697 ], [ 26.69809, 39.31702 ], [ 26.6981, 39.31705 ], [ 26.6981, 39.3171 ], [ 26.6982, 39.31709 ], [ 26.69823, 39.31709 ], [ 26.6983, 39.31709 ], [ 26.69829, 39.31701 ], [ 26.69827, 39.31695 ], [ 26.69825, 39.3169 ], [ 26.69823, 39.31687 ], [ 26.69821, 39.3168 ], [ 26.6982, 39.31675 ], [ 26.69818, 39.31671 ], [ 26.69816, 39.31665 ], [ 26.69814, 39.3166 ], [ 26.69814, 39.31657 ], [ 26.69811, 39.31657 ], [ 26.69811, 39.31653 ], [ 26.69801, 39.31652 ], [ 26.69801, 39.31657 ], [ 26.69802, 39.31662 ] ] ] ] } },
{ "type": "Feature", "properties": { "adaNo": "151", "fid": 1678, "label": "151" }, "geometry": { "type": "MultiPolygon", "coordinates": [ [ [ [ 26.69463, 39.31284 ], [ 26.69457, 39.31286 ], [ 26.69452, 39.31288 ], [ 26.69449, 39.31289 ], [ 26.69445, 39.3129 ], [ 26.6944, 39.31292 ], [ 26.69437, 39.31293 ], [ 26.69433, 39.31295 ], [ 26.69426, 39.31297 ], [ 26.69424, 39.31298 ], [ 26.69418, 39.313 ], [ 26.69413, 39.31302 ], [ 26.69409, 39.31304 ], [ 26.69403, 39.31306 ], [ 26.69393, 39.3131 ], [ 26.69385, 39.31313 ], [ 26.69375, 39.31317 ], [ 26.6937, 39.31319 ], [ 26.69365, 39.31322 ], [ 26.69364, 39.31324 ], [ 26.69369, 39.31325 ], [ 26.6937, 39.31325 ], [ 26.69372, 39.31326 ], [ 26.69379, 39.31324 ], [ 26.69383, 39.31323 ], [ 26.69387, 39.31321 ], [ 26.69397, 39.31318 ], [ 26.69396, 39.31318 ], [ 26.69407, 39.31314 ], [ 26.69413, 39.31313 ], [ 26.69417, 39.31311 ], [ 26.69422, 39.3131 ], [ 26.69429, 39.31307 ], [ 26.69438, 39.31305 ], [ 26.69443, 39.31304 ], [ 26.69447, 39.31304 ], [ 26.69453, 39.31302 ], [ 26.69456, 39.31299 ], [ 26.69459, 39.31297 ], [ 26.69463, 39.31293 ], [ 26.69468, 39.31289 ], [ 26.69473, 39.31285 ], [ 26.6947, 39.31281 ], [ 26.69463, 39.31284 ] ] ] ] } },
{ "type": "Feature", "properties": { "adaNo": "152", "fid": 1866, "label": "152" }, "geometry": { "type": "MultiPolygon", "coordinates": [ [ [ [ 26.69351, 39.31332 ], [ 26.69348, 39.31334 ], [ 26.69346, 39.31335 ], [ 26.69343, 39.31337 ], [ 26.6934, 39.31339 ], [ 26.69336, 39.31341 ], [ 26.69333, 39.31343 ], [ 26.6933, 39.31346 ], [ 26.69327, 39.31348 ], [ 26.69327, 39.31347 ], [ 26.69317, 39.31354 ], [ 26.69316, 39.31354 ], [ 26.69322, 39.31363 ], [ 26.69324, 39.31364 ], [ 26.69327, 39.3137 ], [ 26.69332, 39.31366 ], [ 26.69336, 39.31364 ], [ 26.6934, 39.31361 ], [ 26.69345, 39.31356 ], [ 26.6935, 39.31353 ], [ 26.69353, 39.31351 ], [ 26.69357, 39.31348 ], [ 26.69361, 39.31345 ], [ 26.69365, 39.31342 ], [ 26.69369, 39.31339 ], [ 26.69376, 39.31335 ], [ 26.69372, 39.31332 ], [ 26.69369, 39.3133 ], [ 26.69368, 39.31329 ], [ 26.69358, 39.31327 ], [ 26.69354, 39.31329 ], [ 26.69352, 39.31331 ], [ 26.69351, 39.31332 ] ] ] ] } },
{ "type": "Feature", "properties": { "adaNo": "470", "fid": 3342, "label": "470" }, "geometry": { "type": "MultiPolygon", "coordinates": [ [ [ [ 26.69801, 39.3183 ], [ 26.69797, 39.31831 ], [ 26.69792, 39.31832 ], [ 26.6979, 39.31832 ], [ 26.69781, 39.31834 ], [ 26.69773, 39.31835 ], [ 26.69766, 39.31836 ], [ 26.69761, 39.31837 ], [ 26.69755, 39.31839 ], [ 26.69756, 39.31841 ], [ 26.69751, 39.31843 ], [ 26.6975, 39.3184 ], [ 26.69743, 39.31843 ], [ 26.69744, 39.31847 ], [ 26.69751, 39.31847 ], [ 26.69751, 39.31852 ], [ 26.6976, 39.31853 ], [ 26.69766, 39.31854 ], [ 26.69771, 39.31855 ], [ 26.69776, 39.31856 ], [ 26.69782, 39.31857 ], [ 26.69788, 39.31858 ], [ 26.69792, 39.31859 ], [ 26.69797, 39.31861 ], [ 26.69804, 39.31862 ], [ 26.69811, 39.31864 ], [ 26.69818, 39.31866 ], [ 26.69824, 39.31868 ], [ 26.69827, 39.31857 ], [ 26.69827, 39.31851 ], [ 26.69827, 39.31845 ], [ 26.69828, 39.31845 ], [ 26.69828, 39.31843 ], [ 26.69827, 39.31837 ], [ 26.69827, 39.31832 ], [ 26.69826, 39.3183 ], [ 26.69826, 39.31826 ], [ 26.69825, 39.31825 ], [ 26.69815, 39.31827 ], [ 26.69814, 39.31827 ], [ 26.69806, 39.31829 ], [ 26.69801, 39.3183 ] ], [ [ 26.69814, 39.31851 ], [ 26.69813, 39.31856 ], [ 26.69813, 39.31853 ], [ 26.69814, 39.31851 ] ] ] ] } },
{ "type": "Feature", "properties": { "adaNo": "153", "fid": 1800, "label": "153" }, "geometry": { "type": "MultiPolygon", "coordinates": [ [ [ [ 26.69349, 39.31329 ], [ 26.69354, 39.31325 ], [ 26.69351, 39.31324 ], [ 26.69344, 39.31321 ], [ 26.69339, 39.31318 ], [ 26.69332, 39.31316 ], [ 26.69326, 39.31313 ], [ 26.69322, 39.3132 ], [ 26.69319, 39.31326 ], [ 26.69316, 39.31331 ], [ 26.69315, 39.31332 ], [ 26.69316, 39.31332 ], [ 26.69313, 39.31338 ], [ 26.69311, 39.31342 ], [ 26.6931, 39.31346 ], [ 26.69314, 39.31352 ], [ 26.6932, 39.31348 ], [ 26.69324, 39.31345 ], [ 26.6933, 39.31341 ], [ 26.69336, 39.31337 ], [ 26.6934, 39.31334 ], [ 26.69344, 39.31332 ], [ 26.69349, 39.31329 ] ] ] ] } },
{ "type": "Feature", "properties": { "adaNo": "471", "fid": 329, "label": "471" }, "geometry": { "type": "MultiPolygon", "coordinates": [ [ [ [ 26.69787, 39.31813 ], [ 26.69777, 39.31807 ], [ 26.69774, 39.31813 ], [ 26.69769, 39.31822 ], [ 26.69768, 39.31823 ], [ 26.69768, 39.31832 ], [ 26.69776, 39.31831 ], [ 26.69787, 39.31829 ], [ 26.69795, 39.31828 ], [ 26.69797, 39.31827 ], [ 26.69817, 39.31822 ], [ 26.69816, 39.31821 ], [ 26.69815, 39.3182 ], [ 26.69791, 39.31816 ], [ 26.69787, 39.31813 ] ] ] ] } },
{ "type": "Feature", "properties": { "adaNo": "154", "fid": 1684, "label": "299 → 154" }, "geometry": { "type": "MultiPolygon", "coordinates": [ [ [ [ 26.69224, 39.31309 ], [ 26.69222, 39.31312 ], [ 26.6922, 39.31315 ], [ 26.69214, 39.31321 ], [ 26.69212, 39.31324 ], [ 26.69209, 39.31326 ], [ 26.69206, 39.3133 ], [ 26.69204, 39.31333 ], [ 26.69202, 39.31335 ], [ 26.69199, 39.31338 ], [ 26.69196, 39.31341 ], [ 26.69193, 39.31344 ], [ 26.69189, 39.31348 ], [ 26.69185, 39.31352 ], [ 26.69181, 39.31357 ], [ 26.69177, 39.31361 ], [ 26.69177, 39.31362 ], [ 26.69174, 39.31364 ], [ 26.69171, 39.31367 ], [ 26.69168, 39.31371 ], [ 26.69165, 39.31374 ], [ 26.69162, 39.31378 ], [ 26.69158, 39.31382 ], [ 26.69157, 39.31384 ], [ 26.69149, 39.31391 ], [ 26.69152, 39.31394 ], [ 26.69156, 39.31397 ], [ 26.69161, 39.31402 ], [ 26.69163, 39.31405 ], [ 26.69165, 39.31407 ], [ 26.69169, 39.31412 ], [ 26.69175, 39.31407 ], [ 26.69175, 39.31406 ], [ 26.69181, 39.31402 ], [ 26.69185, 39.31399 ], [ 26.6919, 39.31395 ], [ 26.69193, 39.31393 ], [ 26.69196, 39.3139 ], [ 26.692, 39.31386 ], [ 26.69204, 39.31384 ], [ 26.69208, 39.3138 ], [ 26.69212, 39.31378 ], [ 26.69216, 39.31375 ], [ 26.69218, 39.31373 ], [ 26.69222, 39.3137 ], [ 26.69227, 39.31367 ], [ 26.69232, 39.31363 ], [ 26.69232, 39.31364 ], [ 26.69236, 39.31361 ], [ 26.69236, 39.3136 ], [ 26.6924, 39.31357 ], [ 26.69248, 39.31351 ], [ 26.6925, 39.3135 ], [ 26.69256, 39.31345 ], [ 26.69258, 39.31349 ], [ 26.69254, 39.31351 ], [ 26.6925, 39.31354 ], [ 26.69246, 39.31357 ], [ 26.69234, 39.31365 ], [ 26.69227, 39.3137 ], [ 26.69223, 39.31373 ], [ 26.6922, 39.31375 ], [ 26.69217, 39.31377 ], [ 26.69213, 39.31381 ], [ 26.69211, 39.31383 ], [ 26.69206, 39.31386 ], [ 26.69205, 39.31386 ], [ 26.69198, 39.31392 ], [ 26.69206, 39.314 ], [ 26.69212, 39.31406 ], [ 26.69226, 39.31399 ], [ 26.69232, 39.31397 ], [ 26.69235, 39.31395 ], [ 26.69239, 39.31393 ], [ 26.69248, 39.31388 ], [ 26.69254, 39.31385 ], [ 26.69259, 39.31382 ], [ 26.69261, 39.31381 ], [ 26.69267, 39.31378 ], [ 26.69273, 39.31375 ], [ 26.69278, 39.31372 ], [ 26.6928, 39.31371 ], [ 26.69287, 39.31367 ], [ 26.69288, 39.31371 ], [ 26.6928, 39.31375 ], [ 26.69272, 39.31379 ], [ 26.69266, 39.31383 ], [ 26.69259, 39.31386 ], [ 26.69254, 39.31388 ], [ 26.69244, 39.31394 ], [ 26.69246, 39.31397 ], [ 26.69248, 39.31401 ], [ 26.6925, 39.31404 ], [ 26.69251, 39.31406 ], [ 26.69255, 39.31412 ], [ 26.69259, 39.31411 ], [ 26.69263, 39.3141 ], [ 26.69267, 39.31409 ], [ 26.69272, 39.31407 ], [ 26.69277, 39.31406 ], [ 26.6928, 39.31405 ], [ 26.69285, 39.31402 ], [ 26.69289, 39.314 ], [ 26.69295, 39.31397 ], [ 26.69301, 39.31394 ], [ 26.69306, 39.3139 ], [ 26.69309, 39.31386 ], [ 26.69313, 39.31383 ], [ 26.69316, 39.3138 ], [ 26.69314, 39.31378 ], [ 26.6932, 39.31371 ], [ 26.6931, 39.31359 ], [ 26.693, 39.31364 ], [ 26.69298, 39.3136 ], [ 26.69299, 39.3136 ], [ 26.69298, 39.31358 ], [ 26.6931, 39.31354 ], [ 26.69307, 39.3135 ], [ 26.69306, 39.31346 ], [ 26.69305, 39.31344 ], [ 26.69307, 39.3134 ], [ 26.6931, 39.31335 ], [ 26.69312, 39.31329 ], [ 26.69314, 39.31326 ], [ 26.69316, 39.31321 ], [ 26.69319, 39.31317 ], [ 26.69322, 39.31311 ], [ 26.69314, 39.31307 ], [ 26.69307, 39.31303 ], [ 26.69303, 39.31301 ], [ 26.69299, 39.31299 ], [ 26.69296, 39.31297 ], [ 26.69292, 39.31296 ], [ 26.69284, 39.31293 ], [ 26.69275, 39.3129 ], [ 26.69258, 39.31284 ], [ 26.69247, 39.3128 ], [ 26.69242, 39.31288 ], [ 26.6924, 39.31288 ], [ 26.69238, 39.3129 ], [ 26.69235, 39.31294 ], [ 26.69233, 39.31297 ], [ 26.69231, 39.313 ], [ 26.69227, 39.31305 ], [ 26.69224, 39.31309 ] ], [ [ 26.69279, 39.31302 ], [ 26.69279, 39.31303 ], [ 26.69278, 39.31304 ], [ 26.69279, 39.31302 ] ] ] ] } },
{ "type": "Feature", "properties": { "adaNo": "472", "fid": 283, "label": "472" }, "geometry": { "type": "MultiPolygon", "coordinates": [ [ [ [ 26.69747, 39.31789 ], [ 26.69749, 39.31782 ], [ 26.69742, 39.3178 ], [ 26.69737, 39.31779 ], [ 26.6973, 39.31777 ], [ 26.69726, 39.31776 ], [ 26.69718, 39.31776 ], [ 26.69711, 39.31776 ], [ 26.69705, 39.31776 ], [ 26.69703, 39.31785 ], [ 26.69702, 39.31791 ], [ 26.69701, 39.31796 ], [ 26.69711, 39.31797 ], [ 26.69718, 39.31798 ], [ 26.69725, 39.31799 ], [ 26.69731, 39.318 ], [ 26.69733, 39.318 ], [ 26.69743, 39.31801 ], [ 26.69745, 39.31795 ], [ 26.69746, 39.31792 ], [ 26.69747, 39.31789 ] ] ] ] } },
{ "type": "Feature", "properties": { "adaNo": "155", "fid": 1646, "label": "155" }, "geometry": { "type": "MultiPolygon", "coordinates": [ [ [ [ 26.69191, 39.31282 ], [ 26.69189, 39.31285 ], [ 26.69188, 39.31286 ], [ 26.69185, 39.31289 ], [ 26.69183, 39.31292 ], [ 26.69181, 39.31294 ], [ 26.69187, 39.31298 ], [ 26.69192, 39.31301 ], [ 26.69196, 39.31304 ], [ 26.69199, 39.31306 ], [ 26.69202, 39.31308 ], [ 26.69206, 39.3131 ], [ 26.69209, 39.31313 ], [ 26.69214, 39.31316 ], [ 26.69217, 39.31312 ], [ 26.69218, 39.31311 ], [ 26.69219, 39.31309 ], [ 26.69223, 39.31304 ], [ 26.69222, 39.31304 ], [ 26.69227, 39.31297 ], [ 26.69229, 39.31293 ], [ 26.69235, 39.31287 ], [ 26.69235, 39.31286 ], [ 26.69237, 39.31284 ], [ 26.69241, 39.31278 ], [ 26.69233, 39.31274 ], [ 26.69227, 39.31272 ], [ 26.69222, 39.31269 ], [ 26.69221, 39.31268 ], [ 26.6922, 39.31267 ], [ 26.69213, 39.31263 ], [ 26.6921, 39.31261 ], [ 26.69204, 39.31268 ], [ 26.69202, 39.3127 ], [ 26.69198, 39.31275 ], [ 26.69195, 39.31278 ], [ 26.69191, 39.31282 ] ] ] ] } },
{ "type": "Feature", "properties": { "adaNo": "473", "fid": 288, "label": "473" }, "geometry": { "type": "MultiPolygon", "coordinates": [ [ [ [ 26.6969, 39.31794 ], [ 26.69698, 39.31795 ], [ 26.69699, 39.31791 ], [ 26.697, 39.31787 ], [ 26.69702, 39.31777 ], [ 26.69694, 39.31778 ], [ 26.69684, 39.3178 ], [ 26.69678, 39.31782 ], [ 26.69673, 39.31783 ], [ 26.69669, 39.31784 ], [ 26.69664, 39.31786 ], [ 26.69667, 39.31791 ], [ 26.69674, 39.31792 ], [ 26.69682, 39.31793 ], [ 26.6969, 39.31794 ] ] ] ] } },
{ "type": "Feature", "properties": { "adaNo": "156", "fid": 1615, "label": "156" }, "geometry": { "type": "MultiPolygon", "coordinates": [ [ [ [ 26.6919, 39.31277 ], [ 26.69195, 39.31272 ], [ 26.69197, 39.31269 ], [ 26.692, 39.31267 ], [ 26.69202, 39.31264 ], [ 26.69207, 39.31259 ], [ 26.69204, 39.31258 ], [ 26.69201, 39.31256 ], [ 26.69197, 39.31253 ], [ 26.69191, 39.3125 ], [ 26.69187, 39.31256 ], [ 26.69183, 39.3126 ], [ 26.6918, 39.31264 ], [ 26.69178, 39.31267 ], [ 26.69176, 39.31269 ], [ 26.69172, 39.31274 ], [ 26.69167, 39.31281 ], [ 26.69164, 39.31284 ], [ 26.69167, 39.31286 ], [ 26.6917, 39.31288 ], [ 26.69178, 39.31292 ], [ 26.6918, 39.31289 ], [ 26.69186, 39.31283 ], [ 26.6919, 39.31277 ] ] ] ] } },
{ "type": "Feature", "properties": { "adaNo": "474", "fid": 278, "label": "474" }, "geometry": { "type": "MultiPolygon", "coordinates": [ [ [ [ 26.69699, 39.31765 ], [ 26.69684, 39.31765 ], [ 26.69674, 39.31765 ], [ 26.69669, 39.31766 ], [ 26.69663, 39.31768 ], [ 26.69656, 39.31769 ], [ 26.69645, 39.31771 ], [ 26.69648, 39.31781 ], [ 26.69659, 39.31778 ], [ 26.69659, 39.31779 ], [ 26.69667, 39.31777 ], [ 26.69666, 39.31776 ], [ 26.69672, 39.31775 ], [ 26.69677, 39.31773 ], [ 26.69686, 39.31771 ], [ 26.69699, 39.31768 ], [ 26.69699, 39.31765 ] ] ] ] } },
{ "type": "Feature", "properties": { "adaNo": "157", "fid": 1609, "label": "157" }, "geometry": { "type": "MultiPolygon", "coordinates": [ [ [ [ 26.69174, 39.31251 ], [ 26.69171, 39.31253 ], [ 26.6917, 39.31255 ], [ 26.69169, 39.31256 ], [ 26.69166, 39.3126 ], [ 26.69163, 39.31264 ], [ 26.6916, 39.31268 ], [ 26.69157, 39.31271 ], [ 26.69155, 39.31275 ], [ 26.69153, 39.31277 ], [ 26.69157, 39.3128 ], [ 26.69161, 39.31282 ], [ 26.69163, 39.31279 ], [ 26.69166, 39.31276 ], [ 26.69168, 39.31273 ], [ 26.69172, 39.31268 ], [ 26.69175, 39.31265 ], [ 26.69178, 39.31261 ], [ 26.69181, 39.31257 ], [ 26.69187, 39.31249 ], [ 26.69179, 39.31244 ], [ 26.69174, 39.31251 ] ] ] ] } },
{ "type": "Feature", "properties": { "adaNo": "475", "fid": 2933, "label": "475" }, "geometry": { "type": "MultiPolygon", "coordinates": [ [ [ [ 26.69688, 39.31737 ], [ 26.6968, 39.31739 ], [ 26.69672, 39.3174 ], [ 26.6966, 39.31742 ], [ 26.69657, 39.31743 ], [ 26.6965, 39.31744 ], [ 26.69649, 39.31744 ], [ 26.69645, 39.31745 ], [ 26.69639, 39.31746 ], [ 26.69638, 39.31748 ], [ 26.69641, 39.31758 ], [ 26.69643, 39.31764 ], [ 26.69644, 39.31768 ], [ 26.69657, 39.31765 ], [ 26.69663, 39.31764 ], [ 26.69663, 39.31763 ], [ 26.69663, 39.31762 ], [ 26.69667, 39.31761 ], [ 26.69672, 39.3176 ], [ 26.69672, 39.31761 ], [ 26.69672, 39.31762 ], [ 26.69679, 39.31761 ], [ 26.69685, 39.31761 ], [ 26.69692, 39.31761 ], [ 26.69701, 39.31761 ], [ 26.6971, 39.31761 ], [ 26.69709, 39.31754 ], [ 26.69708, 39.31751 ], [ 26.69707, 39.31743 ], [ 26.69706, 39.31734 ], [ 26.69697, 39.31736 ], [ 26.69688, 39.31737 ] ] ] ] } },
{ "type": "Feature", "properties": { "adaNo": "158", "fid": 1600, "label": "158" }, "geometry": { "type": "MultiPolygon", "coordinates": [ [ [ [ 26.69152, 39.31245 ], [ 26.6915, 39.31249 ], [ 26.69147, 39.31252 ], [ 26.69144, 39.31255 ], [ 26.69141, 39.3126 ], [ 26.69139, 39.31263 ], [ 26.69136, 39.31267 ], [ 26.6914, 39.31269 ], [ 26.69142, 39.31271 ], [ 26.69148, 39.31274 ], [ 26.69149, 39.31275 ], [ 26.69153, 39.31271 ], [ 26.69155, 39.31268 ], [ 26.69158, 39.31265 ], [ 26.69161, 39.31261 ], [ 26.69163, 39.31258 ], [ 26.69166, 39.31253 ], [ 26.69169, 39.3125 ], [ 26.69175, 39.31243 ], [ 26.6917, 39.3124 ], [ 26.69165, 39.31238 ], [ 26.6916, 39.31235 ], [ 26.69155, 39.31242 ], [ 26.69152, 39.31245 ] ] ] ] } },
{ "type": "Feature", "properties": { "adaNo": "476", "fid": 240, "label": "476" }, "geometry": { "type": "MultiPolygon", "coordinates": [ [ [ [ 26.69685, 39.31734 ], [ 26.69696, 39.31732 ], [ 26.69704, 39.3173 ], [ 26.69699, 39.31723 ], [ 26.69696, 39.3172 ], [ 26.6969, 39.31717 ], [ 26.69684, 39.31715 ], [ 26.69678, 39.31714 ], [ 26.69671, 39.31713 ], [ 26.69665, 39.31712 ], [ 26.69658, 39.3171 ], [ 26.69658, 39.31717 ], [ 26.69657, 39.31727 ], [ 26.69657, 39.31739 ], [ 26.69667, 39.31737 ], [ 26.69677, 39.31735 ], [ 26.69685, 39.31734 ] ] ] ] } },
{ "type": "Feature", "properties": { "adaNo": "159", "fid": 1595, "label": "159" }, "geometry": { "type": "MultiPolygon", "coordinates": [ [ [ [ 26.69108, 39.31214 ], [ 26.69105, 39.3123 ], [ 26.69104, 39.31235 ], [ 26.69103, 39.31238 ], [ 26.69124, 39.31245 ], [ 26.69106, 39.31239 ], [ 26.69104, 39.31247 ], [ 26.69101, 39.31251 ], [ 26.69102, 39.31252 ], [ 26.69096, 39.31266 ], [ 26.69103, 39.31269 ], [ 26.69105, 39.31266 ], [ 26.6911, 39.31258 ], [ 26.69114, 39.3126 ], [ 26.69112, 39.31264 ], [ 26.69108, 39.31269 ], [ 26.69106, 39.31272 ], [ 26.69117, 39.31277 ], [ 26.69122, 39.31279 ], [ 26.69127, 39.31272 ], [ 26.69131, 39.31267 ], [ 26.69133, 39.31264 ], [ 26.69134, 39.31262 ], [ 26.69136, 39.31259 ], [ 26.69139, 39.31256 ], [ 26.69141, 39.31254 ], [ 26.69143, 39.31251 ], [ 26.69146, 39.31246 ], [ 26.69148, 39.31244 ], [ 26.6915, 39.31242 ], [ 26.69156, 39.31233 ], [ 26.69152, 39.31232 ], [ 26.69148, 39.3123 ], [ 26.69144, 39.31228 ], [ 26.69142, 39.31227 ], [ 26.69136, 39.31225 ], [ 26.69109, 39.31214 ], [ 26.69108, 39.31214 ] ] ] ] } },
{ "type": "Feature", "properties": { "adaNo": "477", "fid": 235, "label": "477" }, "geometry": { "type": "MultiPolygon", "coordinates": [ [ [ [ 26.69634, 39.31705 ], [ 26.69625, 39.31703 ], [ 26.69624, 39.31704 ], [ 26.69626, 39.31712 ], [ 26.69627, 39.31716 ], [ 26.6963, 39.31726 ], [ 26.69633, 39.31736 ], [ 26.69635, 39.31743 ], [ 26.69645, 39.31741 ], [ 26.69652, 39.31739 ], [ 26.69652, 39.31735 ], [ 26.69653, 39.31725 ], [ 26.69653, 39.3172 ], [ 26.69654, 39.31713 ], [ 26.69654, 39.31709 ], [ 26.69645, 39.31707 ], [ 26.69636, 39.31705 ], [ 26.69634, 39.31705 ] ] ] ] } },
{ "type": "Feature", "properties": { "adaNo": "478", "fid": 233, "label": "478" }, "geometry": { "type": "MultiPolygon", "coordinates": [ [ [ [ 26.69592, 39.31709 ], [ 26.69594, 39.31715 ], [ 26.69596, 39.31722 ], [ 26.69598, 39.31729 ], [ 26.696, 39.31735 ], [ 26.69602, 39.31744 ], [ 26.69604, 39.31748 ], [ 26.69618, 39.31746 ], [ 26.69626, 39.31744 ], [ 26.69631, 39.31743 ], [ 26.6963, 39.31739 ], [ 26.69627, 39.3173 ], [ 26.69625, 39.31724 ], [ 26.69623, 39.31717 ], [ 26.69621, 39.3171 ], [ 26.6962, 39.31707 ], [ 26.69619, 39.31702 ], [ 26.69613, 39.31701 ], [ 26.69609, 39.31701 ], [ 26.69591, 39.31703 ], [ 26.69592, 39.31709 ] ] ] ] } },
{ "type": "Feature", "properties": { "adaNo": "479", "fid": 238, "label": "479" }, "geometry": { "type": "MultiPolygon", "coordinates": [ [ [ [ 26.69567, 39.31712 ], [ 26.69563, 39.31713 ], [ 26.69565, 39.3172 ], [ 26.69566, 39.31723 ], [ 26.69568, 39.31727 ], [ 26.69567, 39.31728 ], [ 26.69569, 39.31732 ], [ 26.6957, 39.31732 ], [ 26.69571, 39.31736 ], [ 26.69572, 39.3174 ], [ 26.69573, 39.31743 ], [ 26.69575, 39.31748 ], [ 26.69577, 39.31752 ], [ 26.69578, 39.31756 ], [ 26.69579, 39.31757 ], [ 26.69589, 39.31756 ], [ 26.69589, 39.31755 ], [ 26.69599, 39.31754 ], [ 26.69598, 39.31747 ], [ 26.69597, 39.31744 ], [ 26.69595, 39.31738 ], [ 26.69594, 39.31736 ], [ 26.69593, 39.31732 ], [ 26.69592, 39.31729 ], [ 26.6959, 39.31723 ], [ 26.69588, 39.31716 ], [ 26.69585, 39.31707 ], [ 26.69578, 39.31709 ], [ 26.69579, 39.3171 ], [ 26.69574, 39.31712 ], [ 26.69567, 39.31712 ] ] ] ] } },
{ "type": "Feature", "properties": { "adaNo": "160", "fid": 1591, "label": "160" }, "geometry": { "type": "MultiPolygon", "coordinates": [ [ [ [ 26.69084, 39.31207 ], [ 26.69076, 39.31205 ], [ 26.69075, 39.31205 ], [ 26.6907, 39.31203 ], [ 26.69057, 39.312 ], [ 26.6905, 39.31198 ], [ 26.69048, 39.31212 ], [ 26.69046, 39.31216 ], [ 26.6903, 39.31237 ], [ 26.69021, 39.31247 ], [ 26.69013, 39.31261 ], [ 26.6901, 39.31265 ], [ 26.69003, 39.31275 ], [ 26.69, 39.31282 ], [ 26.68998, 39.31285 ], [ 26.68989, 39.31302 ], [ 26.68997, 39.31305 ], [ 26.68999, 39.31306 ], [ 26.69009, 39.3131 ], [ 26.69013, 39.31311 ], [ 26.69017, 39.31313 ], [ 26.69026, 39.31315 ], [ 26.69029, 39.3131 ], [ 26.69032, 39.31306 ], [ 26.69035, 39.31302 ], [ 26.69039, 39.31295 ], [ 26.69031, 39.31292 ], [ 26.69034, 39.31288 ], [ 26.6904, 39.31281 ], [ 26.69045, 39.31272 ], [ 26.69055, 39.31257 ], [ 26.69075, 39.31264 ], [ 26.690738828828831, 39.312659549549551 ], [ 26.69061, 39.31261 ], [ 26.69057, 39.31267 ], [ 26.69053, 39.31273 ], [ 26.6905, 39.31278 ], [ 26.69046, 39.31284 ], [ 26.69051, 39.31286 ], [ 26.69047, 39.31291 ], [ 26.69043, 39.31297 ], [ 26.69041, 39.31301 ], [ 26.69039, 39.31303 ], [ 26.69032, 39.31314 ], [ 26.6903, 39.31316 ], [ 26.69038, 39.3132 ], [ 26.69046, 39.31324 ], [ 26.69047, 39.31322 ], [ 26.6905, 39.31319 ], [ 26.69052, 39.31315 ], [ 26.69052, 39.31316 ], [ 26.69056, 39.31311 ], [ 26.69062, 39.31303 ], [ 26.69064, 39.31299 ], [ 26.69068, 39.31294 ], [ 26.69069, 39.31292 ], [ 26.69073, 39.31286 ], [ 26.69077, 39.31281 ], [ 26.69081, 39.31275 ], [ 26.69084, 39.31271 ], [ 26.69085, 39.31268 ], [ 26.69088, 39.31264 ], [ 26.6909, 39.31261 ], [ 26.69091, 39.31257 ], [ 26.69093, 39.31252 ], [ 26.69094, 39.31245 ], [ 26.69095, 39.31243 ], [ 26.69067, 39.31236 ], [ 26.69092, 39.31242 ], [ 26.69096, 39.31221 ], [ 26.69098, 39.31212 ], [ 26.69097, 39.3121 ], [ 26.69084, 39.31207 ] ], [ [ 26.6906, 39.31288 ], [ 26.69058, 39.31291 ], [ 26.69059, 39.31289 ], [ 26.6906, 39.31288 ] ], [ [ 26.69054, 39.31297 ], [ 26.69055, 39.31295 ], [ 26.69058, 39.31291 ], [ 26.69054, 39.31297 ] ], [ [ 26.69066, 39.31278 ], [ 26.6907, 39.31272 ], [ 26.69071, 39.31271 ], [ 26.69066, 39.31278 ] ] ] ] } },
{ "type": "Feature", "properties": { "adaNo": "161", "fid": 1663, "label": "161" }, "geometry": { "type": "MultiPolygon", "coordinates": [ [ [ [ 26.69087, 39.31276 ], [ 26.69083, 39.31281 ], [ 26.69081, 39.31284 ], [ 26.69084, 39.31286 ], [ 26.69085, 39.31287 ], [ 26.69082, 39.31291 ], [ 26.69078, 39.31289 ], [ 26.69075, 39.31293 ], [ 26.690757857142859, 39.312933214285714 ], [ 26.69074, 39.31296 ], [ 26.69081, 39.312995 ], [ 26.69073, 39.31296 ], [ 26.69071, 39.31298 ], [ 26.6907, 39.31298 ], [ 26.69067, 39.31302 ], [ 26.69065, 39.31306 ], [ 26.6906, 39.31312 ], [ 26.69056, 39.31317 ], [ 26.69054, 39.3132 ], [ 26.6905, 39.31326 ], [ 26.6906, 39.31332 ], [ 26.69063, 39.31334 ], [ 26.69067, 39.31336 ], [ 26.69073, 39.31339 ], [ 26.69078, 39.31341 ], [ 26.69085, 39.31332 ], [ 26.69086, 39.3133 ], [ 26.6909, 39.31325 ], [ 26.69093, 39.3132 ], [ 26.69096, 39.31315 ], [ 26.69098, 39.31312 ], [ 26.691, 39.31308 ], [ 26.69103, 39.31305 ], [ 26.69105, 39.31301 ], [ 26.69108, 39.31297 ], [ 26.69111, 39.31294 ], [ 26.69115, 39.31289 ], [ 26.69119, 39.31283 ], [ 26.69116, 39.31281 ], [ 26.69115, 39.3128 ], [ 26.69109, 39.31278 ], [ 26.69104, 39.31276 ], [ 26.69103, 39.31275 ], [ 26.69102, 39.31275 ], [ 26.69095, 39.31272 ], [ 26.69092, 39.31278 ], [ 26.69091, 39.31277 ], [ 26.69087, 39.31276 ] ] ] ] } },
{ "type": "Feature", "properties": { "adaNo": "162", "fid": 1876, "label": "162" }, "geometry": { "type": "MultiPolygon", "coordinates": [ [ [ [ 26.69037, 39.31337 ], [ 26.69031, 39.31343 ], [ 26.6903, 39.31344 ], [ 26.69026, 39.31347 ], [ 26.69022, 39.31351 ], [ 26.69025, 39.31353 ], [ 26.69027, 39.31355 ], [ 26.69034, 39.3136 ], [ 26.6904, 39.31364 ], [ 26.69051, 39.31373 ], [ 26.69063, 39.31365 ], [ 26.69069, 39.31361 ], [ 26.69074, 39.31358 ], [ 26.69072, 39.31356 ], [ 26.69077, 39.31353 ], [ 26.69075, 39.31349 ], [ 26.69067, 39.31344 ], [ 26.69068, 39.31342 ], [ 26.6906, 39.31337 ], [ 26.69052, 39.31333 ], [ 26.6905, 39.31334 ], [ 26.69043, 39.31331 ], [ 26.6904, 39.31334 ], [ 26.69037, 39.31337 ] ] ] ] } },
{ "type": "Feature", "properties": { "adaNo": "480", "fid": 2768, "label": "480" }, "geometry": { "type": "MultiPolygon", "coordinates": [ [ [ [ 26.69566, 39.31674 ], [ 26.69556, 39.31675 ], [ 26.69549, 39.31676 ], [ 26.69548, 39.31677 ], [ 26.69548, 39.31692 ], [ 26.69549, 39.31692 ], [ 26.69549, 39.317 ], [ 26.69549, 39.3171 ], [ 26.69558, 39.31709 ], [ 26.69574, 39.31707 ], [ 26.69575, 39.31706 ], [ 26.69576, 39.31702 ], [ 26.69577, 39.31696 ], [ 26.69578, 39.3169 ], [ 26.69578, 39.31686 ], [ 26.69578, 39.31682 ], [ 26.69575, 39.31673 ], [ 26.69568, 39.31674 ], [ 26.6957, 39.31682 ], [ 26.69568, 39.31682 ], [ 26.69566, 39.31683 ], [ 26.69567, 39.3168 ], [ 26.69567, 39.31678 ], [ 26.69566, 39.31674 ] ] ] ] } },
{ "type": "Feature", "properties": { "adaNo": "163", "fid": 1968, "label": "163" }, "geometry": { "type": "MultiPolygon", "coordinates": [ [ [ [ 26.69092, 39.31379 ], [ 26.69096, 39.31376 ], [ 26.69095, 39.31376 ], [ 26.69098, 39.31374 ], [ 26.691, 39.31373 ], [ 26.69106, 39.31369 ], [ 26.69109, 39.31367 ], [ 26.69104, 39.31364 ], [ 26.69098, 39.3136 ], [ 26.69093, 39.31357 ], [ 26.69087, 39.31353 ], [ 26.69077, 39.3136 ], [ 26.69067, 39.31367 ], [ 26.69063, 39.31369 ], [ 26.69054, 39.31375 ], [ 26.69058, 39.3138 ], [ 26.69062, 39.31385 ], [ 26.69065, 39.31389 ], [ 26.69068, 39.31393 ], [ 26.6908, 39.31386 ], [ 26.69083, 39.31384 ], [ 26.69091, 39.31378 ], [ 26.69092, 39.31379 ] ] ] ] } },
{ "type": "Feature", "properties": { "adaNo": "481", "fid": 2776, "label": "481" }, "geometry": { "type": "MultiPolygon", "coordinates": [ [ [ [ 26.6952, 39.3168 ], [ 26.69511, 39.31682 ], [ 26.69502, 39.31684 ], [ 26.69494, 39.31685 ], [ 26.69498, 39.31695 ], [ 26.69502, 39.31702 ], [ 26.69508, 39.31715 ], [ 26.69528, 39.31711 ], [ 26.69534, 39.31711 ], [ 26.69539, 39.3171 ], [ 26.69546, 39.3171 ], [ 26.69546, 39.31702 ], [ 26.69546, 39.31695 ], [ 26.69545, 39.31693 ], [ 26.69546, 39.31686 ], [ 26.69546, 39.31683 ], [ 26.69545, 39.31676 ], [ 26.69537, 39.31678 ], [ 26.69528, 39.31679 ], [ 26.6952, 39.3168 ] ] ] ] } },
{ "type": "Feature", "properties": { "adaNo": "164", "fid": 2014, "label": "164" }, "geometry": { "type": "MultiPolygon", "coordinates": [ [ [ [ 26.69128, 39.3138 ], [ 26.69123, 39.31377 ], [ 26.69123, 39.31376 ], [ 26.69116, 39.31371 ], [ 26.69111, 39.31368 ], [ 26.69105, 39.31372 ], [ 26.69101, 39.31375 ], [ 26.69098, 39.31377 ], [ 26.69095, 39.31379 ], [ 26.69089, 39.31383 ], [ 26.69088, 39.31384 ], [ 26.69086, 39.31385 ], [ 26.69082, 39.31387 ], [ 26.69081, 39.31388 ], [ 26.69077, 39.3139 ], [ 26.69075, 39.31391 ], [ 26.6907, 39.31395 ], [ 26.69072, 39.31399 ], [ 26.69075, 39.31403 ], [ 26.69078, 39.31408 ], [ 26.6909, 39.31403 ], [ 26.69092, 39.31402 ], [ 26.69097, 39.314 ], [ 26.69101, 39.31398 ], [ 26.69105, 39.31396 ], [ 26.69109, 39.31395 ], [ 26.69114, 39.31392 ], [ 26.69119, 39.31388 ], [ 26.69128, 39.3138 ] ] ] ] } },
{ "type": "Feature", "properties": { "adaNo": "482", "fid": 2730, "label": "482" }, "geometry": { "type": "MultiPolygon", "coordinates": [ [ [ [ 26.6951, 39.31658 ], [ 26.69497, 39.3166 ], [ 26.69489, 39.31661 ], [ 26.69479, 39.31663 ], [ 26.69479, 39.31664 ], [ 26.69473, 39.31665 ], [ 26.69465, 39.31666 ], [ 26.69468, 39.31674 ], [ 26.69468, 39.31675 ], [ 26.69466, 39.31676 ], [ 26.6947, 39.31686 ], [ 26.69475, 39.31685 ], [ 26.69479, 39.31684 ], [ 26.69485, 39.31683 ], [ 26.69489, 39.31683 ], [ 26.69494, 39.31682 ], [ 26.69501, 39.3168 ], [ 26.69508, 39.31679 ], [ 26.69512, 39.31679 ], [ 26.6952, 39.31677 ], [ 26.69527, 39.31676 ], [ 26.69539, 39.31674 ], [ 26.69538, 39.31667 ], [ 26.69537, 39.31664 ], [ 26.69537, 39.31663 ], [ 26.69536, 39.3166 ], [ 26.69535, 39.31659 ], [ 26.69534, 39.31654 ], [ 26.69525, 39.31655 ], [ 26.69513, 39.31657 ], [ 26.6951, 39.31658 ] ] ] ] } },
{ "type": "Feature", "properties": { "adaNo": "165", "fid": 2042, "label": "165" }, "geometry": { "type": "MultiPolygon", "coordinates": [ [ [ [ 26.69138, 39.31397 ], [ 26.69144, 39.31392 ], [ 26.6914, 39.31389 ], [ 26.69136, 39.31386 ], [ 26.69131, 39.31382 ], [ 26.69124, 39.31388 ], [ 26.69116, 39.31394 ], [ 26.6911, 39.31397 ], [ 26.69105, 39.31399 ], [ 26.69097, 39.31403 ], [ 26.6909, 39.31406 ], [ 26.69086, 39.31408 ], [ 26.69079, 39.31411 ], [ 26.69082, 39.31416 ], [ 26.69085, 39.31421 ], [ 26.6909, 39.31427 ], [ 26.69096, 39.31424 ], [ 26.691, 39.31422 ], [ 26.69105, 39.31419 ], [ 26.69109, 39.31417 ], [ 26.69116, 39.31412 ], [ 26.69121, 39.31409 ], [ 26.69125, 39.31406 ], [ 26.6913, 39.31403 ], [ 26.69132, 39.31401 ], [ 26.69136, 39.31399 ], [ 26.69138, 39.31397 ] ] ] ] } },
{ "type": "Feature", "properties": { "adaNo": "483", "fid": 2590, "label": "483" }, "geometry": { "type": "MultiPolygon", "coordinates": [ [ [ [ 26.69493, 39.31566 ], [ 26.69489, 39.31567 ], [ 26.69484, 39.31568 ], [ 26.69479, 39.31569 ], [ 26.69478, 39.3157 ], [ 26.69479, 39.31573 ], [ 26.69477, 39.31573 ], [ 26.69476, 39.3157 ], [ 26.69475, 39.3157 ], [ 26.69472, 39.31571 ], [ 26.69465, 39.31573 ], [ 26.69459, 39.31574 ], [ 26.6945, 39.31576 ], [ 26.69452, 39.31581 ], [ 26.69455, 39.31586 ], [ 26.69449, 39.31587 ], [ 26.69445, 39.31575 ], [ 26.69441, 39.31568 ], [ 26.69439, 39.31563 ], [ 26.69438, 39.31562 ], [ 26.69434, 39.31554 ], [ 26.69425, 39.31557 ], [ 26.69424, 39.31555 ], [ 26.69411, 39.31559 ], [ 26.69404, 39.31561 ], [ 26.69395, 39.31564 ], [ 26.69389, 39.31566 ], [ 26.69384, 39.31569 ], [ 26.69377, 39.31571 ], [ 26.69371, 39.31574 ], [ 26.69365, 39.31576 ], [ 26.69363, 39.31577 ], [ 26.69357, 39.31579 ], [ 26.69359, 39.31583 ], [ 26.69362, 39.31587 ], [ 26.69365, 39.31592 ], [ 26.69368, 39.31597 ], [ 26.69369, 39.31598 ], [ 26.69371, 39.31604 ], [ 26.69372, 39.3161 ], [ 26.69373, 39.31615 ], [ 26.69374, 39.31619 ], [ 26.69375, 39.31625 ], [ 26.69377, 39.31633 ], [ 26.69377, 39.31637 ], [ 26.6938, 39.31639 ], [ 26.69387, 39.31637 ], [ 26.6939, 39.31636 ], [ 26.69395, 39.31635 ], [ 26.69396, 39.31637 ], [ 26.69385, 39.31641 ], [ 26.69388, 39.31648 ], [ 26.69391, 39.31654 ], [ 26.69392, 39.31657 ], [ 26.69393, 39.3166 ], [ 26.69394, 39.31663 ], [ 26.69396, 39.31668 ], [ 26.69404, 39.31666 ], [ 26.69408, 39.31665 ], [ 26.69408, 39.31666 ], [ 26.6941, 39.31665 ], [ 26.69411, 39.31667 ], [ 26.69409, 39.31668 ], [ 26.69417, 39.31694 ], [ 26.69433, 39.31691 ], [ 26.69427, 39.31665 ], [ 26.69431, 39.31665 ], [ 26.69432, 39.31668 ], [ 26.69436, 39.31667 ], [ 26.69441, 39.31667 ], [ 26.69449, 39.31665 ], [ 26.69459, 39.31663 ], [ 26.69474, 39.31661 ], [ 26.6948, 39.3166 ], [ 26.69485, 39.31659 ], [ 26.6949, 39.31658 ], [ 26.69498, 39.31657 ], [ 26.6951, 39.31655 ], [ 26.69519, 39.31653 ], [ 26.69524, 39.31652 ], [ 26.69532, 39.31651 ], [ 26.69533, 39.3165 ], [ 26.69532, 39.31647 ], [ 26.69531, 39.31645 ], [ 26.6953, 39.31641 ], [ 26.69529, 39.31638 ], [ 26.69528, 39.31634 ], [ 26.69525, 39.31621 ], [ 26.69523, 39.31614 ], [ 26.69522, 39.31611 ], [ 26.69521, 39.31605 ], [ 26.69521, 39.31603 ], [ 26.6952, 39.31601 ], [ 26.69518, 39.31592 ], [ 26.69516, 39.31585 ], [ 26.69514, 39.31578 ], [ 26.69513, 39.31571 ], [ 26.69511, 39.31562 ], [ 26.69503, 39.31564 ], [ 26.69497, 39.31565 ], [ 26.69493, 39.31566 ] ], [ [ 26.69487, 39.31597 ], [ 26.6949, 39.31609 ], [ 26.69485, 39.31598 ], [ 26.69487, 39.31597 ] ], [ [ 26.69508, 39.31606 ], [ 26.69508, 39.31607 ], [ 26.69503, 39.31607 ], [ 26.69491, 39.31611 ], [ 26.6949, 39.31609 ], [ 26.69508, 39.31606 ] ], [ [ 26.69435, 39.31657 ], [ 26.69435, 39.31659 ], [ 26.69434, 39.31651 ], [ 26.69435, 39.31657 ] ], [ [ 26.69391, 39.316119333333333 ], [ 26.69391, 39.3161 ], [ 26.693891176470586, 39.316062352941174 ], [ 26.69392, 39.31605 ], [ 26.69392, 39.31606 ], [ 26.69399, 39.31604 ], [ 26.69402, 39.31609 ], [ 26.69391, 39.316119333333333 ] ] ] ] } },
{ "type": "Feature", "properties": { "adaNo": "166", "fid": 2086, "label": "166" }, "geometry": { "type": "MultiPolygon", "coordinates": [ [ [ [ 26.69143, 39.31398 ], [ 26.69139, 39.31401 ], [ 26.69135, 39.31404 ], [ 26.69132, 39.31406 ], [ 26.69128, 39.31409 ], [ 26.69125, 39.31411 ], [ 26.69121, 39.31413 ], [ 26.69118, 39.31416 ], [ 26.69114, 39.31418 ], [ 26.69111, 39.3142 ], [ 26.69107, 39.31423 ], [ 26.69104, 39.31425 ], [ 26.69098, 39.31428 ], [ 26.69093, 39.31431 ], [ 26.69095, 39.31435 ], [ 26.69098, 39.3144 ], [ 26.69107, 39.31435 ], [ 26.69112, 39.31433 ], [ 26.69116, 39.3143 ], [ 26.69117, 39.3143 ], [ 26.69118, 39.31429 ], [ 26.69121, 39.31428 ], [ 26.69124, 39.31426 ], [ 26.69132, 39.31422 ], [ 26.69137, 39.3142 ], [ 26.69142, 39.31418 ], [ 26.69145, 39.31416 ], [ 26.69151, 39.31413 ], [ 26.69155, 39.31411 ], [ 26.69156, 39.31411 ], [ 26.6916, 39.31409 ], [ 26.69155, 39.31403 ], [ 26.69154, 39.31403 ], [ 26.6915, 39.314 ], [ 26.69151, 39.31399 ], [ 26.69147, 39.31395 ], [ 26.69143, 39.31398 ] ] ] ] } },
{ "type": "Feature", "properties": { "adaNo": "484", "fid": 2515, "label": "484" }, "geometry": { "type": "MultiPolygon", "coordinates": [ [ [ [ 26.69484, 39.31535 ], [ 26.69479, 39.31536 ], [ 26.69468, 39.31544 ], [ 26.69465, 39.31545 ], [ 26.69458, 39.31547 ], [ 26.69452, 39.31549 ], [ 26.69446, 39.31551 ], [ 26.69442, 39.31553 ], [ 26.69438, 39.31554 ], [ 26.69441, 39.31561 ], [ 26.69445, 39.31568 ], [ 26.69447, 39.31571 ], [ 26.69448, 39.31574 ], [ 26.69454, 39.31572 ], [ 26.69462, 39.31571 ], [ 26.69466, 39.31569 ], [ 26.69471, 39.31568 ], [ 26.69476, 39.31567 ], [ 26.6948, 39.31566 ], [ 26.69481, 39.31566 ], [ 26.69485, 39.31565 ], [ 26.69489, 39.31564 ], [ 26.69496, 39.31562 ], [ 26.69502, 39.31561 ], [ 26.6951, 39.3156 ], [ 26.69509, 39.31557 ], [ 26.69508, 39.31552 ], [ 26.69505, 39.31545 ], [ 26.69504, 39.31542 ], [ 26.69503, 39.31536 ], [ 26.69502, 39.31532 ], [ 26.69493, 39.31533 ], [ 26.69485, 39.31534 ], [ 26.69484, 39.31535 ] ] ] ] } },
{ "type": "Feature", "properties": { "adaNo": "167", "fid": 2146, "label": "167" }, "geometry": { "type": "MultiPolygon", "coordinates": [ [ [ [ 26.69149, 39.31417 ], [ 26.69142, 39.3142 ], [ 26.69138, 39.31422 ], [ 26.69139, 39.31423 ], [ 26.69134, 39.31426 ], [ 26.69128, 39.31428 ], [ 26.69122, 39.31431 ], [ 26.69114, 39.31435 ], [ 26.69114, 39.31434 ], [ 26.69107, 39.31438 ], [ 26.69099, 39.31441 ], [ 26.69101, 39.31445 ], [ 26.69104, 39.31448 ], [ 26.69112, 39.31445 ], [ 26.69119, 39.31441 ], [ 26.69127, 39.31438 ], [ 26.69133, 39.31436 ], [ 26.6914, 39.31433 ], [ 26.69144, 39.31431 ], [ 26.69148, 39.31429 ], [ 26.69155, 39.31426 ], [ 26.69169, 39.3142 ], [ 26.69166, 39.31417 ], [ 26.69161, 39.31411 ], [ 26.69154, 39.31414 ], [ 26.69149, 39.31416 ], [ 26.69149, 39.31417 ] ] ] ] } },
{ "type": "Feature", "properties": { "adaNo": "485", "fid": 2408, "label": "485" }, "geometry": { "type": "MultiPolygon", "coordinates": [ [ [ [ 26.69495, 39.31501 ], [ 26.69494, 39.31496 ], [ 26.69492, 39.3149 ], [ 26.69466, 39.315 ], [ 26.69458, 39.31503 ], [ 26.69454, 39.31505 ], [ 26.69449, 39.31507 ], [ 26.69443, 39.31509 ], [ 26.69434, 39.31513 ], [ 26.69428, 39.31515 ], [ 26.69424, 39.31517 ], [ 26.69421, 39.31518 ], [ 26.69419, 39.31519 ], [ 26.69405, 39.31526 ], [ 26.6941, 39.31532 ], [ 26.69415, 39.31537 ], [ 26.6942, 39.31543 ], [ 26.69425, 39.31549 ], [ 26.6943, 39.31548 ], [ 26.69436, 39.31546 ], [ 26.69438, 39.31546 ], [ 26.6944, 39.31548 ], [ 26.69441, 39.31548 ], [ 26.69449, 39.31545 ], [ 26.69456, 39.31543 ], [ 26.69462, 39.31541 ], [ 26.69468, 39.31537 ], [ 26.69472, 39.31534 ], [ 26.69474, 39.31533 ], [ 26.69475, 39.31533 ], [ 26.69477, 39.31532 ], [ 26.69482, 39.3153 ], [ 26.69492, 39.31529 ], [ 26.69501, 39.31528 ], [ 26.695, 39.31523 ], [ 26.695, 39.31518 ], [ 26.695, 39.31515 ], [ 26.69498, 39.31512 ], [ 26.69496, 39.31504 ], [ 26.69489, 39.31506 ], [ 26.69484, 39.31508 ], [ 26.69475, 39.31511 ], [ 26.6947, 39.31513 ], [ 26.69467, 39.31515 ], [ 26.69458, 39.31519 ], [ 26.69464, 39.31526 ], [ 26.69461, 39.31528 ], [ 26.6946, 39.31526 ], [ 26.69452, 39.31518 ], [ 26.69455, 39.31517 ], [ 26.6946, 39.31515 ], [ 26.69464, 39.31513 ], [ 26.6947, 39.3151 ], [ 26.6947, 39.31511 ], [ 26.69473, 39.3151 ], [ 26.6948, 39.31507 ], [ 26.69489, 39.31503 ], [ 26.69495, 39.31501 ] ] ] ] } },
{ "type": "Feature", "properties": { "adaNo": "168", "fid": 2212, "label": "168" }, "geometry": { "type": "MultiPolygon", "coordinates": [ [ [ [ 26.6912, 39.31444 ], [ 26.69116, 39.31446 ], [ 26.69111, 39.31448 ], [ 26.69113, 39.3145 ], [ 26.69111, 39.31451 ], [ 26.69107, 39.31452 ], [ 26.6911, 39.31458 ], [ 26.69115, 39.31456 ], [ 26.69119, 39.31455 ], [ 26.69126, 39.31452 ], [ 26.69131, 39.31451 ], [ 26.69128, 39.31445 ], [ 26.69126, 39.31442 ], [ 26.6912, 39.31444 ] ] ] ] } },
{ "type": "Feature", "properties": { "adaNo": "486", "fid": 44, "label": "486" }, "geometry": { "type": "MultiPolygon", "coordinates": [ [ [ [ 26.69472, 39.31465 ], [ 26.69467, 39.31467 ], [ 26.69461, 39.31469 ], [ 26.69457, 39.31471 ], [ 26.69453, 39.31472 ], [ 26.69447, 39.31474 ], [ 26.6944, 39.31477 ], [ 26.69431, 39.3148 ], [ 26.69424, 39.31483 ], [ 26.69419, 39.31485 ], [ 26.69413, 39.31488 ], [ 26.69407, 39.31491 ], [ 26.69402, 39.31493 ], [ 26.69398, 39.31495 ], [ 26.69393, 39.31498 ], [ 26.69389, 39.31501 ], [ 26.69384, 39.31504 ], [ 26.69375, 39.31508 ], [ 26.6938, 39.31514 ], [ 26.69385, 39.31519 ], [ 26.69392, 39.31527 ], [ 26.69399, 39.31523 ], [ 26.69396, 39.3152 ], [ 26.69392, 39.31515 ], [ 26.6939, 39.31512 ], [ 26.69392, 39.31511 ], [ 26.69401, 39.31507 ], [ 26.69406, 39.31505 ], [ 26.69408, 39.31503 ], [ 26.69412, 39.31502 ], [ 26.69418, 39.31499 ], [ 26.69429, 39.31495 ], [ 26.69437, 39.31492 ], [ 26.69445, 39.31489 ], [ 26.69452, 39.31486 ], [ 26.69456, 39.31484 ], [ 26.69458, 39.31484 ], [ 26.69463, 39.31482 ], [ 26.69466, 39.31481 ], [ 26.69472, 39.31479 ], [ 26.69475, 39.31478 ], [ 26.69477, 39.31477 ], [ 26.69478, 39.31476 ], [ 26.69482, 39.31475 ], [ 26.69487, 39.31473 ], [ 26.69486, 39.31468 ], [ 26.69484, 39.31461 ], [ 26.69478, 39.31464 ], [ 26.69472, 39.31465 ] ] ] ] } },
{ "type": "Feature", "properties": { "adaNo": "169", "fid": 2178, "label": "169" }, "geometry": { "type": "MultiPolygon", "coordinates": [ [ [ [ 26.69158, 39.31427 ], [ 26.6915, 39.31431 ], [ 26.69145, 39.31433 ], [ 26.69141, 39.31435 ], [ 26.69136, 39.31437 ], [ 26.69129, 39.31441 ], [ 26.6913, 39.31444 ], [ 26.69132, 39.31449 ], [ 26.69135, 39.31452 ], [ 26.69142, 39.3145 ], [ 26.69143, 39.31452 ], [ 26.69132, 39.31455 ], [ 26.69126, 39.31457 ], [ 26.69121, 39.31458 ], [ 26.69116, 39.3146 ], [ 26.69112, 39.31461 ], [ 26.69114, 39.31465 ], [ 26.69119, 39.31464 ], [ 26.69122, 39.31463 ], [ 26.69124, 39.31467 ], [ 26.6913, 39.31466 ], [ 26.69137, 39.31464 ], [ 26.69142, 39.31462 ], [ 26.69146, 39.31461 ], [ 26.69147, 39.31461 ], [ 26.69152, 39.31459 ], [ 26.69157, 39.31457 ], [ 26.69162, 39.31455 ], [ 26.6917, 39.31451 ], [ 26.69174, 39.3145 ], [ 26.69186, 39.31444 ], [ 26.69184, 39.31442 ], [ 26.69181, 39.31438 ], [ 26.69179, 39.31435 ], [ 26.69177, 39.31433 ], [ 26.69175, 39.31429 ], [ 26.69173, 39.31426 ], [ 26.69172, 39.31426 ], [ 26.6917, 39.31423 ], [ 26.69158, 39.31427 ] ] ], [ [ [ 26.69116, 39.31469 ], [ 26.6912, 39.31468 ], [ 26.69119, 39.31467 ], [ 26.69116, 39.31468 ], [ 26.69116, 39.31469 ] ] ] ] } },
{ "type": "Feature", "properties": { "adaNo": "487", "fid": 4702, "label": "487" }, "geometry": { "type": "MultiPolygon", "coordinates": [ [ [ [ 26.69477, 39.314 ], [ 26.69472, 39.31402 ], [ 26.69465, 39.31406 ], [ 26.69462, 39.31408 ], [ 26.69459, 39.31409 ], [ 26.69448, 39.31417 ], [ 26.6945, 39.3142 ], [ 26.69453, 39.31426 ], [ 26.69454, 39.31427 ], [ 26.69455, 39.3143 ], [ 26.6946, 39.31441 ], [ 26.69462, 39.31444 ], [ 26.69467, 39.31453 ], [ 26.69471, 39.31461 ], [ 26.69478, 39.31459 ], [ 26.69482, 39.31457 ], [ 26.69482, 39.31458 ], [ 26.69487, 39.31456 ], [ 26.69495, 39.31454 ], [ 26.69504, 39.31452 ], [ 26.69501, 39.31446 ], [ 26.695, 39.31442 ], [ 26.69498, 39.31438 ], [ 26.69495, 39.31427 ], [ 26.69493, 39.31421 ], [ 26.69491, 39.31415 ], [ 26.69489, 39.31408 ], [ 26.69487, 39.31403 ], [ 26.69486, 39.31397 ], [ 26.69477, 39.314 ] ] ] ] } },
{ "type": "Feature", "properties": { "adaNo": "489", "fid": 4742, "label": "489" }, "geometry": { "type": "MultiPolygon", "coordinates": [ [ [ [ 26.69402, 39.31432 ], [ 26.69395, 39.31424 ], [ 26.69386, 39.31428 ], [ 26.69377, 39.31433 ], [ 26.6937, 39.31437 ], [ 26.69363, 39.31441 ], [ 26.69356, 39.31445 ], [ 26.69361, 39.3145 ], [ 26.69362, 39.31452 ], [ 26.69371, 39.31461 ], [ 26.69377, 39.31456 ], [ 26.69384, 39.31452 ], [ 26.69391, 39.31448 ], [ 26.69394, 39.31446 ], [ 26.694, 39.31442 ], [ 26.69407, 39.31438 ], [ 26.69402, 39.31432 ] ] ] ] } },
{ "type": "Feature", "properties": { "adaNo": "250", "fid": 3981, "label": "250" }, "geometry": { "type": "MultiPolygon", "coordinates": [ [ [ [ 26.69539, 39.32115 ], [ 26.69539, 39.32118 ], [ 26.6954, 39.32123 ], [ 26.69541, 39.32123 ], [ 26.69544, 39.32128 ], [ 26.69548, 39.32132 ], [ 26.69554, 39.32139 ], [ 26.69562, 39.32137 ], [ 26.69567, 39.32136 ], [ 26.69573, 39.32135 ], [ 26.6957, 39.32127 ], [ 26.69568, 39.32122 ], [ 26.69566, 39.32119 ], [ 26.69565, 39.32116 ], [ 26.69563, 39.32112 ], [ 26.6956, 39.32105 ], [ 26.69554, 39.32105 ], [ 26.69549, 39.32105 ], [ 26.69538, 39.32106 ], [ 26.69539, 39.3211 ], [ 26.69539, 39.32115 ] ] ] ] } },
{ "type": "Feature", "properties": { "adaNo": "251", "fid": 3994, "label": "251" }, "geometry": { "type": "MultiPolygon", "coordinates": [ [ [ [ 26.69566, 39.3211 ], [ 26.69568, 39.32114 ], [ 26.69569, 39.32118 ], [ 26.69572, 39.32123 ], [ 26.69575, 39.32131 ], [ 26.69577, 39.32134 ], [ 26.69586, 39.32132 ], [ 26.69591, 39.32131 ], [ 26.69596, 39.32129 ], [ 26.69593, 39.32122 ], [ 26.69591, 39.32119 ], [ 26.6959, 39.32116 ], [ 26.69589, 39.32116 ], [ 26.69585, 39.32107 ], [ 26.69576, 39.32108 ], [ 26.69572, 39.32109 ], [ 26.69566, 39.3211 ] ] ] ] } },
{ "type": "Feature", "properties": { "adaNo": "252", "fid": 3901, "label": "252" }, "geometry": { "type": "MultiPolygon", "coordinates": [ [ [ [ 26.69561, 39.32058 ], [ 26.6956, 39.32061 ], [ 26.69558, 39.32064 ], [ 26.69558, 39.32066 ], [ 26.69556, 39.3207 ], [ 26.69553, 39.32076 ], [ 26.6955, 39.32081 ], [ 26.69548, 39.32083 ], [ 26.69544, 39.32087 ], [ 26.69542, 39.32089 ], [ 26.69539, 39.32095 ], [ 26.69539, 39.32097 ], [ 26.69538, 39.32102 ], [ 26.69549, 39.32102 ], [ 26.69562, 39.32102 ], [ 26.69561, 39.32095 ], [ 26.69561, 39.32094 ], [ 26.69561, 39.32089 ], [ 26.69564, 39.32089 ], [ 26.69564, 39.32093 ], [ 26.69564, 39.32094 ], [ 26.69564, 39.32096 ], [ 26.69564, 39.32099 ], [ 26.69565, 39.32107 ], [ 26.69574, 39.32106 ], [ 26.69583, 39.32104 ], [ 26.69582, 39.321 ], [ 26.6958, 39.32098 ], [ 26.69577, 39.32091 ], [ 26.69575, 39.32088 ], [ 26.69574, 39.32085 ], [ 26.69574, 39.32078 ], [ 26.69574, 39.32075 ], [ 26.69576, 39.3207 ], [ 26.69577, 39.32066 ], [ 26.6958, 39.3206 ], [ 26.69575, 39.32058 ], [ 26.69571, 39.32057 ], [ 26.69571, 39.32056 ], [ 26.69564, 39.32054 ], [ 26.69563, 39.32054 ], [ 26.69561, 39.32058 ] ] ] ] } },
{ "type": "Feature", "properties": { "adaNo": "253", "fid": 3871, "label": "253" }, "geometry": { "type": "MultiPolygon", "coordinates": [ [ [ [ 26.69597, 39.32041 ], [ 26.69597, 39.32042 ], [ 26.69594, 39.32045 ], [ 26.69591, 39.32049 ], [ 26.69587, 39.32055 ], [ 26.69587, 39.32056 ], [ 26.69583, 39.32064 ], [ 26.69582, 39.32069 ], [ 26.6958, 39.32074 ], [ 26.69578, 39.32079 ], [ 26.69589, 39.3208 ], [ 26.69591, 39.32081 ], [ 26.69594, 39.32081 ], [ 26.69595, 39.32075 ], [ 26.69596, 39.32072 ], [ 26.69596, 39.32069 ], [ 26.69601, 39.32061 ], [ 26.69605, 39.32056 ], [ 26.6961, 39.32053 ], [ 26.69613, 39.32049 ], [ 26.69619, 39.32044 ], [ 26.69614, 39.32041 ], [ 26.69608, 39.32037 ], [ 26.69603, 39.32035 ], [ 26.69601, 39.32037 ], [ 26.69597, 39.32041 ] ] ] ] } },
{ "type": "Feature", "properties": { "adaNo": "254", "fid": 3849, "label": "254" }, "geometry": { "type": "MultiPolygon", "coordinates": [ [ [ [ 26.69573, 39.32034 ], [ 26.6957, 39.32038 ], [ 26.69568, 39.32041 ], [ 26.69567, 39.32046 ], [ 26.69566, 39.32046 ], [ 26.69564, 39.3205 ], [ 26.69567, 39.32052 ], [ 26.69574, 39.32054 ], [ 26.69581, 39.32057 ], [ 26.69583, 39.32054 ], [ 26.69584, 39.32052 ], [ 26.69586, 39.32049 ], [ 26.69587, 39.32047 ], [ 26.69591, 39.32043 ], [ 26.696, 39.32033 ], [ 26.69589, 39.32028 ], [ 26.69588, 39.32028 ], [ 26.69584, 39.32026 ], [ 26.69579, 39.32023 ], [ 26.69575, 39.3203 ], [ 26.69573, 39.32034 ] ] ] ] } },
{ "type": "Feature", "properties": { "adaNo": "255", "fid": 3823, "label": "255" }, "geometry": { "type": "MultiPolygon", "coordinates": [ [ [ [ 26.69589, 39.32013 ], [ 26.69585, 39.32017 ], [ 26.69581, 39.32021 ], [ 26.69589, 39.32025 ], [ 26.69593, 39.32027 ], [ 26.69598, 39.3203 ], [ 26.69602, 39.32032 ], [ 26.69607, 39.32034 ], [ 26.69613, 39.32037 ], [ 26.69615, 39.32038 ], [ 26.69619, 39.3204 ], [ 26.69622, 39.32041 ], [ 26.69626, 39.32038 ], [ 26.69628, 39.32035 ], [ 26.69632, 39.32031 ], [ 26.69635, 39.32028 ], [ 26.69627, 39.32023 ], [ 26.69621, 39.32018 ], [ 26.69617, 39.32016 ], [ 26.69613, 39.32014 ], [ 26.69607, 39.32011 ], [ 26.69597, 39.32005 ], [ 26.69593, 39.32009 ], [ 26.69589, 39.32013 ] ] ] ] } },
{ "type": "Feature", "properties": { "adaNo": "256", "fid": 3777, "label": "256" }, "geometry": { "type": "MultiPolygon", "coordinates": [ [ [ [ 26.69621, 39.31988 ], [ 26.6962, 39.31988 ], [ 26.69613, 39.31992 ], [ 26.69605, 39.31997 ], [ 26.696, 39.32003 ], [ 26.69605, 39.32005 ], [ 26.69606, 39.32006 ], [ 26.69609, 39.32008 ], [ 26.69615, 39.32012 ], [ 26.69619, 39.32014 ], [ 26.69623, 39.32017 ], [ 26.69627, 39.32019 ], [ 26.6963, 39.32021 ], [ 26.69635, 39.32023 ], [ 26.69638, 39.32025 ], [ 26.69641, 39.32022 ], [ 26.69645, 39.32019 ], [ 26.69647, 39.32017 ], [ 26.69652, 39.32013 ], [ 26.69657, 39.32007 ], [ 26.69655, 39.32004 ], [ 26.6965, 39.32 ], [ 26.69646, 39.32003 ], [ 26.69642, 39.32006 ], [ 26.69639, 39.32008 ], [ 26.69637, 39.3201 ], [ 26.69635, 39.32012 ], [ 26.69634, 39.32012 ], [ 26.69633, 39.32013 ], [ 26.69629, 39.32011 ], [ 26.6963, 39.32011 ], [ 26.69635, 39.32005 ], [ 26.69637, 39.32007 ], [ 26.69641, 39.32003 ], [ 26.69649, 39.31998 ], [ 26.69646, 39.31994 ], [ 26.69642, 39.31991 ], [ 26.69639, 39.31988 ], [ 26.69633, 39.31982 ], [ 26.69627, 39.31984 ], [ 26.69621, 39.31988 ] ] ] ] } },
{ "type": "Feature", "properties": { "adaNo": "257", "fid": 5005, "label": "357 → 257" }, "geometry": { "type": "MultiPolygon", "coordinates": [ [ [ [ 26.69576, 39.31953 ], [ 26.69571, 39.31956 ], [ 26.69564, 39.31958 ], [ 26.69567, 39.31963 ], [ 26.69574, 39.3196 ], [ 26.69575, 39.3196 ], [ 26.69577, 39.31964 ], [ 26.69566, 39.3197 ], [ 26.6957, 39.31973 ], [ 26.69575, 39.31971 ], [ 26.6958, 39.31967 ], [ 26.69588, 39.31964 ], [ 26.69589, 39.31963 ], [ 26.69591, 39.31965 ], [ 26.69591, 39.31966 ], [ 26.69587, 39.31967 ], [ 26.69583, 39.31969 ], [ 26.69579, 39.31971 ], [ 26.69576, 39.31973 ], [ 26.69575, 39.31973 ], [ 26.6957, 39.31977 ], [ 26.69572, 39.31979 ], [ 26.69573, 39.31981 ], [ 26.69575, 39.31982 ], [ 26.69577, 39.31984 ], [ 26.69581, 39.31988 ], [ 26.69589, 39.31983 ], [ 26.69595, 39.31979 ], [ 26.69595, 39.31978 ], [ 26.69598, 39.31981 ], [ 26.69593, 39.31984 ], [ 26.69589, 39.31986 ], [ 26.69583, 39.3199 ], [ 26.69588, 39.31996 ], [ 26.69591, 39.31999 ], [ 26.69593, 39.32001 ], [ 26.69601, 39.31996 ], [ 26.69603, 39.31994 ], [ 26.69608, 39.31991 ], [ 26.69617, 39.31986 ], [ 26.69622, 39.31983 ], [ 26.69627, 39.31981 ], [ 26.69621, 39.31973 ], [ 26.69618, 39.31969 ], [ 26.69614, 39.31965 ], [ 26.69612, 39.31963 ], [ 26.69611, 39.31962 ], [ 26.69607, 39.31957 ], [ 26.69603, 39.31954 ], [ 26.696, 39.31956 ], [ 26.69598, 39.31957 ], [ 26.69595, 39.31954 ], [ 26.69596, 39.31954 ], [ 26.69589, 39.31949 ], [ 26.69588, 39.3195 ], [ 26.69583, 39.31946 ], [ 26.6958, 39.31949 ], [ 26.69578, 39.31951 ], [ 26.69576, 39.31953 ] ] ] ] } },
{ "type": "Feature", "properties": { "adaNo": "258", "fid": 633, "label": "258" }, "geometry": { "type": "MultiPolygon", "coordinates": [ [ [ [ 26.69601, 39.31924 ], [ 26.69596, 39.31927 ], [ 26.69596, 39.31928 ], [ 26.69594, 39.3193 ], [ 26.69592, 39.31933 ], [ 26.69589, 39.31936 ], [ 26.69586, 39.31939 ], [ 26.69585, 39.31943 ], [ 26.6959, 39.31946 ], [ 26.69595, 39.31949 ], [ 26.696, 39.31952 ], [ 26.69605, 39.3195 ], [ 26.69608, 39.31954 ], [ 26.69608, 39.31953 ], [ 26.69609, 39.31954 ], [ 26.69612, 39.31958 ], [ 26.69613, 39.31958 ], [ 26.69615, 39.31962 ], [ 26.69621, 39.31968 ], [ 26.69625, 39.31973 ], [ 26.69627, 39.31976 ], [ 26.6963, 39.31979 ], [ 26.6964, 39.31974 ], [ 26.69645, 39.31972 ], [ 26.69647, 39.31973 ], [ 26.69652, 39.31971 ], [ 26.69663, 39.31966 ], [ 26.69669, 39.31963 ], [ 26.69675, 39.31961 ], [ 26.69682, 39.31959 ], [ 26.6968, 39.31954 ], [ 26.69679, 39.3195 ], [ 26.69678, 39.31947 ], [ 26.69677, 39.31943 ], [ 26.69669, 39.31945 ], [ 26.69661, 39.31946 ], [ 26.69654, 39.31948 ], [ 26.69645, 39.31951 ], [ 26.69643, 39.3195 ], [ 26.69643, 39.31949 ], [ 26.69638, 39.31944 ], [ 26.6963, 39.31938 ], [ 26.69624, 39.31932 ], [ 26.6962, 39.31934 ], [ 26.69617, 39.31929 ], [ 26.69613, 39.3193 ], [ 26.69613, 39.31931 ], [ 26.6961, 39.31927 ], [ 26.69609, 39.31924 ], [ 26.69604, 39.31921 ], [ 26.69601, 39.31924 ] ], [ [ 26.69618, 39.31945 ], [ 26.6962, 39.31947 ], [ 26.69618, 39.31948 ], [ 26.69617, 39.31946 ], [ 26.69618, 39.31945 ] ] ] ] } },
{ "type": "Feature", "properties": { "adaNo": "259", "fid": 576, "label": "259" }, "geometry": { "type": "MultiPolygon", "coordinates": [ [ [ [ 26.69685, 39.31904 ], [ 26.69679, 39.31906 ], [ 26.69678, 39.31905 ], [ 26.6967, 39.31906 ], [ 26.69665, 39.31908 ], [ 26.69665, 39.31913 ], [ 26.69666, 39.31913 ], [ 26.69668, 39.31917 ], [ 26.69671, 39.31922 ], [ 26.69673, 39.31926 ], [ 26.69676, 39.31932 ], [ 26.69678, 39.31939 ], [ 26.6968, 39.31945 ], [ 26.69681, 39.31945 ], [ 26.69683, 39.31949 ], [ 26.69685, 39.31954 ], [ 26.69686, 39.31958 ], [ 26.69697, 39.31955 ], [ 26.69706, 39.31952 ], [ 26.69706, 39.31949 ], [ 26.69706, 39.31948 ], [ 26.69706, 39.31945 ], [ 26.69704, 39.3194 ], [ 26.69703, 39.31935 ], [ 26.69702, 39.31931 ], [ 26.69701, 39.31925 ], [ 26.69699, 39.31921 ], [ 26.69699, 39.31914 ], [ 26.69699, 39.31912 ], [ 26.69699, 39.3191 ], [ 26.69699, 39.31906 ], [ 26.69699, 39.31904 ], [ 26.69698, 39.31901 ], [ 26.69685, 39.31904 ] ] ] ] } },
{ "type": "Feature", "properties": { "adaNo": "450", "fid": 920, "label": "450" }, "geometry": { "type": "MultiPolygon", "coordinates": [ [ [ [ 26.69366, 39.32101 ], [ 26.69369, 39.32114 ], [ 26.69373, 39.32113 ], [ 26.69373, 39.32115 ], [ 26.69365, 39.32116 ], [ 26.69364, 39.32114 ], [ 26.69366, 39.32114 ], [ 26.69365, 39.32111 ], [ 26.69363, 39.32101 ], [ 26.69354, 39.32102 ], [ 26.6934, 39.32104 ], [ 26.69342, 39.3211 ], [ 26.69344, 39.32117 ], [ 26.69345, 39.32124 ], [ 26.69346, 39.32125 ], [ 26.69346, 39.32128 ], [ 26.69348, 39.32132 ], [ 26.6935, 39.32141 ], [ 26.69361, 39.32139 ], [ 26.69362, 39.32139 ], [ 26.69369, 39.32137 ], [ 26.69374, 39.32136 ], [ 26.69382, 39.32135 ], [ 26.69393, 39.32133 ], [ 26.69391, 39.32126 ], [ 26.69389, 39.3212 ], [ 26.69387, 39.32114 ], [ 26.69385, 39.3211 ], [ 26.69383, 39.32105 ], [ 26.69382, 39.32105 ], [ 26.69379, 39.32099 ], [ 26.69378, 39.32099 ], [ 26.69372, 39.321 ], [ 26.69366, 39.32101 ] ] ] ] } },
{ "type": "Feature", "properties": { "adaNo": "451", "fid": 960, "label": "451" }, "geometry": { "type": "MultiPolygon", "coordinates": [ [ [ [ 26.69375, 39.32152 ], [ 26.69383, 39.32151 ], [ 26.69384, 39.32151 ], [ 26.69388, 39.3215 ], [ 26.69397, 39.32149 ], [ 26.69393, 39.32136 ], [ 26.69385, 39.32137 ], [ 26.6938, 39.32138 ], [ 26.69374, 39.32139 ], [ 26.69359, 39.32141 ], [ 26.69351, 39.32143 ], [ 26.69352, 39.32149 ], [ 26.69354, 39.32156 ], [ 26.69361, 39.32154 ], [ 26.69369, 39.32153 ], [ 26.69375, 39.32152 ] ] ] ] } },
{ "type": "Feature", "properties": { "adaNo": "1932", "fid": 191, "label": "31 → 1932" }, "geometry": { "type": "MultiPolygon", "coordinates": [ [ [ [ 26.6917, 39.31681 ], [ 26.69175, 39.31681 ], [ 26.69175, 39.31684 ], [ 26.69175, 39.31694 ], [ 26.69175, 39.31699 ], [ 26.69179, 39.317 ], [ 26.69207, 39.31699 ], [ 26.69207, 39.31691 ], [ 26.69207, 39.31677 ], [ 26.69206, 39.3166 ], [ 26.69203, 39.31652 ], [ 26.69201, 39.31646 ], [ 26.69169, 39.31654 ], [ 26.69162, 39.31655 ], [ 26.6915, 39.31659 ], [ 26.69127, 39.31663 ], [ 26.69133, 39.31685 ], [ 26.69156, 39.31682 ], [ 26.69165, 39.31682 ], [ 26.6917, 39.31681 ] ] ] ] } },
{ "type": "Feature", "properties": { "adaNo": "452", "fid": 900, "label": "452" }, "geometry": { "type": "MultiPolygon", "coordinates": [ [ [ [ 26.69447, 39.32083 ], [ 26.69438, 39.32081 ], [ 26.69425, 39.32077 ], [ 26.69426, 39.32085 ], [ 26.69428, 39.32091 ], [ 26.6943, 39.32096 ], [ 26.69432, 39.32102 ], [ 26.69433, 39.32101 ], [ 26.69434, 39.32106 ], [ 26.69434, 39.32114 ], [ 26.69434, 39.32121 ], [ 26.69434, 39.32123 ], [ 26.69434, 39.32131 ], [ 26.69434, 39.32134 ], [ 26.6943, 39.32133 ], [ 26.6943, 39.32137 ], [ 26.6943, 39.32146 ], [ 26.69439, 39.32146 ], [ 26.69439, 39.32148 ], [ 26.6944, 39.3215 ], [ 26.69436, 39.3215 ], [ 26.69432, 39.3215 ], [ 26.69432, 39.32149 ], [ 26.69431, 39.32149 ], [ 26.69423, 39.3215 ], [ 26.69422, 39.3215 ], [ 26.6942, 39.32152 ], [ 26.69418, 39.32154 ], [ 26.69417, 39.32158 ], [ 26.69413, 39.32165 ], [ 26.69416, 39.32171 ], [ 26.69418, 39.32174 ], [ 26.69428, 39.32173 ], [ 26.69432, 39.32172 ], [ 26.69432, 39.32173 ], [ 26.69432, 39.32174 ], [ 26.69429, 39.32174 ], [ 26.69419, 39.32176 ], [ 26.69421, 39.3218 ], [ 26.69424, 39.32184 ], [ 26.69431, 39.32186 ], [ 26.69435, 39.32187 ], [ 26.69441, 39.32188 ], [ 26.69443, 39.3218 ], [ 26.69443, 39.32179 ], [ 26.69442, 39.32173 ], [ 26.69442, 39.32167 ], [ 26.69441, 39.32165 ], [ 26.69444, 39.32165 ], [ 26.69453, 39.32163 ], [ 26.69458, 39.32164 ], [ 26.69463, 39.32164 ], [ 26.69476, 39.32164 ], [ 26.69475, 39.3216 ], [ 26.69475, 39.32154 ], [ 26.69474, 39.32148 ], [ 26.69472, 39.32144 ], [ 26.69471, 39.32143 ], [ 26.69468, 39.32139 ], [ 26.69465, 39.32134 ], [ 26.69464, 39.3213 ], [ 26.69463, 39.32129 ], [ 26.69462, 39.32129 ], [ 26.69462, 39.32127 ], [ 26.69461, 39.32124 ], [ 26.69461, 39.32121 ], [ 26.69462, 39.32116 ], [ 26.69462, 39.32113 ], [ 26.69463, 39.32107 ], [ 26.69464, 39.321 ], [ 26.69465, 39.32096 ], [ 26.69466, 39.32091 ], [ 26.69466, 39.3209 ], [ 26.69466, 39.32084 ], [ 26.69461, 39.32084 ], [ 26.69454, 39.32084 ], [ 26.6945, 39.32083 ], [ 26.69447, 39.32083 ] ] ] ] } },
{ "type": "Feature", "properties": { "adaNo": "1933", "fid": 172, "label": "30 → 1933" }, "geometry": { "type": "MultiPolygon", "coordinates": [ [ [ [ 26.69194, 39.31626 ], [ 26.6919, 39.31627 ], [ 26.6917, 39.31632 ], [ 26.69161, 39.31635 ], [ 26.69165, 39.31644 ], [ 26.6916, 39.31646 ], [ 26.69162, 39.31653 ], [ 26.69184, 39.31648 ], [ 26.69201, 39.31644 ], [ 26.69198, 39.31636 ], [ 26.69194, 39.31626 ] ] ] ] } },
{ "type": "Feature", "properties": { "adaNo": "453", "fid": 981, "label": "453" }, "geometry": { "type": "MultiPolygon", "coordinates": [ [ [ [ 26.69444, 39.32171 ], [ 26.69445, 39.32173 ], [ 26.69445, 39.32174 ], [ 26.69446, 39.32177 ], [ 26.69446, 39.32178 ], [ 26.69446, 39.32181 ], [ 26.69445, 39.32189 ], [ 26.69449, 39.3219 ], [ 26.69455, 39.32191 ], [ 26.69458, 39.32192 ], [ 26.69466, 39.32193 ], [ 26.6947, 39.32188 ], [ 26.69473, 39.32183 ], [ 26.69475, 39.32178 ], [ 26.69476, 39.32173 ], [ 26.69476, 39.32172 ], [ 26.69476, 39.32166 ], [ 26.69469, 39.32166 ], [ 26.69462, 39.32166 ], [ 26.69455, 39.32167 ], [ 26.69455, 39.32165 ], [ 26.69444, 39.32167 ], [ 26.69444, 39.32171 ] ] ] ] } },
{ "type": "Feature", "properties": { "adaNo": "454", "fid": 4110, "label": "454" }, "geometry": { "type": "MultiPolygon", "coordinates": [ [ [ [ 26.69533, 39.32201 ], [ 26.69529, 39.32202 ], [ 26.69525, 39.32203 ], [ 26.69516, 39.32205 ], [ 26.69512, 39.32206 ], [ 26.69506, 39.32207 ], [ 26.69501, 39.32208 ], [ 26.69493, 39.3221 ], [ 26.69493, 39.32209 ], [ 26.69482, 39.32211 ], [ 26.69486, 39.32215 ], [ 26.69489, 39.32218 ], [ 26.69492, 39.32222 ], [ 26.69496, 39.32225 ], [ 26.69499, 39.32227 ], [ 26.69505, 39.32237 ], [ 26.69513, 39.32237 ], [ 26.6952, 39.32236 ], [ 26.69528, 39.32235 ], [ 26.69533, 39.32234 ], [ 26.69549, 39.32233 ], [ 26.69557, 39.32231 ], [ 26.69554, 39.32223 ], [ 26.69552, 39.32217 ], [ 26.69551, 39.32214 ], [ 26.6955, 39.32209 ], [ 26.69549, 39.32209 ], [ 26.69539, 39.3221 ], [ 26.69538, 39.3221 ], [ 26.69534, 39.3221 ], [ 26.69534, 39.32206 ], [ 26.69538, 39.32206 ], [ 26.69541, 39.32205 ], [ 26.69549, 39.32204 ], [ 26.69546, 39.32195 ], [ 26.69539, 39.32197 ], [ 26.69533, 39.32199 ], [ 26.69533, 39.32201 ] ] ] ] } },
{ "type": "Feature", "properties": { "adaNo": "455", "fid": 1020, "label": "455" }, "geometry": { "type": "MultiPolygon", "coordinates": [ [ [ [ 26.6953, 39.32189 ], [ 26.69519, 39.3219 ], [ 26.69511, 39.32192 ], [ 26.69505, 39.32193 ], [ 26.69497, 39.32193 ], [ 26.69493, 39.32193 ], [ 26.69488, 39.32194 ], [ 26.69478, 39.32194 ], [ 26.69478, 39.32195 ], [ 26.69471, 39.32195 ], [ 26.69465, 39.32204 ], [ 26.69463, 39.32208 ], [ 26.69464, 39.3221 ], [ 26.69475, 39.32209 ], [ 26.69482, 39.32208 ], [ 26.69491, 39.32206 ], [ 26.695, 39.32204 ], [ 26.69507, 39.32203 ], [ 26.69514, 39.32201 ], [ 26.69521, 39.32199 ], [ 26.69532, 39.32196 ], [ 26.69537, 39.32195 ], [ 26.69545, 39.32192 ], [ 26.69541, 39.32187 ], [ 26.69535, 39.32188 ], [ 26.6953, 39.32189 ] ] ] ] } },
{ "type": "Feature", "properties": { "adaNo": "1936", "fid": 3622, "label": "43 → 1936" }, "geometry": { "type": "MultiPolygon", "coordinates": [ [ [ [ 26.69064, 39.31911 ], [ 26.69067, 39.31917 ], [ 26.69069, 39.31922 ], [ 26.69074, 39.31922 ], [ 26.69078, 39.31929 ], [ 26.69095, 39.31922 ], [ 26.69099, 39.31929 ], [ 26.69109, 39.31925 ], [ 26.69108, 39.31922 ], [ 26.69105, 39.31918 ], [ 26.69101, 39.31911 ], [ 26.69099, 39.31906 ], [ 26.69096, 39.319 ], [ 26.69064, 39.31911 ] ] ] ] } },
{ "type": "Feature", "properties": { "adaNo": "456", "fid": 984, "label": "456" }, "geometry": { "type": "MultiPolygon", "coordinates": [ [ [ [ 26.69516, 39.32173 ], [ 26.69514, 39.32168 ], [ 26.6951, 39.32169 ], [ 26.69505, 39.32169 ], [ 26.69504, 39.3217 ], [ 26.695, 39.3217 ], [ 26.69493, 39.32171 ], [ 26.69494, 39.32173 ], [ 26.69493, 39.32173 ], [ 26.69492, 39.32171 ], [ 26.69487, 39.32172 ], [ 26.6948, 39.32173 ], [ 26.69479, 39.32178 ], [ 26.69479, 39.32181 ], [ 26.69478, 39.32181 ], [ 26.69475, 39.32192 ], [ 26.6948, 39.32192 ], [ 26.69488, 39.32191 ], [ 26.69497, 39.32191 ], [ 26.69506, 39.32189 ], [ 26.69514, 39.32188 ], [ 26.6952, 39.32187 ], [ 26.69528, 39.32186 ], [ 26.69532, 39.32185 ], [ 26.6954, 39.32184 ], [ 26.69539, 39.32178 ], [ 26.69538, 39.32172 ], [ 26.69536, 39.32165 ], [ 26.69527, 39.32166 ], [ 26.69523, 39.32167 ], [ 26.69516, 39.32168 ], [ 26.69519, 39.32177 ], [ 26.69518, 39.32177 ], [ 26.69519, 39.32178 ], [ 26.69517, 39.32178 ], [ 26.69517, 39.32177 ], [ 26.69516, 39.32173 ] ] ] ] } },
{ "type": "Feature", "properties": { "adaNo": "1937", "fid": 3651, "label": "44 → 1937" }, "geometry": { "type": "MultiPolygon", "coordinates": [ [ [ [ 26.69125, 39.31927 ], [ 26.69123, 39.31928 ], [ 26.69121, 39.31928 ], [ 26.6912, 39.31928 ], [ 26.69118, 39.31927 ], [ 26.69117, 39.31927 ], [ 26.69116, 39.31926 ], [ 26.69116, 39.31925 ], [ 26.69102, 39.31903 ], [ 26.691, 39.31898 ], [ 26.69129, 39.31888 ], [ 26.69131, 39.31893 ], [ 26.69132, 39.31893 ], [ 26.69146, 39.31919 ], [ 26.69125, 39.31927 ] ] ] ] } },
{ "type": "Feature", "properties": { "adaNo": "457", "fid": 3882, "label": "381 → 457" }, "geometry": { "type": "MultiPolygon", "coordinates": [ [ [ [ 26.69479, 39.32037 ], [ 26.69477, 39.3204 ], [ 26.69471, 39.32049 ], [ 26.69469, 39.32055 ], [ 26.69468, 39.32061 ], [ 26.69468, 39.32064 ], [ 26.69468, 39.32068 ], [ 26.69468, 39.3207 ], [ 26.69468, 39.32075 ], [ 26.69468, 39.32079 ], [ 26.69469, 39.32084 ], [ 26.6947, 39.32092 ], [ 26.69472, 39.32092 ], [ 26.69472, 39.32091 ], [ 26.69473, 39.32091 ], [ 26.69473, 39.32092 ], [ 26.69477, 39.32091 ], [ 26.69477, 39.32088 ], [ 26.69476, 39.32083 ], [ 26.69476, 39.32082 ], [ 26.6948, 39.32082 ], [ 26.69491, 39.32083 ], [ 26.69498, 39.32083 ], [ 26.69499, 39.32083 ], [ 26.69506, 39.32084 ], [ 26.69513, 39.32084 ], [ 26.69519, 39.32084 ], [ 26.6952, 39.32078 ], [ 26.69521, 39.32072 ], [ 26.69513, 39.32071 ], [ 26.6951, 39.32071 ], [ 26.69499, 39.32071 ], [ 26.69492, 39.3207 ], [ 26.6949, 39.3207 ], [ 26.6949, 39.32068 ], [ 26.6949, 39.3206 ], [ 26.6949, 39.32057 ], [ 26.69489, 39.32053 ], [ 26.69487, 39.32053 ], [ 26.6949, 39.32044 ], [ 26.6949, 39.32043 ], [ 26.69494, 39.32035 ], [ 26.6949, 39.32033 ], [ 26.69483, 39.32031 ], [ 26.69479, 39.32037 ] ] ] ] } },
{ "type": "Feature", "properties": { "adaNo": "1938", "fid": 3741, "label": "45 → 1938" }, "geometry": { "type": "MultiPolygon", "coordinates": [ [ [ [ 26.6919, 39.31955 ], [ 26.69155, 39.31966 ], [ 26.69141, 39.3197 ], [ 26.69134, 39.31955 ], [ 26.6915, 39.3195 ], [ 26.69156, 39.31948 ], [ 26.69159, 39.31947 ], [ 26.6918, 39.31941 ], [ 26.69183, 39.3194 ], [ 26.6919, 39.31955 ] ] ] ] } },
{ "type": "Feature", "properties": { "adaNo": "458", "fid": 813, "label": "458" }, "geometry": { "type": "MultiPolygon", "coordinates": [ [ [ [ 26.6944, 39.32017 ], [ 26.69436, 39.32016 ], [ 26.69429, 39.32015 ], [ 26.69424, 39.32015 ], [ 26.69424, 39.32021 ], [ 26.69425, 39.32025 ], [ 26.69424, 39.32032 ], [ 26.69424, 39.32037 ], [ 26.69423, 39.32045 ], [ 26.69423, 39.32052 ], [ 26.69425, 39.32061 ], [ 26.69426, 39.32065 ], [ 26.69425, 39.32074 ], [ 26.69427, 39.32075 ], [ 26.69427, 39.32074 ], [ 26.69428, 39.32074 ], [ 26.69428, 39.32075 ], [ 26.69439, 39.32078 ], [ 26.69441, 39.32079 ], [ 26.69442, 39.32079 ], [ 26.69447, 39.3208 ], [ 26.69447, 39.32081 ], [ 26.69453, 39.32082 ], [ 26.69453, 39.32081 ], [ 26.69453, 39.32077 ], [ 26.69459, 39.32078 ], [ 26.69459, 39.32082 ], [ 26.69464, 39.32082 ], [ 26.69463, 39.32078 ], [ 26.69463, 39.32075 ], [ 26.69463, 39.32071 ], [ 26.69464, 39.32067 ], [ 26.69464, 39.32061 ], [ 26.69464, 39.32057 ], [ 26.69455, 39.32056 ], [ 26.69451, 39.32056 ], [ 26.69451, 39.32053 ], [ 26.69454, 39.32054 ], [ 26.69455, 39.32054 ], [ 26.69457, 39.32053 ], [ 26.69465, 39.32055 ], [ 26.69468, 39.32048 ], [ 26.69471, 39.32044 ], [ 26.69476, 39.32036 ], [ 26.69481, 39.32029 ], [ 26.69473, 39.32026 ], [ 26.69472, 39.32026 ], [ 26.69468, 39.32025 ], [ 26.69466, 39.32024 ], [ 26.69457, 39.32022 ], [ 26.69451, 39.3202 ], [ 26.69442, 39.32018 ], [ 26.6944, 39.32017 ] ] ] ] } },
{ "type": "Feature", "properties": { "adaNo": "1939", "fid": 3765, "label": "46 → 1939" }, "geometry": { "type": "MultiPolygon", "coordinates": [ [ [ [ 26.69212, 39.31965 ], [ 26.69209, 39.31959 ], [ 26.69206, 39.31953 ], [ 26.69155, 39.31969 ], [ 26.69145, 39.31973 ], [ 26.69148, 39.31979 ], [ 26.69151, 39.31978 ], [ 26.69155, 39.31981 ], [ 26.69174, 39.31977 ], [ 26.69198, 39.31969 ], [ 26.69212, 39.31965 ] ] ] ] } },
{ "type": "Feature", "properties": { "adaNo": "459", "fid": 5006, "label": "459" }, "geometry": { "type": "MultiPolygon", "coordinates": [ [ [ [ 26.69456, 39.31967 ], [ 26.69454, 39.31968 ], [ 26.69452, 39.3197 ], [ 26.69454, 39.31971 ], [ 26.69477, 39.31985 ], [ 26.69476, 39.31989 ], [ 26.69474, 39.31993 ], [ 26.69472, 39.31997 ], [ 26.69471, 39.32002 ], [ 26.69465, 39.32008 ], [ 26.69462, 39.32011 ], [ 26.69461, 39.32012 ], [ 26.69458, 39.32015 ], [ 26.69455, 39.32018 ], [ 26.69464, 39.3202 ], [ 26.69472, 39.32023 ], [ 26.69483, 39.32025 ], [ 26.69487, 39.32018 ], [ 26.69478, 39.32014 ], [ 26.6948, 39.32011 ], [ 26.69489, 39.32015 ], [ 26.69494, 39.3201 ], [ 26.69497, 39.32008 ], [ 26.69497, 39.32007 ], [ 26.695, 39.32005 ], [ 26.69503, 39.32002 ], [ 26.69508, 39.31998 ], [ 26.69508, 39.31997 ], [ 26.69509, 39.31996 ], [ 26.6951, 39.31996 ], [ 26.69514, 39.31992 ], [ 26.69514, 39.31989 ], [ 26.69518, 39.31981 ], [ 26.69515, 39.31977 ], [ 26.69512, 39.31971 ], [ 26.69507, 39.31961 ], [ 26.69505, 39.31957 ], [ 26.69492, 39.31952 ], [ 26.69487, 39.31953 ], [ 26.69485, 39.31954 ], [ 26.6948, 39.31957 ], [ 26.69459, 39.31966 ], [ 26.69456, 39.31967 ] ] ] ] } },
{ "type": "Feature", "properties": { "adaNo": "260", "fid": 3390, "label": "260A, 260B, 260C → 260" }, "geometry": { "type": "MultiPolygon", "coordinates": [ [ [ [ 26.69734, 39.31881 ], [ 26.69743, 39.31882 ], [ 26.69746, 39.31877 ], [ 26.69748, 39.31873 ], [ 26.69749, 39.31869 ], [ 26.69749, 39.31865 ], [ 26.6975, 39.31861 ], [ 26.69749, 39.3186 ], [ 26.69749, 39.31857 ], [ 26.69742, 39.31854 ], [ 26.69739, 39.31846 ], [ 26.69734, 39.31847 ], [ 26.69727, 39.31849 ], [ 26.69728, 39.31852 ], [ 26.69728, 39.31855 ], [ 26.69725, 39.31855 ], [ 26.69724, 39.3185 ], [ 26.69715, 39.31851 ], [ 26.69708, 39.31853 ], [ 26.69712, 39.31862 ], [ 26.69707, 39.31863 ], [ 26.69706, 39.31859 ], [ 26.69704, 39.31854 ], [ 26.69695, 39.31858 ], [ 26.69697, 39.31865 ], [ 26.69698, 39.31871 ], [ 26.69698, 39.31872 ], [ 26.69699, 39.31876 ], [ 26.697, 39.31882 ], [ 26.697, 39.31886 ], [ 26.69701, 39.3189 ], [ 26.69701, 39.31894 ], [ 26.69702, 39.31898 ], [ 26.69702, 39.31902 ], [ 26.69703, 39.31907 ], [ 26.69713, 39.31906 ], [ 26.6972, 39.31906 ], [ 26.69724, 39.31906 ], [ 26.69725, 39.31906 ], [ 26.69725, 39.3191 ], [ 26.69726, 39.3191 ], [ 26.69725, 39.31917 ], [ 26.69734, 39.31917 ], [ 26.6974, 39.31917 ], [ 26.69768, 39.31927 ], [ 26.69774, 39.31928 ], [ 26.6978, 39.31929 ], [ 26.69785, 39.3193 ], [ 26.69789, 39.31931 ], [ 26.69787, 39.31932 ], [ 26.69777, 39.3193 ], [ 26.69775, 39.3193 ], [ 26.69769, 39.31929 ], [ 26.69762, 39.31928 ], [ 26.69762, 39.31926 ], [ 26.69756, 39.31924 ], [ 26.69747, 39.31922 ], [ 26.69738, 39.3192 ], [ 26.69736, 39.3192 ], [ 26.6973, 39.3192 ], [ 26.69725, 39.31919 ], [ 26.69722, 39.31919 ], [ 26.69722, 39.31914 ], [ 26.69721, 39.31909 ], [ 26.69716, 39.31909 ], [ 26.69712, 39.3191 ], [ 26.69703, 39.3191 ], [ 26.69703, 39.31915 ], [ 26.69703, 39.3192 ], [ 26.69705, 39.31927 ], [ 26.69706, 39.3193 ], [ 26.69706, 39.31934 ], [ 26.69708, 39.31938 ], [ 26.69709, 39.31943 ], [ 26.69717, 39.31943 ], [ 26.69723, 39.31943 ], [ 26.69729, 39.31943 ], [ 26.69734, 39.31943 ], [ 26.6974, 39.31944 ], [ 26.69744, 39.31944 ], [ 26.69744, 39.31943 ], [ 26.69751, 39.31943 ], [ 26.6975, 39.31945 ], [ 26.69757, 39.31945 ], [ 26.69763, 39.31946 ], [ 26.69768, 39.31947 ], [ 26.69769, 39.31947 ], [ 26.69779, 39.31948 ], [ 26.69783, 39.31948 ], [ 26.69789, 39.31948 ], [ 26.69804, 39.31949 ], [ 26.69805, 39.31947 ], [ 26.69805, 39.31936 ], [ 26.69805, 39.31934 ], [ 26.69803, 39.31929 ], [ 26.69802, 39.31925 ], [ 26.69796, 39.31925 ], [ 26.69785, 39.31926 ], [ 26.69785, 39.31927 ], [ 26.69784, 39.31919 ], [ 26.6978, 39.31919 ], [ 26.69774, 39.31919 ], [ 26.69768, 39.3192 ], [ 26.69767, 39.31917 ], [ 26.69768, 39.31913 ], [ 26.69768, 39.31911 ], [ 26.69767, 39.31905 ], [ 26.69767, 39.31899 ], [ 26.69767, 39.31894 ], [ 26.69767, 39.3189 ], [ 26.69766, 39.31887 ], [ 26.69766, 39.31885 ], [ 26.69766, 39.31881 ], [ 26.69766, 39.31878 ], [ 26.69766, 39.31875 ], [ 26.69767, 39.31871 ], [ 26.69769, 39.31861 ], [ 26.69762, 39.3186 ], [ 26.69757, 39.31859 ], [ 26.69757, 39.31861 ], [ 26.69755, 39.3186 ], [ 26.69754, 39.31869 ], [ 26.69753, 39.31874 ], [ 26.69752, 39.31876 ], [ 26.69751, 39.31876 ], [ 26.69749, 39.31883 ], [ 26.69748, 39.31886 ], [ 26.69747, 39.31888 ], [ 26.69745, 39.31892 ], [ 26.69744, 39.31896 ], [ 26.6974, 39.31907 ], [ 26.69739, 39.31908 ], [ 26.69735, 39.31907 ], [ 26.69732, 39.31906 ], [ 26.69732, 39.31902 ], [ 26.69733, 39.31902 ], [ 26.69735, 39.31899 ], [ 26.69736, 39.31899 ], [ 26.69738, 39.31893 ], [ 26.6974, 39.31889 ], [ 26.69742, 39.31885 ], [ 26.69732, 39.31884 ], [ 26.69723, 39.31881 ], [ 26.69722, 39.31885 ], [ 26.69716, 39.31884 ], [ 26.69717, 39.31881 ], [ 26.69718, 39.31877 ], [ 26.69724, 39.31878 ], [ 26.69731, 39.3188 ], [ 26.69734, 39.31881 ] ] ] ] } },
{ "type": "Feature", "properties": { "adaNo": "261", "fid": 3451, "label": "261" }, "geometry": { "type": "MultiPolygon", "coordinates": [ [ [ [ 26.6977, 39.31876 ], [ 26.6977, 39.3188 ], [ 26.6977, 39.31886 ], [ 26.69771, 39.31889 ], [ 26.69771, 39.31893 ], [ 26.69771, 39.31899 ], [ 26.69773, 39.31907 ], [ 26.69773, 39.31911 ], [ 26.69774, 39.31917 ], [ 26.6978, 39.31916 ], [ 26.69784, 39.31916 ], [ 26.69788, 39.31915 ], [ 26.69794, 39.31915 ], [ 26.69799, 39.31914 ], [ 26.69799, 39.31909 ], [ 26.69798, 39.319 ], [ 26.69798, 39.31898 ], [ 26.69797, 39.3189 ], [ 26.69797, 39.31888 ], [ 26.69796, 39.31881 ], [ 26.69796, 39.31874 ], [ 26.69796, 39.31869 ], [ 26.69796, 39.31865 ], [ 26.69786, 39.31863 ], [ 26.6978, 39.31863 ], [ 26.69773, 39.31861 ], [ 26.69771, 39.31869 ], [ 26.69771, 39.31871 ], [ 26.6977, 39.31876 ] ] ] ] } },
{ "type": "Feature", "properties": { "adaNo": "262", "fid": 3605, "label": "262" }, "geometry": { "type": "MultiPolygon", "coordinates": [ [ [ [ 26.69806, 39.31918 ], [ 26.69807, 39.31925 ], [ 26.69808, 39.3193 ], [ 26.69809, 39.31936 ], [ 26.6981, 39.31945 ], [ 26.69822, 39.31946 ], [ 26.69821, 39.31951 ], [ 26.69826, 39.31951 ], [ 26.69832, 39.31952 ], [ 26.69837, 39.31952 ], [ 26.69845, 39.31953 ], [ 26.69846, 39.31946 ], [ 26.69847, 39.3194 ], [ 26.69848, 39.31934 ], [ 26.69849, 39.3193 ], [ 26.69849, 39.31928 ], [ 26.6985, 39.31923 ], [ 26.6985, 39.31916 ], [ 26.69843, 39.31915 ], [ 26.69843, 39.31918 ], [ 26.69836, 39.31915 ], [ 26.69836, 39.31914 ], [ 26.69833, 39.31913 ], [ 26.69832, 39.31913 ], [ 26.69827, 39.31912 ], [ 26.69821, 39.31912 ], [ 26.69815, 39.31911 ], [ 26.69811, 39.3191 ], [ 26.69804, 39.31909 ], [ 26.69805, 39.31915 ], [ 26.69806, 39.31918 ] ] ] ] } },
{ "type": "Feature", "properties": { "adaNo": "263", "fid": 3668, "label": "263" }, "geometry": { "type": "MultiPolygon", "coordinates": [ [ [ [ 26.69854, 39.3193 ], [ 26.69853, 39.31934 ], [ 26.69852, 39.31938 ], [ 26.69851, 39.31944 ], [ 26.6985, 39.31949 ], [ 26.69849, 39.31955 ], [ 26.69853, 39.31957 ], [ 26.69857, 39.31958 ], [ 26.69864, 39.3196 ], [ 26.69867, 39.31953 ], [ 26.69871, 39.31946 ], [ 26.69872, 39.31942 ], [ 26.69874, 39.31938 ], [ 26.69875, 39.31935 ], [ 26.69876, 39.31932 ], [ 26.69877, 39.31929 ], [ 26.69871, 39.31928 ], [ 26.6986, 39.31925 ], [ 26.69855, 39.31924 ], [ 26.69854, 39.31929 ], [ 26.69854, 39.3193 ] ] ] ] } },
{ "type": "Feature", "properties": { "adaNo": "264", "fid": 4996, "label": "264" }, "geometry": { "type": "MultiPolygon", "coordinates": [ [ [ [ 26.69873, 39.31948 ], [ 26.6987, 39.31954 ], [ 26.69869, 39.31955 ], [ 26.69869, 39.31956 ], [ 26.69868, 39.31957 ], [ 26.69867, 39.31961 ], [ 26.69878, 39.31963 ], [ 26.69886, 39.31965 ], [ 26.69892, 39.31966 ], [ 26.69895, 39.31957 ], [ 26.69895, 39.31958 ], [ 26.69897, 39.31955 ], [ 26.69898, 39.31952 ], [ 26.69899, 39.3195 ], [ 26.699, 39.31948 ], [ 26.69905, 39.31938 ], [ 26.69898, 39.31936 ], [ 26.69893, 39.31935 ], [ 26.69892, 39.31934 ], [ 26.69887, 39.31933 ], [ 26.69887, 39.31934 ], [ 26.69879, 39.31932 ], [ 26.69875, 39.31942 ], [ 26.69873, 39.31948 ] ] ] ] } },
{ "type": "Feature", "properties": { "adaNo": "265", "fid": 3574, "label": "265" }, "geometry": { "type": "MultiPolygon", "coordinates": [ [ [ [ 26.69882, 39.31906 ], [ 26.6988, 39.3191 ], [ 26.69878, 39.31914 ], [ 26.69876, 39.31919 ], [ 26.69873, 39.31925 ], [ 26.69879, 39.31927 ], [ 26.69888, 39.3193 ], [ 26.69895, 39.31932 ], [ 26.69898, 39.31934 ], [ 26.69906, 39.31936 ], [ 26.69908, 39.31932 ], [ 26.69909, 39.31929 ], [ 26.69911, 39.31926 ], [ 26.69913, 39.31921 ], [ 26.69914, 39.31919 ], [ 26.69918, 39.3191 ], [ 26.69911, 39.31907 ], [ 26.69902, 39.31904 ], [ 26.69894, 39.31901 ], [ 26.69893, 39.319 ], [ 26.69886, 39.31897 ], [ 26.69884, 39.31902 ], [ 26.69882, 39.31906 ] ] ] ] } },
{ "type": "Feature", "properties": { "adaNo": "267", "fid": 4995, "label": "267" }, "geometry": { "type": "MultiPolygon", "coordinates": [ [ [ [ 26.69922, 39.31872 ], [ 26.69915, 39.31872 ], [ 26.69913, 39.31878 ], [ 26.69912, 39.31881 ], [ 26.69911, 39.31884 ], [ 26.6991, 39.3189 ], [ 26.69908, 39.31897 ], [ 26.69907, 39.319 ], [ 26.69914, 39.31902 ], [ 26.69921, 39.31905 ], [ 26.69926, 39.31907 ], [ 26.69929, 39.31899 ], [ 26.6993, 39.31894 ], [ 26.69931, 39.31891 ], [ 26.69932, 39.31887 ], [ 26.69934, 39.31881 ], [ 26.69935, 39.31878 ], [ 26.69935, 39.31874 ], [ 26.69927, 39.31873 ], [ 26.69922, 39.31872 ] ] ] ] } },
{ "type": "Feature", "properties": { "adaNo": "268", "fid": 3351, "label": "268" }, "geometry": { "type": "MultiPolygon", "coordinates": [ [ [ [ 26.69921, 39.31839 ], [ 26.6992, 39.31846 ], [ 26.69917, 39.31861 ], [ 26.69915, 39.31868 ], [ 26.69921, 39.31869 ], [ 26.69926, 39.31869 ], [ 26.69936, 39.31871 ], [ 26.69937, 39.31866 ], [ 26.69938, 39.31864 ], [ 26.6994, 39.31855 ], [ 26.69942, 39.31848 ], [ 26.69943, 39.31841 ], [ 26.69945, 39.31834 ], [ 26.69933, 39.31833 ], [ 26.69923, 39.31833 ], [ 26.69921, 39.31839 ] ] ] ] } },
{ "type": "Feature", "properties": { "adaNo": "269", "fid": 3308, "label": "269" }, "geometry": { "type": "MultiPolygon", "coordinates": [ [ [ [ 26.69927, 39.31825 ], [ 26.69933, 39.31824 ], [ 26.69939, 39.31824 ], [ 26.69944, 39.31825 ], [ 26.69948, 39.31825 ], [ 26.69952, 39.31825 ], [ 26.69959, 39.31825 ], [ 26.69961, 39.31826 ], [ 26.69962, 39.31822 ], [ 26.69963, 39.31818 ], [ 26.69959, 39.31818 ], [ 26.69954, 39.31818 ], [ 26.69952, 39.31818 ], [ 26.6995, 39.31818 ], [ 26.69943, 39.31818 ], [ 26.69939, 39.31818 ], [ 26.69933, 39.31818 ], [ 26.69927, 39.31818 ], [ 26.69927, 39.31825 ] ] ] ] } },
{ "type": "Feature", "properties": { "adaNo": "1940", "fid": 3786, "label": "47 → 1940" }, "geometry": { "type": "MultiPolygon", "coordinates": [ [ [ [ 26.69188, 39.31975 ], [ 26.69158, 39.31984 ], [ 26.69161, 39.31992 ], [ 26.69161, 39.32001 ], [ 26.69158, 39.32008 ], [ 26.69161, 39.32016 ], [ 26.69162, 39.32016 ], [ 26.6917, 39.32014 ], [ 26.69176, 39.32012 ], [ 26.69196, 39.32005 ], [ 26.69202, 39.32003 ], [ 26.69198, 39.31995 ], [ 26.69196, 39.3199 ], [ 26.69195, 39.3199 ], [ 26.69191, 39.31981 ], [ 26.69188, 39.31975 ] ] ] ] } },
{ "type": "Feature", "properties": { "adaNo": "460", "fid": 627, "label": "460" }, "geometry": { "type": "MultiPolygon", "coordinates": [ [ [ [ 26.6943, 39.31929 ], [ 26.69429, 39.31929 ], [ 26.69429, 39.31928 ], [ 26.69421, 39.31937 ], [ 26.69424, 39.31938 ], [ 26.6943, 39.31943 ], [ 26.69429, 39.31943 ], [ 26.69435, 39.31948 ], [ 26.69439, 39.31952 ], [ 26.6944, 39.31951 ], [ 26.69444, 39.31955 ], [ 26.69448, 39.3196 ], [ 26.69454, 39.31965 ], [ 26.69461, 39.31962 ], [ 26.69466, 39.3196 ], [ 26.69467, 39.3196 ], [ 26.69469, 39.31959 ], [ 26.69479, 39.31954 ], [ 26.69473, 39.31948 ], [ 26.69467, 39.31941 ], [ 26.69463, 39.31937 ], [ 26.69459, 39.31932 ], [ 26.69455, 39.31928 ], [ 26.69455, 39.31927 ], [ 26.69452, 39.31924 ], [ 26.69453, 39.31924 ], [ 26.69447, 39.31919 ], [ 26.69444, 39.31916 ], [ 26.69436, 39.31921 ], [ 26.69435, 39.31923 ], [ 26.6943, 39.31929 ] ] ] ] } },
{ "type": "Feature", "properties": { "adaNo": "1941", "fid": 32, "label": "22 → 1941" }, "geometry": { "type": "MultiPolygon", "coordinates": [ [ [ [ 26.69078, 39.31437 ], [ 26.69072, 39.3144 ], [ 26.69066, 39.31443 ], [ 26.69056, 39.31448 ], [ 26.69059, 39.31452 ], [ 26.69061, 39.31455 ], [ 26.69064, 39.31459 ], [ 26.69067, 39.31464 ], [ 26.69079, 39.31459 ], [ 26.69087, 39.31456 ], [ 26.69087, 39.31455 ], [ 26.69091, 39.31454 ], [ 26.69095, 39.31452 ], [ 26.691, 39.3145 ], [ 26.69096, 39.31444 ], [ 26.69094, 39.3144 ], [ 26.69092, 39.31437 ], [ 26.69089, 39.31433 ], [ 26.69084, 39.31435 ], [ 26.69078, 39.31437 ] ], [ [ 26.69081, 39.31442 ], [ 26.6908, 39.31441 ], [ 26.69078, 39.31437 ], [ 26.69081, 39.31442 ] ] ] ] } },
{ "type": "Feature", "properties": { "adaNo": "461", "fid": 568, "label": "461" }, "geometry": { "type": "MultiPolygon", "coordinates": [ [ [ [ 26.69483, 39.31909 ], [ 26.69483, 39.31908 ], [ 26.6948, 39.31909 ], [ 26.69479, 39.31907 ], [ 26.6947, 39.31907 ], [ 26.6947, 39.31908 ], [ 26.69466, 39.31909 ], [ 26.69465, 39.31909 ], [ 26.69458, 39.3191 ], [ 26.69452, 39.31912 ], [ 26.69453, 39.31912 ], [ 26.69447, 39.31914 ], [ 26.6945, 39.31918 ], [ 26.69453, 39.3192 ], [ 26.69453, 39.31921 ], [ 26.69459, 39.31926 ], [ 26.69463, 39.31931 ], [ 26.6947, 39.31939 ], [ 26.69474, 39.31943 ], [ 26.69481, 39.31948 ], [ 26.69487, 39.31943 ], [ 26.69492, 39.31939 ], [ 26.69501, 39.31933 ], [ 26.69506, 39.31931 ], [ 26.69511, 39.31928 ], [ 26.69513, 39.31927 ], [ 26.69518, 39.31925 ], [ 26.69522, 39.31923 ], [ 26.69522, 39.31919 ], [ 26.69522, 39.31918 ], [ 26.69518, 39.31912 ], [ 26.69517, 39.31912 ], [ 26.69514, 39.3191 ], [ 26.69509, 39.31908 ], [ 26.69502, 39.319 ], [ 26.69498, 39.31902 ], [ 26.69494, 39.31904 ], [ 26.69487, 39.31907 ], [ 26.69483, 39.31909 ] ] ] ] } },
{ "type": "Feature", "properties": { "adaNo": "1942", "fid": 42, "label": "23 → 1942" }, "geometry": { "type": "MultiPolygon", "coordinates": [ [ [ [ 26.69104, 39.31457 ], [ 26.69102, 39.31453 ], [ 26.69092, 39.31457 ], [ 26.69089, 39.31458 ], [ 26.69085, 39.3146 ], [ 26.69069, 39.31466 ], [ 26.69072, 39.31471 ], [ 26.69073, 39.31472 ], [ 26.69078, 39.31479 ], [ 26.691, 39.31473 ], [ 26.69111, 39.3147 ], [ 26.69107, 39.31462 ], [ 26.69104, 39.31457 ] ] ] ] } },
{ "type": "Feature", "properties": { "adaNo": "462", "fid": 382, "label": "462" }, "geometry": { "type": "MultiPolygon", "coordinates": [ [ [ [ 26.69419, 39.31856 ], [ 26.69421, 39.31857 ], [ 26.69433, 39.31857 ], [ 26.69439, 39.31857 ], [ 26.69443, 39.31857 ], [ 26.69448, 39.31858 ], [ 26.69456, 39.31859 ], [ 26.69457, 39.31859 ], [ 26.69459, 39.31861 ], [ 26.69459, 39.3187 ], [ 26.69458, 39.31873 ], [ 26.69458, 39.31874 ], [ 26.69458, 39.31883 ], [ 26.69458, 39.31888 ], [ 26.69457, 39.31893 ], [ 26.69456, 39.31898 ], [ 26.69456, 39.319 ], [ 26.69456, 39.31906 ], [ 26.69461, 39.31905 ], [ 26.69466, 39.31905 ], [ 26.6947, 39.31904 ], [ 26.69474, 39.31904 ], [ 26.69481, 39.319 ], [ 26.69484, 39.31904 ], [ 26.69493, 39.31901 ], [ 26.69491, 39.31895 ], [ 26.69496, 39.31894 ], [ 26.69496, 39.31891 ], [ 26.69494, 39.31888 ], [ 26.69493, 39.31885 ], [ 26.69491, 39.31883 ], [ 26.69491, 39.31879 ], [ 26.69492, 39.31874 ], [ 26.69495, 39.31883 ], [ 26.69499, 39.31884 ], [ 26.69498, 39.31894 ], [ 26.69507, 39.31894 ], [ 26.69516, 39.31889 ], [ 26.69524, 39.31884 ], [ 26.69524, 39.31885 ], [ 26.69527, 39.31881 ], [ 26.69533, 39.31875 ], [ 26.69529, 39.3187 ], [ 26.6953, 39.3187 ], [ 26.69525, 39.31866 ], [ 26.69523, 39.31865 ], [ 26.69522, 39.31865 ], [ 26.6952, 39.31864 ], [ 26.69515, 39.31861 ], [ 26.6951, 39.31859 ], [ 26.69505, 39.31857 ], [ 26.69495, 39.31851 ], [ 26.69491, 39.31848 ], [ 26.69484, 39.31845 ], [ 26.69479, 39.31844 ], [ 26.6947, 39.31841 ], [ 26.69464, 39.3184 ], [ 26.69464, 39.31848 ], [ 26.69458, 39.31848 ], [ 26.69458, 39.3184 ], [ 26.69453, 39.31839 ], [ 26.69448, 39.31838 ], [ 26.69443, 39.31837 ], [ 26.6944, 39.31837 ], [ 26.69438, 39.31837 ], [ 26.69427, 39.31834 ], [ 26.69424, 39.31839 ], [ 26.69422, 39.31846 ], [ 26.6942, 39.31851 ], [ 26.69419, 39.31856 ] ], [ [ 26.6948, 39.31862 ], [ 26.69482, 39.3186 ], [ 26.69486, 39.31862 ], [ 26.69489, 39.31858 ], [ 26.69485, 39.31864 ], [ 26.6948, 39.31862 ] ] ] ] } },
{ "type": "Feature", "properties": { "adaNo": "1943", "fid": 49, "label": "24 → 1943" }, "geometry": { "type": "MultiPolygon", "coordinates": [ [ [ [ 26.69084, 39.31481 ], [ 26.69082, 39.31484 ], [ 26.69084, 39.31488 ], [ 26.69086, 39.31491 ], [ 26.6909, 39.31497 ], [ 26.69093, 39.31501 ], [ 26.69096, 39.31506 ], [ 26.69098, 39.31508 ], [ 26.69104, 39.31517 ], [ 26.69109, 39.31515 ], [ 26.69114, 39.31513 ], [ 26.69118, 39.31511 ], [ 26.69123, 39.31509 ], [ 26.69133, 39.31505 ], [ 26.69132, 39.31502 ], [ 26.69126, 39.31495 ], [ 26.69124, 39.31491 ], [ 26.69122, 39.31487 ], [ 26.69119, 39.31483 ], [ 26.69117, 39.31481 ], [ 26.69115, 39.31477 ], [ 26.69113, 39.31473 ], [ 26.691, 39.31476 ], [ 26.69094, 39.31478 ], [ 26.69084, 39.31481 ] ] ] ] } },
{ "type": "Feature", "properties": { "adaNo": "463", "fid": 368, "label": "463" }, "geometry": { "type": "MultiPolygon", "coordinates": [ [ [ [ 26.69503, 39.31837 ], [ 26.69502, 39.31841 ], [ 26.695, 39.31847 ], [ 26.69501, 39.3185 ], [ 26.69513, 39.31856 ], [ 26.6952, 39.3186 ], [ 26.69525, 39.31863 ], [ 26.69527, 39.31864 ], [ 26.69535, 39.31873 ], [ 26.69544, 39.31869 ], [ 26.69548, 39.31867 ], [ 26.69551, 39.31866 ], [ 26.69558, 39.31864 ], [ 26.69562, 39.31863 ], [ 26.69561, 39.3186 ], [ 26.69562, 39.3186 ], [ 26.6956, 39.31854 ], [ 26.69558, 39.31848 ], [ 26.69557, 39.31843 ], [ 26.69556, 39.31841 ], [ 26.69556, 39.3184 ], [ 26.69555, 39.31837 ], [ 26.69552, 39.31829 ], [ 26.69531, 39.31833 ], [ 26.69522, 39.31833 ], [ 26.69516, 39.31833 ], [ 26.69516, 39.31829 ], [ 26.69505, 39.31829 ], [ 26.69503, 39.31837 ] ] ] ] } },
{ "type": "Feature", "properties": { "adaNo": "1944", "fid": 65, "label": "25 → 1944" }, "geometry": { "type": "MultiPolygon", "coordinates": [ [ [ [ 26.69057, 39.31509 ], [ 26.6906, 39.31514 ], [ 26.69062, 39.31518 ], [ 26.69065, 39.31521 ], [ 26.69067, 39.31525 ], [ 26.69071, 39.31531 ], [ 26.69082, 39.31527 ], [ 26.69091, 39.31523 ], [ 26.69096, 39.31521 ], [ 26.691, 39.31519 ], [ 26.69096, 39.31512 ], [ 26.69094, 39.31509 ], [ 26.69092, 39.31507 ], [ 26.69087, 39.31499 ], [ 26.69082, 39.31491 ], [ 26.69076, 39.31482 ], [ 26.69046, 39.31491 ], [ 26.69052, 39.31501 ], [ 26.69057, 39.31509 ] ] ] ] } },
{ "type": "Feature", "properties": { "adaNo": "464", "fid": 375, "label": "464" }, "geometry": { "type": "MultiPolygon", "coordinates": [ [ [ [ 26.69555, 39.31827 ], [ 26.69559, 39.31839 ], [ 26.6956, 39.31845 ], [ 26.69563, 39.31851 ], [ 26.69565, 39.31856 ], [ 26.69568, 39.31862 ], [ 26.69576, 39.3186 ], [ 26.6958, 39.31859 ], [ 26.6959, 39.31856 ], [ 26.69583, 39.31846 ], [ 26.69582, 39.31846 ], [ 26.69579, 39.31839 ], [ 26.69577, 39.31836 ], [ 26.69573, 39.31825 ], [ 26.69555, 39.31827 ] ] ] ] } },
{ "type": "Feature", "properties": { "adaNo": "1945", "fid": 2523, "label": "26 → 1945" }, "geometry": { "type": "MultiPolygon", "coordinates": [ [ [ [ 26.69047, 39.31528 ], [ 26.69042, 39.31519 ], [ 26.6904, 39.31516 ], [ 26.69039, 39.31514 ], [ 26.69039, 39.31511 ], [ 26.69038, 39.31508 ], [ 26.69037, 39.31503 ], [ 26.69036, 39.31495 ], [ 26.69041, 39.31494 ], [ 26.69066, 39.31532 ], [ 26.69054, 39.31537 ], [ 26.69047, 39.31528 ] ] ] ] } },
{ "type": "Feature", "properties": { "adaNo": "465", "fid": 323, "label": "465" }, "geometry": { "type": "MultiPolygon", "coordinates": [ [ [ [ 26.69625, 39.31819 ], [ 26.69626, 39.31821 ], [ 26.69627, 39.31824 ], [ 26.69629, 39.31827 ], [ 26.69624, 39.31828 ], [ 26.69618, 39.31828 ], [ 26.69621, 39.31834 ], [ 26.69621, 39.31836 ], [ 26.6962, 39.31836 ], [ 26.6962, 39.31834 ], [ 26.69618, 39.31832 ], [ 26.69618, 39.31831 ], [ 26.69616, 39.31826 ], [ 26.69616, 39.31822 ], [ 26.69615, 39.3182 ], [ 26.69612, 39.31814 ], [ 26.69607, 39.31816 ], [ 26.69598, 39.31818 ], [ 26.69586, 39.31821 ], [ 26.69582, 39.31823 ], [ 26.69576, 39.31825 ], [ 26.69583, 39.31838 ], [ 26.69586, 39.31843 ], [ 26.69589, 39.31848 ], [ 26.6959, 39.3185 ], [ 26.69593, 39.31856 ], [ 26.69599, 39.31854 ], [ 26.69609, 39.31851 ], [ 26.69615, 39.3185 ], [ 26.69623, 39.31848 ], [ 26.69632, 39.31846 ], [ 26.69637, 39.31845 ], [ 26.69645, 39.31844 ], [ 26.69652, 39.31842 ], [ 26.69659, 39.31841 ], [ 26.69657, 39.31835 ], [ 26.69656, 39.31832 ], [ 26.69654, 39.31829 ], [ 26.69655, 39.31829 ], [ 26.69653, 39.31827 ], [ 26.69652, 39.31824 ], [ 26.69648, 39.31817 ], [ 26.69645, 39.31811 ], [ 26.69643, 39.31806 ], [ 26.69639, 39.31793 ], [ 26.69637, 39.31794 ], [ 26.69629, 39.31798 ], [ 26.69623, 39.31802 ], [ 26.69625, 39.31806 ], [ 26.6962, 39.31809 ], [ 26.69621, 39.3181 ], [ 26.69622, 39.31814 ], [ 26.69623, 39.31814 ], [ 26.69624, 39.31816 ], [ 26.69625, 39.31819 ] ] ] ] } },
{ "type": "Feature", "properties": { "adaNo": "1946", "fid": 87, "label": "27 → 1946" }, "geometry": { "type": "MultiPolygon", "coordinates": [ [ [ [ 26.6907, 39.31543 ], [ 26.69067, 39.31544 ], [ 26.6906, 39.31548 ], [ 26.6905, 39.31553 ], [ 26.69076, 39.31574 ], [ 26.6908, 39.31579 ], [ 26.69084, 39.31583 ], [ 26.69088, 39.31587 ], [ 26.69122, 39.31564 ], [ 26.69112, 39.31556 ], [ 26.69107, 39.31552 ], [ 26.69102, 39.31548 ], [ 26.69097, 39.31544 ], [ 26.69085, 39.31535 ], [ 26.6907, 39.31543 ] ] ] ] } },
{ "type": "Feature", "properties": { "adaNo": "466", "fid": 419, "label": "466" }, "geometry": { "type": "MultiPolygon", "coordinates": [ [ [ [ 26.69657, 39.31847 ], [ 26.69652, 39.31847 ], [ 26.69646, 39.31848 ], [ 26.69641, 39.31848 ], [ 26.69642, 39.31855 ], [ 26.69642, 39.31856 ], [ 26.69642, 39.31862 ], [ 26.69641, 39.31866 ], [ 26.69639, 39.31865 ], [ 26.69637, 39.31865 ], [ 26.69638, 39.31861 ], [ 26.69638, 39.31855 ], [ 26.69638, 39.31849 ], [ 26.69631, 39.3185 ], [ 26.69631, 39.31849 ], [ 26.69623, 39.31851 ], [ 26.69615, 39.31853 ], [ 26.69613, 39.31853 ], [ 26.69605, 39.31855 ], [ 26.69607, 39.31858 ], [ 26.6961, 39.31859 ], [ 26.69605, 39.3186 ], [ 26.69612, 39.31865 ], [ 26.69618, 39.31868 ], [ 26.69622, 39.31871 ], [ 26.69627, 39.31875 ], [ 26.6963, 39.31878 ], [ 26.69637, 39.31883 ], [ 26.69645, 39.3188 ], [ 26.69658, 39.31875 ], [ 26.69663, 39.31873 ], [ 26.69662, 39.31872 ], [ 26.69668, 39.31868 ], [ 26.69673, 39.31864 ], [ 26.69681, 39.3186 ], [ 26.69697, 39.31854 ], [ 26.69699, 39.31853 ], [ 26.69699, 39.31851 ], [ 26.69696, 39.31851 ], [ 26.6968, 39.3185 ], [ 26.69671, 39.31848 ], [ 26.69669, 39.31847 ], [ 26.69662, 39.31846 ], [ 26.69657, 39.31847 ] ] ] ] } },
{ "type": "Feature", "properties": { "adaNo": "467", "fid": 348, "label": "467" }, "geometry": { "type": "MultiPolygon", "coordinates": [ [ [ [ 26.69681, 39.31826 ], [ 26.69675, 39.31827 ], [ 26.69671, 39.31828 ], [ 26.69667, 39.31829 ], [ 26.6966, 39.31831 ], [ 26.69663, 39.31838 ], [ 26.69664, 39.31843 ], [ 26.69672, 39.31845 ], [ 26.69673, 39.31845 ], [ 26.69681, 39.31846 ], [ 26.69686, 39.31847 ], [ 26.69693, 39.31847 ], [ 26.69699, 39.31847 ], [ 26.69704, 39.31847 ], [ 26.69711, 39.31847 ], [ 26.6971, 39.31838 ], [ 26.69709, 39.31835 ], [ 26.69708, 39.31828 ], [ 26.69706, 39.3182 ], [ 26.69697, 39.31822 ], [ 26.69687, 39.31824 ], [ 26.69681, 39.31826 ] ] ] ] } },
{ "type": "Feature", "properties": { "adaNo": "468", "fid": 303, "label": "468" }, "geometry": { "type": "MultiPolygon", "coordinates": [ [ [ [ 26.69657, 39.31793 ], [ 26.6965, 39.31792 ], [ 26.69648, 39.31792 ], [ 26.69642, 39.31791 ], [ 26.69644, 39.31797 ], [ 26.69646, 39.31801 ], [ 26.69648, 39.31806 ], [ 26.69649, 39.31808 ], [ 26.69647, 39.31808 ], [ 26.69649, 39.31813 ], [ 26.69652, 39.31819 ], [ 26.69653, 39.31818 ], [ 26.69655, 39.31822 ], [ 26.69657, 39.31825 ], [ 26.69658, 39.31829 ], [ 26.69666, 39.31827 ], [ 26.69673, 39.31825 ], [ 26.69683, 39.31823 ], [ 26.69688, 39.31821 ], [ 26.69687, 39.31814 ], [ 26.69687, 39.31812 ], [ 26.69685, 39.31808 ], [ 26.6969, 39.31808 ], [ 26.69691, 39.31813 ], [ 26.69692, 39.3182 ], [ 26.697, 39.31819 ], [ 26.69706, 39.31817 ], [ 26.69705, 39.31814 ], [ 26.69711, 39.31813 ], [ 26.69711, 39.31814 ], [ 26.6971, 39.31819 ], [ 26.69711, 39.31823 ], [ 26.69712, 39.31827 ], [ 26.69712, 39.31832 ], [ 26.69713, 39.31836 ], [ 26.69713, 39.31837 ], [ 26.69714, 39.31842 ], [ 26.69715, 39.31846 ], [ 26.69724, 39.31846 ], [ 26.69736, 39.31843 ], [ 26.69735, 39.31838 ], [ 26.69733, 39.31833 ], [ 26.69733, 39.3183 ], [ 26.69734, 39.31825 ], [ 26.69736, 39.31817 ], [ 26.69739, 39.3181 ], [ 26.69741, 39.31804 ], [ 26.69728, 39.31802 ], [ 26.69718, 39.31801 ], [ 26.69712, 39.318 ], [ 26.69704, 39.31799 ], [ 26.69696, 39.31798 ], [ 26.69693, 39.31798 ], [ 26.69689, 39.31797 ], [ 26.69683, 39.31796 ], [ 26.69678, 39.31795 ], [ 26.69673, 39.31795 ], [ 26.69668, 39.31794 ], [ 26.69665, 39.31794 ], [ 26.69657, 39.31793 ] ] ] ] } },
{ "type": "Feature", "properties": { "adaNo": "469", "fid": 291, "label": "469" }, "geometry": { "type": "MultiPolygon", "coordinates": [ [ [ [ 26.69753, 39.31791 ], [ 26.69752, 39.31797 ], [ 26.69751, 39.31797 ], [ 26.69749, 39.31801 ], [ 26.69747, 39.31804 ], [ 26.69745, 39.31807 ], [ 26.69743, 39.31812 ], [ 26.69741, 39.31817 ], [ 26.69739, 39.31821 ], [ 26.69738, 39.31827 ], [ 26.69737, 39.31831 ], [ 26.69737, 39.31834 ], [ 26.6974, 39.3184 ], [ 26.69749, 39.31837 ], [ 26.69758, 39.31834 ], [ 26.69765, 39.31832 ], [ 26.69765, 39.31825 ], [ 26.69765, 39.31823 ], [ 26.69768, 39.31816 ], [ 26.69772, 39.3181 ], [ 26.69775, 39.31804 ], [ 26.69774, 39.318 ], [ 26.69772, 39.31797 ], [ 26.69768, 39.31792 ], [ 26.69764, 39.31789 ], [ 26.69756, 39.31784 ], [ 26.69754, 39.31785 ], [ 26.69753, 39.31791 ] ] ] ] } },
{ "type": "Feature", "properties": { "adaNo": "1823", "fid": 188, "label": "30 → 1823" }, "geometry": { "type": "MultiPolygon", "coordinates": [ [ [ [ 26.69146, 39.31657 ], [ 26.69126, 39.31661 ], [ 26.6912, 39.31645 ], [ 26.69139, 39.3164 ], [ 26.69146, 39.31657 ] ] ] ] } },
{ "type": "Feature", "properties": { "adaNo": "350", "fid": 861, "label": "350" }, "geometry": { "type": "MultiPolygon", "coordinates": [ [ [ [ 26.69277, 39.32024 ], [ 26.69254, 39.32028 ], [ 26.6925, 39.3203 ], [ 26.69254, 39.32039 ], [ 26.69255, 39.32038 ], [ 26.69258, 39.32046 ], [ 26.69265, 39.32059 ], [ 26.69268, 39.32059 ], [ 26.6929, 39.32057 ], [ 26.69284, 39.32042 ], [ 26.69283, 39.32041 ], [ 26.69277, 39.32024 ] ] ] ] } },
{ "type": "Feature", "properties": { "adaNo": "351", "fid": 892, "label": "351" }, "geometry": { "type": "MultiPolygon", "coordinates": [ [ [ [ 26.6929, 39.32059 ], [ 26.69267, 39.32062 ], [ 26.69269, 39.32072 ], [ 26.69271, 39.32077 ], [ 26.69272, 39.32081 ], [ 26.69273, 39.32083 ], [ 26.69274, 39.32082 ], [ 26.69297, 39.3208 ], [ 26.69295, 39.32074 ], [ 26.69293, 39.32068 ], [ 26.6929, 39.32059 ] ] ] ] } },
{ "type": "Feature", "properties": { "adaNo": "352", "fid": 860, "label": "352" }, "geometry": { "type": "MultiPolygon", "coordinates": [ [ [ [ 26.6936, 39.32053 ], [ 26.69352, 39.32054 ], [ 26.69343, 39.32054 ], [ 26.69345, 39.32063 ], [ 26.69344, 39.32063 ], [ 26.69343, 39.32055 ], [ 26.69322, 39.32056 ], [ 26.69308, 39.32058 ], [ 26.69311, 39.32067 ], [ 26.69314, 39.32075 ], [ 26.6933, 39.32074 ], [ 26.69331, 39.32077 ], [ 26.69353, 39.32075 ], [ 26.69359, 39.32075 ], [ 26.69365, 39.32074 ], [ 26.69373, 39.32073 ], [ 26.69373, 39.32066 ], [ 26.69371, 39.32066 ], [ 26.6937, 39.32061 ], [ 26.6937, 39.32058 ], [ 26.69369, 39.32053 ], [ 26.69361, 39.32054 ], [ 26.6936, 39.32053 ] ] ] ] } },
{ "type": "Feature", "properties": { "adaNo": "353", "fid": 4552, "label": "353" }, "geometry": { "type": "MultiPolygon", "coordinates": [ [ [ [ 26.69373, 39.32075 ], [ 26.69367, 39.32076 ], [ 26.69362, 39.32076 ], [ 26.69357, 39.32077 ], [ 26.69352, 39.32077 ], [ 26.69337, 39.32079 ], [ 26.69332, 39.32079 ], [ 26.69319, 39.3208 ], [ 26.69316, 39.32081 ], [ 26.69317, 39.32082 ], [ 26.69319, 39.32089 ], [ 26.69321, 39.32097 ], [ 26.69318, 39.32097 ], [ 26.69318, 39.32098 ], [ 26.69307, 39.32099 ], [ 26.69309, 39.32104 ], [ 26.69319, 39.32103 ], [ 26.69323, 39.32103 ], [ 26.69326, 39.32102 ], [ 26.69332, 39.32102 ], [ 26.69348, 39.321 ], [ 26.69347, 39.321 ], [ 26.69361, 39.32098 ], [ 26.69361, 39.32099 ], [ 26.69367, 39.32098 ], [ 26.6937, 39.32098 ], [ 26.69371, 39.32098 ], [ 26.69377, 39.32097 ], [ 26.69375, 39.3209 ], [ 26.69374, 39.32084 ], [ 26.69374, 39.32081 ], [ 26.69374, 39.32076 ], [ 26.69373, 39.32076 ], [ 26.69373, 39.32075 ] ] ] ] } },
{ "type": "Feature", "properties": { "adaNo": "550", "fid": 1107, "label": "550" }, "geometry": { "type": "MultiPolygon", "coordinates": [ [ [ [ 26.69609, 39.32253 ], [ 26.69606, 39.32253 ], [ 26.69593, 39.32256 ], [ 26.69593, 39.32259 ], [ 26.69594, 39.32263 ], [ 26.69596, 39.32271 ], [ 26.69605, 39.3227 ], [ 26.69607, 39.3227 ], [ 26.69616, 39.32268 ], [ 26.69616, 39.32262 ], [ 26.69614, 39.32256 ], [ 26.69613, 39.32252 ], [ 26.69609, 39.32253 ] ] ] ] } },
{ "type": "Feature", "properties": { "adaNo": "356", "fid": 4922, "label": "356" }, "geometry": { "type": "MultiPolygon", "coordinates": [ [ [ [ 26.69343, 39.32162 ], [ 26.69339, 39.32162 ], [ 26.69337, 39.32162 ], [ 26.69338, 39.32165 ], [ 26.69333, 39.32166 ], [ 26.69336, 39.32172 ], [ 26.69341, 39.32183 ], [ 26.6935, 39.32181 ], [ 26.69351, 39.32181 ], [ 26.69357, 39.32179 ], [ 26.69356, 39.32174 ], [ 26.69354, 39.32168 ], [ 26.69352, 39.32162 ], [ 26.69347, 39.32163 ], [ 26.69346, 39.32161 ], [ 26.69343, 39.32162 ] ] ] ] } },
{ "type": "Feature", "properties": { "adaNo": "357", "fid": 974, "label": "357" }, "geometry": { "type": "MultiPolygon", "coordinates": [ [ [ [ 26.69379, 39.32154 ], [ 26.69366, 39.32156 ], [ 26.69365, 39.32156 ], [ 26.69362, 39.32156 ], [ 26.69355, 39.32157 ], [ 26.69355, 39.32158 ], [ 26.69356, 39.32161 ], [ 26.69358, 39.32168 ], [ 26.69359, 39.32171 ], [ 26.69361, 39.32178 ], [ 26.69368, 39.32177 ], [ 26.69375, 39.32175 ], [ 26.69379, 39.32173 ], [ 26.69383, 39.32173 ], [ 26.69389, 39.32171 ], [ 26.69393, 39.3217 ], [ 26.69392, 39.32168 ], [ 26.69394, 39.32167 ], [ 26.69394, 39.32168 ], [ 26.69396, 39.32167 ], [ 26.69402, 39.32165 ], [ 26.69404, 39.32165 ], [ 26.69402, 39.32161 ], [ 26.69401, 39.32157 ], [ 26.69399, 39.32152 ], [ 26.69393, 39.32152 ], [ 26.69384, 39.32153 ], [ 26.69379, 39.32154 ] ] ] ] } },
{ "type": "Feature", "properties": { "adaNo": "358", "fid": 1033, "label": "358" }, "geometry": { "type": "MultiPolygon", "coordinates": [ [ [ [ 26.69425, 39.32187 ], [ 26.69423, 39.32193 ], [ 26.69426, 39.32201 ], [ 26.69429, 39.32207 ], [ 26.6943, 39.32212 ], [ 26.69433, 39.3222 ], [ 26.69435, 39.32225 ], [ 26.69437, 39.32229 ], [ 26.6944, 39.32236 ], [ 26.69443, 39.32245 ], [ 26.69446, 39.32245 ], [ 26.69447, 39.32236 ], [ 26.6945, 39.32229 ], [ 26.69452, 39.32222 ], [ 26.69454, 39.32218 ], [ 26.69457, 39.3221 ], [ 26.69459, 39.32205 ], [ 26.69463, 39.32195 ], [ 26.69457, 39.32194 ], [ 26.69451, 39.32193 ], [ 26.69439, 39.3219 ], [ 26.69425, 39.32187 ] ] ] ] } },
{ "type": "Feature", "properties": { "adaNo": "230", "fid": 1339, "label": "230" }, "geometry": { "type": "MultiPolygon", "coordinates": [ [ [ [ 26.69628, 39.32509 ], [ 26.69625, 39.32511 ], [ 26.69617, 39.32514 ], [ 26.69622, 39.3252 ], [ 26.69625, 39.32523 ], [ 26.69627, 39.32526 ], [ 26.69631, 39.32531 ], [ 26.69636, 39.32537 ], [ 26.69647, 39.32532 ], [ 26.69643, 39.32526 ], [ 26.6964, 39.32521 ], [ 26.69641, 39.32521 ], [ 26.69638, 39.32517 ], [ 26.69636, 39.32514 ], [ 26.69632, 39.32508 ], [ 26.69628, 39.32509 ] ] ] ] } },
{ "type": "Feature", "properties": { "adaNo": "555", "fid": 1293, "label": "555" }, "geometry": { "type": "MultiPolygon", "coordinates": [ [ [ [ 26.69704, 39.3247 ], [ 26.69697, 39.32473 ], [ 26.69701, 39.32479 ], [ 26.69704, 39.32485 ], [ 26.69708, 39.3249 ], [ 26.69714, 39.32488 ], [ 26.69711, 39.32483 ], [ 26.69707, 39.32476 ], [ 26.69704, 39.3247 ] ] ] ] } },
{ "type": "Feature", "properties": { "adaNo": "359", "fid": 4138, "label": "359" }, "geometry": { "type": "MultiPolygon", "coordinates": [ [ [ [ 26.69453, 39.32235 ], [ 26.69458, 39.32234 ], [ 26.69466, 39.32232 ], [ 26.69472, 39.32231 ], [ 26.69476, 39.32229 ], [ 26.69477, 39.32229 ], [ 26.69478, 39.32231 ], [ 26.69472, 39.32233 ], [ 26.69472, 39.32232 ], [ 26.69467, 39.32234 ], [ 26.69466, 39.32234 ], [ 26.69452, 39.32236 ], [ 26.69451, 39.32241 ], [ 26.6945, 39.32246 ], [ 26.69461, 39.32243 ], [ 26.69464, 39.32242 ], [ 26.69466, 39.32246 ], [ 26.69464, 39.32247 ], [ 26.69464, 39.32246 ], [ 26.69462, 39.32247 ], [ 26.69462, 39.32246 ], [ 26.69458, 39.32248 ], [ 26.6945, 39.3225 ], [ 26.69451, 39.32257 ], [ 26.69453, 39.32264 ], [ 26.69454, 39.32266 ], [ 26.69455, 39.32268 ], [ 26.69458, 39.32272 ], [ 26.69462, 39.32279 ], [ 26.69463, 39.3228 ], [ 26.69467, 39.32286 ], [ 26.69471, 39.32291 ], [ 26.69474, 39.32295 ], [ 26.69477, 39.32301 ], [ 26.69479, 39.32305 ], [ 26.69492, 39.32301 ], [ 26.69497, 39.323 ], [ 26.69503, 39.32298 ], [ 26.69509, 39.32297 ], [ 26.69506, 39.32291 ], [ 26.69505, 39.32288 ], [ 26.69503, 39.32286 ], [ 26.69503, 39.32285 ], [ 26.69501, 39.32281 ], [ 26.695, 39.32279 ], [ 26.69499, 39.32277 ], [ 26.69503, 39.32276 ], [ 26.69505, 39.32282 ], [ 26.69507, 39.32286 ], [ 26.69509, 39.3229 ], [ 26.69512, 39.32296 ], [ 26.69522, 39.32293 ], [ 26.69527, 39.32291 ], [ 26.69535, 39.32289 ], [ 26.69539, 39.32287 ], [ 26.69543, 39.32286 ], [ 26.69541, 39.32278 ], [ 26.69541, 39.32273 ], [ 26.69544, 39.32272 ], [ 26.69545, 39.32275 ], [ 26.69546, 39.32279 ], [ 26.69555, 39.32278 ], [ 26.69558, 39.32277 ], [ 26.69565, 39.32276 ], [ 26.69569, 39.32269 ], [ 26.69567, 39.32262 ], [ 26.69565, 39.32259 ], [ 26.69564, 39.32254 ], [ 26.69562, 39.3225 ], [ 26.69561, 39.32247 ], [ 26.69558, 39.32238 ], [ 26.69558, 39.32235 ], [ 26.69553, 39.32236 ], [ 26.69546, 39.32237 ], [ 26.69538, 39.32237 ], [ 26.69535, 39.32237 ], [ 26.69532, 39.32237 ], [ 26.69516, 39.32239 ], [ 26.69502, 39.3224 ], [ 26.695, 39.3224 ], [ 26.69499, 39.32238 ], [ 26.69495, 39.3223 ], [ 26.6949, 39.32225 ], [ 26.69486, 39.32221 ], [ 26.69483, 39.32219 ], [ 26.69477, 39.32213 ], [ 26.69468, 39.32213 ], [ 26.69461, 39.32214 ], [ 26.69458, 39.32221 ], [ 26.69454, 39.32229 ], [ 26.69453, 39.32235 ] ], [ [ 26.6955, 39.32256 ], [ 26.69553, 39.32256 ], [ 26.69549, 39.32257 ], [ 26.6955, 39.32256 ] ] ] ] } },
{ "type": "Feature", "properties": { "adaNo": "231", "fid": 1323, "label": "231" }, "geometry": { "type": "MultiPolygon", "coordinates": [ [ [ [ 26.69653, 39.32499 ], [ 26.69651, 39.325 ], [ 26.69647, 39.32501 ], [ 26.69639, 39.32504 ], [ 26.69635, 39.32506 ], [ 26.69639, 39.32513 ], [ 26.69642, 39.32517 ], [ 26.69645, 39.32522 ], [ 26.69647, 39.32525 ], [ 26.6965, 39.3253 ], [ 26.69655, 39.32528 ], [ 26.69661, 39.32526 ], [ 26.69658, 39.32521 ], [ 26.69656, 39.32518 ], [ 26.69654, 39.32514 ], [ 26.69661, 39.32511 ], [ 26.69662, 39.32513 ], [ 26.69657, 39.32515 ], [ 26.69663, 39.32524 ], [ 26.69668, 39.32521 ], [ 26.69675, 39.32518 ], [ 26.69674, 39.32515 ], [ 26.69673, 39.32513 ], [ 26.69671, 39.3251 ], [ 26.6967, 39.32507 ], [ 26.69669, 39.32506 ], [ 26.69666, 39.32501 ], [ 26.69662, 39.32495 ], [ 26.69657, 39.32497 ], [ 26.69653, 39.32499 ] ] ] ] } },
{ "type": "Feature", "properties": { "adaNo": "232", "fid": 1291, "label": "232" }, "geometry": { "type": "MultiPolygon", "coordinates": [ [ [ [ 26.69648, 39.32488 ], [ 26.69653, 39.32495 ], [ 26.6966, 39.32492 ], [ 26.69655, 39.32483 ], [ 26.69651, 39.32477 ], [ 26.69649, 39.32473 ], [ 26.69645, 39.32467 ], [ 26.69637, 39.32471 ], [ 26.69632, 39.32473 ], [ 26.69627, 39.32476 ], [ 26.69624, 39.32477 ], [ 26.69619, 39.3248 ], [ 26.69614, 39.32482 ], [ 26.69609, 39.32484 ], [ 26.69598, 39.3249 ], [ 26.69606, 39.32501 ], [ 26.69615, 39.32511 ], [ 26.69622, 39.32508 ], [ 26.69626, 39.32506 ], [ 26.69631, 39.32504 ], [ 26.69636, 39.32502 ], [ 26.69639, 39.325 ], [ 26.69642, 39.32499 ], [ 26.69646, 39.32498 ], [ 26.69649, 39.32497 ], [ 26.69648, 39.32495 ], [ 26.69645, 39.32491 ], [ 26.69644, 39.32489 ], [ 26.69643, 39.32488 ], [ 26.69647, 39.32486 ], [ 26.69648, 39.32488 ] ] ], [ [ [ 26.6965, 39.32496 ], [ 26.6965, 39.32494 ], [ 26.69648, 39.32495 ], [ 26.69649, 39.32496 ], [ 26.6965, 39.32496 ] ] ] ] } },
{ "type": "Feature", "properties": { "adaNo": "233", "fid": 1283, "label": "233" }, "geometry": { "type": "MultiPolygon", "coordinates": [ [ [ [ 26.69612, 39.32448 ], [ 26.69601, 39.32434 ], [ 26.696, 39.32434 ], [ 26.69594, 39.32435 ], [ 26.69577, 39.32444 ], [ 26.69575, 39.32442 ], [ 26.69568, 39.32447 ], [ 26.69565, 39.32451 ], [ 26.69573, 39.3246 ], [ 26.69575, 39.32463 ], [ 26.69576, 39.32464 ], [ 26.69588, 39.32478 ], [ 26.6959, 39.32481 ], [ 26.69591, 39.32481 ], [ 26.69597, 39.32486 ], [ 26.69608, 39.32481 ], [ 26.69613, 39.32479 ], [ 26.6961, 39.32475 ], [ 26.69613, 39.32473 ], [ 26.69617, 39.32477 ], [ 26.69623, 39.32474 ], [ 26.6963, 39.3247 ], [ 26.69627, 39.32467 ], [ 26.69612, 39.32448 ] ] ] ] } },
{ "type": "Feature", "properties": { "adaNo": "430", "fid": 204, "label": "430" }, "geometry": { "type": "MultiPolygon", "coordinates": [ [ [ [ 26.6932, 39.31668 ], [ 26.69306, 39.3167 ], [ 26.69289, 39.31671 ], [ 26.69278, 39.31673 ], [ 26.69261, 39.31674 ], [ 26.6925, 39.31675 ], [ 26.69252, 39.31696 ], [ 26.69253, 39.31697 ], [ 26.69264, 39.31696 ], [ 26.69272, 39.31696 ], [ 26.69276, 39.31696 ], [ 26.69282, 39.31696 ], [ 26.69297, 39.31695 ], [ 26.69303, 39.31695 ], [ 26.69319, 39.31695 ], [ 26.69319, 39.31688 ], [ 26.6932, 39.31688 ], [ 26.6932, 39.31685 ], [ 26.6932, 39.31684 ], [ 26.6932, 39.3168 ], [ 26.6931, 39.3168 ], [ 26.69306, 39.3168 ], [ 26.69306, 39.31678 ], [ 26.6932, 39.31678 ], [ 26.6932, 39.31668 ] ] ] ] } },
{ "type": "Feature", "properties": { "adaNo": "431", "fid": 2817, "label": "431" }, "geometry": { "type": "MultiPolygon", "coordinates": [ [ [ [ 26.69277, 39.31715 ], [ 26.69277, 39.31721 ], [ 26.69277, 39.31728 ], [ 26.69277, 39.31735 ], [ 26.6929, 39.31736 ], [ 26.69292, 39.31736 ], [ 26.69296, 39.31736 ], [ 26.69305, 39.31736 ], [ 26.69315, 39.31737 ], [ 26.69315, 39.31738 ], [ 26.69323, 39.31738 ], [ 26.69322, 39.3173 ], [ 26.69321, 39.31726 ], [ 26.69321, 39.31721 ], [ 26.6932, 39.31713 ], [ 26.69319, 39.31706 ], [ 26.69319, 39.31697 ], [ 26.69309, 39.31698 ], [ 26.69298, 39.31698 ], [ 26.69288, 39.31698 ], [ 26.69276, 39.31699 ], [ 26.69276, 39.31704 ], [ 26.69277, 39.31709 ], [ 26.69277, 39.31715 ] ] ] ] } },
{ "type": "Feature", "properties": { "adaNo": "235", "fid": 5118, "label": "235" }, "geometry": { "type": "MultiPolygon", "coordinates": [ [ [ [ 26.69642, 39.32441 ], [ 26.69638, 39.32437 ], [ 26.69632, 39.3244 ], [ 26.69628, 39.32443 ], [ 26.69624, 39.32445 ], [ 26.69618, 39.32448 ], [ 26.69622, 39.32452 ], [ 26.69628, 39.32449 ], [ 26.69632, 39.32447 ], [ 26.69635, 39.32445 ], [ 26.69642, 39.32441 ] ] ] ] } },
{ "type": "Feature", "properties": { "adaNo": "432", "fid": 2946, "label": "432" }, "geometry": { "type": "MultiPolygon", "coordinates": [ [ [ [ 26.69278, 39.31737 ], [ 26.69275, 39.3175 ], [ 26.69274, 39.31754 ], [ 26.69273, 39.31759 ], [ 26.69272, 39.31764 ], [ 26.69277, 39.31764 ], [ 26.69286, 39.31765 ], [ 26.69286, 39.31766 ], [ 26.69293, 39.31766 ], [ 26.69293, 39.31765 ], [ 26.69297, 39.31765 ], [ 26.69299, 39.31765 ], [ 26.69299, 39.31767 ], [ 26.69307, 39.31768 ], [ 26.69313, 39.31768 ], [ 26.69313, 39.31769 ], [ 26.69322, 39.3177 ], [ 26.69323, 39.31765 ], [ 26.69323, 39.3176 ], [ 26.69323, 39.31758 ], [ 26.69324, 39.31755 ], [ 26.69324, 39.31749 ], [ 26.693210265486726, 39.317487876106192 ], [ 26.69322, 39.31741 ], [ 26.69311, 39.3174 ], [ 26.69303, 39.31739 ], [ 26.69291, 39.31738 ], [ 26.69278, 39.31737 ] ] ] ] } },
{ "type": "Feature", "properties": { "adaNo": "433", "fid": 2929, "label": "433" }, "geometry": { "type": "MultiPolygon", "coordinates": [ [ [ [ 26.69362, 39.31752 ], [ 26.69361, 39.31755 ], [ 26.69372, 39.31757 ], [ 26.69378, 39.31758 ], [ 26.6938, 39.31758 ], [ 26.69382, 39.31759 ], [ 26.69384, 39.31759 ], [ 26.69384, 39.3176 ], [ 26.69382, 39.3176 ], [ 26.69381, 39.31765 ], [ 26.69375, 39.31763 ], [ 26.69369, 39.31761 ], [ 26.69357, 39.31758 ], [ 26.69349, 39.31756 ], [ 26.69343, 39.31755 ], [ 26.69337, 39.31755 ], [ 26.69329, 39.31753 ], [ 26.69329, 39.31758 ], [ 26.69328, 39.31764 ], [ 26.69328, 39.31768 ], [ 26.69328, 39.31775 ], [ 26.69334, 39.31775 ], [ 26.69345, 39.31777 ], [ 26.69358, 39.31779 ], [ 26.69368, 39.31781 ], [ 26.69376, 39.31782 ], [ 26.69387, 39.31784 ], [ 26.6939, 39.31778 ], [ 26.69393, 39.31774 ], [ 26.69393, 39.31773 ], [ 26.69395, 39.31769 ], [ 26.69398, 39.31765 ], [ 26.69399, 39.31759 ], [ 26.69399, 39.31755 ], [ 26.69399, 39.31753 ], [ 26.694, 39.3175 ], [ 26.694, 39.31747 ], [ 26.694, 39.31741 ], [ 26.69389, 39.31741 ], [ 26.69376, 39.31741 ], [ 26.69366, 39.3174 ], [ 26.69362, 39.3174 ], [ 26.69356, 39.31738 ], [ 26.69349, 39.31737 ], [ 26.69339, 39.31736 ], [ 26.69329, 39.31735 ], [ 26.69329, 39.3174 ], [ 26.69329, 39.31745 ], [ 26.69329, 39.3175 ], [ 26.6933, 39.3175 ], [ 26.69335, 39.31751 ], [ 26.69344, 39.31752 ], [ 26.69352, 39.31753 ], [ 26.69358, 39.31754 ], [ 26.6936, 39.31748 ], [ 26.69354, 39.31747 ], [ 26.69353, 39.31747 ], [ 26.69354, 39.31745 ], [ 26.69354, 39.31744 ], [ 26.69359, 39.31746 ], [ 26.69364, 39.31747 ], [ 26.69362, 39.31752 ] ] ] ] } },
{ "type": "Feature", "properties": { "adaNo": "1914", "fid": 3306, "label": "269 → 1914" }, "geometry": { "type": "MultiPolygon", "coordinates": [ [ [ [ 26.69876, 39.31823 ], [ 26.69887, 39.31824 ], [ 26.69895, 39.31824 ], [ 26.69905, 39.31825 ], [ 26.69905, 39.31826 ], [ 26.69915, 39.31827 ], [ 26.69922, 39.31826 ], [ 26.69922, 39.31825 ], [ 26.69921, 39.31819 ], [ 26.69914, 39.3182 ], [ 26.69906, 39.3182 ], [ 26.69896, 39.3182 ], [ 26.69887, 39.31819 ], [ 26.69877, 39.31819 ], [ 26.69876, 39.31823 ] ] ] ] } },
{ "type": "Feature", "properties": { "adaNo": "434", "fid": 3139, "label": "434" }, "geometry": { "type": "MultiPolygon", "coordinates": [ [ [ [ 26.69327, 39.31793 ], [ 26.69326, 39.31799 ], [ 26.69326, 39.31807 ], [ 26.69341, 39.31806 ], [ 26.69348, 39.31805 ], [ 26.69362, 39.31804 ], [ 26.69366, 39.31804 ], [ 26.69366, 39.31806 ], [ 26.69357, 39.31808 ], [ 26.69358, 39.31812 ], [ 26.69361, 39.31818 ], [ 26.69363, 39.31828 ], [ 26.69369, 39.31827 ], [ 26.69374, 39.31826 ], [ 26.69381, 39.31824 ], [ 26.69387, 39.31823 ], [ 26.69391, 39.31822 ], [ 26.69391, 39.3182 ], [ 26.69388, 39.31813 ], [ 26.69387, 39.31807 ], [ 26.69386, 39.31804 ], [ 26.69386, 39.31799 ], [ 26.69385, 39.31795 ], [ 26.69388, 39.31787 ], [ 26.69374, 39.31785 ], [ 26.69367, 39.31783 ], [ 26.6936, 39.31782 ], [ 26.69353, 39.31781 ], [ 26.69344, 39.31779 ], [ 26.69341, 39.31779 ], [ 26.69335, 39.31778 ], [ 26.6933, 39.31778 ], [ 26.69328, 39.31778 ], [ 26.69327, 39.31782 ], [ 26.69327, 39.31793 ] ] ] ] } },
{ "type": "Feature", "properties": { "adaNo": "435", "fid": 3270, "label": "435" }, "geometry": { "type": "MultiPolygon", "coordinates": [ [ [ [ 26.69347, 39.31808 ], [ 26.69339, 39.31808 ], [ 26.69328, 39.31809 ], [ 26.69327, 39.31809 ], [ 26.69327, 39.31814 ], [ 26.69328, 39.31819 ], [ 26.69329, 39.31825 ], [ 26.69331, 39.31833 ], [ 26.69333, 39.31834 ], [ 26.69343, 39.31833 ], [ 26.69351, 39.31831 ], [ 26.6936, 39.31829 ], [ 26.6936, 39.31828 ], [ 26.69359, 39.31822 ], [ 26.69358, 39.31822 ], [ 26.69357, 39.31817 ], [ 26.69353, 39.31808 ], [ 26.69347, 39.31808 ] ] ] ] } },
{ "type": "Feature", "properties": { "adaNo": "111", "fid": 3884, "label": "111" }, "geometry": { "type": "MultiPolygon", "coordinates": [ [ [ [ 26.69614, 39.32054 ], [ 26.69611, 39.32057 ], [ 26.69608, 39.32061 ], [ 26.69616, 39.32063 ], [ 26.69616, 39.32064 ], [ 26.69622, 39.32065 ], [ 26.69624, 39.32066 ], [ 26.69623, 39.32068 ], [ 26.69615, 39.32065 ], [ 26.69606, 39.32063 ], [ 26.69604, 39.32066 ], [ 26.69601, 39.32069 ], [ 26.696, 39.32074 ], [ 26.69599, 39.32077 ], [ 26.69598, 39.32081 ], [ 26.69612, 39.32082 ], [ 26.69619, 39.32082 ], [ 26.69624, 39.32082 ], [ 26.69628, 39.32083 ], [ 26.69636, 39.32083 ], [ 26.69652, 39.32063 ], [ 26.69644, 39.32059 ], [ 26.69635, 39.32053 ], [ 26.69634, 39.32053 ], [ 26.69627, 39.32049 ], [ 26.69622, 39.32047 ], [ 26.69617, 39.32052 ], [ 26.69614, 39.32054 ] ] ] ] } },
{ "type": "Feature", "properties": { "adaNo": "436", "fid": 3331, "label": "436" }, "geometry": { "type": "MultiPolygon", "coordinates": [ [ [ [ 26.69427, 39.31822 ], [ 26.69411, 39.31824 ], [ 26.694, 39.31826 ], [ 26.694, 39.31827 ], [ 26.69393, 39.31829 ], [ 26.69387, 39.3183 ], [ 26.6938, 39.31832 ], [ 26.69374, 39.31833 ], [ 26.6937, 39.31834 ], [ 26.6936, 39.31837 ], [ 26.69355, 39.31838 ], [ 26.69349, 39.3184 ], [ 26.69343, 39.31841 ], [ 26.69334, 39.31843 ], [ 26.69335, 39.31846 ], [ 26.69336, 39.31849 ], [ 26.69336, 39.31853 ], [ 26.69337, 39.31857 ], [ 26.69337, 39.3186 ], [ 26.69338, 39.31864 ], [ 26.69338, 39.31867 ], [ 26.69339, 39.3187 ], [ 26.6935, 39.31867 ], [ 26.6935, 39.31868 ], [ 26.69354, 39.31866 ], [ 26.69359, 39.31865 ], [ 26.6937, 39.31863 ], [ 26.69388, 39.3186 ], [ 26.69391, 39.31859 ], [ 26.69399, 39.31859 ], [ 26.69407, 39.31859 ], [ 26.69408, 39.31855 ], [ 26.69415, 39.31855 ], [ 26.69417, 39.3185 ], [ 26.6942, 39.3184 ], [ 26.69423, 39.31834 ], [ 26.69426, 39.31827 ], [ 26.69427, 39.31822 ] ], [ [ 26.69348, 39.31851 ], [ 26.69347, 39.31851 ], [ 26.69346, 39.31847 ], [ 26.69348, 39.31851 ] ] ] ] } },
{ "type": "Feature", "properties": { "adaNo": "1917", "fid": 873, "label": "51 → 1917" }, "geometry": { "type": "MultiPolygon", "coordinates": [ [ [ [ 26.69196, 39.32042 ], [ 26.69182, 39.32045 ], [ 26.69178, 39.32046 ], [ 26.69183, 39.32054 ], [ 26.69185, 39.32054 ], [ 26.6919, 39.32064 ], [ 26.69188, 39.32065 ], [ 26.69191, 39.32071 ], [ 26.69193, 39.3207 ], [ 26.69207, 39.32068 ], [ 26.69205, 39.32062 ], [ 26.692, 39.3205 ], [ 26.69196, 39.32042 ] ] ] ] } },
{ "type": "Feature", "properties": { "adaNo": "112", "fid": 3861, "label": "112" }, "geometry": { "type": "MultiPolygon", "coordinates": [ [ [ [ 26.69649, 39.32037 ], [ 26.69647, 39.32036 ], [ 26.69646, 39.32035 ], [ 26.69639, 39.3203 ], [ 26.69634, 39.32034 ], [ 26.6963, 39.32039 ], [ 26.69625, 39.32044 ], [ 26.69634, 39.32049 ], [ 26.69638, 39.32051 ], [ 26.6965, 39.32058 ], [ 26.69654, 39.3206 ], [ 26.69662, 39.32051 ], [ 26.69666, 39.32048 ], [ 26.69657, 39.32043 ], [ 26.69654, 39.32041 ], [ 26.69652, 39.32039 ], [ 26.69649, 39.32037 ] ] ] ] } },
{ "type": "Feature", "properties": { "adaNo": "437", "fid": 466, "label": "437" }, "geometry": { "type": "MultiPolygon", "coordinates": [ [ [ [ 26.69454, 39.31861 ], [ 26.69446, 39.31861 ], [ 26.69438, 39.3186 ], [ 26.69437, 39.31861 ], [ 26.69433, 39.31861 ], [ 26.69426, 39.31861 ], [ 26.69424, 39.31861 ], [ 26.69419, 39.31861 ], [ 26.69419, 39.31863 ], [ 26.69418, 39.31863 ], [ 26.69417, 39.31861 ], [ 26.69409, 39.31861 ], [ 26.69399, 39.31862 ], [ 26.6939, 39.31862 ], [ 26.69388, 39.31862 ], [ 26.69378, 39.31864 ], [ 26.69367, 39.31866 ], [ 26.69362, 39.31867 ], [ 26.69355, 39.31869 ], [ 26.6935, 39.3187 ], [ 26.69345, 39.31872 ], [ 26.69339, 39.31873 ], [ 26.69338, 39.31875 ], [ 26.69338, 39.31878 ], [ 26.69338, 39.31883 ], [ 26.69339, 39.31887 ], [ 26.6934, 39.31891 ], [ 26.6935, 39.3189 ], [ 26.69356, 39.31889 ], [ 26.69363, 39.31888 ], [ 26.69368, 39.31887 ], [ 26.69379, 39.31887 ], [ 26.69393, 39.31886 ], [ 26.69401, 39.31886 ], [ 26.69412, 39.31885 ], [ 26.69418, 39.31885 ], [ 26.69426, 39.31885 ], [ 26.69435, 39.31887 ], [ 26.69437, 39.31888 ], [ 26.6944, 39.31888 ], [ 26.69443, 39.31888 ], [ 26.69453, 39.31888 ], [ 26.69454, 39.31881 ], [ 26.69454, 39.31878 ], [ 26.69454, 39.3187 ], [ 26.69454, 39.31861 ] ] ] ] } },
{ "type": "Feature", "properties": { "adaNo": "1918", "fid": 844, "label": "50 → 1918" }, "geometry": { "type": "MultiPolygon", "coordinates": [ [ [ [ 26.69175, 39.32044 ], [ 26.69166, 39.32046 ], [ 26.69159, 39.32034 ], [ 26.69169, 39.32031 ], [ 26.6918, 39.32028 ], [ 26.69187, 39.32026 ], [ 26.69194, 39.32038 ], [ 26.69189, 39.3204 ], [ 26.69175, 39.32044 ] ] ] ] } },
{ "type": "Feature", "properties": { "adaNo": "113", "fid": 3832, "label": "113 - Boş Parsel → 113" }, "geometry": { "type": "MultiPolygon", "coordinates": [ [ [ [ 26.6966, 39.3201 ], [ 26.69654, 39.32015 ], [ 26.6965, 39.32019 ], [ 26.69647, 39.32023 ], [ 26.69641, 39.32028 ], [ 26.69647, 39.32032 ], [ 26.69653, 39.32035 ], [ 26.69657, 39.32038 ], [ 26.69663, 39.32042 ], [ 26.69672, 39.32048 ], [ 26.69677, 39.32051 ], [ 26.69689, 39.3204 ], [ 26.69688, 39.32038 ], [ 26.6968, 39.3203 ], [ 26.69676, 39.32027 ], [ 26.69673, 39.32023 ], [ 26.69669, 39.32019 ], [ 26.6966, 39.3201 ] ] ] ] } },
{ "type": "Feature", "properties": { "adaNo": "438", "fid": 532, "label": "438" }, "geometry": { "type": "MultiPolygon", "coordinates": [ [ [ [ 26.69369, 39.31903 ], [ 26.6937, 39.31906 ], [ 26.69364, 39.31907 ], [ 26.69359, 39.31908 ], [ 26.69362, 39.31914 ], [ 26.69365, 39.31921 ], [ 26.6937, 39.31919 ], [ 26.69376, 39.31918 ], [ 26.6938, 39.31917 ], [ 26.69389, 39.31916 ], [ 26.69397, 39.31914 ], [ 26.69406, 39.31912 ], [ 26.69428, 39.3191 ], [ 26.69434, 39.3191 ], [ 26.6944, 39.3191 ], [ 26.6944, 39.31911 ], [ 26.69444, 39.31911 ], [ 26.69447, 39.3191 ], [ 26.69453, 39.31908 ], [ 26.69452, 39.31899 ], [ 26.69453, 39.31891 ], [ 26.69439, 39.3189 ], [ 26.69432, 39.31889 ], [ 26.69427, 39.31889 ], [ 26.69405, 39.3189 ], [ 26.69404, 39.3189 ], [ 26.69387, 39.3189 ], [ 26.69385, 39.3189 ], [ 26.69373, 39.31891 ], [ 26.69364, 39.31891 ], [ 26.69358, 39.31892 ], [ 26.69354, 39.31893 ], [ 26.69349, 39.31893 ], [ 26.6934, 39.31895 ], [ 26.69333, 39.31897 ], [ 26.69332, 39.31898 ], [ 26.69333, 39.319 ], [ 26.69334, 39.31904 ], [ 26.69336, 39.31909 ], [ 26.69345, 39.31907 ], [ 26.6935, 39.31906 ], [ 26.69356, 39.31905 ], [ 26.69362, 39.31904 ], [ 26.69369, 39.31903 ] ] ] ] } },
{ "type": "Feature", "properties": { "adaNo": "114", "fid": 3812, "label": "114" }, "geometry": { "type": "MultiPolygon", "coordinates": [ [ [ [ 26.6968, 39.32005 ], [ 26.69674, 39.31996 ], [ 26.69667, 39.32 ], [ 26.69662, 39.32004 ], [ 26.69668, 39.32011 ], [ 26.6967, 39.32014 ], [ 26.69671, 39.32013 ], [ 26.69674, 39.32011 ], [ 26.69673, 39.3201 ], [ 26.69672, 39.32009 ], [ 26.69676, 39.32007 ], [ 26.6968, 39.32005 ] ] ] ] } },
{ "type": "Feature", "properties": { "adaNo": "439", "fid": 582, "label": "439" }, "geometry": { "type": "MultiPolygon", "coordinates": [ [ [ [ 26.69355, 39.31908 ], [ 26.6934, 39.31911 ], [ 26.69337, 39.31912 ], [ 26.69339, 39.31916 ], [ 26.69341, 39.31921 ], [ 26.69344, 39.31925 ], [ 26.69345, 39.31927 ], [ 26.69353, 39.31925 ], [ 26.69361, 39.31922 ], [ 26.69358, 39.31916 ], [ 26.69355, 39.31908 ] ] ] ] } },
{ "type": "Feature", "properties": { "adaNo": "115", "fid": 758, "label": "115" }, "geometry": { "type": "MultiPolygon", "coordinates": [ [ [ [ 26.69691, 39.3196 ], [ 26.69687, 39.31961 ], [ 26.69683, 39.31962 ], [ 26.69677, 39.31964 ], [ 26.69672, 39.31966 ], [ 26.69666, 39.31969 ], [ 26.6966, 39.31972 ], [ 26.69656, 39.31973 ], [ 26.69651, 39.31975 ], [ 26.69647, 39.31976 ], [ 26.69642, 39.31978 ], [ 26.69637, 39.31981 ], [ 26.69641, 39.31985 ], [ 26.69643, 39.31987 ], [ 26.69647, 39.31991 ], [ 26.6965, 39.31995 ], [ 26.69651, 39.31995 ], [ 26.69654, 39.31998 ], [ 26.69657, 39.32001 ], [ 26.69667, 39.31995 ], [ 26.69667, 39.31994 ], [ 26.69678, 39.31986 ], [ 26.69685, 39.31985 ], [ 26.69693, 39.31984 ], [ 26.69698, 39.31984 ], [ 26.69701, 39.31984 ], [ 26.69711, 39.31983 ], [ 26.69711, 39.31978 ], [ 26.6971, 39.31969 ], [ 26.69707, 39.31956 ], [ 26.69699, 39.31958 ], [ 26.69691, 39.3196 ] ] ] ] } },
{ "type": "Feature", "properties": { "adaNo": "116", "fid": 717, "label": "116" }, "geometry": { "type": "MultiPolygon", "coordinates": [ [ [ [ 26.69711, 39.3195 ], [ 26.69711, 39.31956 ], [ 26.69712, 39.31962 ], [ 26.69712, 39.31965 ], [ 26.69713, 39.31967 ], [ 26.69713, 39.3197 ], [ 26.69713, 39.31973 ], [ 26.69715, 39.31983 ], [ 26.69721, 39.31983 ], [ 26.69724, 39.31982 ], [ 26.69729, 39.31982 ], [ 26.69732, 39.31982 ], [ 26.69739, 39.31982 ], [ 26.6974, 39.31982 ], [ 26.6974, 39.31978 ], [ 26.69741, 39.3197 ], [ 26.69742, 39.31963 ], [ 26.69743, 39.31959 ], [ 26.69743, 39.31955 ], [ 26.69744, 39.31948 ], [ 26.69738, 39.31947 ], [ 26.69733, 39.31947 ], [ 26.69725, 39.31948 ], [ 26.69718, 39.31949 ], [ 26.69712, 39.31949 ], [ 26.69711, 39.3195 ] ] ] ] } },
{ "type": "Feature", "properties": { "adaNo": "117", "fid": 709, "label": "117" }, "geometry": { "type": "MultiPolygon", "coordinates": [ [ [ [ 26.69773, 39.31968 ], [ 26.69773, 39.31963 ], [ 26.69774, 39.31958 ], [ 26.69775, 39.31956 ], [ 26.69776, 39.31951 ], [ 26.69767, 39.3195 ], [ 26.6976, 39.31949 ], [ 26.69753, 39.31949 ], [ 26.69747, 39.31948 ], [ 26.69746, 39.31955 ], [ 26.69746, 39.31959 ], [ 26.69746, 39.31963 ], [ 26.69746, 39.3197 ], [ 26.69746, 39.31973 ], [ 26.69745, 39.31976 ], [ 26.69744, 39.31982 ], [ 26.69748, 39.31982 ], [ 26.69755, 39.31983 ], [ 26.6976, 39.31984 ], [ 26.69769, 39.31985 ], [ 26.6977, 39.31979 ], [ 26.69771, 39.31975 ], [ 26.69772, 39.31973 ], [ 26.69773, 39.31968 ] ] ] ] } },
{ "type": "Feature", "properties": { "adaNo": "118", "fid": 736, "label": "118" }, "geometry": { "type": "MultiPolygon", "coordinates": [ [ [ [ 26.69781, 39.31952 ], [ 26.6978, 39.31956 ], [ 26.69779, 39.31961 ], [ 26.69779, 39.31964 ], [ 26.69778, 39.31966 ], [ 26.69778, 39.31967 ], [ 26.69777, 39.31971 ], [ 26.69776, 39.31977 ], [ 26.69775, 39.31981 ], [ 26.69775, 39.31984 ], [ 26.69784, 39.31986 ], [ 26.69793, 39.31987 ], [ 26.69804, 39.31988 ], [ 26.6981, 39.31989 ], [ 26.69818, 39.31989 ], [ 26.69818, 39.31985 ], [ 26.69818, 39.31984 ], [ 26.69817, 39.31984 ], [ 26.69818, 39.31976 ], [ 26.69812, 39.31975 ], [ 26.69813, 39.3197 ], [ 26.69814, 39.31962 ], [ 26.69816, 39.31955 ], [ 26.69805, 39.31953 ], [ 26.69798, 39.31953 ], [ 26.69794, 39.31952 ], [ 26.69788, 39.31952 ], [ 26.69783, 39.31952 ], [ 26.69781, 39.31952 ] ] ] ] } },
{ "type": "Feature", "properties": { "adaNo": "119", "fid": 741, "label": "119" }, "geometry": { "type": "MultiPolygon", "coordinates": [ [ [ [ 26.69849, 39.31966 ], [ 26.69851, 39.31961 ], [ 26.69844, 39.31959 ], [ 26.69839, 39.31957 ], [ 26.69833, 39.31956 ], [ 26.69828, 39.31955 ], [ 26.69823, 39.31955 ], [ 26.69819, 39.31954 ], [ 26.69818, 39.3196 ], [ 26.69817, 39.31965 ], [ 26.69816, 39.31971 ], [ 26.69824, 39.31972 ], [ 26.69824, 39.31977 ], [ 26.69823, 39.31983 ], [ 26.6983, 39.31985 ], [ 26.69841, 39.31987 ], [ 26.69842, 39.31985 ], [ 26.69843, 39.31981 ], [ 26.69844, 39.3198 ], [ 26.69845, 39.31975 ], [ 26.69847, 39.31971 ], [ 26.69849, 39.31966 ] ] ] ] } },
{ "type": "Feature", "properties": { "adaNo": "362", "fid": 1156, "label": "362" }, "geometry": { "type": "MultiPolygon", "coordinates": [ [ [ [ 26.69508, 39.32314 ], [ 26.69515, 39.32313 ], [ 26.69516, 39.32315 ], [ 26.69503, 39.32321 ], [ 26.69511, 39.32317 ], [ 26.69507, 39.32314 ], [ 26.69505, 39.32311 ], [ 26.69502, 39.32303 ], [ 26.69496, 39.32304 ], [ 26.69488, 39.32306 ], [ 26.69488, 39.32305 ], [ 26.69483, 39.32307 ], [ 26.69484, 39.32307 ], [ 26.69485, 39.32311 ], [ 26.6948, 39.32312 ], [ 26.69481, 39.32316 ], [ 26.69483, 39.32319 ], [ 26.69486, 39.32324 ], [ 26.6949, 39.32331 ], [ 26.69493, 39.32337 ], [ 26.69497, 39.32346 ], [ 26.69499, 39.3235 ], [ 26.69501, 39.32354 ], [ 26.69504, 39.3236 ], [ 26.69507, 39.32365 ], [ 26.69509, 39.32369 ], [ 26.69513, 39.32377 ], [ 26.69521, 39.32374 ], [ 26.69526, 39.32371 ], [ 26.69531, 39.32369 ], [ 26.69534, 39.32368 ], [ 26.69531, 39.3236 ], [ 26.69529, 39.32356 ], [ 26.69529, 39.32355 ], [ 26.69527, 39.32351 ], [ 26.69525, 39.32345 ], [ 26.69522, 39.32337 ], [ 26.69518, 39.32328 ], [ 26.69515, 39.32321 ], [ 26.69518, 39.3232 ], [ 26.6952, 39.32325 ], [ 26.69525, 39.32324 ], [ 26.69534, 39.32322 ], [ 26.69538, 39.32321 ], [ 26.69547, 39.32319 ], [ 26.69545, 39.32312 ], [ 26.69545, 39.32309 ], [ 26.69544, 39.32309 ], [ 26.69543, 39.32304 ], [ 26.69543, 39.323 ], [ 26.69542, 39.32296 ], [ 26.69541, 39.32292 ], [ 26.69532, 39.32294 ], [ 26.69527, 39.32295 ], [ 26.69522, 39.32297 ], [ 26.69518, 39.32298 ], [ 26.6951, 39.323 ], [ 26.69504, 39.32301 ], [ 26.69508, 39.32311 ], [ 26.69508, 39.32314 ] ], [ [ 26.695, 39.32313 ], [ 26.69501, 39.32316 ], [ 26.69499, 39.32312 ], [ 26.695, 39.32313 ] ], [ [ 26.69518, 39.32363 ], [ 26.69516, 39.32358 ], [ 26.69517, 39.32358 ], [ 26.69518, 39.32363 ] ] ] ] } },
{ "type": "Feature", "properties": { "adaNo": "363", "fid": 1212, "label": "363" }, "geometry": { "type": "MultiPolygon", "coordinates": [ [ [ [ 26.69521, 39.32328 ], [ 26.69526, 39.32337 ], [ 26.69528, 39.32342 ], [ 26.6953, 39.32346 ], [ 26.69533, 39.32353 ], [ 26.69536, 39.3236 ], [ 26.69538, 39.32366 ], [ 26.69547, 39.32363 ], [ 26.69556, 39.3236 ], [ 26.69556, 39.32359 ], [ 26.69555, 39.32355 ], [ 26.69554, 39.32348 ], [ 26.69553, 39.32344 ], [ 26.69552, 39.3234 ], [ 26.6955, 39.32333 ], [ 26.69549, 39.32328 ], [ 26.69547, 39.32322 ], [ 26.69539, 39.32323 ], [ 26.69539, 39.32324 ], [ 26.69521, 39.32328 ] ] ] ] } },
{ "type": "Feature", "properties": { "adaNo": "364", "fid": 4215, "label": "364" }, "geometry": { "type": "MultiPolygon", "coordinates": [ [ [ [ 26.69541, 39.32369 ], [ 26.69537, 39.32371 ], [ 26.69533, 39.32373 ], [ 26.69539, 39.3238 ], [ 26.69543, 39.32385 ], [ 26.69546, 39.32388 ], [ 26.6955, 39.32393 ], [ 26.69551, 39.32394 ], [ 26.69547, 39.32396 ], [ 26.69546, 39.32395 ], [ 26.69543, 39.32389 ], [ 26.6954, 39.32386 ], [ 26.69535, 39.3238 ], [ 26.69531, 39.32374 ], [ 26.69523, 39.32377 ], [ 26.69516, 39.3238 ], [ 26.69519, 39.32387 ], [ 26.69522, 39.32392 ], [ 26.69525, 39.32396 ], [ 26.69527, 39.324 ], [ 26.69529, 39.32403 ], [ 26.69529, 39.32404 ], [ 26.69531, 39.32407 ], [ 26.69534, 39.32413 ], [ 26.69538, 39.32417 ], [ 26.69544, 39.32415 ], [ 26.6955, 39.32413 ], [ 26.69555, 39.32411 ], [ 26.69564, 39.32407 ], [ 26.69568, 39.32406 ], [ 26.69573, 39.32404 ], [ 26.69577, 39.32402 ], [ 26.69579, 39.32394 ], [ 26.69576, 39.32391 ], [ 26.69572, 39.32385 ], [ 26.6957, 39.32382 ], [ 26.69567, 39.32378 ], [ 26.69565, 39.32374 ], [ 26.6956, 39.32367 ], [ 26.69558, 39.32364 ], [ 26.69557, 39.32364 ], [ 26.69546, 39.32368 ], [ 26.69541, 39.32369 ] ] ] ] } },
{ "type": "Feature", "properties": { "adaNo": "365", "fid": 4536, "label": "365" }, "geometry": { "type": "MultiPolygon", "coordinates": [ [ [ [ 26.69569, 39.32408 ], [ 26.6956, 39.32412 ], [ 26.69552, 39.32415 ], [ 26.69545, 39.32418 ], [ 26.6954, 39.3242 ], [ 26.69545, 39.32426 ], [ 26.69547, 39.32429 ], [ 26.6955, 39.32433 ], [ 26.69555, 39.32439 ], [ 26.6956, 39.32445 ], [ 26.69571, 39.32438 ], [ 26.69577, 39.32434 ], [ 26.69583, 39.3243 ], [ 26.69588, 39.32427 ], [ 26.69593, 39.32424 ], [ 26.6959, 39.3242 ], [ 26.69588, 39.32417 ], [ 26.69586, 39.32414 ], [ 26.69582, 39.3241 ], [ 26.69578, 39.32405 ], [ 26.69573, 39.32407 ], [ 26.69569, 39.32408 ] ] ] ] } },
{ "type": "Feature", "properties": { "adaNo": "366", "fid": 5110, "label": "366" }, "geometry": { "type": "MultiPolygon", "coordinates": [ [ [ [ 26.6963, 39.32437 ], [ 26.69634, 39.32434 ], [ 26.69635, 39.32433 ], [ 26.69631, 39.32429 ], [ 26.69627, 39.32424 ], [ 26.69621, 39.32426 ], [ 26.69618, 39.32427 ], [ 26.69614, 39.32429 ], [ 26.69605, 39.32433 ], [ 26.69607, 39.32435 ], [ 26.69611, 39.32439 ], [ 26.69612, 39.32441 ], [ 26.69616, 39.32445 ], [ 26.69621, 39.32442 ], [ 26.69627, 39.32438 ], [ 26.69623, 39.32433 ], [ 26.69625, 39.32432 ], [ 26.6963, 39.32437 ] ] ] ] } },
{ "type": "Feature", "properties": { "adaNo": "367", "fid": 5102, "label": "367" }, "geometry": { "type": "MultiPolygon", "coordinates": [ [ [ [ 26.69653, 39.32405 ], [ 26.69646, 39.32412 ], [ 26.69641, 39.32415 ], [ 26.69635, 39.32417 ], [ 26.69639, 39.32419 ], [ 26.69633, 39.32423 ], [ 26.69636, 39.32427 ], [ 26.6964, 39.3243 ], [ 26.69646, 39.32426 ], [ 26.69651, 39.32423 ], [ 26.69655, 39.3242 ], [ 26.69658, 39.32418 ], [ 26.69659, 39.32417 ], [ 26.69662, 39.32415 ], [ 26.69659, 39.32412 ], [ 26.69654, 39.32406 ], [ 26.69653, 39.32405 ] ] ] ] } },
{ "type": "Feature", "properties": { "adaNo": "240", "fid": 1246, "label": "240" }, "geometry": { "type": "MultiPolygon", "coordinates": [ [ [ [ 26.69656, 39.32352 ], [ 26.69652, 39.32354 ], [ 26.6965, 39.32356 ], [ 26.69646, 39.32358 ], [ 26.6964, 39.32363 ], [ 26.69635, 39.32366 ], [ 26.69629, 39.3237 ], [ 26.69624, 39.32374 ], [ 26.69628, 39.32378 ], [ 26.69634, 39.32374 ], [ 26.69635, 39.32374 ], [ 26.69636, 39.32373 ], [ 26.69637, 39.32374 ], [ 26.69636, 39.32375 ], [ 26.6963, 39.32379 ], [ 26.69633, 39.32383 ], [ 26.69638, 39.32387 ], [ 26.6965, 39.32378 ], [ 26.69655, 39.32375 ], [ 26.6965, 39.32371 ], [ 26.69646, 39.32368 ], [ 26.69649, 39.32367 ], [ 26.69652, 39.3237 ], [ 26.69651, 39.3237 ], [ 26.69656, 39.32374 ], [ 26.69661, 39.32371 ], [ 26.69665, 39.32368 ], [ 26.69666, 39.32367 ], [ 26.69674, 39.3236 ], [ 26.69685, 39.32353 ], [ 26.69684, 39.32352 ], [ 26.69678, 39.3235 ], [ 26.69673, 39.32348 ], [ 26.69671, 39.3235 ], [ 26.69664, 39.32346 ], [ 26.6966, 39.32349 ], [ 26.69656, 39.32352 ] ] ] ] } },
{ "type": "Feature", "properties": { "adaNo": "369", "fid": 5098, "label": "369" }, "geometry": { "type": "MultiPolygon", "coordinates": [ [ [ [ 26.6959, 39.32394 ], [ 26.69582, 39.32398 ], [ 26.69581, 39.32399 ], [ 26.69582, 39.32401 ], [ 26.69584, 39.32405 ], [ 26.69587, 39.32408 ], [ 26.69589, 39.32412 ], [ 26.69593, 39.32416 ], [ 26.69596, 39.32421 ], [ 26.69604, 39.32417 ], [ 26.69605, 39.32419 ], [ 26.69608, 39.32422 ], [ 26.69605, 39.32424 ], [ 26.696, 39.32426 ], [ 26.69603, 39.32429 ], [ 26.69612, 39.32425 ], [ 26.69622, 39.32419 ], [ 26.6962, 39.32416 ], [ 26.69621, 39.32416 ], [ 26.69615, 39.3241 ], [ 26.69611, 39.32406 ], [ 26.69607, 39.32402 ], [ 26.69604, 39.32399 ], [ 26.69601, 39.32395 ], [ 26.69596, 39.3239 ], [ 26.69592, 39.32393 ], [ 26.6959, 39.32394 ] ] ] ] } },
{ "type": "Feature", "properties": { "adaNo": "241", "fid": 1195, "label": "241" }, "geometry": { "type": "MultiPolygon", "coordinates": [ [ [ [ 26.6961, 39.32318 ], [ 26.69602, 39.32319 ], [ 26.69603, 39.32323 ], [ 26.69604, 39.32327 ], [ 26.69605, 39.32332 ], [ 26.69614, 39.32337 ], [ 26.69625, 39.32342 ], [ 26.69637, 39.32348 ], [ 26.69643, 39.32349 ], [ 26.69647, 39.32351 ], [ 26.69649, 39.32351 ], [ 26.69654, 39.32347 ], [ 26.69659, 39.32345 ], [ 26.69657, 39.32343 ], [ 26.69654, 39.32341 ], [ 26.69653, 39.32341 ], [ 26.69646, 39.32339 ], [ 26.69638, 39.32334 ], [ 26.69636, 39.32332 ], [ 26.69631, 39.32329 ], [ 26.69628, 39.32327 ], [ 26.69625, 39.32323 ], [ 26.69624, 39.32321 ], [ 26.6962, 39.32316 ], [ 26.69613, 39.32317 ], [ 26.6961, 39.32318 ] ] ] ] } },
{ "type": "Feature", "properties": { "adaNo": "242", "fid": 1172, "label": "242" }, "geometry": { "type": "MultiPolygon", "coordinates": [ [ [ [ 26.6961, 39.32305 ], [ 26.69603, 39.32306 ], [ 26.69596, 39.32306 ], [ 26.69589, 39.32306 ], [ 26.69584, 39.32306 ], [ 26.69577, 39.32307 ], [ 26.69579, 39.32313 ], [ 26.6958, 39.32319 ], [ 26.69587, 39.32318 ], [ 26.69591, 39.32317 ], [ 26.69598, 39.32316 ], [ 26.69604, 39.32316 ], [ 26.69611, 39.32315 ], [ 26.6962, 39.32313 ], [ 26.69619, 39.32309 ], [ 26.69618, 39.32304 ], [ 26.6961, 39.32305 ] ] ] ] } },
{ "type": "Feature", "properties": { "adaNo": "1920", "fid": 847, "label": "52 → 1920" }, "geometry": { "type": "MultiPolygon", "coordinates": [ [ [ [ 26.69201, 39.32041 ], [ 26.69205, 39.32049 ], [ 26.69207, 39.32055 ], [ 26.6921, 39.32061 ], [ 26.69212, 39.32067 ], [ 26.69231, 39.32064 ], [ 26.69229, 39.32058 ], [ 26.69226, 39.32051 ], [ 26.69223, 39.32044 ], [ 26.69219, 39.32036 ], [ 26.69201, 39.32041 ] ] ] ] } },
{ "type": "Feature", "properties": { "adaNo": "243", "fid": 1126, "label": "243" }, "geometry": { "type": "MultiPolygon", "coordinates": [ [ [ [ 26.69621, 39.32278 ], [ 26.69621, 39.32283 ], [ 26.69621, 39.32287 ], [ 26.69621, 39.32292 ], [ 26.69621, 39.32297 ], [ 26.69628, 39.32297 ], [ 26.69631, 39.32297 ], [ 26.69632, 39.32296 ], [ 26.69635, 39.32296 ], [ 26.69637, 39.32296 ], [ 26.69639, 39.32296 ], [ 26.69639, 39.32291 ], [ 26.69638, 39.32288 ], [ 26.69638, 39.32283 ], [ 26.69638, 39.32278 ], [ 26.69638, 39.32276 ], [ 26.69637, 39.3227 ], [ 26.6963, 39.3227 ], [ 26.69621, 39.32271 ], [ 26.6962, 39.32274 ], [ 26.69621, 39.32278 ] ] ] ] } },
{ "type": "Feature", "properties": { "adaNo": "440", "fid": 3596, "label": "440" }, "geometry": { "type": "MultiPolygon", "coordinates": [ [ [ [ 26.69307, 39.31903 ], [ 26.69304, 39.31904 ], [ 26.693, 39.31905 ], [ 26.69294, 39.31907 ], [ 26.69294, 39.31906 ], [ 26.69289, 39.31908 ], [ 26.6929, 39.31909 ], [ 26.69293, 39.31916 ], [ 26.69296, 39.31921 ], [ 26.69297, 39.31923 ], [ 26.69298, 39.31926 ], [ 26.69299, 39.31928 ], [ 26.693, 39.31931 ], [ 26.69302, 39.31934 ], [ 26.69303, 39.31935 ], [ 26.69308, 39.31933 ], [ 26.69314, 39.31931 ], [ 26.69317, 39.3193 ], [ 26.69322, 39.31929 ], [ 26.69325, 39.31928 ], [ 26.6933, 39.31927 ], [ 26.69328, 39.31922 ], [ 26.69326, 39.31918 ], [ 26.69324, 39.31913 ], [ 26.69322, 39.31909 ], [ 26.69321, 39.31907 ], [ 26.6932, 39.31905 ], [ 26.69318, 39.31901 ], [ 26.69314, 39.31902 ], [ 26.69307, 39.31903 ] ] ] ] } },
{ "type": "Feature", "properties": { "adaNo": "1921", "fid": 823, "label": "49 → 1921" }, "geometry": { "type": "MultiPolygon", "coordinates": [ [ [ [ 26.6921, 39.32019 ], [ 26.69192, 39.32024 ], [ 26.69195, 39.32029 ], [ 26.69199, 39.32038 ], [ 26.69217, 39.32033 ], [ 26.69213, 39.32025 ], [ 26.6921, 39.32019 ] ] ] ] } },
{ "type": "Feature", "properties": { "adaNo": "244", "fid": 1127, "label": "244" }, "geometry": { "type": "MultiPolygon", "coordinates": [ [ [ [ 26.69596, 39.32274 ], [ 26.69591, 39.32275 ], [ 26.69591, 39.32274 ], [ 26.69583, 39.32276 ], [ 26.69581, 39.32276 ], [ 26.69577, 39.32277 ], [ 26.69572, 39.3228 ], [ 26.69573, 39.32283 ], [ 26.69573, 39.32286 ], [ 26.69574, 39.32288 ], [ 26.69574, 39.32292 ], [ 26.69575, 39.32296 ], [ 26.69576, 39.323 ], [ 26.69576, 39.32304 ], [ 26.69586, 39.32304 ], [ 26.69592, 39.32303 ], [ 26.69597, 39.32303 ], [ 26.69599, 39.32302 ], [ 26.69599, 39.32301 ], [ 26.69607, 39.32301 ], [ 26.69617, 39.323 ], [ 26.69617, 39.32295 ], [ 26.69617, 39.32288 ], [ 26.69617, 39.32286 ], [ 26.69616, 39.32281 ], [ 26.69616, 39.32272 ], [ 26.6961, 39.32272 ], [ 26.69601, 39.32273 ], [ 26.69596, 39.32274 ] ] ] ] } },
{ "type": "Feature", "properties": { "adaNo": "245", "fid": 1100, "label": "245" }, "geometry": { "type": "MultiPolygon", "coordinates": [ [ [ [ 26.69591, 39.32254 ], [ 26.69591, 39.32255 ], [ 26.69612, 39.32251 ], [ 26.69608, 39.32245 ], [ 26.69601, 39.32245 ], [ 26.69594, 39.32247 ], [ 26.6959, 39.32247 ], [ 26.69591, 39.32254 ] ] ], [ [ [ 26.69586, 39.32248 ], [ 26.69582, 39.32249 ], [ 26.6958, 39.32249 ], [ 26.69569, 39.32251 ], [ 26.69572, 39.32261 ], [ 26.69575, 39.32269 ], [ 26.69577, 39.32274 ], [ 26.69583, 39.32273 ], [ 26.69587, 39.32273 ], [ 26.69593, 39.32271 ], [ 26.6959, 39.32263 ], [ 26.69591, 39.32263 ], [ 26.6959, 39.32258 ], [ 26.69589, 39.32254 ], [ 26.69587, 39.32248 ], [ 26.69586, 39.32248 ] ] ] ] } },
{ "type": "Feature", "properties": { "adaNo": "1923", "fid": 3523, "label": "41 → 1923" }, "geometry": { "type": "MultiPolygon", "coordinates": [ [ [ [ 26.69075, 39.31864 ], [ 26.69077, 39.31867 ], [ 26.69082, 39.31875 ], [ 26.69052, 39.31886 ], [ 26.69053, 39.31887 ], [ 26.69046, 39.3189 ], [ 26.69038, 39.31876 ], [ 26.69055, 39.3187 ], [ 26.69054, 39.3187 ], [ 26.69055, 39.31869 ], [ 26.69057, 39.31868 ], [ 26.69058, 39.31868 ], [ 26.69059, 39.31869 ], [ 26.69075, 39.31864 ] ] ] ] } },
{ "type": "Feature", "properties": { "adaNo": "246", "fid": 1059, "label": "246" }, "geometry": { "type": "MultiPolygon", "coordinates": [ [ [ [ 26.69628, 39.32221 ], [ 26.69617, 39.32223 ], [ 26.69612, 39.32225 ], [ 26.69606, 39.32226 ], [ 26.69608, 39.32231 ], [ 26.69608, 39.32233 ], [ 26.6961, 39.32237 ], [ 26.69611, 39.32241 ], [ 26.69612, 39.32241 ], [ 26.69616, 39.3224 ], [ 26.69623, 39.32239 ], [ 26.69629, 39.32237 ], [ 26.69634, 39.32236 ], [ 26.69648, 39.32234 ], [ 26.69646, 39.32229 ], [ 26.69645, 39.32225 ], [ 26.69642, 39.32218 ], [ 26.69634, 39.3222 ], [ 26.69628, 39.32221 ] ] ] ] } },
{ "type": "Feature", "properties": { "adaNo": "1924", "fid": 3562, "label": "42 → 1924" }, "geometry": { "type": "MultiPolygon", "coordinates": [ [ [ [ 26.69084, 39.31879 ], [ 26.69047, 39.31893 ], [ 26.69051, 39.319 ], [ 26.69037, 39.31905 ], [ 26.69041, 39.31912 ], [ 26.69068, 39.31903 ], [ 26.69092, 39.31894 ], [ 26.69088, 39.31886 ], [ 26.69084, 39.31879 ] ] ] ] } },
{ "type": "Feature", "properties": { "adaNo": "247", "fid": 4099, "label": "247" }, "geometry": { "type": "MultiPolygon", "coordinates": [ [ [ [ 26.69621, 39.32194 ], [ 26.69615, 39.32195 ], [ 26.6961, 39.32197 ], [ 26.696, 39.32199 ], [ 26.69592, 39.32201 ], [ 26.69594, 39.32204 ], [ 26.69595, 39.32208 ], [ 26.69597, 39.32212 ], [ 26.69599, 39.32218 ], [ 26.69602, 39.32223 ], [ 26.69611, 39.32221 ], [ 26.6962, 39.32219 ], [ 26.69625, 39.32218 ], [ 26.69626, 39.32218 ], [ 26.69622, 39.3221 ], [ 26.69619, 39.32205 ], [ 26.6962, 39.32204 ], [ 26.6962, 39.32205 ], [ 26.69624, 39.32204 ], [ 26.69624, 39.32203 ], [ 26.6963, 39.32202 ], [ 26.69628, 39.32198 ], [ 26.69635, 39.32197 ], [ 26.69633, 39.32191 ], [ 26.69626, 39.32193 ], [ 26.69621, 39.32194 ] ] ], [ [ [ 26.69638, 39.32206 ], [ 26.69636, 39.32201 ], [ 26.6963, 39.32202 ], [ 26.69632, 39.32207 ], [ 26.69633, 39.32209 ], [ 26.69635, 39.32216 ], [ 26.69641, 39.32214 ], [ 26.69639, 39.32207 ], [ 26.69638, 39.32206 ] ] ] ] } },
{ "type": "Feature", "properties": { "adaNo": "1925", "fid": 3446, "label": "40 → 1925" }, "geometry": { "type": "MultiPolygon", "coordinates": [ [ [ [ 26.6911, 39.31856 ], [ 26.69097, 39.31861 ], [ 26.69082, 39.31866 ], [ 26.69086, 39.31874 ], [ 26.69102, 39.31869 ], [ 26.6911, 39.31867 ], [ 26.69115, 39.31865 ], [ 26.69113, 39.3186 ], [ 26.6911, 39.31856 ] ] ] ] } },
{ "type": "Feature", "properties": { "adaNo": "248", "fid": 4076, "label": "248" }, "geometry": { "type": "MultiPolygon", "coordinates": [ [ [ [ 26.69608, 39.32178 ], [ 26.69602, 39.32179 ], [ 26.69597, 39.3218 ], [ 26.69592, 39.32181 ], [ 26.69584, 39.32182 ], [ 26.69586, 39.32188 ], [ 26.69589, 39.32193 ], [ 26.69591, 39.32198 ], [ 26.69598, 39.32197 ], [ 26.69597, 39.32196 ], [ 26.69603, 39.32195 ], [ 26.69608, 39.32194 ], [ 26.69612, 39.32193 ], [ 26.69619, 39.32192 ], [ 26.69625, 39.3219 ], [ 26.69632, 39.32189 ], [ 26.69629, 39.32184 ], [ 26.69626, 39.3218 ], [ 26.69626, 39.32179 ], [ 26.69623, 39.32174 ], [ 26.69617, 39.32176 ], [ 26.69608, 39.32178 ] ] ] ] } },
{ "type": "Feature", "properties": { "adaNo": "120", "fid": 5262, "label": "120" }, "geometry": { "type": "MultiPolygon", "coordinates": [ [ [ [ 26.69855, 39.31965 ], [ 26.69853, 39.31971 ], [ 26.69852, 39.31972 ], [ 26.6985, 39.31977 ], [ 26.69848, 39.31981 ], [ 26.69849, 39.31981 ], [ 26.69857, 39.31983 ], [ 26.69858, 39.31983 ], [ 26.69866, 39.31986 ], [ 26.69874, 39.31988 ], [ 26.69882, 39.3199 ], [ 26.69886, 39.31982 ], [ 26.69889, 39.31976 ], [ 26.6988, 39.31973 ], [ 26.69872, 39.3197 ], [ 26.69865, 39.31968 ], [ 26.69855, 39.31965 ] ] ] ] } },
{ "type": "Feature", "properties": { "adaNo": "1926", "fid": 3413, "label": "39 → 1926" }, "geometry": { "type": "MultiPolygon", "coordinates": [ [ [ [ 26.69139, 39.31857 ], [ 26.69134, 39.31848 ], [ 26.69126, 39.31851 ], [ 26.69115, 39.31855 ], [ 26.69119, 39.31863 ], [ 26.69131, 39.3186 ], [ 26.69139, 39.31857 ] ] ] ] } },
{ "type": "Feature", "properties": { "adaNo": "249", "fid": 4030, "label": "249" }, "geometry": { "type": "MultiPolygon", "coordinates": [ [ [ [ 26.6956, 39.32148 ], [ 26.69563, 39.32151 ], [ 26.69565, 39.32154 ], [ 26.69567, 39.32158 ], [ 26.69572, 39.32164 ], [ 26.69574, 39.32168 ], [ 26.69577, 39.32172 ], [ 26.69581, 39.3218 ], [ 26.69594, 39.32178 ], [ 26.69601, 39.32177 ], [ 26.6961, 39.32174 ], [ 26.69621, 39.32172 ], [ 26.69618, 39.32166 ], [ 26.69615, 39.32163 ], [ 26.69614, 39.3216 ], [ 26.69607, 39.3215 ], [ 26.69603, 39.32142 ], [ 26.69599, 39.32134 ], [ 26.6959, 39.32136 ], [ 26.69583, 39.32137 ], [ 26.69582, 39.32137 ], [ 26.69586, 39.32146 ], [ 26.6959, 39.32156 ], [ 26.69588, 39.32156 ], [ 26.69585, 39.32149 ], [ 26.6958, 39.32137 ], [ 26.69574, 39.32139 ], [ 26.6957, 39.32139 ], [ 26.69565, 39.3214 ], [ 26.69556, 39.32142 ], [ 26.6956, 39.32148 ] ] ] ] } },
{ "type": "Feature", "properties": { "adaNo": "1927", "fid": 3397, "label": "38 -> 1927" }, "geometry": { "type": "MultiPolygon", "coordinates": [ [ [ [ 26.69165, 39.31849 ], [ 26.69191, 39.31839 ], [ 26.69186, 39.31831 ], [ 26.69149, 39.31844 ], [ 26.69145, 39.31846 ], [ 26.69139, 39.31847 ], [ 26.69144, 39.31856 ], [ 26.69149, 39.31854 ], [ 26.69153, 39.31853 ], [ 26.69165, 39.31849 ] ] ] ] } },
{ "type": "Feature", "properties": { "adaNo": "123", "fid": 3310, "label": "123" }, "geometry": { "type": "MultiPolygon", "coordinates": [ [ [ [ 26.70016, 39.31817 ], [ 26.70014, 39.31817 ], [ 26.70012, 39.31818 ], [ 26.7, 39.31818 ], [ 26.69992, 39.31818 ], [ 26.69983, 39.31818 ], [ 26.69975, 39.31819 ], [ 26.69975, 39.31824 ], [ 26.69982, 39.31825 ], [ 26.69991, 39.31825 ], [ 26.69999, 39.31826 ], [ 26.70014, 39.31827 ], [ 26.7003, 39.31828 ], [ 26.70038, 39.3183 ], [ 26.70043, 39.3183 ], [ 26.70059, 39.31831 ], [ 26.70059, 39.31829 ], [ 26.70058, 39.31823 ], [ 26.70058, 39.31819 ], [ 26.70058, 39.31816 ], [ 26.70044, 39.31816 ], [ 26.70037, 39.31817 ], [ 26.70033, 39.31817 ], [ 26.70025, 39.31817 ], [ 26.70016, 39.31817 ] ] ] ] } },
{ "type": "Feature", "properties": { "adaNo": "1929", "fid": 3008, "label": "34 → 1929" }, "geometry": { "type": "MultiPolygon", "coordinates": [ [ [ [ 26.69172, 39.31732 ], [ 26.69166, 39.31731 ], [ 26.6914, 39.31731 ], [ 26.69143, 39.31745 ], [ 26.69145, 39.31749 ], [ 26.69155, 39.31758 ], [ 26.69171, 39.31757 ], [ 26.69172, 39.31754 ], [ 26.69173, 39.31745 ], [ 26.69172, 39.31732 ] ] ] ] } },
{ "type": "Feature", "properties": { "adaNo": "124", "fid": 3036, "label": "124" }, "geometry": { "type": "MultiPolygon", "coordinates": [ [ [ [ 26.6996, 39.31774 ], [ 26.6996, 39.31775 ], [ 26.6996, 39.31778 ], [ 26.6996, 39.31784 ], [ 26.6996, 39.31789 ], [ 26.6996, 39.31794 ], [ 26.69961, 39.31798 ], [ 26.69961, 39.31801 ], [ 26.69963, 39.31802 ], [ 26.69964, 39.31802 ], [ 26.69965, 39.31805 ], [ 26.69966, 39.31809 ], [ 26.69968, 39.31812 ], [ 26.69969, 39.31813 ], [ 26.69976, 39.31813 ], [ 26.6998, 39.31813 ], [ 26.69984, 39.31813 ], [ 26.69986, 39.31813 ], [ 26.69991, 39.31812 ], [ 26.69996, 39.31812 ], [ 26.7, 39.31812 ], [ 26.70009, 39.31812 ], [ 26.70011, 39.31805 ], [ 26.70009, 39.31793 ], [ 26.70012, 39.31793 ], [ 26.70011, 39.31788 ], [ 26.70008, 39.31789 ], [ 26.70006, 39.31786 ], [ 26.70009, 39.31786 ], [ 26.70007, 39.31782 ], [ 26.70005, 39.31783 ], [ 26.70003, 39.31779 ], [ 26.70001, 39.31776 ], [ 26.69999, 39.3177 ], [ 26.69996, 39.31764 ], [ 26.69994, 39.3176 ], [ 26.69993, 39.31759 ], [ 26.6999, 39.31757 ], [ 26.69983, 39.31758 ], [ 26.69974, 39.3176 ], [ 26.69969, 39.31761 ], [ 26.69961, 39.31762 ], [ 26.69961, 39.31765 ], [ 26.6996, 39.31769 ], [ 26.6996, 39.31774 ] ] ] ] } },
{ "type": "Feature", "properties": { "adaNo": "449", "fid": 865, "label": "449" }, "geometry": { "type": "MultiPolygon", "coordinates": [ [ [ [ 26.69378, 39.32073 ], [ 26.69379, 39.32077 ], [ 26.69378, 39.32083 ], [ 26.69379, 39.32087 ], [ 26.6938, 39.32092 ], [ 26.69383, 39.32097 ], [ 26.69392, 39.32097 ], [ 26.694, 39.32098 ], [ 26.69399, 39.32102 ], [ 26.69398, 39.32104 ], [ 26.69395, 39.32104 ], [ 26.69386, 39.32104 ], [ 26.69391, 39.32114 ], [ 26.69401, 39.32112 ], [ 26.69413, 39.3211 ], [ 26.69413, 39.32113 ], [ 26.69402, 39.32114 ], [ 26.69392, 39.32116 ], [ 26.69395, 39.32123 ], [ 26.69396, 39.32127 ], [ 26.69397, 39.32127 ], [ 26.69397, 39.32129 ], [ 26.69398, 39.32135 ], [ 26.694, 39.32142 ], [ 26.69401, 39.32145 ], [ 26.69406, 39.3216 ], [ 26.69414, 39.32159 ], [ 26.69413, 39.32152 ], [ 26.69413, 39.32148 ], [ 26.69418, 39.32147 ], [ 26.69425, 39.32146 ], [ 26.69426, 39.32139 ], [ 26.69426, 39.32133 ], [ 26.69426, 39.32129 ], [ 26.69426, 39.32125 ], [ 26.69426, 39.32124 ], [ 26.69427, 39.32121 ], [ 26.69427, 39.32117 ], [ 26.69428, 39.32113 ], [ 26.69427, 39.32108 ], [ 26.69427, 39.32104 ], [ 26.69422, 39.32089 ], [ 26.6942, 39.32086 ], [ 26.6942, 39.32081 ], [ 26.6942, 39.32078 ], [ 26.69418, 39.32077 ], [ 26.6942, 39.32073 ], [ 26.69407, 39.32069 ], [ 26.69408, 39.32067 ], [ 26.69403, 39.32063 ], [ 26.69403, 39.32064 ], [ 26.69399, 39.32061 ], [ 26.69399, 39.3206 ], [ 26.69394, 39.32057 ], [ 26.69388, 39.32056 ], [ 26.69388, 39.32057 ], [ 26.69376, 39.32055 ], [ 26.69377, 39.32062 ], [ 26.69377, 39.32067 ], [ 26.69378, 39.32067 ], [ 26.69378, 39.32073 ] ] ] ] } },
{ "type": "Feature", "properties": { "adaNo": "125", "fid": 2964, "label": "125" }, "geometry": { "type": "MultiPolygon", "coordinates": [ [ [ [ 26.69942, 39.31752 ], [ 26.69942, 39.31754 ], [ 26.69942, 39.3176 ], [ 26.69948, 39.31759 ], [ 26.69955, 39.31758 ], [ 26.69961, 39.31758 ], [ 26.6996, 39.31757 ], [ 26.6997, 39.31755 ], [ 26.69975, 39.31754 ], [ 26.69984, 39.31753 ], [ 26.6999, 39.31752 ], [ 26.69989, 39.31746 ], [ 26.69983, 39.31746 ], [ 26.69975, 39.31747 ], [ 26.69969, 39.31747 ], [ 26.6996, 39.31748 ], [ 26.69956, 39.31748 ], [ 26.69955, 39.31742 ], [ 26.69952, 39.31742 ], [ 26.69952, 39.3174 ], [ 26.69942, 39.3174 ], [ 26.69941, 39.31746 ], [ 26.69942, 39.31752 ] ] ] ] } },
{ "type": "Feature", "properties": { "adaNo": "126", "fid": 3011, "label": "126" }, "geometry": { "type": "MultiPolygon", "coordinates": [ [ [ [ 26.69906, 39.31734 ], [ 26.69905, 39.31739 ], [ 26.69905, 39.3174 ], [ 26.69904, 39.31743 ], [ 26.69904, 39.31747 ], [ 26.69903, 39.31749 ], [ 26.69902, 39.31754 ], [ 26.69901, 39.31758 ], [ 26.69901, 39.3176 ], [ 26.6991, 39.3176 ], [ 26.69915, 39.3176 ], [ 26.69919, 39.3176 ], [ 26.69928, 39.3176 ], [ 26.69937, 39.3176 ], [ 26.69937, 39.31754 ], [ 26.69937, 39.3175 ], [ 26.69938, 39.31744 ], [ 26.69936, 39.31743 ], [ 26.69936, 39.31738 ], [ 26.69923, 39.31737 ], [ 26.69922, 39.31737 ], [ 26.69906, 39.31734 ] ] ] ] } },
{ "type": "Feature", "properties": { "adaNo": "127", "fid": 4572, "label": "127" }, "geometry": { "type": "MultiPolygon", "coordinates": [ [ [ [ 26.69893, 39.31729 ], [ 26.69887, 39.31728 ], [ 26.69886, 39.31735 ], [ 26.69886, 39.3174 ], [ 26.69886, 39.31741 ], [ 26.69884, 39.31747 ], [ 26.69883, 39.31753 ], [ 26.69888, 39.31753 ], [ 26.69893, 39.31754 ], [ 26.69898, 39.31754 ], [ 26.69899, 39.3175 ], [ 26.69899, 39.31749 ], [ 26.699, 39.31746 ], [ 26.69901, 39.31743 ], [ 26.69902, 39.31739 ], [ 26.69902, 39.31738 ], [ 26.69904, 39.3173 ], [ 26.69899, 39.31729 ], [ 26.69893, 39.31729 ] ] ] ] } },
{ "type": "Feature", "properties": { "adaNo": "129", "fid": 2956, "label": "129" }, "geometry": { "type": "MultiPolygon", "coordinates": [ [ [ [ 26.6985, 39.31729 ], [ 26.6985, 39.31733 ], [ 26.6985, 39.31736 ], [ 26.69851, 39.31741 ], [ 26.69851, 39.31743 ], [ 26.69851, 39.31748 ], [ 26.69851, 39.31749 ], [ 26.69851, 39.31754 ], [ 26.69851, 39.31755 ], [ 26.69856, 39.31755 ], [ 26.69857, 39.31755 ], [ 26.69862, 39.31755 ], [ 26.69866, 39.31756 ], [ 26.6987, 39.31756 ], [ 26.69874, 39.31756 ], [ 26.69879, 39.31757 ], [ 26.6988, 39.31752 ], [ 26.69881, 39.31748 ], [ 26.69881, 39.31743 ], [ 26.69882, 39.31739 ], [ 26.69882, 39.31736 ], [ 26.69883, 39.3173 ], [ 26.69885, 39.31721 ], [ 26.69877, 39.31721 ], [ 26.69868, 39.31721 ], [ 26.69863, 39.3172 ], [ 26.6986, 39.3172 ], [ 26.69849, 39.3172 ], [ 26.6985, 39.31724 ], [ 26.6985, 39.31729 ] ], [ [ 26.69865, 39.31735 ], [ 26.69865, 39.31736 ], [ 26.69864, 39.31733 ], [ 26.69865, 39.31735 ] ] ] ] } },
{ "type": "Feature", "properties": { "adaNo": "330", "fid": 2966, "label": "330" }, "geometry": { "type": "MultiPolygon", "coordinates": [ [ [ [ 26.69255, 39.31737 ], [ 26.69253, 39.31737 ], [ 26.69249, 39.31736 ], [ 26.69247, 39.3175 ], [ 26.69247, 39.31753 ], [ 26.69246, 39.31763 ], [ 26.69257, 39.31763 ], [ 26.69262, 39.31763 ], [ 26.6927, 39.31764 ], [ 26.69271, 39.31758 ], [ 26.69272, 39.31753 ], [ 26.69272, 39.3175 ], [ 26.69274, 39.31739 ], [ 26.69265, 39.31738 ], [ 26.69261, 39.31737 ], [ 26.69255, 39.31737 ] ] ] ] } },
{ "type": "Feature", "properties": { "adaNo": "331", "fid": 3078, "label": "331" }, "geometry": { "type": "MultiPolygon", "coordinates": [ [ [ [ 26.69234, 39.31782 ], [ 26.69253, 39.31784 ], [ 26.69263, 39.31783 ], [ 26.69272, 39.31784 ], [ 26.69282, 39.31785 ], [ 26.69288, 39.31785 ], [ 26.69296, 39.31785 ], [ 26.69305, 39.31786 ], [ 26.69305, 39.31785 ], [ 26.69322, 39.31786 ], [ 26.69323, 39.31781 ], [ 26.69322, 39.31781 ], [ 26.69323, 39.31776 ], [ 26.69322, 39.31772 ], [ 26.69309, 39.3177 ], [ 26.69305, 39.3177 ], [ 26.69301, 39.31769 ], [ 26.69293, 39.31768 ], [ 26.69284, 39.31767 ], [ 26.69276, 39.31767 ], [ 26.69268, 39.31766 ], [ 26.69259, 39.31765 ], [ 26.6925, 39.31765 ], [ 26.69236, 39.31764 ], [ 26.69235, 39.31769 ], [ 26.69235, 39.31774 ], [ 26.69234, 39.31782 ] ] ] ] } },
{ "type": "Feature", "properties": { "adaNo": "332", "fid": 3198, "label": "332" }, "geometry": { "type": "MultiPolygon", "coordinates": [ [ [ [ 26.69279, 39.31795 ], [ 26.69278, 39.318 ], [ 26.69291, 39.31801 ], [ 26.69291, 39.31803 ], [ 26.69281, 39.31802 ], [ 26.69281, 39.31807 ], [ 26.69271, 39.31807 ], [ 26.69266, 39.31807 ], [ 26.69252, 39.31807 ], [ 26.6925, 39.31813 ], [ 26.69248, 39.31819 ], [ 26.69246, 39.31826 ], [ 26.69253, 39.31826 ], [ 26.69256, 39.31826 ], [ 26.69255, 39.31829 ], [ 26.69254, 39.31839 ], [ 26.69259, 39.31838 ], [ 26.69265, 39.31838 ], [ 26.69271, 39.31837 ], [ 26.69276, 39.31836 ], [ 26.69285, 39.31836 ], [ 26.69295, 39.31835 ], [ 26.69303, 39.31835 ], [ 26.69311, 39.31834 ], [ 26.69318, 39.31834 ], [ 26.69326, 39.31834 ], [ 26.69323, 39.31823 ], [ 26.69322, 39.31818 ], [ 26.69321, 39.31809 ], [ 26.69304, 39.31809 ], [ 26.69294, 39.31807 ], [ 26.69293, 39.31805 ], [ 26.69303, 39.31806 ], [ 26.69321, 39.31807 ], [ 26.6932, 39.31799 ], [ 26.69321, 39.3179 ], [ 26.69299, 39.31789 ], [ 26.69286, 39.31789 ], [ 26.6928, 39.31788 ], [ 26.69279, 39.31788 ], [ 26.69279, 39.31795 ] ] ] ] } },
{ "type": "Feature", "properties": { "adaNo": "335", "fid": 3385, "label": "335" }, "geometry": { "type": "MultiPolygon", "coordinates": [ [ [ [ 26.69268, 39.31857 ], [ 26.69266, 39.31853 ], [ 26.69264, 39.31847 ], [ 26.69263, 39.31847 ], [ 26.69257, 39.31847 ], [ 26.69251, 39.31848 ], [ 26.69247, 39.31848 ], [ 26.69244, 39.31849 ], [ 26.6924, 39.3185 ], [ 26.69232, 39.31853 ], [ 26.69216, 39.31859 ], [ 26.69219, 39.31866 ], [ 26.6922, 39.31868 ], [ 26.69221, 39.31868 ], [ 26.69223, 39.31873 ], [ 26.6923, 39.31887 ], [ 26.69237, 39.31898 ], [ 26.6924, 39.31903 ], [ 26.69244, 39.31911 ], [ 26.69251, 39.31909 ], [ 26.69255, 39.31908 ], [ 26.69259, 39.31907 ], [ 26.69264, 39.31906 ], [ 26.69268, 39.31905 ], [ 26.69272, 39.31904 ], [ 26.69276, 39.31903 ], [ 26.69277, 39.31905 ], [ 26.69283, 39.31904 ], [ 26.69282, 39.31901 ], [ 26.69279, 39.31893 ], [ 26.69278, 39.31889 ], [ 26.69276, 39.31884 ], [ 26.69275, 39.3188 ], [ 26.69272, 39.31871 ], [ 26.69271, 39.31867 ], [ 26.69269, 39.31862 ], [ 26.69268, 39.31857 ] ] ] ] } },
{ "type": "Feature", "properties": { "adaNo": "1930", "fid": 2849, "label": "33 → 1930" }, "geometry": { "type": "MultiPolygon", "coordinates": [ [ [ [ 26.69171, 39.31703 ], [ 26.69148, 39.31704 ], [ 26.69135, 39.31705 ], [ 26.69136, 39.31714 ], [ 26.69137, 39.3172 ], [ 26.69138, 39.31725 ], [ 26.69152, 39.31728 ], [ 26.69156, 39.31728 ], [ 26.69172, 39.31728 ], [ 26.69172, 39.31723 ], [ 26.69171, 39.31713 ], [ 26.69171, 39.31703 ] ] ] ] } },
{ "type": "Feature", "properties": { "adaNo": "337", "fid": 3507, "label": "337" }, "geometry": { "type": "MultiPolygon", "coordinates": [ [ [ [ 26.69166, 39.31875 ], [ 26.69157, 39.31878 ], [ 26.6916, 39.31884 ], [ 26.69163, 39.31889 ], [ 26.69166, 39.31894 ], [ 26.69167, 39.31894 ], [ 26.6917, 39.31901 ], [ 26.69174, 39.31907 ], [ 26.69175, 39.31908 ], [ 26.69177, 39.31908 ], [ 26.69182, 39.31906 ], [ 26.69197, 39.31901 ], [ 26.69196, 39.31899 ], [ 26.69196, 39.31898 ], [ 26.69191, 39.31892 ], [ 26.69187, 39.31886 ], [ 26.69183, 39.31881 ], [ 26.6918, 39.31876 ], [ 26.69176, 39.31871 ], [ 26.69166, 39.31875 ] ] ] ] } },
{ "type": "Feature", "properties": { "adaNo": "1931", "fid": 224, "label": "32 → 1931" }, "geometry": { "type": "MultiPolygon", "coordinates": [ [ [ [ 26.6917, 39.31684 ], [ 26.69134, 39.31688 ], [ 26.69132, 39.31688 ], [ 26.69133, 39.31694 ], [ 26.69134, 39.31702 ], [ 26.69136, 39.31702 ], [ 26.69171, 39.317 ], [ 26.6917, 39.31691 ], [ 26.6917, 39.31684 ] ] ] ] } },
{ "type": "Feature", "properties": { "adaNo": "210", "fid": 1218, "label": "210" }, "geometry": { "type": "MultiPolygon", "coordinates": [ [ [ [ 26.69399, 39.32307 ], [ 26.69389, 39.3231 ], [ 26.69376, 39.32314 ], [ 26.69381, 39.32324 ], [ 26.69383, 39.32326 ], [ 26.69388, 39.32335 ], [ 26.6941, 39.32327 ], [ 26.69406, 39.3232 ], [ 26.69404, 39.32316 ], [ 26.69399, 39.32307 ] ] ] ] } },
{ "type": "Feature", "properties": { "adaNo": "339", "fid": 3666, "label": "339" }, "geometry": { "type": "MultiPolygon", "coordinates": [ [ [ [ 26.69178, 39.3192 ], [ 26.69179, 39.31923 ], [ 26.6918, 39.31926 ], [ 26.69184, 39.31933 ], [ 26.69189, 39.31931 ], [ 26.69193, 39.3193 ], [ 26.69194, 39.31929 ], [ 26.69191, 39.31923 ], [ 26.6919, 39.3192 ], [ 26.69188, 39.31916 ], [ 26.69178, 39.3192 ] ] ] ] } },
{ "type": "Feature", "properties": { "adaNo": "211", "fid": 1155, "label": "211" }, "geometry": { "type": "MultiPolygon", "coordinates": [ [ [ [ 26.69445, 39.32294 ], [ 26.69436, 39.32297 ], [ 26.69428, 39.32299 ], [ 26.69423, 39.323 ], [ 26.69419, 39.32302 ], [ 26.69423, 39.32311 ], [ 26.69422, 39.32312 ], [ 26.69427, 39.32321 ], [ 26.69431, 39.3232 ], [ 26.69439, 39.32318 ], [ 26.69457, 39.32313 ], [ 26.69473, 39.32308 ], [ 26.6947, 39.32302 ], [ 26.69469, 39.32298 ], [ 26.69466, 39.32294 ], [ 26.69462, 39.3229 ], [ 26.69454, 39.32292 ], [ 26.69451, 39.32293 ], [ 26.69445, 39.32294 ] ] ] ] } },
{ "type": "Feature", "properties": { "adaNo": "212", "fid": 1197, "label": "212" }, "geometry": { "type": "MultiPolygon", "coordinates": [ [ [ [ 26.69463, 39.32314 ], [ 26.69451, 39.32317 ], [ 26.69444, 39.3232 ], [ 26.69436, 39.32322 ], [ 26.69428, 39.32324 ], [ 26.69434, 39.32336 ], [ 26.6943, 39.32338 ], [ 26.69433, 39.32345 ], [ 26.69439, 39.32343 ], [ 26.69441, 39.32342 ], [ 26.69449, 39.32339 ], [ 26.69455, 39.32336 ], [ 26.6948, 39.32325 ], [ 26.69475, 39.32317 ], [ 26.69473, 39.32311 ], [ 26.69463, 39.32314 ] ] ] ] } },
{ "type": "Feature", "properties": { "adaNo": "213", "fid": 1243, "label": "213" }, "geometry": { "type": "MultiPolygon", "coordinates": [ [ [ [ 26.69488, 39.32341 ], [ 26.69487, 39.32338 ], [ 26.69485, 39.32334 ], [ 26.69481, 39.32327 ], [ 26.6947, 39.32332 ], [ 26.69457, 39.32338 ], [ 26.6944, 39.32346 ], [ 26.69449, 39.32358 ], [ 26.69458, 39.32371 ], [ 26.6948, 39.3236 ], [ 26.69487, 39.32356 ], [ 26.69494, 39.32352 ], [ 26.69491, 39.32346 ], [ 26.69488, 39.32341 ] ] ] ] } },
{ "type": "Feature", "properties": { "adaNo": "410", "fid": 4824, "label": "410" }, "geometry": { "type": "MultiPolygon", "coordinates": [ [ [ [ 26.69513, 39.31559 ], [ 26.69514, 39.31563 ], [ 26.69515, 39.31567 ], [ 26.69516, 39.31571 ], [ 26.69518, 39.31578 ], [ 26.69521, 39.31591 ], [ 26.69523, 39.31596 ], [ 26.69524, 39.31601 ], [ 26.69525, 39.31605 ], [ 26.69526, 39.31609 ], [ 26.69526, 39.31612 ], [ 26.69527, 39.31615 ], [ 26.69529, 39.31621 ], [ 26.6953, 39.31625 ], [ 26.69531, 39.31628 ], [ 26.69533, 39.31636 ], [ 26.69535, 39.31644 ], [ 26.69538, 39.3165 ], [ 26.69538, 39.31652 ], [ 26.69537, 39.31652 ], [ 26.69538, 39.31653 ], [ 26.69539, 39.31659 ], [ 26.69542, 39.31668 ], [ 26.69543, 39.31674 ], [ 26.69556, 39.31673 ], [ 26.6956, 39.31672 ], [ 26.69569, 39.31671 ], [ 26.69575, 39.3167 ], [ 26.69573, 39.31665 ], [ 26.69572, 39.31661 ], [ 26.69571, 39.31655 ], [ 26.69567, 39.31643 ], [ 26.69565, 39.31639 ], [ 26.69564, 39.31634 ], [ 26.69561, 39.31628 ], [ 26.69559, 39.31624 ], [ 26.69557, 39.31617 ], [ 26.69554, 39.3161 ], [ 26.69552, 39.31604 ], [ 26.69549, 39.31597 ], [ 26.69548, 39.31591 ], [ 26.69548, 39.31587 ], [ 26.69548, 39.3158 ], [ 26.69548, 39.31573 ], [ 26.69548, 39.31569 ], [ 26.69549, 39.31562 ], [ 26.69548, 39.31557 ], [ 26.69547, 39.31554 ], [ 26.69537, 39.31556 ], [ 26.69537, 39.31553 ], [ 26.69545, 39.31551 ], [ 26.69544, 39.31547 ], [ 26.69542, 39.31543 ], [ 26.6954, 39.3154 ], [ 26.69539, 39.31537 ], [ 26.69538, 39.31534 ], [ 26.69537, 39.31532 ], [ 26.69532, 39.31532 ], [ 26.69524, 39.31532 ], [ 26.69516, 39.31532 ], [ 26.69506, 39.31532 ], [ 26.69507, 39.31539 ], [ 26.69508, 39.31541 ], [ 26.6951, 39.31547 ], [ 26.69511, 39.3155 ], [ 26.69513, 39.31559 ] ] ] ] } },
{ "type": "Feature", "properties": { "adaNo": "214", "fid": 5094, "label": "214" }, "geometry": { "type": "MultiPolygon", "coordinates": [ [ [ [ 26.69485, 39.3236 ], [ 26.69479, 39.32363 ], [ 26.69462, 39.32372 ], [ 26.69467, 39.32381 ], [ 26.69475, 39.32392 ], [ 26.69484, 39.32389 ], [ 26.69499, 39.32383 ], [ 26.69503, 39.32381 ], [ 26.69508, 39.32379 ], [ 26.69503, 39.3237 ], [ 26.69501, 39.32366 ], [ 26.69498, 39.3236 ], [ 26.69495, 39.32355 ], [ 26.69485, 39.3236 ] ] ] ] } },
{ "type": "Feature", "properties": { "adaNo": "411", "fid": 2402, "label": "411" }, "geometry": { "type": "MultiPolygon", "coordinates": [ [ [ [ 26.69517, 39.31499 ], [ 26.6951, 39.31501 ], [ 26.69501, 39.31503 ], [ 26.69503, 39.31515 ], [ 26.69504, 39.31519 ], [ 26.69504, 39.31522 ], [ 26.69505, 39.31526 ], [ 26.69517, 39.31526 ], [ 26.69518, 39.31529 ], [ 26.69523, 39.31529 ], [ 26.69528, 39.31529 ], [ 26.69537, 39.31528 ], [ 26.69536, 39.31521 ], [ 26.69535, 39.31517 ], [ 26.69534, 39.31511 ], [ 26.69533, 39.31507 ], [ 26.6953, 39.31497 ], [ 26.69517, 39.31499 ] ] ] ] } },
{ "type": "Feature", "properties": { "adaNo": "215", "fid": 4225, "label": "215" }, "geometry": { "type": "MultiPolygon", "coordinates": [ [ [ [ 26.69501, 39.32386 ], [ 26.69496, 39.32388 ], [ 26.69486, 39.32392 ], [ 26.69477, 39.32395 ], [ 26.69483, 39.32404 ], [ 26.69483, 39.32405 ], [ 26.69488, 39.32413 ], [ 26.69505, 39.32406 ], [ 26.6952, 39.324 ], [ 26.69515, 39.32392 ], [ 26.69513, 39.32388 ], [ 26.6951, 39.32382 ], [ 26.69501, 39.32386 ] ] ] ] } },
{ "type": "Feature", "properties": { "adaNo": "412", "fid": 2240, "label": "412" }, "geometry": { "type": "MultiPolygon", "coordinates": [ [ [ [ 26.69493, 39.31458 ], [ 26.69488, 39.31459 ], [ 26.69488, 39.3146 ], [ 26.6949, 39.31466 ], [ 26.69492, 39.31469 ], [ 26.69492, 39.31473 ], [ 26.69491, 39.31473 ], [ 26.69493, 39.3148 ], [ 26.69496, 39.31485 ], [ 26.695, 39.31493 ], [ 26.69502, 39.31499 ], [ 26.69505, 39.31498 ], [ 26.69511, 39.31497 ], [ 26.69516, 39.31496 ], [ 26.69525, 39.31494 ], [ 26.69529, 39.31493 ], [ 26.69525, 39.31487 ], [ 26.69522, 39.31481 ], [ 26.6952, 39.31477 ], [ 26.69518, 39.31473 ], [ 26.69514, 39.31467 ], [ 26.69512, 39.31464 ], [ 26.6951, 39.3146 ], [ 26.69506, 39.31455 ], [ 26.69497, 39.31457 ], [ 26.69493, 39.31459 ], [ 26.69493, 39.31458 ] ] ] ] } },
{ "type": "Feature", "properties": { "adaNo": "216", "fid": 4246, "label": "216" }, "geometry": { "type": "MultiPolygon", "coordinates": [ [ [ [ 26.6951, 39.32407 ], [ 26.6951, 39.32406 ], [ 26.69505, 39.32408 ], [ 26.6949, 39.32415 ], [ 26.69498, 39.32422 ], [ 26.69501, 39.32426 ], [ 26.69506, 39.32429 ], [ 26.69517, 39.32425 ], [ 26.69518, 39.32424 ], [ 26.69532, 39.32419 ], [ 26.69529, 39.32415 ], [ 26.69523, 39.32406 ], [ 26.69521, 39.32402 ], [ 26.6951, 39.32407 ] ] ] ] } },
{ "type": "Feature", "properties": { "adaNo": "413", "fid": 2220, "label": "413" }, "geometry": { "type": "MultiPolygon", "coordinates": [ [ [ [ 26.69551, 39.31453 ], [ 26.69535, 39.31458 ], [ 26.69521, 39.31463 ], [ 26.69524, 39.31469 ], [ 26.69526, 39.31473 ], [ 26.69528, 39.31477 ], [ 26.6953, 39.31481 ], [ 26.69532, 39.31484 ], [ 26.69535, 39.31492 ], [ 26.69544, 39.3149 ], [ 26.69553, 39.31488 ], [ 26.69559, 39.31487 ], [ 26.69562, 39.31486 ], [ 26.69569, 39.31485 ], [ 26.69576, 39.31483 ], [ 26.6958, 39.31482 ], [ 26.69577, 39.3147 ], [ 26.69574, 39.31459 ], [ 26.69571, 39.31453 ], [ 26.6957, 39.31447 ], [ 26.69562, 39.31449 ], [ 26.69554, 39.31452 ], [ 26.69551, 39.31453 ] ] ] ] } },
{ "type": "Feature", "properties": { "adaNo": "414", "fid": 4761, "label": "414" }, "geometry": { "type": "MultiPolygon", "coordinates": [ [ [ [ 26.69566, 39.31426 ], [ 26.69559, 39.31428 ], [ 26.69551, 39.3143 ], [ 26.69547, 39.31432 ], [ 26.69546, 39.31432 ], [ 26.69531, 39.31436 ], [ 26.69528, 39.31437 ], [ 26.69522, 39.31439 ], [ 26.6952, 39.3144 ], [ 26.69511, 39.31442 ], [ 26.69513, 39.31447 ], [ 26.69515, 39.31451 ], [ 26.69516, 39.31454 ], [ 26.69519, 39.3146 ], [ 26.69527, 39.31458 ], [ 26.69531, 39.31457 ], [ 26.69537, 39.31455 ], [ 26.69542, 39.31453 ], [ 26.69546, 39.31452 ], [ 26.6955, 39.3145 ], [ 26.69553, 39.31449 ], [ 26.6956, 39.31447 ], [ 26.69566, 39.31445 ], [ 26.69569, 39.31444 ], [ 26.69571, 39.31443 ], [ 26.69576, 39.31442 ], [ 26.69582, 39.3144 ], [ 26.69586, 39.31439 ], [ 26.6959, 39.31438 ], [ 26.69589, 39.31431 ], [ 26.69588, 39.31428 ], [ 26.69587, 39.31425 ], [ 26.69586, 39.3142 ], [ 26.69578, 39.31422 ], [ 26.69573, 39.31424 ], [ 26.69566, 39.31426 ] ] ] ] } },
{ "type": "Feature", "properties": { "adaNo": "415", "fid": 4705, "label": "415" }, "geometry": { "type": "MultiPolygon", "coordinates": [ [ [ [ 26.69581, 39.31398 ], [ 26.6958, 39.31397 ], [ 26.69579, 39.31396 ], [ 26.69564, 39.31399 ], [ 26.69559, 39.31401 ], [ 26.69552, 39.31405 ], [ 26.69553, 39.31405 ], [ 26.69548, 39.31408 ], [ 26.69544, 39.31411 ], [ 26.69541, 39.31413 ], [ 26.69532, 39.31416 ], [ 26.69529, 39.31417 ], [ 26.69525, 39.31418 ], [ 26.69517, 39.3142 ], [ 26.69508, 39.31422 ], [ 26.69503, 39.31424 ], [ 26.69506, 39.31432 ], [ 26.69509, 39.31439 ], [ 26.69516, 39.31437 ], [ 26.69524, 39.31435 ], [ 26.69532, 39.31433 ], [ 26.69536, 39.31432 ], [ 26.6954, 39.31431 ], [ 26.69539, 39.31429 ], [ 26.69541, 39.31428 ], [ 26.69542, 39.3143 ], [ 26.69549, 39.31428 ], [ 26.69557, 39.31426 ], [ 26.69569, 39.31422 ], [ 26.69574, 39.3142 ], [ 26.69577, 39.3142 ], [ 26.69585, 39.31417 ], [ 26.69584, 39.31413 ], [ 26.69583, 39.31408 ], [ 26.69581, 39.31398 ] ] ] ] } },
{ "type": "Feature", "properties": { "adaNo": "416", "fid": 4681, "label": "416" }, "geometry": { "type": "MultiPolygon", "coordinates": [ [ [ [ 26.69537, 39.31372 ], [ 26.69528, 39.31374 ], [ 26.69521, 39.31375 ], [ 26.69522, 39.3138 ], [ 26.69524, 39.31386 ], [ 26.69525, 39.31389 ], [ 26.69526, 39.31394 ], [ 26.69527, 39.31395 ], [ 26.69528, 39.31399 ], [ 26.6953, 39.31404 ], [ 26.69532, 39.31411 ], [ 26.69536, 39.31409 ], [ 26.6954, 39.31406 ], [ 26.69547, 39.31402 ], [ 26.69551, 39.314 ], [ 26.69553, 39.31399 ], [ 26.69561, 39.31396 ], [ 26.69559, 39.3139 ], [ 26.69559, 39.31389 ], [ 26.69558, 39.31387 ], [ 26.69557, 39.31383 ], [ 26.69556, 39.3138 ], [ 26.69556, 39.31379 ], [ 26.69552, 39.3138 ], [ 26.69551, 39.31378 ], [ 26.69556, 39.31377 ], [ 26.69554, 39.31371 ], [ 26.69549, 39.31372 ], [ 26.69543, 39.31372 ], [ 26.69537, 39.31372 ] ] ] ] } },
{ "type": "Feature", "properties": { "adaNo": "417", "fid": 4729, "label": "417" }, "geometry": { "type": "MultiPolygon", "coordinates": [ [ [ [ 26.69504, 39.31378 ], [ 26.69491, 39.3138 ], [ 26.69492, 39.31386 ], [ 26.69493, 39.31391 ], [ 26.69495, 39.31397 ], [ 26.69496, 39.31399 ], [ 26.69497, 39.31403 ], [ 26.69498, 39.31409 ], [ 26.695, 39.31414 ], [ 26.69502, 39.31421 ], [ 26.69509, 39.31419 ], [ 26.69515, 39.31418 ], [ 26.69522, 39.31416 ], [ 26.69528, 39.31414 ], [ 26.69526, 39.31407 ], [ 26.69525, 39.31402 ], [ 26.69523, 39.31398 ], [ 26.69522, 39.31395 ], [ 26.6952, 39.31389 ], [ 26.6952, 39.31388 ], [ 26.69519, 39.31384 ], [ 26.69518, 39.31381 ], [ 26.69516, 39.31376 ], [ 26.6951, 39.31377 ], [ 26.69504, 39.31378 ] ] ] ] } },
{ "type": "Feature", "properties": { "adaNo": "418", "fid": 1819, "label": "419 → 418" }, "geometry": { "type": "MultiPolygon", "coordinates": [ [ [ [ 26.69457, 39.31325 ], [ 26.69451, 39.31328 ], [ 26.69447, 39.3133 ], [ 26.69443, 39.31332 ], [ 26.69433, 39.31338 ], [ 26.69428, 39.31341 ], [ 26.69425, 39.31343 ], [ 26.69422, 39.31345 ], [ 26.69416, 39.31349 ], [ 26.69412, 39.31352 ], [ 26.69409, 39.31354 ], [ 26.6942, 39.31365 ], [ 26.69424, 39.31368 ], [ 26.69428, 39.31366 ], [ 26.69432, 39.31365 ], [ 26.69437, 39.31362 ], [ 26.69441, 39.3136 ], [ 26.69445, 39.31358 ], [ 26.69448, 39.31356 ], [ 26.69453, 39.31354 ], [ 26.69456, 39.31353 ], [ 26.6946, 39.31351 ], [ 26.69461, 39.31351 ], [ 26.69477, 39.31347 ], [ 26.69476, 39.31342 ], [ 26.69475, 39.31337 ], [ 26.69475, 39.31332 ], [ 26.69475, 39.3133 ], [ 26.69474, 39.31324 ], [ 26.69474, 39.31319 ], [ 26.69463, 39.31322 ], [ 26.69459, 39.31325 ], [ 26.69457, 39.31325 ] ] ] ] } },
{ "type": "Feature", "properties": { "adaNo": "419", "fid": 1964, "label": "419" }, "geometry": { "type": "MultiPolygon", "coordinates": [ [ [ [ 26.69415, 39.31373 ], [ 26.69421, 39.3137 ], [ 26.69415, 39.31364 ], [ 26.69411, 39.31361 ], [ 26.69409, 39.31359 ], [ 26.69406, 39.31356 ], [ 26.694, 39.31359 ], [ 26.69398, 39.31361 ], [ 26.69395, 39.31363 ], [ 26.69396, 39.31363 ], [ 26.6939, 39.31368 ], [ 26.69387, 39.3137 ], [ 26.69385, 39.31372 ], [ 26.69393, 39.31379 ], [ 26.69394, 39.31379 ], [ 26.69396, 39.31377 ], [ 26.69402, 39.31382 ], [ 26.6941, 39.31377 ], [ 26.69413, 39.31375 ], [ 26.69415, 39.31373 ] ] ], [ [ [ 26.69378, 39.31397 ], [ 26.69385, 39.31393 ], [ 26.69382, 39.3139 ], [ 26.69381, 39.31388 ], [ 26.69374, 39.3138 ], [ 26.69369, 39.31385 ], [ 26.69375, 39.31393 ], [ 26.69378, 39.31397 ] ] ] ] } },
{ "type": "Feature", "properties": { "adaNo": "340", "fid": 3638, "label": "340" }, "geometry": { "type": "MultiPolygon", "coordinates": [ [ [ [ 26.6921, 39.31923 ], [ 26.69204, 39.31911 ], [ 26.69199, 39.31913 ], [ 26.69193, 39.31915 ], [ 26.69198, 39.31926 ], [ 26.69204, 39.31925 ], [ 26.6921, 39.31923 ] ] ] ] } },
{ "type": "Feature", "properties": { "adaNo": "345", "fid": 3704, "label": "345" }, "geometry": { "type": "MultiPolygon", "coordinates": [ [ [ [ 26.69241, 39.3194 ], [ 26.69236, 39.31942 ], [ 26.6923, 39.31944 ], [ 26.69225, 39.31946 ], [ 26.69212, 39.31951 ], [ 26.69215, 39.31958 ], [ 26.69218, 39.31963 ], [ 26.69225, 39.31961 ], [ 26.69249, 39.31954 ], [ 26.69246, 39.31948 ], [ 26.6925, 39.31947 ], [ 26.69248, 39.31942 ], [ 26.69246, 39.31938 ], [ 26.69241, 39.3194 ] ] ] ] } },
{ "type": "Feature", "properties": { "adaNo": "542", "fid": 2346, "label": "542" }, "geometry": { "type": "MultiPolygon", "coordinates": [ [ [ [ 26.69478, 39.3148 ], [ 26.69476, 39.3148 ], [ 26.69473, 39.31482 ], [ 26.6947, 39.31483 ], [ 26.69467, 39.31484 ], [ 26.69459, 39.31487 ], [ 26.69455, 39.31488 ], [ 26.69451, 39.3149 ], [ 26.69447, 39.31491 ], [ 26.69439, 39.31494 ], [ 26.69435, 39.31496 ], [ 26.69433, 39.31497 ], [ 26.69428, 39.31499 ], [ 26.69424, 39.315 ], [ 26.69419, 39.31502 ], [ 26.69415, 39.31505 ], [ 26.69409, 39.31508 ], [ 26.69401, 39.31512 ], [ 26.69399, 39.31513 ], [ 26.69395, 39.31514 ], [ 26.69402, 39.31522 ], [ 26.69408, 39.3152 ], [ 26.69414, 39.31517 ], [ 26.69422, 39.31514 ], [ 26.69427, 39.31512 ], [ 26.69432, 39.3151 ], [ 26.69435, 39.31509 ], [ 26.6944, 39.31507 ], [ 26.69446, 39.31504 ], [ 26.69454, 39.31501 ], [ 26.69459, 39.315 ], [ 26.69464, 39.31498 ], [ 26.69467, 39.31496 ], [ 26.69469, 39.31496 ], [ 26.69474, 39.31493 ], [ 26.6948, 39.31491 ], [ 26.69485, 39.31489 ], [ 26.69489, 39.31488 ], [ 26.69492, 39.31486 ], [ 26.69488, 39.31476 ], [ 26.69482, 39.31478 ], [ 26.69478, 39.3148 ] ] ] ] } },
{ "type": "Feature", "properties": { "adaNo": "346", "fid": 3760, "label": "346" }, "geometry": { "type": "MultiPolygon", "coordinates": [ [ [ [ 26.69254, 39.31967 ], [ 26.69253, 39.31963 ], [ 26.69252, 39.3196 ], [ 26.6925, 39.31956 ], [ 26.6923, 39.31962 ], [ 26.69217, 39.31966 ], [ 26.69221, 39.31972 ], [ 26.69223, 39.31976 ], [ 26.69235, 39.31972 ], [ 26.69254, 39.31967 ] ] ] ] } },
{ "type": "Feature", "properties": { "adaNo": "543", "fid": 2289, "label": "543" }, "geometry": { "type": "MultiPolygon", "coordinates": [ [ [ [ 26.69036, 39.31474 ], [ 26.69036, 39.31457 ], [ 26.69053, 39.31449 ], [ 26.69064, 39.31465 ], [ 26.69036, 39.31474 ] ] ] ] } },
{ "type": "Feature", "properties": { "adaNo": "347", "fid": 3770, "label": "347" }, "geometry": { "type": "MultiPolygon", "coordinates": [ [ [ [ 26.6924, 39.31973 ], [ 26.69231, 39.31976 ], [ 26.69224, 39.31978 ], [ 26.69225, 39.31981 ], [ 26.69228, 39.31986 ], [ 26.69231, 39.31991 ], [ 26.69234, 39.31992 ], [ 26.69249, 39.31987 ], [ 26.69262, 39.31984 ], [ 26.69259, 39.31978 ], [ 26.69255, 39.31969 ], [ 26.69248, 39.31971 ], [ 26.69244, 39.31972 ], [ 26.6924, 39.31973 ] ] ] ] } },
{ "type": "Feature", "properties": { "adaNo": "544", "fid": 2321, "label": "544" }, "geometry": { "type": "MultiPolygon", "coordinates": [ [ [ [ 26.69036, 39.31478 ], [ 26.69066, 39.31468 ], [ 26.69074, 39.31481 ], [ 26.69037, 39.31491 ], [ 26.69036, 39.31491 ], [ 26.69036, 39.31478 ] ] ] ] } },
{ "type": "Feature", "properties": { "adaNo": "548", "fid": 1331, "label": "548" }, "geometry": { "type": "MultiPolygon", "coordinates": [ [ [ [ 26.69707, 39.32497 ], [ 26.69702, 39.32499 ], [ 26.697, 39.325 ], [ 26.69692, 39.32503 ], [ 26.69693, 39.32505 ], [ 26.69691, 39.32506 ], [ 26.6969, 39.32504 ], [ 26.69684, 39.32506 ], [ 26.69676, 39.32509 ], [ 26.6968, 39.32516 ], [ 26.69687, 39.32513 ], [ 26.69694, 39.32511 ], [ 26.69693, 39.3251 ], [ 26.69693, 39.32509 ], [ 26.69695, 39.32508 ], [ 26.697, 39.32506 ], [ 26.69703, 39.32505 ], [ 26.69711, 39.32502 ], [ 26.69707, 39.32497 ] ] ] ] } },
{ "type": "Feature", "properties": { "adaNo": "420", "fid": 4792, "label": "420" }, "geometry": { "type": "MultiPolygon", "coordinates": [ [ [ [ 26.69368, 39.3139 ], [ 26.69364, 39.31389 ], [ 26.6936, 39.31391 ], [ 26.69348, 39.314 ], [ 26.69289, 39.31429 ], [ 26.69287, 39.31431 ], [ 26.69278, 39.31436 ], [ 26.69265, 39.31442 ], [ 26.69259, 39.31445 ], [ 26.69253, 39.31448 ], [ 26.69261, 39.31454 ], [ 26.69266, 39.31456 ], [ 26.69272, 39.3146 ], [ 26.69273, 39.31461 ], [ 26.6928, 39.31469 ], [ 26.69289, 39.31464 ], [ 26.69293, 39.31469 ], [ 26.69297, 39.31473 ], [ 26.69299, 39.31472 ], [ 26.69317, 39.31462 ], [ 26.69324, 39.31458 ], [ 26.69352, 39.31442 ], [ 26.69371, 39.31432 ], [ 26.69391, 39.31421 ], [ 26.69392, 39.3142 ], [ 26.69377, 39.314 ], [ 26.69372, 39.31393 ], [ 26.69371, 39.31393 ], [ 26.6937, 39.31393 ], [ 26.69368, 39.3139 ] ] ] ] } },
{ "type": "Feature", "properties": { "adaNo": "225", "fid": 1388, "label": "225" }, "geometry": { "type": "MultiPolygon", "coordinates": [ [ [ [ 26.69683, 39.32574 ], [ 26.69678, 39.32576 ], [ 26.69675, 39.32577 ], [ 26.69668, 39.32579 ], [ 26.69673, 39.32589 ], [ 26.69676, 39.32595 ], [ 26.69681, 39.32606 ], [ 26.69683, 39.32613 ], [ 26.69685, 39.32618 ], [ 26.69688, 39.32617 ], [ 26.69692, 39.32625 ], [ 26.697, 39.32623 ], [ 26.69705, 39.32621 ], [ 26.69713, 39.32619 ], [ 26.69709, 39.32613 ], [ 26.69706, 39.32606 ], [ 26.69702, 39.326 ], [ 26.69693, 39.32603 ], [ 26.69693, 39.32602 ], [ 26.69702, 39.32599 ], [ 26.69701, 39.32596 ], [ 26.69699, 39.32592 ], [ 26.69697, 39.32588 ], [ 26.69694, 39.32582 ], [ 26.69692, 39.32578 ], [ 26.69689, 39.32572 ], [ 26.69683, 39.32574 ] ] ] ] } },
{ "type": "Feature", "properties": { "adaNo": "421", "fid": 2336, "label": "421" }, "geometry": { "type": "MultiPolygon", "coordinates": [ [ [ [ 26.69268, 39.31484 ], [ 26.69263, 39.31488 ], [ 26.6926, 39.31491 ], [ 26.69255, 39.31494 ], [ 26.69249, 39.31499 ], [ 26.69244, 39.31503 ], [ 26.69248, 39.31507 ], [ 26.69247, 39.31507 ], [ 26.69252, 39.31512 ], [ 26.69255, 39.31515 ], [ 26.69259, 39.31513 ], [ 26.69264, 39.3151 ], [ 26.69272, 39.31504 ], [ 26.69276, 39.31502 ], [ 26.69277, 39.31503 ], [ 26.69282, 39.315 ], [ 26.6929, 39.31497 ], [ 26.69295, 39.31495 ], [ 26.693, 39.31493 ], [ 26.69306, 39.3149 ], [ 26.693, 39.31484 ], [ 26.69298, 39.31481 ], [ 26.69291, 39.31472 ], [ 26.69288, 39.31472 ], [ 26.69277, 39.31477 ], [ 26.69268, 39.31484 ] ] ] ] } },
{ "type": "Feature", "properties": { "adaNo": "226", "fid": 1364, "label": "226" }, "geometry": { "type": "MultiPolygon", "coordinates": [ [ [ [ 26.69688, 39.32539 ], [ 26.6968, 39.32541 ], [ 26.69675, 39.32544 ], [ 26.69668, 39.32547 ], [ 26.69673, 39.32551 ], [ 26.69672, 39.32552 ], [ 26.69675, 39.32554 ], [ 26.69679, 39.32558 ], [ 26.69684, 39.32562 ], [ 26.69686, 39.32561 ], [ 26.69689, 39.32564 ], [ 26.69691, 39.32569 ], [ 26.69694, 39.32574 ], [ 26.69696, 39.32578 ], [ 26.69697, 39.32581 ], [ 26.69699, 39.32586 ], [ 26.69702, 39.3259 ], [ 26.69706, 39.32598 ], [ 26.69709, 39.32605 ], [ 26.69711, 39.32607 ], [ 26.69713, 39.32612 ], [ 26.69717, 39.32618 ], [ 26.69724, 39.32616 ], [ 26.69729, 39.32614 ], [ 26.69725, 39.32608 ], [ 26.69723, 39.32604 ], [ 26.69724, 39.32604 ], [ 26.69722, 39.32601 ], [ 26.69718, 39.32594 ], [ 26.69713, 39.32586 ], [ 26.69708, 39.32578 ], [ 26.69707, 39.32574 ], [ 26.69705, 39.3257 ], [ 26.69701, 39.32565 ], [ 26.69699, 39.3256 ], [ 26.69696, 39.32554 ], [ 26.69695, 39.32553 ], [ 26.69692, 39.32547 ], [ 26.6969, 39.32543 ], [ 26.69688, 39.32539 ] ], [ [ 26.69686, 39.32549 ], [ 26.696833333333331, 39.325463333333332 ], [ 26.696833333333334, 39.325463333333332 ], [ 26.69686, 39.32549 ] ] ] ] } },
{ "type": "Feature", "properties": { "adaNo": "422", "fid": 2388, "label": "422" }, "geometry": { "type": "MultiPolygon", "coordinates": [ [ [ [ 26.6931, 39.31521 ], [ 26.69316, 39.31518 ], [ 26.69321, 39.31516 ], [ 26.69326, 39.31513 ], [ 26.6932, 39.31506 ], [ 26.69313, 39.31499 ], [ 26.69308, 39.31493 ], [ 26.69301, 39.31496 ], [ 26.693, 39.31496 ], [ 26.69296, 39.31498 ], [ 26.69292, 39.315 ], [ 26.69285, 39.31503 ], [ 26.69278, 39.31506 ], [ 26.69266, 39.31513 ], [ 26.69257, 39.31518 ], [ 26.69263, 39.31525 ], [ 26.69264, 39.31528 ], [ 26.69267, 39.31533 ], [ 26.6927, 39.31537 ], [ 26.6928, 39.31533 ], [ 26.69286, 39.31531 ], [ 26.69294, 39.31528 ], [ 26.69296, 39.31527 ], [ 26.69303, 39.31524 ], [ 26.6931, 39.31521 ] ] ] ] } },
{ "type": "Feature", "properties": { "adaNo": "227", "fid": 1382, "label": "227" }, "geometry": { "type": "MultiPolygon", "coordinates": [ [ [ [ 26.6965, 39.32554 ], [ 26.69655, 39.3256 ], [ 26.69659, 39.32565 ], [ 26.69664, 39.32571 ], [ 26.69666, 39.32575 ], [ 26.69679, 39.32571 ], [ 26.69684, 39.32569 ], [ 26.69679, 39.32564 ], [ 26.69674, 39.32558 ], [ 26.69669, 39.32553 ], [ 26.69664, 39.32548 ], [ 26.6965, 39.32554 ] ] ] ] } },
{ "type": "Feature", "properties": { "adaNo": "423", "fid": 2396, "label": "423" }, "geometry": { "type": "MultiPolygon", "coordinates": [ [ [ [ 26.69348, 39.31504 ], [ 26.69344, 39.31506 ], [ 26.69337, 39.3151 ], [ 26.69327, 39.31516 ], [ 26.69321, 39.31519 ], [ 26.69316, 39.31522 ], [ 26.69311, 39.31525 ], [ 26.69305, 39.31527 ], [ 26.69305, 39.31528 ], [ 26.69296, 39.31531 ], [ 26.69295, 39.31531 ], [ 26.69289, 39.31533 ], [ 26.69286, 39.31534 ], [ 26.69279, 39.31536 ], [ 26.69279, 39.31537 ], [ 26.69271, 39.3154 ], [ 26.69273, 39.31544 ], [ 26.69276, 39.3155 ], [ 26.69278, 39.31555 ], [ 26.69281, 39.3156 ], [ 26.69284, 39.31559 ], [ 26.69289, 39.31557 ], [ 26.69293, 39.31555 ], [ 26.69298, 39.31553 ], [ 26.69306, 39.31549 ], [ 26.69306, 39.31548 ], [ 26.69311, 39.31545 ], [ 26.69317, 39.31542 ], [ 26.6932, 39.31539 ], [ 26.69325, 39.31536 ], [ 26.69331, 39.31532 ], [ 26.69338, 39.31528 ], [ 26.6934, 39.31527 ], [ 26.69343, 39.31525 ], [ 26.69349, 39.3152 ], [ 26.69354, 39.31516 ], [ 26.69359, 39.31514 ], [ 26.69364, 39.31511 ], [ 26.69365, 39.31511 ], [ 26.69371, 39.31508 ], [ 26.69366, 39.31503 ], [ 26.6936, 39.31497 ], [ 26.69356, 39.31499 ], [ 26.69353, 39.31501 ], [ 26.69348, 39.31504 ] ] ] ] } },
{ "type": "Feature", "properties": { "adaNo": "228", "fid": 1361, "label": "228" }, "geometry": { "type": "MultiPolygon", "coordinates": [ [ [ [ 26.69651, 39.32534 ], [ 26.69645, 39.32537 ], [ 26.69639, 39.3254 ], [ 26.69643, 39.32545 ], [ 26.69649, 39.32552 ], [ 26.69662, 39.32546 ], [ 26.69656, 39.32539 ], [ 26.69651, 39.32534 ] ] ] ] } },
{ "type": "Feature", "properties": { "adaNo": "424", "fid": 2446, "label": "424" }, "geometry": { "type": "MultiPolygon", "coordinates": [ [ [ [ 26.69363, 39.31515 ], [ 26.69359, 39.31518 ], [ 26.69349, 39.31524 ], [ 26.69344, 39.31527 ], [ 26.6934, 39.3153 ], [ 26.69337, 39.31532 ], [ 26.69336, 39.31532 ], [ 26.6933, 39.31536 ], [ 26.6933, 39.31537 ], [ 26.69322, 39.31543 ], [ 26.69313, 39.31548 ], [ 26.6931, 39.31549 ], [ 26.69306, 39.31551 ], [ 26.69304, 39.31552 ], [ 26.69296, 39.31556 ], [ 26.69291, 39.31559 ], [ 26.69282, 39.31562 ], [ 26.69284, 39.31568 ], [ 26.69283, 39.31568 ], [ 26.69286, 39.31575 ], [ 26.69296, 39.31573 ], [ 26.69296, 39.31572 ], [ 26.69308, 39.31568 ], [ 26.69311, 39.31567 ], [ 26.69314, 39.31565 ], [ 26.6932, 39.31563 ], [ 26.69324, 39.31562 ], [ 26.69326, 39.31561 ], [ 26.69331, 39.31559 ], [ 26.69338, 39.31556 ], [ 26.69344, 39.31553 ], [ 26.69351, 39.3155 ], [ 26.69356, 39.31548 ], [ 26.69364, 39.31544 ], [ 26.69373, 39.31539 ], [ 26.69377, 39.31536 ], [ 26.69381, 39.31534 ], [ 26.69385, 39.31531 ], [ 26.69389, 39.31529 ], [ 26.69387, 39.31526 ], [ 26.69384, 39.31522 ], [ 26.69378, 39.31516 ], [ 26.69376, 39.31513 ], [ 26.69372, 39.3151 ], [ 26.69367, 39.31513 ], [ 26.69363, 39.31515 ] ] ] ] } },
{ "type": "Feature", "properties": { "adaNo": "229", "fid": 1352, "label": "229" }, "geometry": { "type": "MultiPolygon", "coordinates": [ [ [ [ 26.69683, 39.3253 ], [ 26.69678, 39.32522 ], [ 26.6967, 39.32526 ], [ 26.69666, 39.32528 ], [ 26.69662, 39.32529 ], [ 26.69655, 39.32533 ], [ 26.69658, 39.32536 ], [ 26.6966, 39.32538 ], [ 26.69661, 39.3254 ], [ 26.69665, 39.32545 ], [ 26.69673, 39.32542 ], [ 26.69672, 39.32541 ], [ 26.69676, 39.3254 ], [ 26.69679, 39.32538 ], [ 26.6968, 39.32538 ], [ 26.69686, 39.32535 ], [ 26.69683, 39.3253 ] ] ] ] } },
{ "type": "Feature", "properties": { "adaNo": "425", "fid": 2506, "label": "425" }, "geometry": { "type": "MultiPolygon", "coordinates": [ [ [ [ 26.69375, 39.31542 ], [ 26.69371, 39.31544 ], [ 26.69367, 39.31547 ], [ 26.69359, 39.31551 ], [ 26.69354, 39.31553 ], [ 26.69346, 39.31556 ], [ 26.6934, 39.31559 ], [ 26.69332, 39.31562 ], [ 26.69325, 39.31565 ], [ 26.69325, 39.31566 ], [ 26.69317, 39.31569 ], [ 26.69317, 39.31568 ], [ 26.69309, 39.3157 ], [ 26.69301, 39.31573 ], [ 26.69301, 39.31574 ], [ 26.69299, 39.31575 ], [ 26.69295, 39.31576 ], [ 26.69288, 39.31578 ], [ 26.69293, 39.31589 ], [ 26.69296, 39.31594 ], [ 26.69297, 39.31594 ], [ 26.693, 39.316 ], [ 26.69305, 39.31598 ], [ 26.6931, 39.31597 ], [ 26.69313, 39.31596 ], [ 26.69317, 39.31594 ], [ 26.69322, 39.31592 ], [ 26.69327, 39.3159 ], [ 26.69332, 39.31588 ], [ 26.69338, 39.31586 ], [ 26.69339, 39.31586 ], [ 26.69344, 39.31584 ], [ 26.69343409090909, 39.315828181818183 ], [ 26.69352, 39.31579 ], [ 26.69357, 39.31576 ], [ 26.69363, 39.31574 ], [ 26.69368, 39.31571 ], [ 26.69374, 39.31569 ], [ 26.69381, 39.31565 ], [ 26.69388, 39.31563 ], [ 26.69393, 39.31561 ], [ 26.69397, 39.31559 ], [ 26.69404, 39.31557 ], [ 26.6941, 39.31555 ], [ 26.69411, 39.31555 ], [ 26.69416, 39.31553 ], [ 26.69419, 39.31552 ], [ 26.69421, 39.31549 ], [ 26.69417, 39.31545 ], [ 26.6941, 39.31537 ], [ 26.69406, 39.31532 ], [ 26.69401, 39.31528 ], [ 26.69394, 39.31531 ], [ 26.69392, 39.31532 ], [ 26.69387, 39.31535 ], [ 26.69386, 39.31535 ], [ 26.6938, 39.31538 ], [ 26.69375, 39.31542 ] ] ] ] } },
{ "type": "Feature", "properties": { "adaNo": "426", "fid": 2653, "label": "426" }, "geometry": { "type": "MultiPolygon", "coordinates": [ [ [ [ 26.69345, 39.31587 ], [ 26.6934, 39.31589 ], [ 26.69335, 39.3159 ], [ 26.69335, 39.31591 ], [ 26.69331, 39.31592 ], [ 26.69325, 39.31594 ], [ 26.69321, 39.31595 ], [ 26.69315, 39.31598 ], [ 26.69312, 39.316 ], [ 26.69313, 39.31601 ], [ 26.69311, 39.31601 ], [ 26.6931, 39.316 ], [ 26.69302, 39.31604 ], [ 26.69304, 39.31608 ], [ 26.69306, 39.31612 ], [ 26.69308, 39.31615 ], [ 26.6931, 39.31618 ], [ 26.69311, 39.3162 ], [ 26.69313, 39.31624 ], [ 26.69322, 39.31622 ], [ 26.69331, 39.3162 ], [ 26.69336, 39.31619 ], [ 26.69341, 39.31617 ], [ 26.69368, 39.31607 ], [ 26.69362, 39.31594 ], [ 26.69355, 39.31583 ], [ 26.69349, 39.31585 ], [ 26.69345, 39.31587 ] ] ] ] } },
{ "type": "Feature", "properties": { "adaNo": "427", "fid": 157, "label": "427" }, "geometry": { "type": "MultiPolygon", "coordinates": [ [ [ [ 26.69274, 39.31632 ], [ 26.6927, 39.31632 ], [ 26.69267, 39.31633 ], [ 26.69261, 39.31633 ], [ 26.69253, 39.31635 ], [ 26.69248, 39.31636 ], [ 26.69235, 39.31639 ], [ 26.69237, 39.31644 ], [ 26.6924, 39.31652 ], [ 26.69253, 39.31648 ], [ 26.69261, 39.31646 ], [ 26.69268, 39.31643 ], [ 26.69277, 39.31641 ], [ 26.6929, 39.31637 ], [ 26.69297, 39.31635 ], [ 26.693, 39.31635 ], [ 26.69311, 39.31632 ], [ 26.69309, 39.31628 ], [ 26.69307, 39.31624 ], [ 26.69293, 39.31627 ], [ 26.69284, 39.3163 ], [ 26.69274, 39.31632 ] ] ] ] } },
{ "type": "Feature", "properties": { "adaNo": "428", "fid": 168, "label": "428" }, "geometry": { "type": "MultiPolygon", "coordinates": [ [ [ [ 26.693, 39.31637 ], [ 26.69289, 39.3164 ], [ 26.6928, 39.31643 ], [ 26.69272, 39.31645 ], [ 26.69262, 39.31648 ], [ 26.69255, 39.31651 ], [ 26.69243, 39.31654 ], [ 26.69245, 39.3166 ], [ 26.69247, 39.31666 ], [ 26.69261, 39.31663 ], [ 26.69271, 39.31662 ], [ 26.6928, 39.31661 ], [ 26.69287, 39.3166 ], [ 26.69293, 39.31659 ], [ 26.69302, 39.31658 ], [ 26.693016818181817, 39.316568863636363 ], [ 26.69307, 39.31656 ], [ 26.69307, 39.31657 ], [ 26.69315, 39.31656 ], [ 26.69314, 39.31649 ], [ 26.69312, 39.31643 ], [ 26.693, 39.31645 ], [ 26.69295, 39.31647 ], [ 26.69294, 39.31645 ], [ 26.69303, 39.31643 ], [ 26.69313, 39.3164 ], [ 26.69312, 39.31634 ], [ 26.693, 39.31637 ] ] ] ] } },
{ "type": "Feature", "properties": { "adaNo": "429", "fid": 190, "label": "429" }, "geometry": { "type": "MultiPolygon", "coordinates": [ [ [ [ 26.69299, 39.3166 ], [ 26.69289, 39.31662 ], [ 26.69283, 39.31663 ], [ 26.69268, 39.31665 ], [ 26.69249, 39.31668 ], [ 26.6925, 39.31673 ], [ 26.69269, 39.31671 ], [ 26.69285, 39.31669 ], [ 26.6929, 39.31669 ], [ 26.693, 39.31667 ], [ 26.69307, 39.31667 ], [ 26.69316, 39.31666 ], [ 26.69319, 39.31665 ], [ 26.69317, 39.31662 ], [ 26.69316, 39.31657 ], [ 26.69299, 39.3166 ] ] ] ] } },
{ "type": "Feature", "properties": { "adaNo": "106", "fid": 1084, "label": "106" }, "geometry": { "type": "MultiPolygon", "coordinates": [ [ [ [ 26.69638, 39.32239 ], [ 26.69631, 39.3224 ], [ 26.69623, 39.32241 ], [ 26.69619, 39.32242 ], [ 26.69613, 39.32244 ], [ 26.6962, 39.32256 ], [ 26.6962, 39.32261 ], [ 26.6962, 39.32268 ], [ 26.69623, 39.32268 ], [ 26.69628, 39.32268 ], [ 26.69633, 39.32267 ], [ 26.69638, 39.32266 ], [ 26.69643, 39.32266 ], [ 26.69647, 39.32266 ], [ 26.69653, 39.32265 ], [ 26.69659, 39.32264 ], [ 26.69657, 39.32259 ], [ 26.69654, 39.3225 ], [ 26.69652, 39.32246 ], [ 26.69651, 39.32241 ], [ 26.69649, 39.32236 ], [ 26.69638, 39.32239 ] ] ] ] } },
{ "type": "Feature", "properties": { "adaNo": "109", "fid": 3946, "label": "109" }, "geometry": { "type": "MultiPolygon", "coordinates": [ [ [ [ 26.69581, 39.3209 ], [ 26.69582, 39.32092 ], [ 26.69584, 39.32096 ], [ 26.69588, 39.32095 ], [ 26.69591, 39.32101 ], [ 26.69587, 39.32101 ], [ 26.69589, 39.32105 ], [ 26.6959, 39.32105 ], [ 26.69592, 39.3211 ], [ 26.69595, 39.32116 ], [ 26.69598, 39.32115 ], [ 26.69599, 39.32116 ], [ 26.69603, 39.32122 ], [ 26.69599, 39.32123 ], [ 26.69602, 39.32128 ], [ 26.69608, 39.32127 ], [ 26.69616, 39.32126 ], [ 26.69621, 39.32124 ], [ 26.69616, 39.32118 ], [ 26.69612, 39.3211 ], [ 26.69611, 39.32109 ], [ 26.69609, 39.32104 ], [ 26.69609, 39.32099 ], [ 26.69608, 39.32095 ], [ 26.69607, 39.3209 ], [ 26.69607, 39.32085 ], [ 26.69599, 39.32085 ], [ 26.69598, 39.32085 ], [ 26.69592, 39.32084 ], [ 26.69586, 39.32083 ], [ 26.69579, 39.32082 ], [ 26.6958, 39.32088 ], [ 26.69581, 39.3209 ] ] ] ] } },
{ "type": "Feature", "properties": { "adaNo": "754", "fid": 3243, "label": "124 → 754" }, "geometry": { "type": "MultiPolygon", "coordinates": [ [ [ [ 26.700909691334687, 39.318495375657378 ], [ 26.700936289524602, 39.318474256841746 ], [ 26.700943713107026, 39.31840533900538 ], [ 26.700930721837782, 39.318047826639564 ], [ 26.700921442359743, 39.31788270986992 ], [ 26.700901027508063, 39.317828149460382 ], [ 26.70086762138714, 39.317764974196145 ], [ 26.700787817876044, 39.317678826016632 ], [ 26.700627817024909, 39.31756683100356 ], [ 26.70058, 39.31756 ], [ 26.70039, 39.31752 ], [ 26.70002, 39.31758 ], [ 26.70003, 39.31771 ], [ 26.7001, 39.31784 ], [ 26.70018, 39.31797 ], [ 26.70018, 39.31803 ], [ 26.70018, 39.31812 ], [ 26.70024, 39.31812 ], [ 26.70023, 39.31811 ], [ 26.70027, 39.3181 ], [ 26.70027, 39.31809 ], [ 26.70031, 39.31809 ], [ 26.7003, 39.31802 ], [ 26.70033, 39.31801 ], [ 26.70034, 39.31801 ], [ 26.70035, 39.31808 ], [ 26.70041, 39.31808 ], [ 26.70041, 39.3181 ], [ 26.70048, 39.3181 ], [ 26.70061, 39.3181 ], [ 26.70064, 39.31816 ], [ 26.70062, 39.31822 ], [ 26.70061, 39.31824 ], [ 26.70062, 39.31828 ], [ 26.70075, 39.3183 ], [ 26.70075, 39.31839 ], [ 26.70082, 39.31848 ], [ 26.700909691334687, 39.318495375657378 ] ] ] ] } },
{ "type": "Feature", "properties": { "adaNo": "310", "fid": 1829, "label": "310" }, "geometry": { "type": "MultiPolygon", "coordinates": [ [ [ [ 26.69151, 39.31324 ], [ 26.69146, 39.31321 ], [ 26.69137, 39.31317 ], [ 26.69124, 39.31333 ], [ 26.69128, 39.31336 ], [ 26.69132, 39.31338 ], [ 26.69137, 39.31341 ], [ 26.69142, 39.31335 ], [ 26.69144, 39.31333 ], [ 26.69146, 39.31331 ], [ 26.69148, 39.31327 ], [ 26.69151, 39.31324 ] ] ] ] } },
{ "type": "Feature", "properties": { "adaNo": "311", "fid": 1744, "label": "311" }, "geometry": { "type": "MultiPolygon", "coordinates": [ [ [ [ 26.69148, 39.31305 ], [ 26.69145, 39.31308 ], [ 26.69144, 39.31307 ], [ 26.69139, 39.31315 ], [ 26.69143, 39.31316 ], [ 26.69149, 39.31319 ], [ 26.69153, 39.31322 ], [ 26.69158, 39.31315 ], [ 26.69161, 39.31312 ], [ 26.69164, 39.31309 ], [ 26.69159, 39.31306 ], [ 26.69154, 39.31304 ], [ 26.6915, 39.31302 ], [ 26.69148, 39.31305 ] ] ] ] } },
{ "type": "Feature", "properties": { "adaNo": "312", "fid": 1714, "label": "312" }, "geometry": { "type": "MultiPolygon", "coordinates": [ [ [ [ 26.69147, 39.313 ], [ 26.69143, 39.31298 ], [ 26.69139, 39.31296 ], [ 26.69137, 39.31299 ], [ 26.69134, 39.31302 ], [ 26.69129, 39.31309 ], [ 26.69136, 39.31313 ], [ 26.69142, 39.31306 ], [ 26.69144, 39.31303 ], [ 26.69147, 39.313 ] ] ] ] } },
{ "type": "Feature", "properties": { "adaNo": "636", "fid": 1409, "label": "78, 79 → 636" }, "geometry": { "type": "MultiPolygon", "coordinates": [ [ [ [ 26.69635, 39.32598 ], [ 26.69627, 39.32603 ], [ 26.69629, 39.32614 ], [ 26.6963, 39.32622 ], [ 26.69631, 39.32632 ], [ 26.69643, 39.32656 ], [ 26.69645, 39.3266 ], [ 26.69639, 39.32662 ], [ 26.69639, 39.32669 ], [ 26.69642, 39.32682 ], [ 26.69654, 39.32704 ], [ 26.69658, 39.32709 ], [ 26.69677, 39.32737 ], [ 26.69684, 39.32733 ], [ 26.69688, 39.32738 ], [ 26.69702, 39.32731 ], [ 26.69699, 39.32725 ], [ 26.69682, 39.327 ], [ 26.69677, 39.32694 ], [ 26.69667, 39.32675 ], [ 26.69677, 39.32672 ], [ 26.69685, 39.3269 ], [ 26.69689, 39.32699 ], [ 26.697, 39.32717 ], [ 26.69709, 39.32729 ], [ 26.69734, 39.32717 ], [ 26.69725, 39.32706 ], [ 26.69726, 39.32705 ], [ 26.69715, 39.3269 ], [ 26.69706, 39.32679 ], [ 26.69697, 39.32668 ], [ 26.69692, 39.32652 ], [ 26.69685, 39.32654 ], [ 26.69681, 39.32649 ], [ 26.69682, 39.32649 ], [ 26.69674, 39.32639 ], [ 26.69685, 39.32636 ], [ 26.69682, 39.32628 ], [ 26.69677, 39.32614 ], [ 26.69659, 39.3262 ], [ 26.69654, 39.32614 ], [ 26.69651, 39.32615 ], [ 26.69647, 39.32608 ], [ 26.69649, 39.32607 ], [ 26.69645, 39.32603 ], [ 26.69639, 39.32596 ], [ 26.69635, 39.32598 ] ] ] ] } },
{ "type": "Feature", "properties": { "adaNo": "313", "fid": 1777, "label": "310 → 313" }, "geometry": { "type": "MultiPolygon", "coordinates": [ [ [ [ 26.6913, 39.31322 ], [ 26.69132, 39.31319 ], [ 26.69135, 39.31316 ], [ 26.69131, 39.31314 ], [ 26.69127, 39.31312 ], [ 26.69124, 39.31315 ], [ 26.69121, 39.31318 ], [ 26.69119, 39.31321 ], [ 26.69117, 39.31324 ], [ 26.69116, 39.31326 ], [ 26.69117, 39.31327 ], [ 26.69116, 39.31328 ], [ 26.69118, 39.3133 ], [ 26.69122, 39.31332 ], [ 26.69125, 39.31328 ], [ 26.69127, 39.31325 ], [ 26.6913, 39.31322 ] ] ] ] } },
{ "type": "Feature", "properties": { "adaNo": "637", "fid": 3480, "label": "637" }, "geometry": { "type": "MultiPolygon", "coordinates": [ [ [ [ 26.692, 39.31862 ], [ 26.6919, 39.31866 ], [ 26.69186, 39.31867 ], [ 26.6918, 39.31869 ], [ 26.69187, 39.31879 ], [ 26.69191, 39.31885 ], [ 26.69195, 39.3189 ], [ 26.69201, 39.31897 ], [ 26.69208, 39.3191 ], [ 26.69215, 39.31923 ], [ 26.69221, 39.31921 ], [ 26.69228, 39.31919 ], [ 26.69214, 39.31892 ], [ 26.69216, 39.31892 ], [ 26.69217, 39.31891 ], [ 26.69212, 39.31884 ], [ 26.69209, 39.31878 ], [ 26.69205, 39.31872 ], [ 26.69207, 39.31872 ], [ 26.692, 39.31862 ] ] ] ] } },
{ "type": "Feature", "properties": { "adaNo": "314", "fid": 2185, "label": "314" }, "geometry": { "type": "MultiPolygon", "coordinates": [ [ [ [ 26.69223, 39.31456 ], [ 26.69224, 39.31453 ], [ 26.69224, 39.31446 ], [ 26.6923, 39.31439 ], [ 26.69228, 39.31434 ], [ 26.69227, 39.31432 ], [ 26.69224, 39.31427 ], [ 26.69219, 39.3142 ], [ 26.69203, 39.3143 ], [ 26.69199, 39.31432 ], [ 26.69196, 39.31433 ], [ 26.69193, 39.31434 ], [ 26.69188, 39.31436 ], [ 26.69191, 39.31441 ], [ 26.69195, 39.31446 ], [ 26.69197, 39.3145 ], [ 26.692, 39.31454 ], [ 26.69202, 39.31457 ], [ 26.69205, 39.31461 ], [ 26.69211, 39.31457 ], [ 26.69214, 39.31459 ], [ 26.69207, 39.31464 ], [ 26.6921, 39.31467 ], [ 26.69218, 39.31463 ], [ 26.6922, 39.31459 ], [ 26.69215, 39.31455 ], [ 26.69218, 39.31452 ], [ 26.69223, 39.31456 ] ] ] ] } },
{ "type": "Feature", "properties": { "adaNo": "510", "fid": 2859, "label": "510" }, "geometry": { "type": "MultiPolygon", "coordinates": [ [ [ [ 26.69553, 39.31713 ], [ 26.69547, 39.31714 ], [ 26.69544, 39.31714 ], [ 26.6954, 39.31716 ], [ 26.69539, 39.31714 ], [ 26.69533, 39.31715 ], [ 26.69535, 39.31723 ], [ 26.69537, 39.31729 ], [ 26.69541, 39.31738 ], [ 26.69541, 39.3174 ], [ 26.69542, 39.31743 ], [ 26.69543, 39.31745 ], [ 26.69544, 39.31748 ], [ 26.69545, 39.31753 ], [ 26.69546, 39.31755 ], [ 26.69548, 39.3176 ], [ 26.69558, 39.31759 ], [ 26.69566, 39.31758 ], [ 26.69574, 39.31757 ], [ 26.69569, 39.31742 ], [ 26.69568, 39.31739 ], [ 26.69567, 39.31734 ], [ 26.69565, 39.3173 ], [ 26.69565, 39.31729 ], [ 26.69563, 39.31724 ], [ 26.69561, 39.3172 ], [ 26.69559, 39.31713 ], [ 26.69553, 39.31713 ] ] ] ] } },
{ "type": "Feature", "properties": { "adaNo": "315", "fid": 2238, "label": "315" }, "geometry": { "type": "MultiPolygon", "coordinates": [ [ [ [ 26.69242, 39.31454 ], [ 26.69234, 39.31459 ], [ 26.69238, 39.31463 ], [ 26.69241, 39.31462 ], [ 26.69248, 39.31469 ], [ 26.69249, 39.31471 ], [ 26.69244, 39.31474 ], [ 26.69243, 39.31473 ], [ 26.69238, 39.31467 ], [ 26.69232, 39.31459 ], [ 26.69227, 39.31462 ], [ 26.69223, 39.31464 ], [ 26.6922, 39.31466 ], [ 26.69212, 39.31471 ], [ 26.69212, 39.31473 ], [ 26.69214, 39.31477 ], [ 26.69217, 39.31481 ], [ 26.69221, 39.31485 ], [ 26.69219, 39.31486 ], [ 26.69223, 39.3149 ], [ 26.69234, 39.31486 ], [ 26.69234, 39.31485 ], [ 26.69236, 39.31484 ], [ 26.69238, 39.31487 ], [ 26.69235, 39.31488 ], [ 26.69238, 39.31491 ], [ 26.69231, 39.31494 ], [ 26.69233, 39.31496 ], [ 26.69239, 39.31492 ], [ 26.69241, 39.31494 ], [ 26.6924, 39.31494 ], [ 26.69244, 39.31499 ], [ 26.69251, 39.31494 ], [ 26.69255, 39.3149 ], [ 26.69258, 39.31488 ], [ 26.69262, 39.31484 ], [ 26.69266, 39.31481 ], [ 26.69274, 39.31476 ], [ 26.69271, 39.31472 ], [ 26.69273, 39.31466 ], [ 26.6927, 39.31462 ], [ 26.69266, 39.31462 ], [ 26.69264, 39.31459 ], [ 26.69259, 39.31456 ], [ 26.6925, 39.31449 ], [ 26.69242, 39.31454 ] ] ] ] } },
{ "type": "Feature", "properties": { "adaNo": "511", "fid": 2884, "label": "511" }, "geometry": { "type": "MultiPolygon", "coordinates": [ [ [ [ 26.69516, 39.31719 ], [ 26.69511, 39.31723 ], [ 26.69509, 39.31724 ], [ 26.69508, 39.31726 ], [ 26.69509, 39.31729 ], [ 26.69511, 39.31737 ], [ 26.69512, 39.31739 ], [ 26.69513, 39.31743 ], [ 26.69515, 39.31749 ], [ 26.69514, 39.31749 ], [ 26.69516, 39.31756 ], [ 26.69518, 39.31764 ], [ 26.6953, 39.31763 ], [ 26.6953, 39.31762 ], [ 26.69543, 39.31761 ], [ 26.69541, 39.31753 ], [ 26.69541, 39.3175 ], [ 26.69539, 39.31746 ], [ 26.69538, 39.31741 ], [ 26.69536, 39.31736 ], [ 26.69534, 39.31731 ], [ 26.69533, 39.31726 ], [ 26.69532, 39.31724 ], [ 26.69529, 39.31715 ], [ 26.69522, 39.31717 ], [ 26.69517, 39.31719 ], [ 26.69516, 39.31719 ] ] ] ] } },
{ "type": "Feature", "properties": { "adaNo": "316", "fid": 2400, "label": "316" }, "geometry": { "type": "MultiPolygon", "coordinates": [ [ [ [ 26.69197, 39.31509 ], [ 26.69189, 39.31515 ], [ 26.69195, 39.3152 ], [ 26.69203, 39.31513 ], [ 26.69205, 39.31514 ], [ 26.69201, 39.31517 ], [ 26.69197, 39.31521 ], [ 26.69199, 39.31523 ], [ 26.69203, 39.31526 ], [ 26.69208, 39.3153 ], [ 26.69215, 39.31536 ], [ 26.69221, 39.31532 ], [ 26.69225, 39.31529 ], [ 26.6923, 39.31525 ], [ 26.69234, 39.31522 ], [ 26.69238, 39.31519 ], [ 26.69246, 39.31513 ], [ 26.69241, 39.31509 ], [ 26.69235, 39.31504 ], [ 26.69228, 39.31508 ], [ 26.69227, 39.31507 ], [ 26.69228, 39.31507 ], [ 26.69234, 39.31503 ], [ 26.69231, 39.315 ], [ 26.69229, 39.31499 ], [ 26.69225, 39.31496 ], [ 26.69221, 39.31492 ], [ 26.6921, 39.315 ], [ 26.69207, 39.31502 ], [ 26.69204, 39.31504 ], [ 26.69197, 39.31509 ] ] ] ] } },
{ "type": "Feature", "properties": { "adaNo": "512", "fid": 2934, "label": "512" }, "geometry": { "type": "MultiPolygon", "coordinates": [ [ [ [ 26.69504, 39.3173 ], [ 26.69499, 39.31734 ], [ 26.69499, 39.31735 ], [ 26.69496, 39.31737 ], [ 26.69493, 39.3174 ], [ 26.69486, 39.31746 ], [ 26.69481, 39.3175 ], [ 26.69482, 39.31754 ], [ 26.69483, 39.31754 ], [ 26.69484, 39.31758 ], [ 26.69485, 39.31762 ], [ 26.69486, 39.31766 ], [ 26.69493, 39.31767 ], [ 26.695, 39.31766 ], [ 26.69514, 39.31765 ], [ 26.69512, 39.31757 ], [ 26.69511, 39.31753 ], [ 26.69509, 39.31742 ], [ 26.69505, 39.31731 ], [ 26.69504, 39.3173 ] ] ] ] } },
{ "type": "Feature", "properties": { "adaNo": "317", "fid": 2489, "label": "317" }, "geometry": { "type": "MultiPolygon", "coordinates": [ [ [ [ 26.69176, 39.31526 ], [ 26.6917, 39.31532 ], [ 26.69179, 39.31538 ], [ 26.69185, 39.31542 ], [ 26.69189, 39.31546 ], [ 26.69196, 39.31552 ], [ 26.692, 39.31549 ], [ 26.69202, 39.31547 ], [ 26.69206, 39.31543 ], [ 26.69212, 39.31538 ], [ 26.69206, 39.31533 ], [ 26.69206, 39.31532 ], [ 26.69205, 39.31531 ], [ 26.69204, 39.3153 ], [ 26.692, 39.31527 ], [ 26.69197, 39.31525 ], [ 26.69193, 39.31521 ], [ 26.69188, 39.31518 ], [ 26.69182, 39.31522 ], [ 26.69181, 39.31523 ], [ 26.69176, 39.31526 ] ] ] ] } },
{ "type": "Feature", "properties": { "adaNo": "513", "fid": 3027, "label": "513" }, "geometry": { "type": "MultiPolygon", "coordinates": [ [ [ [ 26.6946, 39.31761 ], [ 26.69459, 39.31762 ], [ 26.69455, 39.31765 ], [ 26.69455, 39.31766 ], [ 26.69454, 39.31774 ], [ 26.69454, 39.3178 ], [ 26.69454, 39.31784 ], [ 26.69454, 39.31789 ], [ 26.69461, 39.31788 ], [ 26.69455, 39.3179 ], [ 26.69455, 39.31794 ], [ 26.69455, 39.31796 ], [ 26.6947, 39.31796 ], [ 26.6947, 39.31795 ], [ 26.69482, 39.31796 ], [ 26.69482, 39.3179 ], [ 26.69482, 39.31783 ], [ 26.69482, 39.31778 ], [ 26.69482, 39.31774 ], [ 26.69482, 39.3177 ], [ 26.69481, 39.31766 ], [ 26.69479, 39.31759 ], [ 26.69478, 39.31755 ], [ 26.69478, 39.31752 ], [ 26.69475, 39.31752 ], [ 26.69466, 39.31758 ], [ 26.6946, 39.31761 ] ] ] ] } },
{ "type": "Feature", "properties": { "adaNo": "318", "fid": 2561, "label": "318" }, "geometry": { "type": "MultiPolygon", "coordinates": [ [ [ [ 26.69168, 39.31533 ], [ 26.69158, 39.31541 ], [ 26.69152, 39.31545 ], [ 26.6916, 39.31552 ], [ 26.69166, 39.31556 ], [ 26.6917, 39.3156 ], [ 26.69178, 39.31566 ], [ 26.69179, 39.31565 ], [ 26.69194, 39.31553 ], [ 26.69186, 39.31547 ], [ 26.69182, 39.31544 ], [ 26.69177, 39.3154 ], [ 26.69168, 39.31533 ] ] ] ] } },
{ "type": "Feature", "properties": { "adaNo": "319", "fid": 4837, "label": "319" }, "geometry": { "type": "MultiPolygon", "coordinates": [ [ [ [ 26.69239, 39.31522 ], [ 26.69236, 39.31524 ], [ 26.69232, 39.31527 ], [ 26.69228, 39.3153 ], [ 26.69224, 39.31533 ], [ 26.69219, 39.31537 ], [ 26.69215, 39.3154 ], [ 26.69208, 39.31546 ], [ 26.69201, 39.31551 ], [ 26.69195, 39.31556 ], [ 26.69188, 39.31561 ], [ 26.6918, 39.31568 ], [ 26.69185, 39.31572 ], [ 26.69195, 39.31567 ], [ 26.69204, 39.31563 ], [ 26.69211, 39.31559 ], [ 26.69219, 39.31555 ], [ 26.69229, 39.31551 ], [ 26.69233, 39.31549 ], [ 26.69239, 39.31546 ], [ 26.69243, 39.31545 ], [ 26.69246, 39.31544 ], [ 26.69254, 39.31541 ], [ 26.69258, 39.31539 ], [ 26.69264, 39.31537 ], [ 26.69262, 39.31534 ], [ 26.6926, 39.3153 ], [ 26.69254, 39.31522 ], [ 26.69252, 39.31519 ], [ 26.69248, 39.31515 ], [ 26.69238, 39.31522 ], [ 26.69239, 39.31522 ] ] ] ] } },
{ "type": "Feature", "properties": { "adaNo": "515", "fid": 609, "label": "515" }, "geometry": { "type": "MultiPolygon", "coordinates": [ [ [ [ 26.69405, 39.31915 ], [ 26.69401, 39.31916 ], [ 26.69393, 39.31918 ], [ 26.69394, 39.31921 ], [ 26.69385, 39.31923 ], [ 26.6938, 39.31925 ], [ 26.69364, 39.31929 ], [ 26.69366, 39.31936 ], [ 26.69367, 39.3194 ], [ 26.69355, 39.31943 ], [ 26.69357, 39.31948 ], [ 26.69359, 39.31952 ], [ 26.6937, 39.31948 ], [ 26.69369, 39.31944 ], [ 26.69367, 39.31941 ], [ 26.69369, 39.31941 ], [ 26.69372, 39.31948 ], [ 26.69373, 39.3195 ], [ 26.69362, 39.31954 ], [ 26.69363, 39.31957 ], [ 26.69374, 39.31955 ], [ 26.69382, 39.31954 ], [ 26.69389, 39.31953 ], [ 26.69397, 39.31951 ], [ 26.69405, 39.31947 ], [ 26.69412, 39.31943 ], [ 26.69419, 39.31937 ], [ 26.69421, 39.31934 ], [ 26.69427, 39.31926 ], [ 26.6943, 39.31921 ], [ 26.6942, 39.31918 ], [ 26.69421, 39.31915 ], [ 26.69421, 39.31914 ], [ 26.69417, 39.31914 ], [ 26.69405, 39.31915 ] ] ], [ [ [ 26.69351, 39.31937 ], [ 26.69353, 39.31939 ], [ 26.69361, 39.31937 ], [ 26.69361, 39.31936 ], [ 26.6936, 39.31934 ], [ 26.69359, 39.31931 ], [ 26.6935, 39.31934 ], [ 26.69351, 39.31937 ] ] ] ] } },
{ "type": "Feature", "properties": { "adaNo": "516", "fid": 3675, "label": "516" }, "geometry": { "type": "MultiPolygon", "coordinates": [ [ [ [ 26.69318, 39.31933 ], [ 26.69321, 39.31938 ], [ 26.69323, 39.31942 ], [ 26.69325, 39.31946 ], [ 26.69329, 39.31952 ], [ 26.69332, 39.31958 ], [ 26.69333, 39.31961 ], [ 26.69335, 39.31964 ], [ 26.69336, 39.31966 ], [ 26.69346, 39.31964 ], [ 26.6935, 39.31963 ], [ 26.69354, 39.31961 ], [ 26.69352, 39.31958 ], [ 26.6935, 39.31955 ], [ 26.69348, 39.31951 ], [ 26.69345, 39.31947 ], [ 26.69342, 39.31941 ], [ 26.69347, 39.3194 ], [ 26.69344, 39.31936 ], [ 26.69342, 39.31931 ], [ 26.69339, 39.31925 ], [ 26.69333, 39.31928 ], [ 26.69329, 39.31929 ], [ 26.69318, 39.31933 ] ] ] ] } },
{ "type": "Feature", "properties": { "adaNo": "517", "fid": 3692, "label": "517" }, "geometry": { "type": "MultiPolygon", "coordinates": [ [ [ [ 26.69302, 39.31938 ], [ 26.69297, 39.3194 ], [ 26.69296, 39.31941 ], [ 26.69298, 39.31943 ], [ 26.69299, 39.31947 ], [ 26.69301, 39.31951 ], [ 26.69303, 39.31956 ], [ 26.69305, 39.31962 ], [ 26.69309, 39.31969 ], [ 26.6931, 39.31973 ], [ 26.69314, 39.31972 ], [ 26.69319, 39.31971 ], [ 26.69323, 39.3197 ], [ 26.69333, 39.31967 ], [ 26.69325, 39.31951 ], [ 26.69321, 39.31945 ], [ 26.69318, 39.31939 ], [ 26.69315, 39.31934 ], [ 26.69312, 39.31935 ], [ 26.69308, 39.31936 ], [ 26.69302, 39.31938 ] ] ] ] } },
{ "type": "Feature", "properties": { "adaNo": "519", "fid": 805, "label": "519" }, "geometry": { "type": "MultiPolygon", "coordinates": [ [ [ [ 26.69372, 39.32007 ], [ 26.69372, 39.32012 ], [ 26.69373, 39.3202 ], [ 26.69381, 39.32021 ], [ 26.69385, 39.32021 ], [ 26.69388, 39.32008 ], [ 26.69383, 39.32007 ], [ 26.6938, 39.32007 ], [ 26.69372, 39.32007 ] ] ] ] } },
{ "type": "Feature", "properties": { "adaNo": "640", "fid": 1256, "label": "608, 68, 72 → 640" }, "geometry": { "type": "MultiPolygon", "coordinates": [ [ [ [ 26.69406, 39.32364 ], [ 26.69385, 39.32373 ], [ 26.69384, 39.32374 ], [ 26.69401, 39.32378 ], [ 26.69403, 39.32379 ], [ 26.69405, 39.32381 ], [ 26.69413, 39.32386 ], [ 26.69422, 39.32392 ], [ 26.69423, 39.32393 ], [ 26.69427, 39.32397 ], [ 26.69436, 39.32413 ], [ 26.69448, 39.32431 ], [ 26.69452, 39.3244 ], [ 26.69455, 39.32445 ], [ 26.69457, 39.32448 ], [ 26.69479, 39.32439 ], [ 26.69474, 39.32432 ], [ 26.69465, 39.3242 ], [ 26.6946, 39.32412 ], [ 26.69451, 39.32398 ], [ 26.69445, 39.32389 ], [ 26.69441, 39.32383 ], [ 26.69438, 39.32377 ], [ 26.69434, 39.32371 ], [ 26.69433, 39.32369 ], [ 26.6943, 39.32364 ], [ 26.69425, 39.32355 ], [ 26.69419, 39.32358 ], [ 26.69414, 39.3236 ], [ 26.69413, 39.3236 ], [ 26.69407, 39.32363 ], [ 26.69406, 39.32364 ] ] ] ] } },
{ "type": "Feature", "properties": { "adaNo": "642", "fid": 4661, "label": "488 → 642" }, "geometry": { "type": "MultiPolygon", "coordinates": [ [ [ [ 26.69456, 39.31357 ], [ 26.69452, 39.31359 ], [ 26.69448, 39.31361 ], [ 26.69456, 39.31369 ], [ 26.69459, 39.31375 ], [ 26.69457, 39.31377 ], [ 26.69448, 39.31383 ], [ 26.69436, 39.3139 ], [ 26.69431, 39.31393 ], [ 26.69423, 39.31399 ], [ 26.69421, 39.314 ], [ 26.69417, 39.31403 ], [ 26.69408, 39.31409 ], [ 26.69404, 39.31411 ], [ 26.69395, 39.31417 ], [ 26.69404, 39.31428 ], [ 26.69405, 39.3143 ], [ 26.6941, 39.31436 ], [ 26.69415, 39.31433 ], [ 26.69419, 39.3143 ], [ 26.69423, 39.31428 ], [ 26.69427, 39.31425 ], [ 26.69432, 39.31422 ], [ 26.69436, 39.31419 ], [ 26.6944, 39.31417 ], [ 26.69445, 39.31414 ], [ 26.69449, 39.31412 ], [ 26.69454, 39.31408 ], [ 26.69462, 39.31404 ], [ 26.69469, 39.31399 ], [ 26.69473, 39.31397 ], [ 26.69485, 39.31394 ], [ 26.69483, 39.31388 ], [ 26.69482, 39.31382 ], [ 26.69471, 39.31386 ], [ 26.69469, 39.31382 ], [ 26.69481, 39.31378 ], [ 26.6948, 39.31372 ], [ 26.69479, 39.31365 ], [ 26.69478, 39.31357 ], [ 26.69477, 39.3135 ], [ 26.69468, 39.31352 ], [ 26.69465, 39.31353 ], [ 26.69456, 39.31357 ] ] ] ] } },
{ "type": "Feature", "properties": { "adaNo": "643", "fid": 4670, "label": "488 → 643" }, "geometry": { "type": "MultiPolygon", "coordinates": [ [ [ [ 26.69444, 39.31366 ], [ 26.69442, 39.31363 ], [ 26.6943, 39.31369 ], [ 26.69428, 39.3137 ], [ 26.69423, 39.31372 ], [ 26.69416, 39.31377 ], [ 26.69409, 39.31382 ], [ 26.69403, 39.31386 ], [ 26.6939, 39.31394 ], [ 26.69383, 39.31399 ], [ 26.69382, 39.31402 ], [ 26.69386, 39.31406 ], [ 26.69388, 39.31409 ], [ 26.69391, 39.31412 ], [ 26.69396, 39.31409 ], [ 26.69402, 39.31406 ], [ 26.69415, 39.31397 ], [ 26.69417, 39.31396 ], [ 26.69421, 39.31393 ], [ 26.69426, 39.3139 ], [ 26.69428, 39.31389 ], [ 26.69434, 39.31384 ], [ 26.69439, 39.31381 ], [ 26.69451, 39.31373 ], [ 26.69444, 39.31366 ] ] ] ] } },
{ "type": "Feature", "properties": { "adaNo": "320", "fid": 85, "label": "320" }, "geometry": { "type": "MultiPolygon", "coordinates": [ [ [ [ 26.69245, 39.31547 ], [ 26.69238, 39.3155 ], [ 26.69238, 39.31549 ], [ 26.69231, 39.31552 ], [ 26.69225, 39.31555 ], [ 26.69219, 39.31558 ], [ 26.69216, 39.3156 ], [ 26.69214, 39.31561 ], [ 26.69211, 39.31562 ], [ 26.69209, 39.31563 ], [ 26.69208, 39.31563 ], [ 26.69206, 39.31565 ], [ 26.69198, 39.31568 ], [ 26.69195, 39.3157 ], [ 26.69187, 39.31574 ], [ 26.6919, 39.3158 ], [ 26.69194, 39.31584 ], [ 26.69207, 39.3158 ], [ 26.69213, 39.31577 ], [ 26.69221, 39.31574 ], [ 26.69234, 39.3157 ], [ 26.69243, 39.31566 ], [ 26.69247, 39.31565 ], [ 26.69252, 39.31564 ], [ 26.69259, 39.31561 ], [ 26.69273, 39.31556 ], [ 26.69271, 39.31552 ], [ 26.69268, 39.31546 ], [ 26.69266, 39.3154 ], [ 26.69254, 39.31544 ], [ 26.69251, 39.31545 ], [ 26.69245, 39.31547 ] ] ] ] } },
{ "type": "Feature", "properties": { "adaNo": "321", "fid": 98, "label": "321" }, "geometry": { "type": "MultiPolygon", "coordinates": [ [ [ [ 26.69261, 39.31563 ], [ 26.69251, 39.31566 ], [ 26.69244, 39.31569 ], [ 26.6924, 39.3157 ], [ 26.69235, 39.31572 ], [ 26.69229, 39.31574 ], [ 26.69225, 39.31575 ], [ 26.69221, 39.31577 ], [ 26.69214, 39.31579 ], [ 26.69208, 39.31581 ], [ 26.69198, 39.31586 ], [ 26.69199, 39.31589 ], [ 26.692, 39.31589 ], [ 26.69211, 39.31585 ], [ 26.69217, 39.31584 ], [ 26.69217, 39.31583 ], [ 26.69223, 39.31581 ], [ 26.69228, 39.3158 ], [ 26.69231, 39.31579 ], [ 26.69238, 39.31577 ], [ 26.69242, 39.31575 ], [ 26.69248, 39.31573 ], [ 26.6925, 39.31572 ], [ 26.69254, 39.31571 ], [ 26.69264, 39.31568 ], [ 26.69277, 39.31563 ], [ 26.69274, 39.31559 ], [ 26.69261, 39.31563 ] ] ] ] } },
{ "type": "Feature", "properties": { "adaNo": "322", "fid": 101, "label": "322" }, "geometry": { "type": "MultiPolygon", "coordinates": [ [ [ [ 26.69259, 39.31572 ], [ 26.69248, 39.31575 ], [ 26.6924, 39.31578 ], [ 26.69231, 39.31581 ], [ 26.69221, 39.31585 ], [ 26.69216, 39.31586 ], [ 26.69213, 39.31587 ], [ 26.69199, 39.31592 ], [ 26.69201, 39.31596 ], [ 26.69204, 39.31602 ], [ 26.69217, 39.31598 ], [ 26.69221, 39.31596 ], [ 26.69227, 39.31595 ], [ 26.69231, 39.31593 ], [ 26.69232, 39.31593 ], [ 26.69239, 39.31591 ], [ 26.69248, 39.31588 ], [ 26.69253, 39.31586 ], [ 26.6926, 39.31585 ], [ 26.69265, 39.31583 ], [ 26.69266, 39.31582 ], [ 26.69269, 39.31582 ], [ 26.6927, 39.31582 ], [ 26.69273, 39.31581 ], [ 26.69283, 39.31578 ], [ 26.69281, 39.31575 ], [ 26.6928, 39.3157 ], [ 26.69278, 39.31566 ], [ 26.69265, 39.3157 ], [ 26.69259, 39.31572 ] ] ] ] } },
{ "type": "Feature", "properties": { "adaNo": "323", "fid": 123, "label": "323" }, "geometry": { "type": "MultiPolygon", "coordinates": [ [ [ [ 26.6926, 39.31588 ], [ 26.69257, 39.31588 ], [ 26.69249, 39.31591 ], [ 26.69243, 39.31592 ], [ 26.69238, 39.31594 ], [ 26.69229, 39.31597 ], [ 26.69223, 39.31599 ], [ 26.69206, 39.31605 ], [ 26.69213, 39.31618 ], [ 26.69231, 39.31613 ], [ 26.69244, 39.3161 ], [ 26.69253, 39.31608 ], [ 26.69265, 39.31606 ], [ 26.69271, 39.31604 ], [ 26.69278, 39.31603 ], [ 26.69283, 39.31602 ], [ 26.69293, 39.31599 ], [ 26.69289, 39.31591 ], [ 26.69288, 39.31588 ], [ 26.69286, 39.31585 ], [ 26.69284, 39.3158 ], [ 26.69268, 39.31585 ], [ 26.69262, 39.31587 ], [ 26.6926, 39.31588 ] ] ] ] } },
{ "type": "Feature", "properties": { "adaNo": "324", "fid": 140, "label": "324" }, "geometry": { "type": "MultiPolygon", "coordinates": [ [ [ [ 26.6929, 39.31606 ], [ 26.69289, 39.31604 ], [ 26.69285, 39.31605 ], [ 26.69285, 39.31604 ], [ 26.69278, 39.31605 ], [ 26.69269, 39.31608 ], [ 26.69264, 39.31609 ], [ 26.69259, 39.3161 ], [ 26.69256, 39.31611 ], [ 26.69251, 39.31612 ], [ 26.69245, 39.31613 ], [ 26.6924, 39.31614 ], [ 26.69226, 39.31618 ], [ 26.6923, 39.31629 ], [ 26.69234, 39.31636 ], [ 26.69243, 39.31635 ], [ 26.69253, 39.31633 ], [ 26.69258, 39.31632 ], [ 26.69257, 39.31629 ], [ 26.69256, 39.31627 ], [ 26.69255, 39.31623 ], [ 26.69261, 39.31621 ], [ 26.69262, 39.31626 ], [ 26.69264, 39.31631 ], [ 26.69268, 39.3163 ], [ 26.69273, 39.31629 ], [ 26.69279, 39.31628 ], [ 26.69284, 39.31627 ], [ 26.69293, 39.31625 ], [ 26.69306, 39.31622 ], [ 26.69303, 39.31617 ], [ 26.69301, 39.31613 ], [ 26.69298, 39.31607 ], [ 26.69296, 39.31604 ], [ 26.69295, 39.31602 ], [ 26.6929, 39.31606 ] ] ] ] } },
{ "type": "Feature", "properties": { "adaNo": "520", "fid": 5025, "label": "520" }, "geometry": { "type": "MultiPolygon", "coordinates": [ [ [ [ 26.69363, 39.31994 ], [ 26.69358, 39.31995 ], [ 26.69358, 39.3199 ], [ 26.69362, 39.31989 ], [ 26.6936, 39.31981 ], [ 26.69359, 39.31977 ], [ 26.69358, 39.31972 ], [ 26.69358, 39.31969 ], [ 26.69357, 39.31964 ], [ 26.69338, 39.31969 ], [ 26.69332, 39.3197 ], [ 26.69325, 39.31972 ], [ 26.6931, 39.31976 ], [ 26.69303, 39.31978 ], [ 26.693, 39.31979 ], [ 26.69303, 39.31984 ], [ 26.69304, 39.31986 ], [ 26.69307, 39.31991 ], [ 26.69309, 39.31995 ], [ 26.6931, 39.31997 ], [ 26.69313, 39.32002 ], [ 26.69316, 39.32008 ], [ 26.69319, 39.32013 ], [ 26.69334, 39.32009 ], [ 26.69338, 39.32008 ], [ 26.69347, 39.32007 ], [ 26.69357, 39.32005 ], [ 26.69366, 39.32004 ], [ 26.69364, 39.31999 ], [ 26.69363, 39.31994 ] ], [ [ 26.69326, 39.31974 ], [ 26.69325, 39.31973 ], [ 26.69325, 39.31972 ], [ 26.69326, 39.31974 ] ], [ [ 26.69328, 39.31978 ], [ 26.69327, 39.31977 ], [ 26.69326, 39.31975 ], [ 26.69326, 39.31974 ], [ 26.69328, 39.31978 ] ], [ [ 26.6933, 39.32004 ], [ 26.69326, 39.31998 ], [ 26.69329, 39.32002 ], [ 26.6933, 39.32004 ] ] ] ] } },
{ "type": "Feature", "properties": { "adaNo": "325", "fid": 160, "label": "325" }, "geometry": { "type": "MultiPolygon", "coordinates": [ [ [ [ 26.69221, 39.31619 ], [ 26.69199, 39.31625 ], [ 26.69202, 39.31634 ], [ 26.69205, 39.31643 ], [ 26.69218, 39.3164 ], [ 26.69229, 39.31638 ], [ 26.69226, 39.3163 ], [ 26.69221, 39.31619 ] ] ] ] } },
{ "type": "Feature", "properties": { "adaNo": "326", "fid": 203, "label": "326" }, "geometry": { "type": "MultiPolygon", "coordinates": [ [ [ [ 26.69232, 39.3164 ], [ 26.69206, 39.31645 ], [ 26.69206, 39.31646 ], [ 26.6921, 39.31656 ], [ 26.69211, 39.31659 ], [ 26.69211, 39.31662 ], [ 26.69212, 39.31666 ], [ 26.69212, 39.3167 ], [ 26.69214, 39.31676 ], [ 26.69246, 39.31673 ], [ 26.69243, 39.31666 ], [ 26.69241, 39.31661 ], [ 26.69239, 39.31655 ], [ 26.69239, 39.31656 ], [ 26.69232, 39.3164 ] ] ] ] } },
{ "type": "Feature", "properties": { "adaNo": "522", "fid": 810, "label": "522" }, "geometry": { "type": "MultiPolygon", "coordinates": [ [ [ [ 26.69372, 39.32022 ], [ 26.69373, 39.32027 ], [ 26.69374, 39.32032 ], [ 26.69373, 39.32032 ], [ 26.69375, 39.32038 ], [ 26.69375, 39.32043 ], [ 26.69375, 39.32044 ], [ 26.69376, 39.32051 ], [ 26.69386, 39.32052 ], [ 26.69392, 39.32053 ], [ 26.69397, 39.32055 ], [ 26.69402, 39.32057 ], [ 26.69405, 39.32059 ], [ 26.6941, 39.32063 ], [ 26.6941, 39.32065 ], [ 26.69419, 39.3207 ], [ 26.69423, 39.32067 ], [ 26.69421, 39.3206 ], [ 26.69419, 39.32054 ], [ 26.6942, 39.32054 ], [ 26.69419, 39.32045 ], [ 26.69419, 39.32039 ], [ 26.6942, 39.32039 ], [ 26.69421, 39.32033 ], [ 26.6942, 39.32033 ], [ 26.69421, 39.3203 ], [ 26.69421, 39.32024 ], [ 26.69417, 39.32023 ], [ 26.69418, 39.3202 ], [ 26.69421, 39.32011 ], [ 26.69414, 39.3201 ], [ 26.69414, 39.32011 ], [ 26.69407, 39.32011 ], [ 26.69401, 39.3201 ], [ 26.69389, 39.32008 ], [ 26.69386, 39.3202 ], [ 26.69386, 39.32023 ], [ 26.69372, 39.32022 ] ] ] ] } },
{ "type": "Feature", "properties": { "adaNo": "1174", "fid": 4534, "label": "234 → 1174" }, "geometry": { "type": "MultiPolygon", "coordinates": [ [ [ [ 26.69647, 39.32431 ], [ 26.69641, 39.32435 ], [ 26.69644, 39.32439 ], [ 26.69647, 39.32443 ], [ 26.69644, 39.32444 ], [ 26.6964, 39.32447 ], [ 26.69636, 39.3245 ], [ 26.69633, 39.32451 ], [ 26.69624, 39.32456 ], [ 26.69628, 39.3246 ], [ 26.69632, 39.32464 ], [ 26.69634, 39.32463 ], [ 26.69637, 39.32467 ], [ 26.69643, 39.32464 ], [ 26.69646, 39.32462 ], [ 26.6965, 39.32461 ], [ 26.69651, 39.3246 ], [ 26.69654, 39.32458 ], [ 26.69662, 39.32455 ], [ 26.69666, 39.32453 ], [ 26.69669, 39.32451 ], [ 26.69676, 39.32448 ], [ 26.69685, 39.32444 ], [ 26.69681, 39.32438 ], [ 26.69677, 39.32433 ], [ 26.69673, 39.32428 ], [ 26.69672, 39.32427 ], [ 26.6967, 39.32425 ], [ 26.69665, 39.32418 ], [ 26.69654, 39.32426 ], [ 26.69651, 39.32428 ], [ 26.69647, 39.32431 ] ], [ [ 26.6965, 39.32454 ], [ 26.69646, 39.32457 ], [ 26.69643, 39.32458 ], [ 26.6965, 39.32454 ] ], [ [ 26.6966, 39.32431 ], [ 26.69662, 39.3243 ], [ 26.69663, 39.32432 ], [ 26.69664, 39.32433 ], [ 26.69654, 39.32441 ], [ 26.69651, 39.32437 ], [ 26.69656, 39.32434 ], [ 26.6966, 39.32431 ] ] ] ] } },
{ "type": "Feature", "properties": { "adaNo": "523", "fid": 5021, "label": "523" }, "geometry": { "type": "MultiPolygon", "coordinates": [ [ [ [ 26.69459, 39.32009 ], [ 26.69461, 39.32008 ], [ 26.69465, 39.32003 ], [ 26.69468, 39.31999 ], [ 26.69471, 39.31993 ], [ 26.69474, 39.31986 ], [ 26.69469, 39.31983 ], [ 26.69465, 39.31981 ], [ 26.69459, 39.31978 ], [ 26.69456, 39.31976 ], [ 26.69453, 39.31974 ], [ 26.69449, 39.3197 ], [ 26.69441, 39.31973 ], [ 26.69439, 39.31968 ], [ 26.69432, 39.31968 ], [ 26.69426, 39.31967 ], [ 26.69416, 39.31967 ], [ 26.69416, 39.31971 ], [ 26.69417, 39.31975 ], [ 26.6942, 39.3198 ], [ 26.69423, 39.31983 ], [ 26.69427, 39.31988 ], [ 26.69431, 39.31993 ], [ 26.69429, 39.31996 ], [ 26.69429, 39.31995 ], [ 26.69425, 39.32004 ], [ 26.69427, 39.32005 ], [ 26.69426, 39.32008 ], [ 26.69427, 39.32008 ], [ 26.69427, 39.32009 ], [ 26.69426, 39.32009 ], [ 26.69425, 39.3201 ], [ 26.69437, 39.32014 ], [ 26.6944, 39.32015 ], [ 26.69452, 39.32018 ], [ 26.69455, 39.32014 ], [ 26.69459, 39.32009 ] ] ] ] } },
{ "type": "Feature", "properties": { "adaNo": "328", "fid": 212, "label": "328" }, "geometry": { "type": "MultiPolygon", "coordinates": [ [ [ [ 26.69248, 39.31689 ], [ 26.69247, 39.31683 ], [ 26.69246, 39.31676 ], [ 26.69214, 39.31679 ], [ 26.69213, 39.31698 ], [ 26.69236, 39.31698 ], [ 26.69248, 39.31697 ], [ 26.69248, 39.3169 ], [ 26.69248, 39.31689 ] ] ] ] } },
{ "type": "Feature", "properties": { "adaNo": "200", "fid": 910, "label": "200" }, "geometry": { "type": "MultiPolygon", "coordinates": [ [ [ [ 26.69298, 39.32082 ], [ 26.69287, 39.32084 ], [ 26.69274, 39.32085 ], [ 26.69276, 39.32095 ], [ 26.6928, 39.32109 ], [ 26.69292, 39.32107 ], [ 26.69305, 39.32105 ], [ 26.69301, 39.32091 ], [ 26.69298, 39.32082 ] ] ] ] } },
{ "type": "Feature", "properties": { "adaNo": "524", "fid": 747, "label": "524" }, "geometry": { "type": "MultiPolygon", "coordinates": [ [ [ [ 26.6943, 39.31947 ], [ 26.69422, 39.3194 ], [ 26.69413, 39.31949 ], [ 26.69411, 39.31952 ], [ 26.69412, 39.31956 ], [ 26.6941, 39.31956 ], [ 26.69411, 39.31962 ], [ 26.69413, 39.31963 ], [ 26.69416, 39.31964 ], [ 26.69416, 39.31963 ], [ 26.69428, 39.31964 ], [ 26.69438, 39.31965 ], [ 26.69442, 39.31965 ], [ 26.69447, 39.31962 ], [ 26.69438, 39.31954 ], [ 26.69433, 39.3195 ], [ 26.6943, 39.31947 ] ] ] ] } },
{ "type": "Feature", "properties": { "adaNo": "329", "fid": 2845, "label": "329" }, "geometry": { "type": "MultiPolygon", "coordinates": [ [ [ [ 26.69272, 39.31699 ], [ 26.6926, 39.317 ], [ 26.69253, 39.317 ], [ 26.69253, 39.31704 ], [ 26.69254, 39.31712 ], [ 26.69255, 39.31717 ], [ 26.69255, 39.31724 ], [ 26.69256, 39.31731 ], [ 26.69256, 39.31733 ], [ 26.69274, 39.31734 ], [ 26.69274, 39.31733 ], [ 26.69274, 39.31726 ], [ 26.69274, 39.31718 ], [ 26.69274, 39.31714 ], [ 26.69272, 39.31699 ] ] ] ] } },
{ "type": "Feature", "properties": { "adaNo": "201", "fid": 966, "label": "201" }, "geometry": { "type": "MultiPolygon", "coordinates": [ [ [ [ 26.6928, 39.32111 ], [ 26.69283, 39.32119 ], [ 26.69287, 39.32133 ], [ 26.69289, 39.32139 ], [ 26.69291, 39.32143 ], [ 26.69295, 39.32151 ], [ 26.69304, 39.32149 ], [ 26.69309, 39.32148 ], [ 26.6932, 39.32146 ], [ 26.69317, 39.32138 ], [ 26.69315, 39.32134 ], [ 26.69313, 39.32128 ], [ 26.69308, 39.32115 ], [ 26.69306, 39.32108 ], [ 26.6928, 39.32111 ] ] ] ] } },
{ "type": "Feature", "properties": { "adaNo": "525", "fid": 3735, "label": "525" }, "geometry": { "type": "MultiPolygon", "coordinates": [ [ [ [ 26.69397, 39.31955 ], [ 26.69386, 39.31957 ], [ 26.69381, 39.31957 ], [ 26.69376, 39.31958 ], [ 26.69364, 39.3196 ], [ 26.69364, 39.31964 ], [ 26.69364, 39.31969 ], [ 26.69365, 39.31974 ], [ 26.69368, 39.31989 ], [ 26.69369, 39.31993 ], [ 26.69371, 39.32 ], [ 26.69372, 39.32004 ], [ 26.69379, 39.32004 ], [ 26.69384, 39.32004 ], [ 26.69387, 39.32005 ], [ 26.69396, 39.32007 ], [ 26.69407, 39.32008 ], [ 26.69421, 39.32008 ], [ 26.69424, 39.31998 ], [ 26.69425, 39.31993 ], [ 26.69425, 39.3199 ], [ 26.69421, 39.31985 ], [ 26.6942, 39.31985 ], [ 26.69414, 39.31985 ], [ 26.69412, 39.31971 ], [ 26.69411, 39.31968 ], [ 26.69408, 39.31964 ], [ 26.69407, 39.31958 ], [ 26.69407, 39.31953 ], [ 26.69406, 39.31952 ], [ 26.69397, 39.31955 ] ] ] ] } },
{ "type": "Feature", "properties": { "adaNo": "202", "fid": 976, "label": "202" }, "geometry": { "type": "MultiPolygon", "coordinates": [ [ [ [ 26.69321, 39.32149 ], [ 26.69309, 39.32151 ], [ 26.69296, 39.32154 ], [ 26.69299, 39.3216 ], [ 26.69301, 39.32166 ], [ 26.69326, 39.3216 ], [ 26.69324, 39.32155 ], [ 26.69321, 39.32149 ] ] ] ] } },
{ "type": "Feature", "properties": { "adaNo": "203", "fid": 4075, "label": "203" }, "geometry": { "type": "MultiPolygon", "coordinates": [ [ [ [ 26.69327, 39.32162 ], [ 26.69337, 39.32185 ], [ 26.69313, 39.3219 ], [ 26.69302, 39.32168 ], [ 26.69327, 39.32162 ] ] ] ] } },
{ "type": "Feature", "properties": { "adaNo": "204", "fid": 992, "label": "204" }, "geometry": { "type": "MultiPolygon", "coordinates": [ [ [ [ 26.69396, 39.32172 ], [ 26.69391, 39.32173 ], [ 26.69391, 39.32172 ], [ 26.69383, 39.32175 ], [ 26.69376, 39.32177 ], [ 26.69372, 39.32178 ], [ 26.69369, 39.3218 ], [ 26.69359, 39.32182 ], [ 26.69355, 39.32183 ], [ 26.69358, 39.32189 ], [ 26.69345, 39.32193 ], [ 26.69347, 39.32198 ], [ 26.69361, 39.32195 ], [ 26.69365, 39.32194 ], [ 26.69374, 39.32192 ], [ 26.69381, 39.3219 ], [ 26.69387, 39.32189 ], [ 26.69395, 39.32187 ], [ 26.69405, 39.32185 ], [ 26.69411, 39.32184 ], [ 26.69418, 39.32183 ], [ 26.69414, 39.32177 ], [ 26.69412, 39.32173 ], [ 26.69409, 39.32168 ], [ 26.69401, 39.3217 ], [ 26.69396, 39.32172 ] ] ] ] } },
{ "type": "Feature", "properties": { "adaNo": "400", "fid": 3185, "label": "400" }, "geometry": { "type": "MultiPolygon", "coordinates": [ [ [ [ 26.69806, 39.31786 ], [ 26.69796, 39.31783 ], [ 26.69793, 39.31787 ], [ 26.69788, 39.31793 ], [ 26.69781, 39.318 ], [ 26.6979, 39.31808 ], [ 26.69799, 39.31811 ], [ 26.69798, 39.31813 ], [ 26.69806, 39.31814 ], [ 26.69815, 39.31815 ], [ 26.69815, 39.31808 ], [ 26.69816, 39.31808 ], [ 26.69815, 39.31801 ], [ 26.69815, 39.31799 ], [ 26.69815, 39.31798 ], [ 26.69815, 39.31794 ], [ 26.69815, 39.31788 ], [ 26.69806, 39.31786 ] ] ] ] } },
{ "type": "Feature", "properties": { "adaNo": "205", "fid": 1030, "label": "205" }, "geometry": { "type": "MultiPolygon", "coordinates": [ [ [ [ 26.69397, 39.32189 ], [ 26.69395, 39.3219 ], [ 26.69388, 39.32191 ], [ 26.69382, 39.32193 ], [ 26.69362, 39.32197 ], [ 26.69355, 39.32199 ], [ 26.69374, 39.32235 ], [ 26.69398, 39.32226 ], [ 26.69406, 39.32224 ], [ 26.69416, 39.3222 ], [ 26.69425, 39.32217 ], [ 26.69427, 39.32217 ], [ 26.69424, 39.3221 ], [ 26.69422, 39.32205 ], [ 26.69421, 39.32203 ], [ 26.69418, 39.32194 ], [ 26.69419, 39.32186 ], [ 26.69405, 39.32188 ], [ 26.69403, 39.32188 ], [ 26.69397, 39.32189 ] ] ] ] } },
{ "type": "Feature", "properties": { "adaNo": "401", "fid": 2986, "label": "401" }, "geometry": { "type": "MultiPolygon", "coordinates": [ [ [ [ 26.6978, 39.31754 ], [ 26.69778, 39.31758 ], [ 26.69776, 39.31762 ], [ 26.69774, 39.31765 ], [ 26.69772, 39.31769 ], [ 26.6977, 39.31772 ], [ 26.69767, 39.31779 ], [ 26.69777, 39.31783 ], [ 26.69782, 39.31785 ], [ 26.69789, 39.31786 ], [ 26.69789, 39.31787 ], [ 26.69792, 39.31783 ], [ 26.69795, 39.31779 ], [ 26.69792, 39.31778 ], [ 26.69793, 39.31774 ], [ 26.69796, 39.31775 ], [ 26.69799, 39.31776 ], [ 26.69798, 39.31778 ], [ 26.69797, 39.31781 ], [ 26.69803, 39.31782 ], [ 26.69808, 39.31772 ], [ 26.69809, 39.31768 ], [ 26.69804, 39.31766 ], [ 26.69805, 39.31765 ], [ 26.6981, 39.31766 ], [ 26.69812, 39.31763 ], [ 26.69813, 39.31761 ], [ 26.69815, 39.31756 ], [ 26.6981, 39.31755 ], [ 26.698, 39.31753 ], [ 26.6979, 39.31751 ], [ 26.69786, 39.3175 ], [ 26.69782, 39.31749 ], [ 26.6978, 39.31754 ] ] ] ] } },
{ "type": "Feature", "properties": { "adaNo": "206", "fid": 1062, "label": "908 → 206" }, "geometry": { "type": "MultiPolygon", "coordinates": [ [ [ [ 26.69419, 39.32221 ], [ 26.69416, 39.32223 ], [ 26.6941, 39.32225 ], [ 26.694, 39.32228 ], [ 26.69391, 39.32231 ], [ 26.69386, 39.32233 ], [ 26.69382, 39.32235 ], [ 26.69368, 39.3224 ], [ 26.69373, 39.32249 ], [ 26.69387, 39.32245 ], [ 26.69392, 39.32243 ], [ 26.69396, 39.32241 ], [ 26.69405, 39.32238 ], [ 26.69414, 39.32235 ], [ 26.69421, 39.32232 ], [ 26.69433, 39.32228 ], [ 26.69431, 39.32224 ], [ 26.69428, 39.32219 ], [ 26.69419, 39.32221 ] ] ] ] } },
{ "type": "Feature", "properties": { "adaNo": "402", "fid": 4963, "label": "402" }, "geometry": { "type": "MultiPolygon", "coordinates": [ [ [ [ 26.69716, 39.31748 ], [ 26.69717, 39.31754 ], [ 26.69718, 39.31759 ], [ 26.69717, 39.31764 ], [ 26.69727, 39.31767 ], [ 26.69731, 39.31768 ], [ 26.69734, 39.31763 ], [ 26.69736, 39.31759 ], [ 26.69737, 39.3176 ], [ 26.69738, 39.3176 ], [ 26.69734, 39.31768 ], [ 26.69738, 39.3177 ], [ 26.69743, 39.31771 ], [ 26.69755, 39.31774 ], [ 26.69762, 39.31776 ], [ 26.69765, 39.3177 ], [ 26.69766, 39.31769 ], [ 26.69769, 39.31764 ], [ 26.69772, 39.31758 ], [ 26.69773, 39.31755 ], [ 26.69777, 39.31748 ], [ 26.6977, 39.31746 ], [ 26.69767, 39.31746 ], [ 26.69763, 39.31745 ], [ 26.69758, 39.31744 ], [ 26.69752, 39.31742 ], [ 26.69745, 39.31741 ], [ 26.6974, 39.31739 ], [ 26.69734, 39.31738 ], [ 26.69733, 39.31737 ], [ 26.69728, 39.31736 ], [ 26.69728, 39.31737 ], [ 26.69724, 39.31736 ], [ 26.69723, 39.31738 ], [ 26.69722, 39.31737 ], [ 26.69722, 39.31736 ], [ 26.69714, 39.31734 ], [ 26.69714, 39.3174 ], [ 26.69715, 39.31744 ], [ 26.69716, 39.31748 ] ] ] ] } },
{ "type": "Feature", "properties": { "adaNo": "207", "fid": 1098, "label": "906 → 207" }, "geometry": { "type": "MultiPolygon", "coordinates": [ [ [ [ 26.69448, 39.32266 ], [ 26.69445, 39.32259 ], [ 26.69444, 39.32256 ], [ 26.6944, 39.32248 ], [ 26.69433, 39.32231 ], [ 26.69421, 39.32235 ], [ 26.69388, 39.32247 ], [ 26.69392, 39.32254 ], [ 26.69394, 39.32258 ], [ 26.69399, 39.32267 ], [ 26.69406, 39.3228 ], [ 26.69429, 39.32272 ], [ 26.69437, 39.32269 ], [ 26.69448, 39.32266 ] ] ] ] } },
{ "type": "Feature", "properties": { "adaNo": "403", "fid": 4885, "label": "403" }, "geometry": { "type": "MultiPolygon", "coordinates": [ [ [ [ 26.6974, 39.31704 ], [ 26.69737, 39.31704 ], [ 26.69731, 39.31705 ], [ 26.69725, 39.31706 ], [ 26.69724, 39.31706 ], [ 26.6972, 39.31707 ], [ 26.69715, 39.31708 ], [ 26.69711, 39.31708 ], [ 26.697, 39.31711 ], [ 26.69702, 39.31715 ], [ 26.69705, 39.31719 ], [ 26.69707, 39.31722 ], [ 26.6971, 39.3173 ], [ 26.6972, 39.3173 ], [ 26.69726, 39.31731 ], [ 26.69731, 39.31732 ], [ 26.69737, 39.31733 ], [ 26.69743, 39.31734 ], [ 26.69747, 39.31735 ], [ 26.69757, 39.31738 ], [ 26.69763, 39.31739 ], [ 26.69769, 39.3174 ], [ 26.69768, 39.31727 ], [ 26.69767, 39.31725 ], [ 26.69771, 39.31726 ], [ 26.69771, 39.31729 ], [ 26.69772, 39.31733 ], [ 26.69779, 39.31732 ], [ 26.69785, 39.31731 ], [ 26.69785, 39.31732 ], [ 26.69785, 39.31733 ], [ 26.69772, 39.31735 ], [ 26.69773, 39.31741 ], [ 26.6978, 39.31742 ], [ 26.69785, 39.31743 ], [ 26.69792, 39.31746 ], [ 26.69799, 39.31747 ], [ 26.69804, 39.31748 ], [ 26.69805, 39.31741 ], [ 26.69806, 39.31735 ], [ 26.69806, 39.31729 ], [ 26.69805, 39.31724 ], [ 26.69805, 39.3172 ], [ 26.69805, 39.31719 ], [ 26.69805, 39.31715 ], [ 26.69804, 39.3171 ], [ 26.69804, 39.31704 ], [ 26.69797, 39.31703 ], [ 26.69792, 39.31703 ], [ 26.69786, 39.31703 ], [ 26.69782, 39.31703 ], [ 26.69777, 39.31703 ], [ 26.69773, 39.31703 ], [ 26.69768, 39.31703 ], [ 26.69759, 39.31703 ], [ 26.69754, 39.31702 ], [ 26.69751, 39.31703 ], [ 26.69748, 39.31703 ], [ 26.69747, 39.31703 ], [ 26.69746, 39.31703 ], [ 26.6974, 39.31704 ] ] ] ] } },
{ "type": "Feature", "properties": { "adaNo": "209", "fid": 1159, "label": "209" }, "geometry": { "type": "MultiPolygon", "coordinates": [ [ [ [ 26.69389, 39.32287 ], [ 26.69383, 39.32289 ], [ 26.69365, 39.32295 ], [ 26.69371, 39.32305 ], [ 26.69375, 39.32312 ], [ 26.69398, 39.32305 ], [ 26.69394, 39.32298 ], [ 26.69389, 39.32287 ] ] ] ] } },
{ "type": "Feature", "properties": { "adaNo": "405", "fid": 201, "label": "405" }, "geometry": { "type": "MultiPolygon", "coordinates": [ [ [ [ 26.69604, 39.31665 ], [ 26.69599, 39.31667 ], [ 26.69584, 39.31673 ], [ 26.69585, 39.31676 ], [ 26.69586, 39.31681 ], [ 26.69588, 39.31687 ], [ 26.69589, 39.31695 ], [ 26.69595, 39.31696 ], [ 26.6961, 39.31696 ], [ 26.69612, 39.31696 ], [ 26.69612, 39.31693 ], [ 26.69615, 39.31693 ], [ 26.69614, 39.31696 ], [ 26.69614, 39.31697 ], [ 26.69616, 39.31697 ], [ 26.6962, 39.31697 ], [ 26.69623, 39.31698 ], [ 26.69628, 39.31699 ], [ 26.69636, 39.317 ], [ 26.69643, 39.31702 ], [ 26.6965, 39.31704 ], [ 26.69662, 39.31707 ], [ 26.69664, 39.31704 ], [ 26.69654, 39.31697 ], [ 26.69647, 39.31694 ], [ 26.6964, 39.3169 ], [ 26.6963, 39.31686 ], [ 26.69631, 39.31685 ], [ 26.69626, 39.31681 ], [ 26.69622, 39.31676 ], [ 26.69621, 39.31674 ], [ 26.6962, 39.31671 ], [ 26.69618, 39.31668 ], [ 26.69615, 39.3166 ], [ 26.69604, 39.31665 ] ] ] ] } },
{ "type": "Feature", "properties": { "adaNo": "406", "fid": 4864, "label": "406" }, "geometry": { "type": "MultiPolygon", "coordinates": [ [ [ [ 26.69587, 39.31632 ], [ 26.69571, 39.31637 ], [ 26.69573, 39.31642 ], [ 26.69575, 39.31648 ], [ 26.69584, 39.31644 ], [ 26.69578, 39.31647 ], [ 26.69578, 39.3165 ], [ 26.69582, 39.31663 ], [ 26.69581, 39.31663 ], [ 26.69583, 39.31671 ], [ 26.69597, 39.31665 ], [ 26.69602, 39.31663 ], [ 26.69608, 39.3166 ], [ 26.69613, 39.31658 ], [ 26.6961, 39.3165 ], [ 26.6961, 39.31648 ], [ 26.6961, 39.31646 ], [ 26.69611, 39.31642 ], [ 26.69611, 39.3164 ], [ 26.69609, 39.31637 ], [ 26.69609, 39.31636 ], [ 26.69608, 39.31636 ], [ 26.69602, 39.31628 ], [ 26.69601, 39.31627 ], [ 26.69593, 39.3163 ], [ 26.6959, 39.31631 ], [ 26.69587, 39.31632 ] ] ] ] } },
{ "type": "Feature", "properties": { "adaNo": "407", "fid": 4842, "label": "407" }, "geometry": { "type": "MultiPolygon", "coordinates": [ [ [ [ 26.69593, 39.3156 ], [ 26.69587, 39.31562 ], [ 26.69583, 39.31563 ], [ 26.69576, 39.31565 ], [ 26.69569, 39.31566 ], [ 26.69562, 39.31568 ], [ 26.69569, 39.31574 ], [ 26.69574, 39.31578 ], [ 26.69577, 39.31583 ], [ 26.69579, 39.31586 ], [ 26.69581, 39.31591 ], [ 26.69583, 39.31594 ], [ 26.69587, 39.31602 ], [ 26.6959, 39.31608 ], [ 26.69593, 39.31613 ], [ 26.69596, 39.31619 ], [ 26.696, 39.31622 ], [ 26.69603, 39.31624 ], [ 26.69612, 39.3162 ], [ 26.69617, 39.31618 ], [ 26.69616, 39.31615 ], [ 26.69615, 39.31612 ], [ 26.69612, 39.31608 ], [ 26.69616, 39.31607 ], [ 26.69622, 39.31605 ], [ 26.69622, 39.316 ], [ 26.69619, 39.31593 ], [ 26.69617, 39.31586 ], [ 26.69615, 39.3158 ], [ 26.69613, 39.31572 ], [ 26.69611, 39.31569 ], [ 26.69609, 39.31565 ], [ 26.69608, 39.31564 ], [ 26.69615, 39.31561 ], [ 26.69614, 39.31559 ], [ 26.69611, 39.31554 ], [ 26.69605, 39.31556 ], [ 26.69598, 39.31558 ], [ 26.69593, 39.3156 ] ], [ [ 26.69592, 39.3157 ], [ 26.69592, 39.31571 ], [ 26.69591, 39.31569 ], [ 26.69592, 39.3157 ] ] ] ] } },
{ "type": "Feature", "properties": { "adaNo": "408", "fid": 4846, "label": "408" }, "geometry": { "type": "MultiPolygon", "coordinates": [ [ [ [ 26.69557, 39.31575 ], [ 26.69559, 39.31578 ], [ 26.69554, 39.31579 ], [ 26.69554, 39.31583 ], [ 26.69554, 39.31587 ], [ 26.69555, 39.31592 ], [ 26.69555, 39.31593 ], [ 26.69556, 39.31596 ], [ 26.69558, 39.316 ], [ 26.69559, 39.31605 ], [ 26.69561, 39.31609 ], [ 26.69563, 39.31613 ], [ 26.69564, 39.31618 ], [ 26.69566, 39.31623 ], [ 26.69568, 39.31628 ], [ 26.6957, 39.31633 ], [ 26.69585, 39.31629 ], [ 26.69595, 39.31625 ], [ 26.69592, 39.3162 ], [ 26.69589, 39.31621 ], [ 26.69586, 39.31616 ], [ 26.6959, 39.31615 ], [ 26.69588, 39.31613 ], [ 26.69585, 39.31607 ], [ 26.69583, 39.31602 ], [ 26.6958, 39.31598 ], [ 26.69576, 39.3159 ], [ 26.69574, 39.31586 ], [ 26.69572, 39.31582 ], [ 26.69568, 39.31579 ], [ 26.69564, 39.31576 ], [ 26.69557, 39.3157 ], [ 26.69554, 39.31572 ], [ 26.69554, 39.31575 ], [ 26.69557, 39.31575 ] ] ] ] } },
{ "type": "Feature", "properties": { "adaNo": "409", "fid": 4839, "label": "409" }, "geometry": { "type": "MultiPolygon", "coordinates": [ [ [ [ 26.69563, 39.31542 ], [ 26.69559, 39.31544 ], [ 26.69551, 39.31547 ], [ 26.69553, 39.31551 ], [ 26.69556, 39.31558 ], [ 26.69559, 39.31565 ], [ 26.69569, 39.31563 ], [ 26.69578, 39.3156 ], [ 26.69577, 39.31552 ], [ 26.69576, 39.31545 ], [ 26.69575, 39.31538 ], [ 26.69574, 39.31537 ], [ 26.69567, 39.3154 ], [ 26.69563, 39.31542 ] ] ] ] } },
{ "type": "Feature", "properties": { "adaNo": "610", "fid": 3377, "label": "610" }, "geometry": { "type": "MultiPolygon", "coordinates": [ [ [ [ 26.69312, 39.31856 ], [ 26.69313, 39.31859 ], [ 26.69314, 39.31864 ], [ 26.69316, 39.31869 ], [ 26.69318, 39.31873 ], [ 26.6932, 39.31879 ], [ 26.69316, 39.3188 ], [ 26.69318, 39.31884 ], [ 26.69316, 39.31884 ], [ 26.69318, 39.31888 ], [ 26.69315, 39.31888 ], [ 26.69316, 39.31892 ], [ 26.69317, 39.31892 ], [ 26.69322, 39.31891 ], [ 26.69323, 39.31891 ], [ 26.69326, 39.3189 ], [ 26.69327, 39.31889 ], [ 26.69327, 39.31887 ], [ 26.69328, 39.31884 ], [ 26.69328, 39.31881 ], [ 26.69329, 39.31881 ], [ 26.6933, 39.31877 ], [ 26.69328, 39.31878 ], [ 26.69328, 39.31875 ], [ 26.69328, 39.31871 ], [ 26.69327, 39.31867 ], [ 26.69332, 39.31865 ], [ 26.69331, 39.3186 ], [ 26.69326, 39.31861 ], [ 26.69325, 39.31856 ], [ 26.69329, 39.31855 ], [ 26.69328, 39.31852 ], [ 26.69327, 39.31849 ], [ 26.69324, 39.3185 ], [ 26.69323, 39.3185 ], [ 26.69321, 39.31846 ], [ 26.69314, 39.31848 ], [ 26.69309, 39.31849 ], [ 26.69307, 39.31844 ], [ 26.69297, 39.31844 ], [ 26.69298, 39.31849 ], [ 26.69302, 39.31849 ], [ 26.69303, 39.31852 ], [ 26.6931, 39.31852 ], [ 26.69311, 39.31853 ], [ 26.69312, 39.31856 ] ], [ [ 26.69323, 39.31885 ], [ 26.69323, 39.31884 ], [ 26.69328, 39.31884 ], [ 26.69323, 39.31885 ] ] ], [ [ [ 26.69271, 39.31849 ], [ 26.69273, 39.31856 ], [ 26.69274, 39.31861 ], [ 26.69276, 39.31865 ], [ 26.69278, 39.3187 ], [ 26.69279, 39.31874 ], [ 26.69281, 39.31879 ], [ 26.69282, 39.31883 ], [ 26.69284, 39.31888 ], [ 26.69287, 39.31897 ], [ 26.69288, 39.319 ], [ 26.69297, 39.31897 ], [ 26.69298, 39.31898 ], [ 26.69311, 39.31895 ], [ 26.69309, 39.31891 ], [ 26.69313, 39.3189 ], [ 26.69311, 39.31886 ], [ 26.69305, 39.31887 ], [ 26.69307, 39.31892 ], [ 26.69296, 39.31894 ], [ 26.69292, 39.31886 ], [ 26.69291, 39.31882 ], [ 26.69289, 39.31877 ], [ 26.69288, 39.31873 ], [ 26.69286, 39.31868 ], [ 26.69285, 39.31863 ], [ 26.69283, 39.31859 ], [ 26.69281, 39.31854 ], [ 26.6928, 39.3185 ], [ 26.69292, 39.31848 ], [ 26.69291, 39.31844 ], [ 26.69279, 39.31845 ], [ 26.69272, 39.31846 ], [ 26.69269, 39.31846 ], [ 26.69271, 39.31849 ] ] ] ] } },
{ "type": "Feature", "properties": { "adaNo": "611", "fid": 3612, "label": "611" }, "geometry": { "type": "MultiPolygon", "coordinates": [ [ [ [ 26.6928, 39.3191 ], [ 26.69276, 39.31911 ], [ 26.69271, 39.31913 ], [ 26.6926, 39.31915 ], [ 26.69255, 39.31917 ], [ 26.69252, 39.31918 ], [ 26.69249, 39.31919 ], [ 26.69253, 39.31925 ], [ 26.69256, 39.31931 ], [ 26.6926, 39.31937 ], [ 26.69263, 39.31943 ], [ 26.69266, 39.31948 ], [ 26.69273, 39.31946 ], [ 26.69278, 39.31944 ], [ 26.69282, 39.31942 ], [ 26.69292, 39.31939 ], [ 26.69295, 39.31937 ], [ 26.69299, 39.31936 ], [ 26.69297, 39.31932 ], [ 26.69293, 39.31925 ], [ 26.69291, 39.3192 ], [ 26.69289, 39.31917 ], [ 26.69287, 39.31913 ], [ 26.69288, 39.31913 ], [ 26.69286, 39.31909 ], [ 26.6928, 39.3191 ] ] ] ] } },
{ "type": "Feature", "properties": { "adaNo": "612", "fid": 2672, "label": "546 → 612" }, "geometry": { "type": "MultiPolygon", "coordinates": [ [ [ [ 26.6916, 39.31605 ], [ 26.69159, 39.31603 ], [ 26.69151, 39.31605 ], [ 26.69119, 39.31618 ], [ 26.69113, 39.3162 ], [ 26.69111, 39.31621 ], [ 26.69112, 39.31622 ], [ 26.69114, 39.31629 ], [ 26.69116, 39.31633 ], [ 26.69117, 39.31636 ], [ 26.69119, 39.31642 ], [ 26.69128, 39.3164 ], [ 26.69153, 39.31634 ], [ 26.69171, 39.31629 ], [ 26.69168, 39.31622 ], [ 26.69166, 39.31617 ], [ 26.69163, 39.31612 ], [ 26.69161, 39.31607 ], [ 26.6916, 39.31605 ] ] ] ] } },
{ "type": "Feature", "properties": { "adaNo": "613", "fid": 3718, "label": "613" }, "geometry": { "type": "MultiPolygon", "coordinates": [ [ [ [ 26.693, 39.31961 ], [ 26.69298, 39.31955 ], [ 26.69296, 39.3195 ], [ 26.69293, 39.31943 ], [ 26.6928, 39.31948 ], [ 26.69275, 39.31949 ], [ 26.69275, 39.31948 ], [ 26.69267, 39.3195 ], [ 26.6927, 39.31958 ], [ 26.69272, 39.31963 ], [ 26.69274, 39.31968 ], [ 26.69275, 39.31968 ], [ 26.69276, 39.31972 ], [ 26.69277, 39.31973 ], [ 26.69277, 39.31975 ], [ 26.69279, 39.31979 ], [ 26.69285, 39.31977 ], [ 26.69289, 39.31976 ], [ 26.69304, 39.31972 ], [ 26.69302, 39.31967 ], [ 26.693, 39.31961 ] ] ] ] } },
{ "type": "Feature", "properties": { "adaNo": "615", "fid": 840, "label": "448, 668 → 615" }, "geometry": { "type": "MultiPolygon", "coordinates": [ [ [ [ 26.69357, 39.32034 ], [ 26.69343, 39.32035 ], [ 26.69343, 39.32042 ], [ 26.69344, 39.3205 ], [ 26.69358, 39.32049 ], [ 26.69369, 39.32048 ], [ 26.69368, 39.32043 ], [ 26.69366, 39.32032 ], [ 26.69357, 39.32034 ] ] ], [ [ [ 26.69302, 39.32039 ], [ 26.69304, 39.32047 ], [ 26.69307, 39.32055 ], [ 26.69341, 39.32052 ], [ 26.69341, 39.3205 ], [ 26.6934, 39.32043 ], [ 26.69339, 39.32035 ], [ 26.69302, 39.32039 ] ] ] ] } },
{ "type": "Feature", "properties": { "adaNo": "616", "fid": 5044, "label": "616" }, "geometry": { "type": "MultiPolygon", "coordinates": [ [ [ [ 26.69272, 39.31986 ], [ 26.69274, 39.31992 ], [ 26.69283, 39.31989 ], [ 26.69283, 39.3199 ], [ 26.69284, 39.31993 ], [ 26.69285, 39.31993 ], [ 26.69286, 39.31998 ], [ 26.69293, 39.32016 ], [ 26.69298, 39.32015 ], [ 26.69315, 39.32013 ], [ 26.69312, 39.32008 ], [ 26.69309, 39.32002 ], [ 26.69305, 39.31994 ], [ 26.69304, 39.31993 ], [ 26.69302, 39.31988 ], [ 26.69298, 39.3198 ], [ 26.69289, 39.31982 ], [ 26.69281, 39.31984 ], [ 26.69272, 39.31986 ] ] ] ] } },
{ "type": "Feature", "properties": { "adaNo": "617", "fid": 1148, "label": "62, 905 → 617" }, "geometry": { "type": "MultiPolygon", "coordinates": [ [ [ [ 26.6934, 39.32297 ], [ 26.69353, 39.32293 ], [ 26.69355, 39.32293 ], [ 26.69379, 39.32285 ], [ 26.69387, 39.32283 ], [ 26.69383, 39.32277 ], [ 26.69372, 39.32255 ], [ 26.69364, 39.32258 ], [ 26.69352, 39.32262 ], [ 26.69333, 39.32268 ], [ 26.6934, 39.32297 ] ] ], [ [ [ 26.69323, 39.32317 ], [ 26.69324, 39.32319 ], [ 26.69321, 39.32319 ], [ 26.69326, 39.32327 ], [ 26.69328, 39.32326 ], [ 26.69349, 39.3232 ], [ 26.6937, 39.32313 ], [ 26.69366, 39.32306 ], [ 26.69362, 39.32299 ], [ 26.69361, 39.32298 ], [ 26.6936, 39.32296 ], [ 26.69346, 39.32301 ], [ 26.69341, 39.32302 ], [ 26.69332, 39.32305 ], [ 26.69325, 39.32306 ], [ 26.69326, 39.32307 ], [ 26.69323, 39.32308 ], [ 26.69319, 39.32309 ], [ 26.69323, 39.32317 ] ] ] ] } },
{ "type": "Feature", "properties": { "adaNo": "618", "fid": 3790, "label": "348, 349 → 618" }, "geometry": { "type": "MultiPolygon", "coordinates": [ [ [ [ 26.69242, 39.31995 ], [ 26.69235, 39.31997 ], [ 26.6924, 39.32008 ], [ 26.69247, 39.32006 ], [ 26.69248, 39.32008 ], [ 26.69242, 39.3201 ], [ 26.69245, 39.32016 ], [ 26.69248, 39.32024 ], [ 26.6925, 39.32027 ], [ 26.69263, 39.32024 ], [ 26.69264, 39.32024 ], [ 26.69276, 39.32021 ], [ 26.69278, 39.32021 ], [ 26.69276, 39.32015 ], [ 26.69274, 39.32016 ], [ 26.69272, 39.3201 ], [ 26.69274, 39.3201 ], [ 26.69272, 39.32002 ], [ 26.69269, 39.32003 ], [ 26.69266, 39.31996 ], [ 26.69264, 39.31989 ], [ 26.69251, 39.31992 ], [ 26.69242, 39.31995 ] ] ] ] } },
{ "type": "Feature", "properties": { "adaNo": "619", "fid": 1231, "label": "64, 65 → 619" }, "geometry": { "type": "MultiPolygon", "coordinates": [ [ [ [ 26.69383, 39.3234 ], [ 26.69374, 39.32343 ], [ 26.69365, 39.32346 ], [ 26.69357, 39.32349 ], [ 26.69362, 39.32358 ], [ 26.69371, 39.32371 ], [ 26.69375, 39.32372 ], [ 26.6938, 39.3237 ], [ 26.69422, 39.32351 ], [ 26.69415, 39.32337 ], [ 26.69411, 39.3233 ], [ 26.69383, 39.3234 ] ] ] ] } },
{ "type": "Feature", "properties": { "adaNo": "2080", "fid": 893, "label": "53 → 2080" }, "geometry": { "type": "MultiPolygon", "coordinates": [ [ [ [ 26.69235, 39.32075 ], [ 26.69233, 39.32067 ], [ 26.69214, 39.3207 ], [ 26.692, 39.32072 ], [ 26.69209, 39.32087 ], [ 26.69215, 39.32086 ], [ 26.69217, 39.32091 ], [ 26.69224, 39.3209 ], [ 26.69239, 39.32088 ], [ 26.69238, 39.32082 ], [ 26.69235, 39.32075 ] ] ] ] } },
{ "type": "Feature", "properties": { "adaNo": "2081", "fid": 3965, "label": "54 → 2081" }, "geometry": { "type": "MultiPolygon", "coordinates": [ [ [ [ 26.69268, 39.32086 ], [ 26.69245, 39.32089 ], [ 26.69218, 39.32094 ], [ 26.69222, 39.32103 ], [ 26.69243, 39.321 ], [ 26.69244, 39.32104 ], [ 26.69244, 39.32105 ], [ 26.69248, 39.32114 ], [ 26.69258, 39.32112 ], [ 26.69258, 39.32111 ], [ 26.69275, 39.32109 ], [ 26.69274, 39.32108 ], [ 26.69272, 39.321 ], [ 26.69271, 39.32095 ], [ 26.69268, 39.32086 ] ] ] ] } },
{ "type": "Feature", "properties": { "adaNo": "2082", "fid": 4261, "label": "2082" }, "geometry": { "type": "MultiPolygon", "coordinates": [ [ [ [ 26.69712, 39.3274 ], [ 26.69716, 39.32747 ], [ 26.6972, 39.32754 ], [ 26.69721, 39.32756 ], [ 26.69703, 39.32756 ], [ 26.6972, 39.32773 ], [ 26.69752, 39.32787 ], [ 26.69765, 39.32803 ], [ 26.69779, 39.32798 ], [ 26.69758, 39.32757 ], [ 26.69765, 39.32756 ], [ 26.69753, 39.32736 ], [ 26.69739, 39.32724 ], [ 26.69737, 39.32721 ], [ 26.69736, 39.32722 ], [ 26.69727, 39.32726 ], [ 26.69709, 39.32734 ], [ 26.69712, 39.3274 ] ] ] ] } },
{ "type": "Feature", "properties": { "adaNo": "300", "fid": 2097, "label": "300" }, "geometry": { "type": "MultiPolygon", "coordinates": [ [ [ [ 26.69187, 39.31401 ], [ 26.69182, 39.31405 ], [ 26.69179, 39.31408 ], [ 26.69171, 39.31414 ], [ 26.69177, 39.31422 ], [ 26.69179, 39.31421 ], [ 26.69183, 39.31426 ], [ 26.69181, 39.31427 ], [ 26.69183, 39.3143 ], [ 26.69186, 39.31434 ], [ 26.69195, 39.31431 ], [ 26.69199, 39.31429 ], [ 26.69204, 39.31426 ], [ 26.69207, 39.31424 ], [ 26.69209, 39.31423 ], [ 26.69217, 39.31418 ], [ 26.69214, 39.31414 ], [ 26.69211, 39.31411 ], [ 26.69209, 39.31408 ], [ 26.69204, 39.31402 ], [ 26.69195, 39.31395 ], [ 26.69191, 39.31398 ], [ 26.69187, 39.31401 ] ] ] ] } },
{ "type": "Feature", "properties": { "adaNo": "301", "fid": 1899, "label": "301" }, "geometry": { "type": "MultiPolygon", "coordinates": [ [ [ [ 26.69129, 39.31355 ], [ 26.69133, 39.31352 ], [ 26.69139, 39.31347 ], [ 26.69135, 39.31344 ], [ 26.69131, 39.31342 ], [ 26.69117, 39.31335 ], [ 26.69117, 39.31334 ], [ 26.69112, 39.31331 ], [ 26.691, 39.31347 ], [ 26.69095, 39.31353 ], [ 26.691, 39.31356 ], [ 26.69104, 39.31358 ], [ 26.69108, 39.31361 ], [ 26.69113, 39.31363 ], [ 26.69117, 39.31367 ], [ 26.69121, 39.31371 ], [ 26.69127, 39.31375 ], [ 26.69127, 39.31374 ], [ 26.69133, 39.31378 ], [ 26.69138, 39.31382 ], [ 26.69147, 39.31388 ], [ 26.69156, 39.31379 ], [ 26.69159, 39.31375 ], [ 26.69162, 39.31372 ], [ 26.69166, 39.31368 ], [ 26.69169, 39.31364 ], [ 26.69164, 39.31361 ], [ 26.69157, 39.31357 ], [ 26.69152, 39.31354 ], [ 26.69147, 39.31352 ], [ 26.69144, 39.3135 ], [ 26.6914, 39.31348 ], [ 26.69133, 39.31353 ], [ 26.6913, 39.31356 ], [ 26.69129, 39.31355 ] ] ] ] } },
{ "type": "Feature", "properties": { "adaNo": "625", "fid": 95, "label": "625" }, "geometry": { "type": "MultiPolygon", "coordinates": [ [ [ [ 26.69177, 39.3157 ], [ 26.69163, 39.31559 ], [ 26.69163, 39.31558 ], [ 26.69158, 39.31554 ], [ 26.69149, 39.31548 ], [ 26.69143, 39.31553 ], [ 26.69129, 39.31563 ], [ 26.69125, 39.31566 ], [ 26.69096, 39.31587 ], [ 26.69091, 39.31591 ], [ 26.69097, 39.31598 ], [ 26.691, 39.31602 ], [ 26.69107, 39.31611 ], [ 26.69108, 39.31612 ], [ 26.6911, 39.31613 ], [ 26.69108, 39.31614 ], [ 26.69117, 39.3161 ], [ 26.69161, 39.31596 ], [ 26.69171, 39.31592 ], [ 26.69172, 39.31593 ], [ 26.69189, 39.31586 ], [ 26.69186, 39.31581 ], [ 26.69182, 39.31576 ], [ 26.69181, 39.31574 ], [ 26.69177, 39.3157 ] ] ] ] } },
{ "type": "Feature", "properties": { "adaNo": "302", "fid": 1846, "label": "302" }, "geometry": { "type": "MultiPolygon", "coordinates": [ [ [ [ 26.69144, 39.31337 ], [ 26.69139, 39.31342 ], [ 26.69142, 39.31344 ], [ 26.69146, 39.31347 ], [ 26.69148, 39.31348 ], [ 26.69154, 39.31351 ], [ 26.69153, 39.31352 ], [ 26.69157, 39.31354 ], [ 26.69161, 39.31356 ], [ 26.69167, 39.3136 ], [ 26.69171, 39.31362 ], [ 26.69175, 39.31358 ], [ 26.69179, 39.31354 ], [ 26.69183, 39.3135 ], [ 26.69188, 39.31344 ], [ 26.69181, 39.3134 ], [ 26.69177, 39.31338 ], [ 26.69173, 39.31335 ], [ 26.69168, 39.31333 ], [ 26.69165, 39.31331 ], [ 26.69161, 39.31329 ], [ 26.69158, 39.31328 ], [ 26.69154, 39.31325 ], [ 26.69152, 39.31327 ], [ 26.69148, 39.31331 ], [ 26.69144, 39.31337 ] ] ] ] } },
{ "type": "Feature", "properties": { "adaNo": "303", "fid": 1789, "label": "303" }, "geometry": { "type": "MultiPolygon", "coordinates": [ [ [ [ 26.69161, 39.31318 ], [ 26.69156, 39.31324 ], [ 26.6916, 39.31326 ], [ 26.69166, 39.31329 ], [ 26.69171, 39.31331 ], [ 26.69175, 39.31333 ], [ 26.69179, 39.31335 ], [ 26.6919, 39.31341 ], [ 26.69194, 39.31337 ], [ 26.69197, 39.31334 ], [ 26.69201, 39.31329 ], [ 26.69193, 39.31324 ], [ 26.6919, 39.31323 ], [ 26.69185, 39.3132 ], [ 26.69181, 39.31318 ], [ 26.69176, 39.31315 ], [ 26.69171, 39.31313 ], [ 26.69167, 39.3131 ], [ 26.69162, 39.31317 ], [ 26.69161, 39.31317 ], [ 26.69161, 39.31318 ] ] ] ] } },
{ "type": "Feature", "properties": { "adaNo": "304", "fid": 1715, "label": "304" }, "geometry": { "type": "MultiPolygon", "coordinates": [ [ [ [ 26.69174, 39.31302 ], [ 26.69172, 39.31305 ], [ 26.6917, 39.31307 ], [ 26.69175, 39.3131 ], [ 26.69178, 39.31312 ], [ 26.69182, 39.31314 ], [ 26.69187, 39.31316 ], [ 26.6919, 39.31318 ], [ 26.69195, 39.3132 ], [ 26.69197, 39.31322 ], [ 26.69201, 39.31324 ], [ 26.69204, 39.31326 ], [ 26.69206, 39.31324 ], [ 26.69209, 39.31321 ], [ 26.69212, 39.31318 ], [ 26.69205, 39.31314 ], [ 26.69202, 39.31312 ], [ 26.69198, 39.31309 ], [ 26.69195, 39.31308 ], [ 26.69191, 39.31305 ], [ 26.69186, 39.31302 ], [ 26.69183, 39.313 ], [ 26.69179, 39.31297 ], [ 26.69176, 39.313 ], [ 26.69174, 39.31302 ] ] ] ] } },
{ "type": "Feature", "properties": { "adaNo": "305", "fid": 1687, "label": "305" }, "geometry": { "type": "MultiPolygon", "coordinates": [ [ [ [ 26.69159, 39.31291 ], [ 26.69156, 39.31294 ], [ 26.69152, 39.31298 ], [ 26.69158, 39.31301 ], [ 26.69159, 39.31302 ], [ 26.69166, 39.31306 ], [ 26.69169, 39.31302 ], [ 26.69171, 39.31299 ], [ 26.69175, 39.31295 ], [ 26.69168, 39.31291 ], [ 26.69162, 39.31287 ], [ 26.69159, 39.31291 ] ] ] ] } },
{ "type": "Feature", "properties": { "adaNo": "501", "fid": 2804, "label": "501" }, "geometry": { "type": "MultiPolygon", "coordinates": [ [ [ [ 26.69437, 39.31694 ], [ 26.69426, 39.31696 ], [ 26.69419, 39.31697 ], [ 26.69419, 39.31705 ], [ 26.69427, 39.31706 ], [ 26.69427, 39.31709 ], [ 26.69427, 39.31714 ], [ 26.69427, 39.31727 ], [ 26.69427, 39.31733 ], [ 26.6943, 39.31738 ], [ 26.69433, 39.31739 ], [ 26.69437, 39.3174 ], [ 26.6944, 39.31741 ], [ 26.69449, 39.31745 ], [ 26.69455, 39.31747 ], [ 26.6946, 39.31749 ], [ 26.69464, 39.31749 ], [ 26.69464, 39.31752 ], [ 26.69468, 39.3175 ], [ 26.69475, 39.31746 ], [ 26.69481, 39.31743 ], [ 26.69487, 39.31739 ], [ 26.6948, 39.31734 ], [ 26.69475, 39.31732 ], [ 26.69472, 39.3173 ], [ 26.69473, 39.31727 ], [ 26.69474, 39.31725 ], [ 26.69472, 39.31711 ], [ 26.69471, 39.31706 ], [ 26.69469, 39.31698 ], [ 26.69467, 39.3169 ], [ 26.69459, 39.31691 ], [ 26.69451, 39.31692 ], [ 26.69443, 39.31693 ], [ 26.69437, 39.31694 ] ] ] ] } },
{ "type": "Feature", "properties": { "adaNo": "306", "fid": 1676, "label": "306" }, "geometry": { "type": "MultiPolygon", "coordinates": [ [ [ [ 26.69151, 39.3128 ], [ 26.69148, 39.31284 ], [ 26.69145, 39.31288 ], [ 26.69141, 39.31293 ], [ 26.69145, 39.31295 ], [ 26.69149, 39.31297 ], [ 26.69153, 39.31292 ], [ 26.69156, 39.31288 ], [ 26.69159, 39.31285 ], [ 26.69151, 39.3128 ] ] ] ] } },
{ "type": "Feature", "properties": { "adaNo": "502", "fid": 2818, "label": "502" }, "geometry": { "type": "MultiPolygon", "coordinates": [ [ [ [ 26.69355, 39.31726 ], [ 26.69354, 39.31729 ], [ 26.69352, 39.31733 ], [ 26.69358, 39.31735 ], [ 26.69364, 39.31736 ], [ 26.69368, 39.31736 ], [ 26.69374, 39.31737 ], [ 26.69379, 39.31737 ], [ 26.69383, 39.31737 ], [ 26.6939, 39.31737 ], [ 26.6939, 39.31736 ], [ 26.69389, 39.31728 ], [ 26.69389, 39.31724 ], [ 26.69388, 39.31717 ], [ 26.69389, 39.31716 ], [ 26.69388, 39.31709 ], [ 26.69391, 39.31709 ], [ 26.69391, 39.31713 ], [ 26.69391, 39.31715 ], [ 26.69392, 39.31718 ], [ 26.69392, 39.31724 ], [ 26.69392, 39.31727 ], [ 26.69393, 39.3173 ], [ 26.69393, 39.31737 ], [ 26.694, 39.31737 ], [ 26.69408, 39.31738 ], [ 26.69414, 39.31738 ], [ 26.69415, 39.31732 ], [ 26.69415, 39.31726 ], [ 26.69416, 39.31722 ], [ 26.69416, 39.31714 ], [ 26.69415, 39.31705 ], [ 26.69415, 39.31697 ], [ 26.69408, 39.31698 ], [ 26.69401, 39.31699 ], [ 26.69393, 39.31699 ], [ 26.69383, 39.31701 ], [ 26.69377, 39.31701 ], [ 26.69372, 39.31702 ], [ 26.69366, 39.31703 ], [ 26.69357, 39.31704 ], [ 26.69347, 39.31705 ], [ 26.69341, 39.31705 ], [ 26.69336, 39.31706 ], [ 26.69326, 39.31706 ], [ 26.69326, 39.31711 ], [ 26.69327, 39.31717 ], [ 26.69327, 39.3172 ], [ 26.69327, 39.31725 ], [ 26.69328, 39.31725 ], [ 26.69328, 39.3173 ], [ 26.69342, 39.31731 ], [ 26.69349, 39.31733 ], [ 26.6935, 39.31727 ], [ 26.69351, 39.31724 ], [ 26.69351, 39.3172 ], [ 26.69351, 39.31717 ], [ 26.69356, 39.31717 ], [ 26.69356, 39.31721 ], [ 26.69355, 39.31726 ] ] ] ] } },
{ "type": "Feature", "properties": { "adaNo": "307", "fid": 1655, "label": "307" }, "geometry": { "type": "MultiPolygon", "coordinates": [ [ [ [ 26.69133, 39.3127 ], [ 26.69129, 39.31276 ], [ 26.69125, 39.31279 ], [ 26.69123, 39.31283 ], [ 26.69128, 39.31285 ], [ 26.69138, 39.31291 ], [ 26.69141, 39.31287 ], [ 26.69142, 39.31286 ], [ 26.69141, 39.31286 ], [ 26.69143, 39.31284 ], [ 26.69144, 39.31282 ], [ 26.69147, 39.31278 ], [ 26.69138, 39.31273 ], [ 26.69133, 39.3127 ] ] ] ] } },
{ "type": "Feature", "properties": { "adaNo": "503", "fid": 3023, "label": "503" }, "geometry": { "type": "MultiPolygon", "coordinates": [ [ [ [ 26.69407, 39.31742 ], [ 26.69403, 39.31741 ], [ 26.69403, 39.31759 ], [ 26.69403, 39.31764 ], [ 26.69402, 39.31766 ], [ 26.69398, 39.31771 ], [ 26.69397, 39.31773 ], [ 26.69394, 39.31777 ], [ 26.69392, 39.31785 ], [ 26.69391, 39.31785 ], [ 26.6939, 39.31792 ], [ 26.69396, 39.31792 ], [ 26.69408, 39.31793 ], [ 26.69426, 39.31793 ], [ 26.69426, 39.31788 ], [ 26.69426, 39.31781 ], [ 26.69429, 39.31778 ], [ 26.69433, 39.31773 ], [ 26.69441, 39.31767 ], [ 26.69444, 39.31764 ], [ 26.69454, 39.31755 ], [ 26.69441, 39.3175 ], [ 26.69437, 39.31748 ], [ 26.69433, 39.31747 ], [ 26.69424, 39.31744 ], [ 26.69414, 39.31743 ], [ 26.69407, 39.31742 ] ] ] ] } },
{ "type": "Feature", "properties": { "adaNo": "308", "fid": 1698, "label": "308" }, "geometry": { "type": "MultiPolygon", "coordinates": [ [ [ [ 26.69115, 39.31294 ], [ 26.69113, 39.31297 ], [ 26.6911, 39.313 ], [ 26.69119, 39.31304 ], [ 26.69125, 39.31308 ], [ 26.69128, 39.31304 ], [ 26.6913, 39.31301 ], [ 26.69136, 39.31294 ], [ 26.69129, 39.31291 ], [ 26.6912, 39.31287 ], [ 26.69115, 39.31294 ] ] ] ] } },
{ "type": "Feature", "properties": { "adaNo": "504", "fid": 3203, "label": "504" }, "geometry": { "type": "MultiPolygon", "coordinates": [ [ [ [ 26.69429, 39.31799 ], [ 26.69428, 39.31796 ], [ 26.6942, 39.31795 ], [ 26.69406, 39.31795 ], [ 26.6939, 39.31795 ], [ 26.69391, 39.31803 ], [ 26.6939, 39.31803 ], [ 26.69391, 39.31813 ], [ 26.69393, 39.3182 ], [ 26.69408, 39.31816 ], [ 26.69408, 39.31819 ], [ 26.69414, 39.31818 ], [ 26.6942, 39.31817 ], [ 26.69429, 39.31815 ], [ 26.69429, 39.31811 ], [ 26.69431, 39.31811 ], [ 26.6943, 39.31807 ], [ 26.69429, 39.31807 ], [ 26.6943, 39.31802 ], [ 26.69429, 39.31799 ] ] ] ] } },
{ "type": "Feature", "properties": { "adaNo": "309", "fid": 1759, "label": "309" }, "geometry": { "type": "MultiPolygon", "coordinates": [ [ [ [ 26.69104, 39.31309 ], [ 26.69103, 39.3131 ], [ 26.69101, 39.31314 ], [ 26.69099, 39.31317 ], [ 26.69093, 39.31326 ], [ 26.69089, 39.31331 ], [ 26.69087, 39.31334 ], [ 26.6908, 39.31343 ], [ 26.69086, 39.31347 ], [ 26.69088, 39.31344 ], [ 26.69093, 39.31346 ], [ 26.69094, 39.31347 ], [ 26.69099, 39.31342 ], [ 26.691, 39.31342 ], [ 26.69103, 39.31338 ], [ 26.69103, 39.31337 ], [ 26.69108, 39.31331 ], [ 26.69111, 39.31327 ], [ 26.69114, 39.31323 ], [ 26.69117, 39.31319 ], [ 26.69119, 39.31316 ], [ 26.69121, 39.31313 ], [ 26.69124, 39.3131 ], [ 26.69119, 39.31307 ], [ 26.69114, 39.31305 ], [ 26.69109, 39.31303 ], [ 26.69106, 39.31306 ], [ 26.69104, 39.31309 ] ] ] ] } },
{ "type": "Feature", "properties": { "adaNo": "505", "fid": 357, "label": "505" }, "geometry": { "type": "MultiPolygon", "coordinates": [ [ [ [ 26.69448, 39.31837 ], [ 26.69456, 39.31837 ], [ 26.69465, 39.31838 ], [ 26.69466, 39.31838 ], [ 26.69472, 39.31839 ], [ 26.69476, 39.31839 ], [ 26.69479, 39.3184 ], [ 26.69484, 39.31842 ], [ 26.69487, 39.31843 ], [ 26.69492, 39.31845 ], [ 26.69496, 39.31847 ], [ 26.69498, 39.31841 ], [ 26.69499, 39.31838 ], [ 26.695, 39.31833 ], [ 26.69501, 39.31828 ], [ 26.69491, 39.31826 ], [ 26.6949, 39.31831 ], [ 26.6949, 39.31828 ], [ 26.694853333333331, 39.31828 ], [ 26.69486, 39.31826 ], [ 26.69482, 39.31825 ], [ 26.69481, 39.31828 ], [ 26.69478, 39.31828 ], [ 26.69479, 39.31825 ], [ 26.69474, 39.31824 ], [ 26.69464, 39.31824 ], [ 26.69464, 39.31827 ], [ 26.69466, 39.31827 ], [ 26.69466, 39.31828 ], [ 26.69457, 39.31827 ], [ 26.69457, 39.31826 ], [ 26.6945, 39.31825 ], [ 26.69445, 39.31824 ], [ 26.69432, 39.31823 ], [ 26.6943, 39.31828 ], [ 26.69429, 39.31832 ], [ 26.69443, 39.31835 ], [ 26.69443, 39.31836 ], [ 26.69448, 39.31837 ] ] ] ] } },
{ "type": "Feature", "properties": { "adaNo": "506", "fid": 3244, "label": "506" }, "geometry": { "type": "MultiPolygon", "coordinates": [ [ [ [ 26.69461, 39.31802 ], [ 26.6946, 39.31802 ], [ 26.69456, 39.31805 ], [ 26.69448, 39.3181 ], [ 26.69446, 39.31811 ], [ 26.69443, 39.31814 ], [ 26.69442, 39.31814 ], [ 26.69441, 39.31816 ], [ 26.69459, 39.31818 ], [ 26.69468, 39.31819 ], [ 26.69477, 39.31819 ], [ 26.6948, 39.3182 ], [ 26.69487, 39.31821 ], [ 26.69487, 39.3182 ], [ 26.69491, 39.31821 ], [ 26.695, 39.31821 ], [ 26.69503, 39.31822 ], [ 26.69506, 39.31822 ], [ 26.6951, 39.31822 ], [ 26.69521, 39.31823 ], [ 26.69522, 39.31823 ], [ 26.69522, 39.31821 ], [ 26.69536, 39.31821 ], [ 26.69536, 39.31822 ], [ 26.69553, 39.31821 ], [ 26.69553, 39.31815 ], [ 26.69553, 39.3181 ], [ 26.69552, 39.31808 ], [ 26.69546, 39.31808 ], [ 26.69541, 39.31807 ], [ 26.69535, 39.31807 ], [ 26.69521, 39.31805 ], [ 26.6951, 39.31805 ], [ 26.695, 39.31804 ], [ 26.69494, 39.31804 ], [ 26.6949, 39.31804 ], [ 26.69482, 39.31803 ], [ 26.69478, 39.31803 ], [ 26.69467, 39.31802 ], [ 26.69461, 39.31802 ] ] ] ] } },
{ "type": "Feature", "properties": { "adaNo": "507", "fid": 3134, "label": "507" }, "geometry": { "type": "MultiPolygon", "coordinates": [ [ [ [ 26.69626, 39.31777 ], [ 26.6962, 39.31779 ], [ 26.69613, 39.31781 ], [ 26.69602, 39.31783 ], [ 26.69597, 39.31785 ], [ 26.69588, 39.31787 ], [ 26.69585, 39.31789 ], [ 26.6958, 39.31793 ], [ 26.69573, 39.31797 ], [ 26.69569, 39.318 ], [ 26.69559, 39.31805 ], [ 26.69558, 39.3181 ], [ 26.69559, 39.31819 ], [ 26.69566, 39.31818 ], [ 26.69573, 39.31818 ], [ 26.6958, 39.31816 ], [ 26.69584, 39.31815 ], [ 26.69587, 39.31815 ], [ 26.69587, 39.31814 ], [ 26.69594, 39.31811 ], [ 26.69597, 39.31809 ], [ 26.69607, 39.31804 ], [ 26.69611, 39.31801 ], [ 26.69611, 39.31802 ], [ 26.69612, 39.31801 ], [ 26.69614, 39.318 ], [ 26.69622, 39.31794 ], [ 26.69629, 39.3179 ], [ 26.69634, 39.31788 ], [ 26.69637, 39.31786 ], [ 26.69645, 39.31784 ], [ 26.69644, 39.3178 ], [ 26.69643, 39.31777 ], [ 26.69642, 39.31774 ], [ 26.6964, 39.31773 ], [ 26.69633, 39.31775 ], [ 26.69626, 39.31777 ] ] ] ] } },
{ "type": "Feature", "properties": { "adaNo": "508", "fid": 4990, "label": "508" }, "geometry": { "type": "MultiPolygon", "coordinates": [ [ [ [ 26.69605, 39.31751 ], [ 26.69604, 39.31755 ], [ 26.69604, 39.3176 ], [ 26.69603, 39.31766 ], [ 26.69606, 39.31772 ], [ 26.69606, 39.31773 ], [ 26.6961, 39.31779 ], [ 26.69622, 39.31775 ], [ 26.69625, 39.31774 ], [ 26.69629, 39.31772 ], [ 26.69634, 39.31771 ], [ 26.6964, 39.31769 ], [ 26.69638, 39.31762 ], [ 26.69637, 39.31763 ], [ 26.69635, 39.31757 ], [ 26.69632, 39.31748 ], [ 26.69622, 39.31749 ], [ 26.69615, 39.3175 ], [ 26.69605, 39.31751 ] ] ] ] } },
{ "type": "Feature", "properties": { "adaNo": "509", "fid": 3172, "label": "509" }, "geometry": { "type": "MultiPolygon", "coordinates": [ [ [ [ 26.69599, 39.31758 ], [ 26.69592, 39.31759 ], [ 26.69587, 39.31759 ], [ 26.6958, 39.3176 ], [ 26.69579, 39.3176 ], [ 26.69573, 39.31761 ], [ 26.6957, 39.31761 ], [ 26.69519, 39.31767 ], [ 26.69516, 39.31768 ], [ 26.69487, 39.31771 ], [ 26.69487, 39.31783 ], [ 26.69487, 39.31795 ], [ 26.69488, 39.31799 ], [ 26.69512, 39.318 ], [ 26.69513, 39.31798 ], [ 26.69553, 39.318 ], [ 26.69558, 39.31799 ], [ 26.69559, 39.31799 ], [ 26.69582, 39.31783 ], [ 26.69592, 39.31772 ], [ 26.69594, 39.31769 ], [ 26.69597, 39.31766 ], [ 26.69599, 39.31764 ], [ 26.69599, 39.31758 ] ] ] ] } },
{ "type": "Feature", "properties": { "adaNo": "2050", "fid": 1354, "label": "91, 92 → 2050" }, "geometry": { "type": "MultiPolygon", "coordinates": [ [ [ [ 26.69725, 39.32524 ], [ 26.69715, 39.32527 ], [ 26.69709, 39.3253 ], [ 26.69699, 39.32534 ], [ 26.69692, 39.32536 ], [ 26.69695, 39.32541 ], [ 26.69698, 39.32546 ], [ 26.69699, 39.32548 ], [ 26.69703, 39.32555 ], [ 26.69711, 39.32553 ], [ 26.69712, 39.32552 ], [ 26.69708, 39.32544 ], [ 26.69708, 39.32542 ], [ 26.69707, 39.32542 ], [ 26.69714, 39.3254 ], [ 26.69712, 39.32535 ], [ 26.69715, 39.3254 ], [ 26.69721, 39.32538 ], [ 26.69723, 39.3254 ], [ 26.69725, 39.32543 ], [ 26.69727, 39.32547 ], [ 26.69736, 39.32544 ], [ 26.69733, 39.3254 ], [ 26.69731, 39.32535 ], [ 26.69728, 39.3253 ], [ 26.69725, 39.32524 ] ] ] ] } },
{ "type": "Feature", "properties": { "adaNo": "2051", "fid": 1347, "label": "94 → 2051" }, "geometry": { "type": "MultiPolygon", "coordinates": [ [ [ [ 26.69715, 39.32508 ], [ 26.69708, 39.32513 ], [ 26.69702, 39.32516 ], [ 26.69695, 39.32519 ], [ 26.69695, 39.32518 ], [ 26.69684, 39.32522 ], [ 26.69688, 39.32529 ], [ 26.6969, 39.32533 ], [ 26.697, 39.32529 ], [ 26.69705, 39.32527 ], [ 26.69721, 39.32521 ], [ 26.69715, 39.32508 ] ] ] ] } },
{ "type": "Feature", "properties": { "adaNo": "2052", "fid": 1304, "label": "95 → 2052" }, "geometry": { "type": "MultiPolygon", "coordinates": [ [ [ [ 26.69686, 39.32477 ], [ 26.6968, 39.32479 ], [ 26.69674, 39.32481 ], [ 26.6967, 39.32483 ], [ 26.6967, 39.32482 ], [ 26.69662, 39.32485 ], [ 26.69666, 39.32491 ], [ 26.69667, 39.32494 ], [ 26.69669, 39.32497 ], [ 26.69672, 39.32502 ], [ 26.69675, 39.32506 ], [ 26.69683, 39.32503 ], [ 26.6969, 39.32501 ], [ 26.69689, 39.32499 ], [ 26.69688, 39.32499 ], [ 26.69689, 39.32498 ], [ 26.69695, 39.32496 ], [ 26.69697, 39.32495 ], [ 26.69705, 39.32492 ], [ 26.69703, 39.32489 ], [ 26.69701, 39.32486 ], [ 26.69697, 39.3248 ], [ 26.69694, 39.32474 ], [ 26.6969, 39.32476 ], [ 26.69686, 39.32477 ] ] ] ] } },
{ "type": "Feature", "properties": { "adaNo": "2053", "fid": 1287, "label": "96 → 2053" }, "geometry": { "type": "MultiPolygon", "coordinates": [ [ [ [ 26.69698, 39.32469 ], [ 26.69694, 39.32463 ], [ 26.69688, 39.32466 ], [ 26.69684, 39.32467 ], [ 26.69681, 39.32468 ], [ 26.69677, 39.3247 ], [ 26.6967, 39.32472 ], [ 26.69667, 39.32473 ], [ 26.69662, 39.32475 ], [ 26.69657, 39.32477 ], [ 26.69661, 39.32483 ], [ 26.69666, 39.32481 ], [ 26.69672, 39.32479 ], [ 26.69673, 39.32478 ], [ 26.6968, 39.32476 ], [ 26.69685, 39.32474 ], [ 26.69688, 39.32473 ], [ 26.69691, 39.32472 ], [ 26.69698, 39.32469 ] ] ] ] } },
{ "type": "Feature", "properties": { "adaNo": "2054", "fid": 4903, "label": "97 → 2054" }, "geometry": { "type": "MultiPolygon", "coordinates": [ [ [ [ 26.69682, 39.32449 ], [ 26.69677, 39.32451 ], [ 26.6967, 39.32454 ], [ 26.69668, 39.32456 ], [ 26.69665, 39.32457 ], [ 26.69661, 39.32459 ], [ 26.69657, 39.32461 ], [ 26.69649, 39.32465 ], [ 26.69654, 39.32471 ], [ 26.69655, 39.32474 ], [ 26.69663, 39.32471 ], [ 26.69672, 39.32468 ], [ 26.69674, 39.32467 ], [ 26.69682, 39.32464 ], [ 26.69686, 39.32462 ], [ 26.69691, 39.3246 ], [ 26.69697, 39.32458 ], [ 26.69693, 39.32452 ], [ 26.69687, 39.32446 ], [ 26.69682, 39.32449 ] ] ] ] } },
{ "type": "Feature", "properties": { "adaNo": "2061", "fid": 4914, "label": "910 → 2061" }, "geometry": { "type": "MultiPolygon", "coordinates": [ [ [ [ 26.69341, 39.32124 ], [ 26.6934, 39.32118 ], [ 26.69329, 39.3212 ], [ 26.69315, 39.32122 ], [ 26.69317, 39.32128 ], [ 26.69325, 39.32145 ], [ 26.69332, 39.32144 ], [ 26.69346, 39.32141 ], [ 26.69343, 39.32128 ], [ 26.69341, 39.32124 ] ] ] ] } },
{ "type": "Feature", "properties": { "adaNo": "2062", "fid": 1300, "label": "609 → 2062" }, "geometry": { "type": "MultiPolygon", "coordinates": [ [ [ [ 26.69528, 39.32465 ], [ 26.69549, 39.32489 ], [ 26.69556, 39.32498 ], [ 26.69545, 39.32503 ], [ 26.69532, 39.3251 ], [ 26.69529, 39.32511 ], [ 26.69513, 39.32518 ], [ 26.69489, 39.32497 ], [ 26.6948, 39.3249 ], [ 26.69484, 39.32488 ], [ 26.69501, 39.32479 ], [ 26.69506, 39.32477 ], [ 26.69509, 39.32475 ], [ 26.69528, 39.32465 ] ] ] ] } },
{ "type": "Feature", "properties": { "adaNo": "605", "fid": 2222, "label": "543 → 605" }, "geometry": { "type": "MultiPolygon", "coordinates": [ [ [ [ 26.69051, 39.31445 ], [ 26.69036, 39.31453 ], [ 26.69032, 39.31431 ], [ 26.69039, 39.31427 ], [ 26.69051, 39.31445 ] ] ] ] } },
{ "type": "Feature", "properties": { "adaNo": "606", "fid": 2947, "label": "606" }, "geometry": { "type": "MultiPolygon", "coordinates": [ [ [ [ 26.69203, 39.31746 ], [ 26.69204, 39.31733 ], [ 26.69177, 39.31732 ], [ 26.69178, 39.31746 ], [ 26.69176, 39.31761 ], [ 26.69175, 39.31761 ], [ 26.69174, 39.31777 ], [ 26.69195, 39.31779 ], [ 26.69197, 39.31763 ], [ 26.69198, 39.31752 ], [ 26.69199, 39.31747 ], [ 26.69203, 39.31746 ] ] ] ] } },
{ "type": "Feature", "properties": { "adaNo": "607", "fid": 807, "label": "446, 521 → 607" }, "geometry": { "type": "MultiPolygon", "coordinates": [ [ [ [ 26.69354, 39.32008 ], [ 26.69337, 39.32011 ], [ 26.69335, 39.32012 ], [ 26.69315, 39.32016 ], [ 26.69314, 39.32016 ], [ 26.69302, 39.32018 ], [ 26.69294, 39.3202 ], [ 26.69297, 39.32028 ], [ 26.69301, 39.32037 ], [ 26.69313, 39.32035 ], [ 26.69325, 39.32033 ], [ 26.69332, 39.32032 ], [ 26.69339, 39.32031 ], [ 26.69342, 39.32031 ], [ 26.69354, 39.3203 ], [ 26.69361, 39.32029 ], [ 26.69369, 39.32029 ], [ 26.69368, 39.32019 ], [ 26.69367, 39.32012 ], [ 26.69367, 39.32006 ], [ 26.69358, 39.32007 ], [ 26.69358, 39.32008 ], [ 26.69354, 39.32008 ] ] ] ] } },
{ "type": "Feature", "properties": { "adaNo": "608", "fid": 3683, "label": "608" }, "geometry": { "type": "MultiPolygon", "coordinates": [ [ [ [ 26.69226, 39.31927 ], [ 26.69222, 39.31929 ], [ 26.69217, 39.3193 ], [ 26.69214, 39.31931 ], [ 26.69209, 39.31933 ], [ 26.69203, 39.31934 ], [ 26.69209, 39.31945 ], [ 26.6921, 39.31948 ], [ 26.69223, 39.31944 ], [ 26.6923, 39.31941 ], [ 26.69233, 39.3194 ], [ 26.69236, 39.31939 ], [ 26.69235, 39.31936 ], [ 26.69238, 39.31935 ], [ 26.69237, 39.31933 ], [ 26.69237, 39.31932 ], [ 26.69232, 39.31923 ], [ 26.69225, 39.31926 ], [ 26.69226, 39.31927 ] ] ] ] } },
{ "type": "Feature", "properties": { "adaNo": "609", "fid": 1335, "label": "609" }, "geometry": { "type": "MultiPolygon", "coordinates": [ [ [ [ 26.6952, 39.32527 ], [ 26.69525, 39.32533 ], [ 26.69529, 39.32538 ], [ 26.69546, 39.32529 ], [ 26.69557, 39.32525 ], [ 26.69562, 39.32523 ], [ 26.69573, 39.32518 ], [ 26.69568, 39.32513 ], [ 26.69565, 39.32509 ], [ 26.69564, 39.32507 ], [ 26.69561, 39.32504 ], [ 26.69556, 39.32498 ], [ 26.69545, 39.32503 ], [ 26.69532, 39.3251 ], [ 26.69529, 39.32511 ], [ 26.69513, 39.32518 ], [ 26.69517, 39.32524 ], [ 26.6952, 39.32527 ] ] ], [ [ [ 26.69564, 39.32527 ], [ 26.69562, 39.32527 ], [ 26.69561, 39.32528 ], [ 26.69559, 39.32529 ], [ 26.6955, 39.32533 ], [ 26.69553, 39.32539 ], [ 26.69563, 39.32534 ], [ 26.69568, 39.32532 ], [ 26.69582, 39.32526 ], [ 26.69577, 39.32521 ], [ 26.69576, 39.32521 ], [ 26.69565, 39.32526 ], [ 26.69564, 39.32527 ] ] ], [ [ [ 26.69546, 39.32535 ], [ 26.69533, 39.32541 ], [ 26.69537, 39.32546 ], [ 26.6955, 39.32541 ], [ 26.69546, 39.32535 ] ] ] ] } },
{ "type": "Feature", "properties": { "adaNo": "2038", "fid": 957, "label": "57 → 2038" }, "geometry": { "type": "MultiPolygon", "coordinates": [ [ [ [ 26.6928, 39.32128 ], [ 26.69275, 39.32112 ], [ 26.69249, 39.32116 ], [ 26.69259, 39.32144 ], [ 26.6926, 39.32149 ], [ 26.69263, 39.32158 ], [ 26.69279, 39.32155 ], [ 26.69289, 39.32152 ], [ 26.69285, 39.32144 ], [ 26.69284, 39.32139 ], [ 26.6928, 39.32128 ] ] ] ] } },
{ "type": "Feature", "properties": { "adaNo": "2039", "fid": 985, "label": "58 → 2039" }, "geometry": { "type": "MultiPolygon", "coordinates": [ [ [ [ 26.69263, 39.32161 ], [ 26.6927, 39.32159 ], [ 26.69291, 39.32155 ], [ 26.69296, 39.32167 ], [ 26.69275, 39.32171 ], [ 26.69268, 39.32172 ], [ 26.69263, 39.32161 ] ] ] ] } },
{ "type": "Feature", "properties": { "adaNo": "2040", "fid": 1010, "label": "59 → 2040" }, "geometry": { "type": "MultiPolygon", "coordinates": [ [ [ [ 26.693, 39.32181 ], [ 26.69302, 39.3218 ], [ 26.69297, 39.32169 ], [ 26.69276, 39.32173 ], [ 26.6927, 39.32175 ], [ 26.69275, 39.32187 ], [ 26.69281, 39.32185 ], [ 26.69282, 39.32188 ], [ 26.6928, 39.32188 ], [ 26.69283, 39.32194 ], [ 26.69285, 39.32194 ], [ 26.69286, 39.32196 ], [ 26.69291, 39.32195 ], [ 26.69299, 39.32193 ], [ 26.69303, 39.32192 ], [ 26.69304, 39.32191 ], [ 26.69303, 39.32189 ], [ 26.69302, 39.32188 ], [ 26.69301, 39.32186 ], [ 26.69301, 39.32185 ], [ 26.693, 39.32183 ], [ 26.69299, 39.32183 ], [ 26.69291, 39.32185 ], [ 26.6929, 39.32183 ], [ 26.693, 39.32181 ] ] ] ] } },
{ "type": "Feature", "properties": { "adaNo": "2041", "fid": 1048, "label": "907 → 2041" }, "geometry": { "type": "MultiPolygon", "coordinates": [ [ [ [ 26.69314, 39.32193 ], [ 26.69308, 39.32194 ], [ 26.69284, 39.322 ], [ 26.69292, 39.32212 ], [ 26.69298, 39.3221 ], [ 26.69312, 39.32236 ], [ 26.69308, 39.32238 ], [ 26.69312, 39.32248 ], [ 26.69312, 39.32249 ], [ 26.69316, 39.3226 ], [ 26.69319, 39.32259 ], [ 26.69325, 39.32267 ], [ 26.69332, 39.32264 ], [ 26.69347, 39.32259 ], [ 26.69349, 39.32258 ], [ 26.69361, 39.32254 ], [ 26.6937, 39.32251 ], [ 26.69365, 39.32242 ], [ 26.69359, 39.32231 ], [ 26.69354, 39.32222 ], [ 26.69347, 39.32208 ], [ 26.69345, 39.32203 ], [ 26.69343, 39.32199 ], [ 26.69341, 39.32193 ], [ 26.6934, 39.32193 ], [ 26.69338, 39.32188 ], [ 26.69338, 39.32187 ], [ 26.69314, 39.32193 ] ] ] ] } },
{ "type": "Feature", "properties": { "adaNo": "2042", "fid": 1219, "label": "63 → 2042" }, "geometry": { "type": "MultiPolygon", "coordinates": [ [ [ [ 26.69376, 39.32326 ], [ 26.69371, 39.32316 ], [ 26.69332, 39.32329 ], [ 26.6933, 39.32329 ], [ 26.69337, 39.32342 ], [ 26.69343, 39.32351 ], [ 26.69346, 39.3235 ], [ 26.69356, 39.32346 ], [ 26.69374, 39.32339 ], [ 26.69382, 39.32337 ], [ 26.69377, 39.32328 ], [ 26.69376, 39.32326 ] ] ] ] } },
{ "type": "Feature", "properties": { "adaNo": "2047", "fid": 1282, "label": "73 → 2047" }, "geometry": { "type": "MultiPolygon", "coordinates": [ [ [ [ 26.69481, 39.32442 ], [ 26.69458, 39.32451 ], [ 26.69457, 39.32451 ], [ 26.69455, 39.32456 ], [ 26.69456, 39.32456 ], [ 26.69474, 39.32489 ], [ 26.69484, 39.32483 ], [ 26.69503, 39.32473 ], [ 26.69487, 39.32451 ], [ 26.69484, 39.32445 ], [ 26.69481, 39.32442 ] ] ] ] } },
{ "type": "Feature", "properties": { "adaNo": "2048", "fid": 1377, "label": "76 → 2048" }, "geometry": { "type": "MultiPolygon", "coordinates": [ [ [ [ 26.69583, 39.32529 ], [ 26.69567, 39.32536 ], [ 26.69563, 39.32538 ], [ 26.69546, 39.32545 ], [ 26.69546, 39.32546 ], [ 26.69558, 39.32556 ], [ 26.69562, 39.32563 ], [ 26.69565, 39.32568 ], [ 26.69567, 39.3257 ], [ 26.69584, 39.32562 ], [ 26.69597, 39.32556 ], [ 26.69603, 39.32553 ], [ 26.69598, 39.32546 ], [ 26.69583, 39.32529 ] ] ] ] } },
{ "type": "Feature", "properties": { "adaNo": "2049", "fid": 1381, "label": "77 → 2049" }, "geometry": { "type": "MultiPolygon", "coordinates": [ [ [ [ 26.69598, 39.32558 ], [ 26.69589, 39.32563 ], [ 26.69579, 39.32567 ], [ 26.69585, 39.32575 ], [ 26.69611, 39.32563 ], [ 26.69605, 39.32555 ], [ 26.69598, 39.32558 ] ] ], [ [ [ 26.69595, 39.32588 ], [ 26.69606, 39.32585 ], [ 26.69608, 39.32587 ], [ 26.69609, 39.32587 ], [ 26.6961, 39.32589 ], [ 26.69608, 39.3259 ], [ 26.69615, 39.32599 ], [ 26.69632, 39.32593 ], [ 26.69635, 39.32591 ], [ 26.69628, 39.32583 ], [ 26.69624, 39.32577 ], [ 26.69611, 39.32563 ], [ 26.69585, 39.32576 ], [ 26.69595, 39.32588 ] ] ] ] } },
{ "type": "Feature", "properties": { "adaNo": "2208", "fid": 25, "label": "21 → 2208" }, "geometry": { "type": "MultiPolygon", "coordinates": [ [ [ [ 26.69068, 39.31415 ], [ 26.69071, 39.31419 ], [ 26.69073, 39.31423 ], [ 26.69071, 39.31424 ], [ 26.69069, 39.31425 ], [ 26.69065, 39.31417 ], [ 26.69052, 39.31422 ], [ 26.69042, 39.31426 ], [ 26.69048, 39.31435 ], [ 26.69054, 39.31444 ], [ 26.69065, 39.31439 ], [ 26.69077, 39.31434 ], [ 26.69086, 39.31429 ], [ 26.69083, 39.31425 ], [ 26.69081, 39.3142 ], [ 26.69078, 39.31416 ], [ 26.69076, 39.31412 ], [ 26.69068, 39.31415 ] ] ] ] } },
{ "type": "Feature", "properties": { "adaNo": "2209", "fid": 26, "label": "20 → 2209" }, "geometry": { "type": "MultiPolygon", "coordinates": [ [ [ [ 26.6904, 39.31424 ], [ 26.69035, 39.31414 ], [ 26.69058, 39.31403 ], [ 26.69057, 39.31401 ], [ 26.69066, 39.31397 ], [ 26.69069, 39.31401 ], [ 26.69074, 39.3141 ], [ 26.69061, 39.31415 ], [ 26.69057, 39.31417 ], [ 26.6904, 39.31424 ] ] ] ] } },
{ "type": "Feature", "properties": { "adaNo": "2210", "fid": 21, "label": "19 → 2210" }, "geometry": { "type": "MultiPolygon", "coordinates": [ [ [ [ 26.69054, 39.31383 ], [ 26.6905, 39.31378 ], [ 26.69041, 39.31384 ], [ 26.69036, 39.31387 ], [ 26.69019, 39.31397 ], [ 26.69024, 39.31405 ], [ 26.69028, 39.31414 ], [ 26.69049, 39.31403 ], [ 26.69064, 39.31395 ], [ 26.69058, 39.31387 ], [ 26.69054, 39.31383 ] ] ] ] } },
{ "type": "Feature", "properties": { "adaNo": "2211", "fid": 18, "label": "18 → 2211" }, "geometry": { "type": "MultiPolygon", "coordinates": [ [ [ [ 26.69031, 39.31361 ], [ 26.6903, 39.31362 ], [ 26.69019, 39.31355 ], [ 26.69004, 39.31369 ], [ 26.69011, 39.31378 ], [ 26.69014, 39.31384 ], [ 26.69018, 39.31393 ], [ 26.69019, 39.31393 ], [ 26.69048, 39.31375 ], [ 26.69037, 39.31367 ], [ 26.69031, 39.31361 ] ] ] ] } },
{ "type": "Feature", "properties": { "adaNo": "2212", "fid": 17, "label": "17 → 2212" }, "geometry": { "type": "MultiPolygon", "coordinates": [ [ [ [ 26.68998, 39.31357 ], [ 26.68999, 39.31356 ], [ 26.69006, 39.31347 ], [ 26.69017, 39.31353 ], [ 26.69007, 39.31362 ], [ 26.69002, 39.31366 ], [ 26.68998, 39.31357 ] ] ] ] } },
{ "type": "Feature", "properties": { "adaNo": "2213", "fid": 8, "label": "16 → 2213" }, "geometry": { "type": "MultiPolygon", "coordinates": [ [ [ [ 26.69021, 39.31329 ], [ 26.69018, 39.31333 ], [ 26.69016, 39.31336 ], [ 26.69012, 39.31342 ], [ 26.6901, 39.31345 ], [ 26.69013, 39.31347 ], [ 26.69019, 39.3135 ], [ 26.69025, 39.31344 ], [ 26.6903, 39.31339 ], [ 26.69034, 39.31336 ], [ 26.69042, 39.31328 ], [ 26.69037, 39.31326 ], [ 26.69032, 39.31323 ], [ 26.69026, 39.31321 ], [ 26.69024, 39.31324 ], [ 26.69021, 39.31329 ] ] ] ] } },
{ "type": "Feature", "properties": { "adaNo": "2214", "fid": 4, "label": "15 → 2214" }, "geometry": { "type": "MultiPolygon", "coordinates": [ [ [ [ 26.69014, 39.31332 ], [ 26.69017, 39.31329 ], [ 26.69021, 39.31323 ], [ 26.69023, 39.3132 ], [ 26.69014, 39.31317 ], [ 26.69004, 39.31314 ], [ 26.69001, 39.3132 ], [ 26.68997, 39.31325 ], [ 26.68995, 39.31328 ], [ 26.6899, 39.31335 ], [ 26.68996, 39.31338 ], [ 26.69001, 39.31341 ], [ 26.69006, 39.31343 ], [ 26.69011, 39.31336 ], [ 26.69014, 39.31332 ] ] ] ] } },
{ "type": "Feature", "properties": { "adaNo": "2215", "fid": 1, "label": "14 → 2215" }, "geometry": { "type": "MultiPolygon", "coordinates": [ [ [ [ 26.68884, 39.31262 ], [ 26.68878, 39.31274 ], [ 26.68894, 39.31282 ], [ 26.6891, 39.3129 ], [ 26.6892, 39.31295 ], [ 26.68921, 39.31296 ], [ 26.6892, 39.31296 ], [ 26.68927, 39.313 ], [ 26.68935, 39.31304 ], [ 26.68952, 39.31312 ], [ 26.68957, 39.31314 ], [ 26.68958, 39.31315 ], [ 26.68965, 39.3132 ], [ 26.68966, 39.3132 ], [ 26.6897, 39.31323 ], [ 26.68974, 39.31325 ], [ 26.68975, 39.31326 ], [ 26.68988, 39.31334 ], [ 26.69001, 39.31314 ], [ 26.68982, 39.31305 ], [ 26.68963, 39.31297 ], [ 26.68963, 39.31296 ], [ 26.68947, 39.31288 ], [ 26.68939, 39.31284 ], [ 26.6893, 39.3128 ], [ 26.6892, 39.31276 ], [ 26.68919, 39.31277 ], [ 26.68904, 39.31271 ], [ 26.68885, 39.31263 ], [ 26.68884, 39.31262 ] ] ] ] } },
{ "type": "Feature", "properties": { "adaNo": "2216", "fid": 1587, "label": "160 → 2216" }, "geometry": { "type": "MultiPolygon", "coordinates": [ [ [ [ 26.69045, 39.31198 ], [ 26.6903, 39.31197 ], [ 26.69024, 39.31196 ], [ 26.69023, 39.31198 ], [ 26.69019, 39.31197 ], [ 26.68999, 39.31196 ], [ 26.69, 39.31194 ], [ 26.68979, 39.31193 ], [ 26.68971, 39.31193 ], [ 26.68957, 39.31192 ], [ 26.68951, 39.31192 ], [ 26.6892, 39.31189 ], [ 26.68896, 39.31237 ], [ 26.68891, 39.31248 ], [ 26.6889, 39.3125 ], [ 26.68887, 39.31256 ], [ 26.68895, 39.3126 ], [ 26.68901, 39.31262 ], [ 26.6891, 39.31266 ], [ 26.68916, 39.31269 ], [ 26.6892, 39.3127 ], [ 26.68954, 39.31285 ], [ 26.68957, 39.31287 ], [ 26.68968, 39.31292 ], [ 26.68979, 39.31297 ], [ 26.68987, 39.31283 ], [ 26.68998, 39.31268 ], [ 26.69007, 39.31253 ], [ 26.69021, 39.31234 ], [ 26.69032, 39.3122 ], [ 26.6904, 39.31211 ], [ 26.69045, 39.31203 ], [ 26.69047, 39.31201 ], [ 26.69045, 39.31198 ] ] ] ] } },
{ "type": "Feature", "properties": { "adaNo": "1389", "fid": 1134, "label": "360 → 1389" }, "geometry": { "type": "MultiPolygon", "coordinates": [ [ [ [ 26.69446, 39.3228 ], [ 26.69454, 39.32277 ], [ 26.6945, 39.32271 ], [ 26.69449, 39.32268 ], [ 26.69438, 39.32272 ], [ 26.69431, 39.32274 ], [ 26.69424, 39.32276 ], [ 26.69416, 39.32279 ], [ 26.69407, 39.32282 ], [ 26.69411, 39.32291 ], [ 26.69428, 39.32285 ], [ 26.69435, 39.32283 ], [ 26.69436, 39.32283 ], [ 26.69443, 39.32281 ], [ 26.69444, 39.32281 ], [ 26.69446, 39.3228 ] ] ] ] } },
{ "type": "Feature", "properties": { "adaNo": "1264", "fid": 3120, "label": "541 → 1264" }, "geometry": { "type": "MultiPolygon", "coordinates": [ [ [ [ 26.69955, 39.3179 ], [ 26.69955, 39.31785 ], [ 26.69955, 39.31783 ], [ 26.69956, 39.31778 ], [ 26.69948, 39.31778 ], [ 26.69945, 39.31777 ], [ 26.69938, 39.31777 ], [ 26.69937, 39.31779 ], [ 26.69937, 39.31783 ], [ 26.69936, 39.31789 ], [ 26.69936, 39.31793 ], [ 26.69941, 39.31793 ], [ 26.69942, 39.31793 ], [ 26.69942, 39.3179 ], [ 26.69941, 39.31789 ], [ 26.69944, 39.3179 ], [ 26.69955, 39.3179 ] ] ] ] } },
{ "type": "Feature", "properties": { "adaNo": "1269", "fid": 1415, "label": "90 → 1269" }, "geometry": { "type": "MultiPolygon", "coordinates": [ [ [ [ 26.69708, 39.32624 ], [ 26.69692, 39.32628 ], [ 26.69697, 39.32634 ], [ 26.69699, 39.32634 ], [ 26.69707, 39.32645 ], [ 26.69713, 39.32652 ], [ 26.69711, 39.32653 ], [ 26.69717, 39.32661 ], [ 26.69722, 39.32666 ], [ 26.6973, 39.32675 ], [ 26.69721, 39.32679 ], [ 26.6973, 39.32692 ], [ 26.69733, 39.32691 ], [ 26.69733, 39.32692 ], [ 26.69741, 39.32693 ], [ 26.69745, 39.32692 ], [ 26.69767, 39.32722 ], [ 26.69799, 39.32711 ], [ 26.69797, 39.327 ], [ 26.69781, 39.32682 ], [ 26.69765, 39.32662 ], [ 26.69754, 39.32649 ], [ 26.6975, 39.3265 ], [ 26.69731, 39.32625 ], [ 26.69727, 39.32618 ], [ 26.69715, 39.32621 ], [ 26.69708, 39.32624 ] ] ], [ [ [ 26.69752, 39.3271 ], [ 26.69741, 39.32693 ], [ 26.69734, 39.32696 ], [ 26.69746, 39.32713 ], [ 26.69752, 39.3271 ] ] ] ] } },
{ "type": "Feature", "properties": { "adaNo": "1398", "fid": 1139, "label": "361 → 1398" }, "geometry": { "type": "MultiPolygon", "coordinates": [ [ [ [ 26.69446, 39.32282 ], [ 26.69441, 39.32284 ], [ 26.69431, 39.32287 ], [ 26.69425, 39.32289 ], [ 26.69412, 39.32293 ], [ 26.69416, 39.323 ], [ 26.69425, 39.32297 ], [ 26.69429, 39.32296 ], [ 26.69435, 39.32295 ], [ 26.6944, 39.32293 ], [ 26.69445, 39.32292 ], [ 26.69452, 39.3229 ], [ 26.69461, 39.32287 ], [ 26.69457, 39.32282 ], [ 26.69455, 39.32279 ], [ 26.69446, 39.32282 ] ] ] ] } },
{ "type": "Feature", "properties": { "adaNo": "1494", "fid": 4259, "label": "901 → 1494" }, "geometry": { "type": "MultiPolygon", "coordinates": [ [ [ [ 26.69816, 39.32647 ], [ 26.69778, 39.32662 ], [ 26.69798, 39.32688 ], [ 26.69813, 39.32706 ], [ 26.69846, 39.32694 ], [ 26.69832, 39.32675 ], [ 26.69816, 39.32647 ] ] ] ] } },
{ "type": "Feature", "properties": { "adaNo": "2037", "fid": 5263, "label": "93 → 2037" }, "geometry": { "type": "MultiPolygon", "coordinates": [ [ [ [ 26.6974, 39.32542 ], [ 26.69722, 39.3251 ], [ 26.69722, 39.32508 ], [ 26.69742, 39.32502 ], [ 26.69741, 39.32497 ], [ 26.6974, 39.32492 ], [ 26.69738, 39.3249 ], [ 26.69735, 39.32492 ], [ 26.6973, 39.32484 ], [ 26.69737, 39.32482 ], [ 26.69743, 39.32479 ], [ 26.697606733265086, 39.324723290138465 ], [ 26.69767175719215, 39.324878060284959 ], [ 26.69776, 39.32509 ], [ 26.69782, 39.32526 ], [ 26.69781, 39.32528 ], [ 26.6974, 39.32542 ] ] ] ] } },
{ "type": "Feature", "properties": { "adaNo": "2055", "fid": 5264, "label": "98 -> 2055" }, "geometry": { "type": "MultiPolygon", "coordinates": [ [ [ [ 26.69701, 39.32457 ], [ 26.69691, 39.32444 ], [ 26.69698, 39.32441 ], [ 26.697, 39.3244 ], [ 26.69705, 39.32438 ], [ 26.69709, 39.32436 ], [ 26.69709, 39.32435 ], [ 26.69717, 39.32432 ], [ 26.69719, 39.3243 ], [ 26.6972, 39.32432 ], [ 26.69722, 39.32432 ], [ 26.6973, 39.32429 ], [ 26.69739, 39.32443 ], [ 26.69727, 39.32448 ], [ 26.69721, 39.3245 ], [ 26.69714, 39.32453 ], [ 26.69711, 39.32454 ], [ 26.69701, 39.32457 ] ] ] ] } },
{ "type": "Feature", "properties": { "adaNo": "572", "fid": 5265, "label": "572" }, "geometry": { "type": "MultiPolygon", "coordinates": [ [ [ [ 26.69748, 39.32446 ], [ 26.69753, 39.32455 ], [ 26.69758, 39.32467 ], [ 26.69731, 39.32477 ], [ 26.69725, 39.32467 ], [ 26.69724, 39.32464 ], [ 26.69719, 39.32457 ], [ 26.69726, 39.32454 ], [ 26.69735, 39.32451 ], [ 26.69748, 39.32446 ] ] ] ] } },
{ "type": "Feature", "properties": { "adaNo": "2056", "fid": null, "label": "99 -> 2056" }, "geometry": { "type": "MultiPolygon", "coordinates": [ [ [ [ 26.69689, 39.32441 ], [ 26.69685, 39.32437 ], [ 26.69681, 39.32431 ], [ 26.69677, 39.32427 ], [ 26.69676, 39.32424 ], [ 26.69685, 39.32418 ], [ 26.69692, 39.32414 ], [ 26.69693, 39.32413 ], [ 26.69701, 39.32409 ], [ 26.69702, 39.32409 ], [ 26.69703, 39.32408 ], [ 26.69708, 39.32408 ], [ 26.69715, 39.32417 ], [ 26.69717, 39.32421 ], [ 26.69721, 39.32426 ], [ 26.69716, 39.32429 ], [ 26.69711, 39.32431 ], [ 26.69707, 39.32433 ], [ 26.69699, 39.32436 ], [ 26.69696, 39.32438 ], [ 26.69689, 39.32441 ] ] ] ] } },
{ "type": "Feature", "properties": { "adaNo": "554", "fid": null, "label": "554" }, "geometry": { "type": "MultiPolygon", "coordinates": [ [ [ [ 26.69724, 39.32425 ], [ 26.69713, 39.32408 ], [ 26.69716, 39.32407 ], [ 26.6973, 39.32405 ], [ 26.69737, 39.32419 ], [ 26.69725, 39.32424 ], [ 26.69724, 39.32425 ] ] ] ] } },
{ "type": "Feature", "properties": { "adaNo": "239", "fid": null, "label": "239" }, "geometry": { "type": "MultiPolygon", "coordinates": [ [ [ [ 26.69673, 39.32397 ], [ 26.69678, 39.32393 ], [ 26.69684, 39.3239 ], [ 26.69688, 39.32387 ], [ 26.69689, 39.32388 ], [ 26.69695, 39.32392 ], [ 26.69691, 39.32395 ], [ 26.6969, 39.32395 ], [ 26.69686, 39.32398 ], [ 26.69685, 39.32399 ], [ 26.69679, 39.32403 ], [ 26.69673, 39.32397 ] ] ] ] } },
{ "type": "Feature", "properties": { "adaNo": "635", "fid": null, "label": "237,238 -> 635" }, "geometry": { "type": "MultiPolygon", "coordinates": [ [ [ [ 26.69673, 39.32421 ], [ 26.69668, 39.32415 ], [ 26.69672, 39.32414 ], [ 26.69681, 39.32407 ], [ 26.69687, 39.32403 ], [ 26.69688, 39.32402 ], [ 26.69693, 39.32399 ], [ 26.69697, 39.32396 ], [ 26.69701, 39.32394 ], [ 26.69705, 39.32397 ], [ 26.69708, 39.32396 ], [ 26.69704, 39.32391 ], [ 26.69699, 39.32388 ], [ 26.6971, 39.32381 ], [ 26.69712, 39.32383 ], [ 26.69711, 39.32383 ], [ 26.69718, 39.32391 ], [ 26.69721, 39.32394 ], [ 26.69725, 39.32399 ], [ 26.69717, 39.32403 ], [ 26.69711, 39.32405 ], [ 26.69707, 39.32406 ], [ 26.69704, 39.32403 ], [ 26.697, 39.32405 ], [ 26.697, 39.32406 ], [ 26.69696, 39.32409 ], [ 26.69694, 39.3241 ], [ 26.69689, 39.32412 ], [ 26.69687, 39.32413 ], [ 26.69673, 39.32421 ] ] ] ] } },
{ "type": "Feature", "properties": { "adaNo": "104", "fid": null, "label": "104" }, "geometry": { "type": "MultiPolygon", "coordinates": [ [ [ [ 26.696234921317402, 39.323045398348938 ], [ 26.69628661797169, 39.323043862300246 ], [ 26.696294989744548, 39.3231497366681 ], [ 26.696351149104792, 39.323149553773618 ], [ 26.69635723413494, 39.323159688565489 ], [ 26.69642880130608, 39.323145295290992 ], [ 26.696470059569656, 39.323198962067117 ], [ 26.696505117086645, 39.323236384509464 ], [ 26.696539884342648, 39.323274892246062 ], [ 26.696590542550585, 39.323320528990976 ], [ 26.696596948413916, 39.323326568704687 ], [ 26.696632416228997, 39.323352908524832 ], [ 26.696664621618456, 39.323334863078387 ], [ 26.696727334766017, 39.323368016139355 ], [ 26.696663583135081, 39.323416761216535 ], [ 26.696594391417616, 39.323391449388744 ], [ 26.696595759037226, 39.323390064841568 ], [ 26.696550465937271, 39.323367970003524 ], [ 26.696530812115547, 39.32335962834609 ], [ 26.69647789178681, 39.323325345212723 ], [ 26.696436038300266, 39.323299973180816 ], [ 26.696420556007709, 39.323290589498995 ], [ 26.696377916379809, 39.323264745987771 ], [ 26.696361873838985, 39.323248977427056 ], [ 26.696335550831655, 39.323223103965539 ], [ 26.696285669834658, 39.323174074812783 ], [ 26.696262717284025, 39.323178690226747 ], [ 26.696241128002434, 39.323113751928069 ], [ 26.696234921317402, 39.323045398348938 ] ] ] ] } },
{ "type": "Feature", "properties": { "adaNo": "2037", "fid": null, "label": "100, 101, 102, 103, 558 -> 2037" }, "geometry": { "type": "MultiPolygon", "coordinates": [ [ [ [ 26.69691, 39.32341 ], [ 26.69683, 39.32348 ], [ 26.69676, 39.32345 ], [ 26.6967, 39.32342 ], [ 26.69682, 39.32334 ], [ 26.696953226231475, 39.323267371792383 ], [ 26.697036089648574, 39.323341849304676 ], [ 26.697090161183134, 39.323310350920629 ], [ 26.69719, 39.3234 ], [ 26.6972, 39.32342 ], [ 26.69729, 39.32351 ], [ 26.69749, 39.32361 ], [ 26.697751708487189, 39.323501863563493 ], [ 26.69779, 39.32357 ], [ 26.69776, 39.32358 ], [ 26.69783, 39.32371 ], [ 26.69781, 39.32372 ], [ 26.69793, 39.32391 ], [ 26.69776, 39.32399 ], [ 26.69773, 39.32401 ], [ 26.69772, 39.32408 ], [ 26.69773, 39.32409 ], [ 26.697796490425912, 39.324207967249031 ], [ 26.69804, 39.32464 ], [ 26.69773, 39.32474 ], [ 26.69747, 39.32419 ], [ 26.697685434099977, 39.32408806392251 ], [ 26.697698563931411, 39.324004390409485 ], [ 26.697731891799386, 39.323948918827448 ], [ 26.69763, 39.3238 ], [ 26.69759, 39.32383 ], [ 26.69731, 39.32396 ], [ 26.69728, 39.32391 ], [ 26.6972, 39.32382 ], [ 26.69716, 39.32379 ], [ 26.69711, 39.32375 ], [ 26.69706, 39.32369 ], [ 26.69704, 39.32368 ], [ 26.69703, 39.32364 ], [ 26.69698, 39.32352 ], [ 26.69691, 39.32341 ] ] ] ] } },
{ "type": "Feature", "properties": { "adaNo": "557", "fid": null, "label": "557" }, "geometry": { "type": "MultiPolygon", "coordinates": [ [ [ [ 26.69744, 39.32416 ], [ 26.69733, 39.32399 ], [ 26.69742, 39.32395 ], [ 26.69743, 39.32394 ], [ 26.69755, 39.32388 ], [ 26.69757, 39.32388 ], [ 26.69767, 39.32402 ], [ 26.69752, 39.32412 ], [ 26.69751, 39.32412 ], [ 26.69744, 39.32416 ] ] ] ] } },
{ "type": "Feature", "properties": { "adaNo": "266", "fid": null, "label": "266" }, "geometry": { "type": "MultiPolygon", "coordinates": [ [ [ [ 26.701253677001272, 39.319793098864359 ], [ 26.701227665134887, 39.319756403374448 ], [ 26.701153429310612, 39.319653028489157 ], [ 26.701042075574197, 39.31954391038893 ], [ 26.701027228409338, 39.319500837407773 ], [ 26.700997534079633, 39.319429049046917 ], [ 26.700986398705989, 39.319319930597302 ], [ 26.70097155154113, 39.319090206989159 ], [ 26.700943490586457, 39.318766745296784 ], [ 26.700932699486494, 39.318761349747625 ], [ 26.700748511256904, 39.318665532254066 ], [ 26.7007, 39.31864 ], [ 26.700580122087779, 39.318592048846092 ], [ 26.70045, 39.31855 ], [ 26.700303605226996, 39.318510058264344 ], [ 26.70021, 39.31849 ], [ 26.70005, 39.31846 ], [ 26.69966, 39.31836 ], [ 26.69951, 39.31835 ], [ 26.69942, 39.31868 ], [ 26.69939, 39.31879 ], [ 26.69936, 39.31888 ], [ 26.69935, 39.31891 ], [ 26.69934, 39.31896 ], [ 26.69932, 39.31902 ], [ 26.6993, 39.31908 ], [ 26.69936, 39.3191 ], [ 26.699408881016222, 39.31911755240715 ], [ 26.69947, 39.31914 ], [ 26.6995, 39.31916 ], [ 26.69957, 39.31919 ], [ 26.69967, 39.31923 ], [ 26.6997, 39.31924 ], [ 26.69977, 39.31927 ], [ 26.69978, 39.31928 ], [ 26.69982714790866, 39.319303573958791 ], [ 26.69997, 39.31937 ], [ 26.70013, 39.31947 ], [ 26.70027, 39.31958 ], [ 26.700307219701887, 39.319611493611582 ], [ 26.7004, 39.31969 ], [ 26.70054, 39.3198 ], [ 26.70065, 39.3199 ], [ 26.701253677001272, 39.319793098864359 ] ] ] ] } },
{ "type": "Feature", "properties": { "adaNo": "121", "fid": null, "label": "121" }, "geometry": { "type": "MultiPolygon", "coordinates": [ [ [ [ 26.699, 39.31968 ], [ 26.69919, 39.31925 ], [ 26.699191901183461, 39.319245475296434 ], [ 26.69917, 39.31924 ], [ 26.69923, 39.31912 ], [ 26.69966, 39.3193 ], [ 26.699763177772134, 39.31933799074892 ], [ 26.69996, 39.31942 ], [ 26.69975, 39.31964 ], [ 26.69984, 39.31968 ], [ 26.69995, 39.31974 ], [ 26.69999, 39.31976 ], [ 26.70001, 39.31976 ], [ 26.70006, 39.3198 ], [ 26.7001, 39.31981 ], [ 26.70024, 39.31967 ], [ 26.70056, 39.31991 ], [ 26.69986, 39.32003 ], [ 26.69971, 39.32001 ], [ 26.69947, 39.31997 ], [ 26.699501480340412, 39.319867688913902 ], [ 26.6994, 39.31983 ], [ 26.6992, 39.31975 ], [ 26.699, 39.31968 ] ] ] ] } },
{ "type": "Feature", "properties": { "adaNo": "1831", "fid": null, "label": "121 -> 1831" }, "geometry": { "type": "MultiPolygon", "coordinates": [ [ [ [ 26.69989, 39.31953 ], [ 26.6998, 39.31963 ], [ 26.6998, 39.31964 ], [ 26.69985, 39.31967 ], [ 26.69991, 39.3197 ], [ 26.70007, 39.31978 ], [ 26.70019, 39.31966 ], [ 26.70013, 39.31963 ], [ 26.70006, 39.31961 ], [ 26.69999, 39.31957 ], [ 26.69989, 39.31953 ] ] ] ] } },
{ "type": "Feature", "properties": { "adaNo": "2037", "fid": null, "label": "91 -> 2037" }, "geometry": { "type": "MultiPolygon", "coordinates": [ [ [ [ 26.69704, 39.32559 ], [ 26.69738, 39.32547 ], [ 26.69746, 39.32562 ], [ 26.69748, 39.32567 ], [ 26.697488858606693, 39.325696575826434 ], [ 26.6975, 39.32573 ], [ 26.6976, 39.32592 ], [ 26.69763, 39.32591 ], [ 26.69774, 39.32611 ], [ 26.69761, 39.32615 ], [ 26.69763, 39.32618 ], [ 26.69762, 39.32619 ], [ 26.69753, 39.32622 ], [ 26.69744, 39.32622 ], [ 26.69741, 39.32613 ], [ 26.6974, 39.32603 ], [ 26.69742, 39.32603 ], [ 26.6974, 39.32601 ], [ 26.69733, 39.32604 ], [ 26.6972, 39.32588 ], [ 26.69704, 39.32559 ] ] ] ] } },
{ "type": "Feature", "properties": { "adaNo": "2037", "fid": null, "label": "105 -> 2037" }, "geometry": { "type": "MultiPolygon", "coordinates": [ [ [ [ 26.69644, 39.32269 ], [ 26.69642, 39.32271 ], [ 26.69642, 39.32279 ], [ 26.69643, 39.32283 ], [ 26.696454278488783, 39.32295658824652 ], [ 26.69660646192856, 39.322944384833285 ], [ 26.696611101667582, 39.322928592177696 ], [ 26.696635228310466, 39.322930745721848 ], [ 26.696664058927038, 39.322892176785281 ], [ 26.69666, 39.32288 ], [ 26.69666, 39.32282 ], [ 26.6966, 39.32267 ], [ 26.696536381523998, 39.322682269746124 ], [ 26.696503501959068, 39.322687749673598 ], [ 26.69649, 39.32269 ], [ 26.69644, 39.32269 ] ] ] ] } },
{ "type": "Feature", "properties": { "adaNo": "110", "fid": null, "label": "110" }, "geometry": { "type": "MultiPolygon", "coordinates": [ [ [ [ 26.6961, 39.32085 ], [ 26.6962, 39.32085 ], [ 26.69625, 39.32085 ], [ 26.69632, 39.32088 ], [ 26.69632, 39.32094 ], [ 26.696339390535108, 39.321014330467293 ], [ 26.696358039933745, 39.321085819833762 ], [ 26.69638, 39.32117 ], [ 26.69626, 39.32123 ], [ 26.696206779159699, 39.321167909023146 ], [ 26.696187050233423, 39.321140575351585 ], [ 26.69616, 39.32109 ], [ 26.69613, 39.32105 ], [ 26.69612, 39.32102 ], [ 26.69611, 39.32097 ], [ 26.69611, 39.3209 ], [ 26.6961, 39.32085 ] ] ] ] } },
{ "type": "Feature", "properties": { "adaNo": "2037", "fid": null, "label": "56, 69, 107, 108 -> 2037" }, "geometry": { "type": "MultiPolygon", "coordinates": [ [ [ [ 26.69604008180178, 39.32132552939099 ], [ 26.696225539355119, 39.321260652318394 ], [ 26.696284000066743, 39.321307313539549 ], [ 26.696367515369065, 39.321344642494047 ], [ 26.696416696602654, 39.321360435507273 ], [ 26.69649, 39.32147 ], [ 26.69654, 39.32154 ], [ 26.69652, 39.32154 ], [ 26.69657, 39.32164 ], [ 26.69662, 39.32162 ], [ 26.6967, 39.32174 ], [ 26.6967, 39.32176 ], [ 26.69671, 39.32177 ], [ 26.696734512340647, 39.321810731926966 ], [ 26.69679, 39.32189 ], [ 26.69681, 39.32193 ], [ 26.69684633643568, 39.322037378130752 ], [ 26.696850048226896, 39.322143620916968 ], [ 26.696831489270821, 39.322268527770028 ], [ 26.696807362627933, 39.322287191993269 ], [ 26.69671, 39.32232 ], [ 26.69676, 39.32246 ], [ 26.6968, 39.3226 ], [ 26.69666, 39.32262 ], [ 26.69662, 39.32249 ], [ 26.69659, 39.3225 ], [ 26.69658, 39.3225 ], [ 26.69656, 39.32243 ], [ 26.69653, 39.32236 ], [ 26.69652, 39.32233 ], [ 26.6965, 39.32228 ], [ 26.69649, 39.32225 ], [ 26.69648, 39.32222 ], [ 26.69646, 39.32217 ], [ 26.696450102723574, 39.3221443387731 ], [ 26.696494644218141, 39.322133570930603 ], [ 26.696449174775765, 39.322040249559549 ], [ 26.696443497128168, 39.322024125718549 ], [ 26.69642, 39.32203 ], [ 26.6964, 39.32199 ], [ 26.69638, 39.32191 ], [ 26.69636, 39.32187 ], [ 26.69633, 39.32183 ], [ 26.69628, 39.32174 ], [ 26.69626207556394, 39.321705471664359 ], [ 26.69625, 39.32171 ], [ 26.69623, 39.32167 ], [ 26.69621, 39.32162 ], [ 26.696191700806551, 39.321595601078123 ], [ 26.69618, 39.32158 ], [ 26.69615, 39.32152 ], [ 26.696100473193525, 39.321432375739249 ], [ 26.69604008180178, 39.32132552939099 ] ] ] ] } },
{ "type": "Feature", "properties": { "adaNo": "514", "fid": null, "label": "514" }, "geometry": { "type": "MultiPolygon", "coordinates": [ [ [ [ 26.69432, 39.31796 ], [ 26.6945, 39.31796 ], [ 26.69451, 39.31782 ], [ 26.69451, 39.31774 ], [ 26.69452, 39.31768 ], [ 26.6945, 39.31767 ], [ 26.69445, 39.31771 ], [ 26.6944, 39.31774 ], [ 26.69433, 39.31781 ], [ 26.69432, 39.31785 ], [ 26.69431, 39.3179 ], [ 26.69432, 39.31791 ], [ 26.69432, 39.31796 ] ] ] ] } },
{ "type": "Feature", "properties": { "adaNo": "540", "fid": null, "label": "540" }, "geometry": { "type": "MultiPolygon", "coordinates": [ [ [ [ 26.69838, 39.31714 ], [ 26.69846, 39.31715 ], [ 26.69847, 39.31715 ], [ 26.69853, 39.31716 ], [ 26.69859, 39.31716 ], [ 26.698547713057017, 39.317063139173683 ], [ 26.69852, 39.31696 ], [ 26.6985, 39.31695 ], [ 26.69847, 39.31686 ], [ 26.69833, 39.3169 ], [ 26.69833, 39.31691 ], [ 26.69836, 39.31699 ], [ 26.69836, 39.317 ], [ 26.69835, 39.317 ], [ 26.69836, 39.31703 ], [ 26.69836, 39.31704 ], [ 26.698369229588646, 39.317081533163289 ], [ 26.69838, 39.31714 ] ] ] ] } },
{ "type": "Feature", "properties": { "adaNo": "559", "fid": null, "label": "559" }, "geometry": { "type": "MultiPolygon", "coordinates": [ [ [ [ 26.69703, 39.32737 ], [ 26.69712, 39.32749 ], [ 26.69701, 39.32754 ], [ 26.69689, 39.32744 ], [ 26.69703, 39.32737 ] ] ] ] } },
{ "type": "Feature", "properties": { "adaNo": "903", "fid": null, "label": "903" }, "geometry": { "type": "MultiPolygon", "coordinates": [ [ [ [ 26.697596696502526, 39.325755721756494 ], [ 26.697432061053483, 39.325463277150597 ], [ 26.697834503262246, 39.325335921859363 ], [ 26.697913772182151, 39.325673648716325 ], [ 26.697596696502526, 39.325755721756494 ] ] ] ] } },
{ "type": "Feature", "properties": { "adaNo": "1557", "fid": null, "label": "10 -> 1557" }, "geometry": { "type": "MultiPolygon", "coordinates": [ [ [ [ 26.68931, 39.31184 ], [ 26.68929, 39.31182 ], [ 26.68928, 39.3118 ], [ 26.68928, 39.31177 ], [ 26.68951, 39.31097 ], [ 26.69128, 39.31107 ], [ 26.69129, 39.31099 ], [ 26.69143, 39.31098 ], [ 26.69147, 39.31115 ], [ 26.69187, 39.31121 ], [ 26.69191, 39.31123 ], [ 26.69181, 39.31157 ], [ 26.69154, 39.31153 ], [ 26.69152, 39.3116 ], [ 26.69157, 39.3116 ], [ 26.69157, 39.31157 ], [ 26.69186, 39.31161 ], [ 26.69175, 39.31193 ], [ 26.69156, 39.31227 ], [ 26.69137, 39.3122 ], [ 26.69139, 39.31215 ], [ 26.69124, 39.31209 ], [ 26.69123, 39.31212 ], [ 26.69107, 39.31206 ], [ 26.69108, 39.31199 ], [ 26.69104, 39.31198 ], [ 26.69099, 39.31198 ], [ 26.69097, 39.31201 ], [ 26.69097, 39.31202 ], [ 26.69096, 39.31202 ], [ 26.69078, 39.31196 ], [ 26.69023, 39.31192 ], [ 26.6902, 39.31192 ], [ 26.68976, 39.31188 ], [ 26.68971, 39.31188 ], [ 26.68931, 39.31184 ] ] ] ] } }
]
}
